# Source: AGMARKNET 2.0 Price Trend, market-wise wholesale prices (Rs/quintal) and arrivals (tonnes) monthly analysis. State Maharashtra. Downloaded 2026-10-03.
state,district,market,crop,year,month,modal_price_rs_qtl,arrivals_t
Maharashtra,Ahilyanagar,APMC Ahilyanagar,chickpea,2019,2,4068.67,54.0
Maharashtra,Ahilyanagar,APMC Ahilyanagar,chickpea,2019,4,4045.71,34.0
Maharashtra,Ahilyanagar,APMC Ahilyanagar,chickpea,2019,6,4041.44,43.0
Maharashtra,Ahilyanagar,APMC Ahilyanagar,chickpea,2019,8,3767.67,18.0
Maharashtra,Ahilyanagar,APMC Ahilyanagar,chickpea,2019,10,3884.39,18.0
Maharashtra,Ahilyanagar,APMC Ahilyanagar,chickpea,2019,12,3812.84,58.0
Maharashtra,Ahilyanagar,APMC Ahilyanagar,chickpea,2020,1,3829.17,66.0
Maharashtra,Ahilyanagar,APMC Ahilyanagar,chickpea,2020,2,3568.82,113.0
Maharashtra,Ahilyanagar,APMC Ahilyanagar,chickpea,2020,3,3473.38,122.0
Maharashtra,Ahilyanagar,APMC Ahilyanagar,chickpea,2020,5,3864.22,103.0
Maharashtra,Ahilyanagar,APMC Ahilyanagar,chickpea,2020,6,3924.71,51.0
Maharashtra,Ahilyanagar,APMC Ahilyanagar,chickpea,2020,7,3879.84,38.0
Maharashtra,Ahilyanagar,APMC Ahilyanagar,chickpea,2020,8,3813.89,18.0
Maharashtra,Ahilyanagar,APMC Ahilyanagar,chickpea,2020,9,4076.92,26.0
Maharashtra,Ahilyanagar,APMC Ahilyanagar,chickpea,2020,10,4478.7,27.0
Maharashtra,Ahilyanagar,APMC Ahilyanagar,chickpea,2020,11,4563.0,37.0
Maharashtra,Ahilyanagar,APMC Ahilyanagar,chickpea,2020,12,3929.0,25.0
Maharashtra,Ahilyanagar,APMC Ahilyanagar,chickpea,2021,1,3952.57,35.0
Maharashtra,Ahilyanagar,APMC Ahilyanagar,chickpea,2021,2,4141.45,53.0
Maharashtra,Ahilyanagar,APMC Ahilyanagar,chickpea,2021,3,4589.28,103.0
Maharashtra,Ahilyanagar,APMC Ahilyanagar,chickpea,2021,4,4800.77,65.0
Maharashtra,Ahilyanagar,APMC Ahilyanagar,chickpea,2021,6,4497.25,220.0
Maharashtra,Ahilyanagar,APMC Ahilyanagar,chickpea,2021,7,4390.08,359.0
Maharashtra,Ahilyanagar,APMC Ahilyanagar,chickpea,2021,8,4470.69,254.0
Maharashtra,Ahilyanagar,APMC Ahilyanagar,chickpea,2021,9,4808.94,237.0
Maharashtra,Ahilyanagar,APMC Ahilyanagar,chickpea,2021,10,4670.9,180.0
Maharashtra,Ahilyanagar,APMC Ahilyanagar,chickpea,2021,11,4596.68,259.0
Maharashtra,Ahilyanagar,APMC Ahilyanagar,chickpea,2021,12,4317.62,176.0
Maharashtra,Ahilyanagar,APMC Ahilyanagar,chickpea,2022,1,4081.82,148.0
Maharashtra,Ahilyanagar,APMC Ahilyanagar,chickpea,2022,2,4918.11,236.0
Maharashtra,Ahilyanagar,APMC Ahilyanagar,chickpea,2022,3,4313.58,559.0
Maharashtra,Ahilyanagar,APMC Ahilyanagar,chickpea,2022,4,4655.33,369.0
Maharashtra,Ahilyanagar,APMC Ahilyanagar,chickpea,2022,5,4906.67,
Maharashtra,Ahilyanagar,APMC Ahilyanagar,chickpea,2022,6,4902.12,219.0
Maharashtra,Ahilyanagar,APMC Ahilyanagar,chickpea,2022,7,4593.67,
Maharashtra,Ahilyanagar,APMC Ahilyanagar,chickpea,2022,8,4887.05,
Maharashtra,Ahilyanagar,APMC Ahilyanagar,chickpea,2022,9,4266.49,54.0
Maharashtra,Ahilyanagar,APMC Ahilyanagar,chickpea,2022,10,4396.55,77.0
Maharashtra,Ahilyanagar,APMC Ahilyanagar,chickpea,2022,11,4463.51,103.0
Maharashtra,Ahilyanagar,APMC Ahilyanagar,chickpea,2022,12,4491.19,88.0
Maharashtra,Ahilyanagar,APMC Ahilyanagar,chickpea,2023,1,4705.28,202.0
Maharashtra,Ahilyanagar,APMC Ahilyanagar,chickpea,2023,2,4487.03,367.0
Maharashtra,Ahilyanagar,APMC Ahilyanagar,chickpea,2023,3,4648.65,549.0
Maharashtra,Ahilyanagar,APMC Ahilyanagar,chickpea,2023,4,4880.91,152.0
Maharashtra,Ahilyanagar,APMC Ahilyanagar,chickpea,2023,5,4480.77,72.0
Maharashtra,Ahilyanagar,APMC Ahilyanagar,chickpea,2023,6,5137.54,99.0
Maharashtra,Ahilyanagar,APMC Ahilyanagar,chickpea,2023,7,4700.66,
Maharashtra,Ahilyanagar,APMC Ahilyanagar,chickpea,2023,8,5242.45,101.0
Maharashtra,Ahilyanagar,APMC Ahilyanagar,chickpea,2023,9,5385.71,7.0
Maharashtra,Ahilyanagar,APMC Ahilyanagar,chickpea,2023,10,5041.28,43.0
Maharashtra,Ahilyanagar,APMC Ahilyanagar,chickpea,2023,11,5024.65,144.0
Maharashtra,Ahilyanagar,APMC Ahilyanagar,chickpea,2023,12,5137.27,55.0
Maharashtra,Ahilyanagar,APMC Ahilyanagar,chickpea,2024,1,4827.08,48.0
Maharashtra,Ahilyanagar,APMC Ahilyanagar,chickpea,2024,2,5572.58,303.6
Maharashtra,Ahilyanagar,APMC Ahilyanagar,chickpea,2024,3,5712.85,
Maharashtra,Ahilyanagar,APMC Ahilyanagar,chickpea,2024,4,5694.15,47.0
Maharashtra,Ahilyanagar,APMC Ahilyanagar,chickpea,2024,5,5751.73,75.3
Maharashtra,Ahilyanagar,APMC Ahilyanagar,chickpea,2024,6,6554.2,34.2
Maharashtra,Ahilyanagar,APMC Ahilyanagar,chickpea,2024,7,6245.99,56.1
Maharashtra,Ahilyanagar,APMC Ahilyanagar,chickpea,2024,8,6590.63,64.3
Maharashtra,Ahilyanagar,APMC Ahilyanagar,chickpea,2024,9,6757.82,55.6
Maharashtra,Ahilyanagar,APMC Ahilyanagar,chickpea,2024,10,5896.34,152.4
Maharashtra,Ahilyanagar,APMC Ahilyanagar,chickpea,2025,1,5408.08,
Maharashtra,Ahilyanagar,APMC Ahilyanagar,chickpea,2025,2,5408.95,
Maharashtra,Ahilyanagar,APMC Ahilyanagar,chickpea,2025,3,4957.27,233.7
Maharashtra,Ahilyanagar,APMC Ahilyanagar,chickpea,2025,4,5428.35,101.2
Maharashtra,Ahilyanagar,APMC Ahilyanagar,chickpea,2025,6,,75.4
Maharashtra,Ahilyanagar,APMC Ahilyanagar,chickpea,2025,8,5752.21,78.4
Maharashtra,Ahilyanagar,APMC Ahilyanagar,chickpea,2025,9,5233.78,56.4
Maharashtra,Ahilyanagar,APMC Ahilyanagar,chickpea,2026,3,,136.6
Maharashtra,Ahilyanagar,APMC Ahilyanagar,chickpea,2026,4,,70.8
Maharashtra,Ahilyanagar,APMC Ahilyanagar,chickpea,2026,5,,45.2
Maharashtra,Ahilyanagar,APMC Ahilyanagar,chickpea,2026,6,,42.6
Maharashtra,Ahilyanagar,APMC Ahilyanagar,chickpea,2026,7,5242.17,62.6
Maharashtra,Ahilyanagar,APMC Ahilyanagar,chickpea,2026,8,5236.08,58.9
Maharashtra,Ahilyanagar,APMC Ahilyanagar,chickpea,2026,9,5788.32,47.5
Maharashtra,Ahilyanagar,APMC Ahilyanagar,groundnut,2021,6,4950.0,1.0
Maharashtra,Ahilyanagar,APMC Ahilyanagar,groundnut,2021,8,4612.5,8.0
Maharashtra,Ahilyanagar,APMC Ahilyanagar,groundnut,2021,10,3675.0,2.0
Maharashtra,Ahilyanagar,APMC Ahilyanagar,groundnut,2021,11,,1.0
Maharashtra,Ahilyanagar,APMC Ahilyanagar,groundnut,2021,12,4325.0,3.0
Maharashtra,Ahilyanagar,APMC Ahilyanagar,groundnut,2022,1,4000.0,2.0
Maharashtra,Ahilyanagar,APMC Ahilyanagar,groundnut,2022,7,5537.5,4.0
Maharashtra,Ahilyanagar,APMC Ahilyanagar,groundnut,2022,8,4875.0,2.0
Maharashtra,Ahilyanagar,APMC Ahilyanagar,groundnut,2022,10,4100.0,1.0
Maharashtra,Ahilyanagar,APMC Ahilyanagar,groundnut,2022,11,4050.0,1.0
Maharashtra,Ahilyanagar,APMC Ahilyanagar,groundnut,2023,6,5600.0,1.0
Maharashtra,Ahilyanagar,APMC Ahilyanagar,groundnut,2023,7,5972.22,9.0
Maharashtra,Ahilyanagar,APMC Ahilyanagar,groundnut,2023,8,5210.0,5.0
Maharashtra,Ahilyanagar,APMC Ahilyanagar,groundnut,2024,7,4800.0,0.5
Maharashtra,Ahilyanagar,APMC Ahilyanagar,groundnut,2024,8,5085.71,0.7
Maharashtra,Ahilyanagar,APMC Ahilyanagar,groundnut,2024,9,4700.0,0.3
Maharashtra,Ahilyanagar,APMC Ahilyanagar,groundnut,2024,11,5350.0,0.4
Maharashtra,Ahilyanagar,APMC Ahilyanagar,groundnut,2024,12,4750.0,0.2
Maharashtra,Ahilyanagar,APMC Ahilyanagar,groundnut,2025,1,4200.0,0.2
Maharashtra,Ahilyanagar,APMC Ahilyanagar,groundnut,2025,4,5000.0,0.1
Maharashtra,Ahilyanagar,APMC Ahilyanagar,groundnut,2025,5,4990.0,2.0
Maharashtra,Ahilyanagar,APMC Ahilyanagar,groundnut,2025,7,4500.0,0.4
Maharashtra,Ahilyanagar,APMC Ahilyanagar,groundnut,2025,9,4833.33,0.6
Maharashtra,Ahilyanagar,APMC Ahilyanagar,groundnut,2025,11,3800.0,0.3
Maharashtra,Ahilyanagar,APMC Ahilyanagar,groundnut,2026,1,4500.0,0.3
Maharashtra,Ahilyanagar,APMC Ahilyanagar,groundnut,2026,8,4000.0,0.3
Maharashtra,Ahilyanagar,APMC Ahilyanagar,onion,2019,2,539.93,23415.0
Maharashtra,Ahilyanagar,APMC Ahilyanagar,onion,2019,4,675.26,10972.0
Maharashtra,Ahilyanagar,APMC Ahilyanagar,onion,2019,6,719.94,2294.0
Maharashtra,Ahilyanagar,APMC Ahilyanagar,onion,2019,8,1889.98,8666.0
Maharashtra,Ahilyanagar,APMC Ahilyanagar,onion,2019,10,3145.71,3767.0
Maharashtra,Ahilyanagar,APMC Ahilyanagar,onion,2019,12,6270.15,22399.0
Maharashtra,Ahilyanagar,APMC Ahilyanagar,onion,2020,1,3889.42,34278.0
Maharashtra,Ahilyanagar,APMC Ahilyanagar,onion,2020,2,1918.21,40366.0
Maharashtra,Ahilyanagar,APMC Ahilyanagar,onion,2020,3,1689.06,20428.0
Maharashtra,Ahilyanagar,APMC Ahilyanagar,onion,2020,6,787.63,16852.0
Maharashtra,Ahilyanagar,APMC Ahilyanagar,onion,2020,7,673.67,29025.0
Maharashtra,Ahilyanagar,APMC Ahilyanagar,onion,2020,8,1297.78,15236.0
Maharashtra,Ahilyanagar,APMC Ahilyanagar,onion,2020,9,2793.13,29999.0
Maharashtra,Ahilyanagar,APMC Ahilyanagar,onion,2020,10,3739.54,3947.0
Maharashtra,Ahilyanagar,APMC Ahilyanagar,onion,2020,11,4322.86,8219.0
Maharashtra,Ahilyanagar,APMC Ahilyanagar,onion,2020,12,2322.01,29726.0
Maharashtra,Ahilyanagar,APMC Ahilyanagar,onion,2021,1,2631.28,35067.0
Maharashtra,Ahilyanagar,APMC Ahilyanagar,onion,2021,2,3364.17,32907.0
Maharashtra,Ahilyanagar,APMC Ahilyanagar,onion,2021,3,1533.91,26264.0
Maharashtra,Ahilyanagar,APMC Ahilyanagar,onion,2021,4,844.32,11748.0
Maharashtra,Ahilyanagar,APMC Ahilyanagar,onion,2021,5,818.71,2699.0
Maharashtra,Ahilyanagar,APMC Ahilyanagar,onion,2021,6,1553.16,43180.0
Maharashtra,Ahilyanagar,APMC Ahilyanagar,onion,2021,7,1598.38,34736.0
Maharashtra,Ahilyanagar,APMC Ahilyanagar,onion,2021,8,1475.7,32715.0
Maharashtra,Ahilyanagar,APMC Ahilyanagar,onion,2021,9,1478.73,30030.0
Maharashtra,Ahilyanagar,APMC Ahilyanagar,onion,2021,10,2090.81,32545.0
Maharashtra,Ahilyanagar,APMC Ahilyanagar,onion,2021,11,2135.0,36595.0
Maharashtra,Ahilyanagar,APMC Ahilyanagar,onion,2021,12,2246.1,51410.0
Maharashtra,Ahilyanagar,APMC Ahilyanagar,onion,2022,1,2247.54,62347.0
Maharashtra,Ahilyanagar,APMC Ahilyanagar,onion,2022,2,2169.96,81316.0
Maharashtra,Ahilyanagar,APMC Ahilyanagar,onion,2022,3,1265.92,43588.0
Maharashtra,Ahilyanagar,APMC Ahilyanagar,onion,2022,4,843.46,9657.0
Maharashtra,Ahilyanagar,APMC Ahilyanagar,onion,2022,5,874.87,8902.0
Maharashtra,Ahilyanagar,APMC Ahilyanagar,onion,2022,6,1381.12,14938.0
Maharashtra,Ahilyanagar,APMC Ahilyanagar,onion,2022,7,1335.19,
Maharashtra,Ahilyanagar,APMC Ahilyanagar,onion,2022,8,1286.42,
Maharashtra,Ahilyanagar,APMC Ahilyanagar,onion,2022,9,1200.0,5568.0
Maharashtra,Ahilyanagar,APMC Ahilyanagar,onion,2022,10,2340.35,26683.0
Maharashtra,Ahilyanagar,APMC Ahilyanagar,onion,2022,11,2207.27,24488.0
Maharashtra,Ahilyanagar,APMC Ahilyanagar,onion,2022,12,1450.89,19533.0
Maharashtra,Ahilyanagar,APMC Ahilyanagar,onion,2023,1,1186.39,
Maharashtra,Ahilyanagar,APMC Ahilyanagar,onion,2023,2,900.2,
Maharashtra,Ahilyanagar,APMC Ahilyanagar,onion,2023,3,677.59,80838.0
Maharashtra,Ahilyanagar,APMC Ahilyanagar,onion,2023,4,539.18,44027.0
Maharashtra,Ahilyanagar,APMC Ahilyanagar,onion,2023,6,760.56,27604.0
Maharashtra,Ahilyanagar,APMC Ahilyanagar,onion,2023,9,1767.07,
Maharashtra,Ahilyanagar,APMC Ahilyanagar,onion,2023,10,2573.74,
Maharashtra,Ahilyanagar,APMC Ahilyanagar,onion,2024,10,,30446.4
Maharashtra,Ahilyanagar,APMC Ahilyanagar,onion,2024,12,,81941.6
Maharashtra,Ahilyanagar,APMC Ahilyanagar,onion,2025,2,,27827.6
Maharashtra,Ahilyanagar,APMC Ahilyanagar,onion,2025,4,,11364.2
Maharashtra,Ahilyanagar,APMC Ahilyanagar,onion,2025,6,1260.23,24893.9
Maharashtra,Ahilyanagar,APMC Ahilyanagar,onion,2025,8,1073.08,38273.3
Maharashtra,Ahilyanagar,APMC Ahilyanagar,onion,2025,9,852.35,32221.3
Maharashtra,Ahilyanagar,APMC Ahilyanagar,onion,2025,10,,19238.2
Maharashtra,Ahilyanagar,APMC Ahilyanagar,onion,2025,11,,32241.9
Maharashtra,Ahilyanagar,APMC Ahilyanagar,onion,2025,12,,47844.3
Maharashtra,Ahilyanagar,APMC Ahilyanagar,onion,2026,1,,38533.6
Maharashtra,Ahilyanagar,APMC Ahilyanagar,onion,2026,2,,42808.3
Maharashtra,Ahilyanagar,APMC Ahilyanagar,onion,2026,3,,21321.6
Maharashtra,Ahilyanagar,APMC Ahilyanagar,onion,2026,4,,14419.5
Maharashtra,Ahilyanagar,APMC Ahilyanagar,onion,2026,5,727.9,29380.9
Maharashtra,Ahilyanagar,APMC Ahilyanagar,onion,2026,6,1190.26,47044.2
Maharashtra,Ahilyanagar,APMC Ahilyanagar,onion,2026,7,1533.66,56002.3
Maharashtra,Ahilyanagar,APMC Ahilyanagar,onion,2026,8,2215.95,54598.0
Maharashtra,Ahilyanagar,APMC Ahilyanagar,onion,2026,9,2844.3,34991.7
Maharashtra,Ahilyanagar,APMC Ahilyanagar,pearl_millet,2019,2,2038.41,17.0
Maharashtra,Ahilyanagar,APMC Ahilyanagar,pearl_millet,2019,4,2371.88,8.0
Maharashtra,Ahilyanagar,APMC Ahilyanagar,pearl_millet,2019,6,2233.8,5.0
Maharashtra,Ahilyanagar,APMC Ahilyanagar,pearl_millet,2019,8,2094.08,12.0
Maharashtra,Ahilyanagar,APMC Ahilyanagar,pearl_millet,2019,10,1743.45,179.0
Maharashtra,Ahilyanagar,APMC Ahilyanagar,pearl_millet,2019,12,2018.3,152.0
Maharashtra,Ahilyanagar,APMC Ahilyanagar,pearl_millet,2020,1,2037.91,164.0
Maharashtra,Ahilyanagar,APMC Ahilyanagar,pearl_millet,2020,2,1957.94,80.0
Maharashtra,Ahilyanagar,APMC Ahilyanagar,pearl_millet,2020,3,1787.48,23.0
Maharashtra,Ahilyanagar,APMC Ahilyanagar,pearl_millet,2020,5,1841.86,43.0
Maharashtra,Ahilyanagar,APMC Ahilyanagar,pearl_millet,2020,6,1586.11,18.0
Maharashtra,Ahilyanagar,APMC Ahilyanagar,pearl_millet,2020,7,1601.2,10.0
Maharashtra,Ahilyanagar,APMC Ahilyanagar,pearl_millet,2020,8,1800.0,2.0
Maharashtra,Ahilyanagar,APMC Ahilyanagar,pearl_millet,2020,9,1675.0,10.0
Maharashtra,Ahilyanagar,APMC Ahilyanagar,pearl_millet,2020,10,1385.12,17.0
Maharashtra,Ahilyanagar,APMC Ahilyanagar,pearl_millet,2020,11,1525.19,21.0
Maharashtra,Ahilyanagar,APMC Ahilyanagar,pearl_millet,2020,12,1414.0,40.0
Maharashtra,Ahilyanagar,APMC Ahilyanagar,pearl_millet,2021,1,1242.13,45.0
Maharashtra,Ahilyanagar,APMC Ahilyanagar,pearl_millet,2021,2,1203.0,8.0
Maharashtra,Ahilyanagar,APMC Ahilyanagar,pearl_millet,2021,3,1280.0,
Maharashtra,Ahilyanagar,APMC Ahilyanagar,pearl_millet,2021,4,1450.5,10.0
Maharashtra,Ahilyanagar,APMC Ahilyanagar,pearl_millet,2021,6,1427.69,42.0
Maharashtra,Ahilyanagar,APMC Ahilyanagar,pearl_millet,2021,7,1718.72,120.0
Maharashtra,Ahilyanagar,APMC Ahilyanagar,pearl_millet,2021,8,1538.78,163.0
Maharashtra,Ahilyanagar,APMC Ahilyanagar,pearl_millet,2021,9,1583.83,187.0
Maharashtra,Ahilyanagar,APMC Ahilyanagar,pearl_millet,2021,10,1590.37,105.0
Maharashtra,Ahilyanagar,APMC Ahilyanagar,pearl_millet,2021,11,1722.49,73.0
Maharashtra,Ahilyanagar,APMC Ahilyanagar,pearl_millet,2021,12,1805.73,85.0
Maharashtra,Ahilyanagar,APMC Ahilyanagar,pearl_millet,2022,1,1840.58,83.0
Maharashtra,Ahilyanagar,APMC Ahilyanagar,pearl_millet,2022,2,1884.15,71.0
Maharashtra,Ahilyanagar,APMC Ahilyanagar,pearl_millet,2022,3,2042.74,31.0
Maharashtra,Ahilyanagar,APMC Ahilyanagar,pearl_millet,2022,4,2048.74,42.0
Maharashtra,Ahilyanagar,APMC Ahilyanagar,pearl_millet,2022,6,2077.18,85.0
Maharashtra,Ahilyanagar,APMC Ahilyanagar,pearl_millet,2022,7,2197.64,87.0
Maharashtra,Ahilyanagar,APMC Ahilyanagar,pearl_millet,2022,8,2284.89,44.0
Maharashtra,Ahilyanagar,APMC Ahilyanagar,pearl_millet,2022,9,2020.83,12.0
Maharashtra,Ahilyanagar,APMC Ahilyanagar,pearl_millet,2022,10,2050.24,41.0
Maharashtra,Ahilyanagar,APMC Ahilyanagar,pearl_millet,2022,11,2148.02,63.0
Maharashtra,Ahilyanagar,APMC Ahilyanagar,pearl_millet,2022,12,2233.72,40.0
Maharashtra,Ahilyanagar,APMC Ahilyanagar,pearl_millet,2023,1,2315.36,
Maharashtra,Ahilyanagar,APMC Ahilyanagar,pearl_millet,2023,2,2312.25,
Maharashtra,Ahilyanagar,APMC Ahilyanagar,pearl_millet,2023,3,1952.09,34.0
Maharashtra,Ahilyanagar,APMC Ahilyanagar,pearl_millet,2023,4,2125.75,20.0
Maharashtra,Ahilyanagar,APMC Ahilyanagar,pearl_millet,2023,5,2232.22,18.0
Maharashtra,Ahilyanagar,APMC Ahilyanagar,pearl_millet,2023,6,2127.3,57.0
Maharashtra,Ahilyanagar,APMC Ahilyanagar,pearl_millet,2023,7,2105.71,70.0
Maharashtra,Ahilyanagar,APMC Ahilyanagar,pearl_millet,2023,8,2325.69,36.0
Maharashtra,Ahilyanagar,APMC Ahilyanagar,pearl_millet,2023,11,2226.39,18.0
Maharashtra,Ahilyanagar,APMC Ahilyanagar,pearl_millet,2023,12,2528.47,36.0
Maharashtra,Ahilyanagar,APMC Ahilyanagar,pearl_millet,2024,1,2398.9,
Maharashtra,Ahilyanagar,APMC Ahilyanagar,pearl_millet,2024,2,2390.99,38.3
Maharashtra,Ahilyanagar,APMC Ahilyanagar,pearl_millet,2024,4,2386.55,11.9
Maharashtra,Ahilyanagar,APMC Ahilyanagar,pearl_millet,2024,6,2713.84,11.2
Maharashtra,Ahilyanagar,APMC Ahilyanagar,pearl_millet,2024,8,2596.75,46.1
Maharashtra,Ahilyanagar,APMC Ahilyanagar,pearl_millet,2024,10,2330.1,62.3
Maharashtra,Ahilyanagar,APMC Ahilyanagar,pearl_millet,2024,11,,58.4
Maharashtra,Ahilyanagar,APMC Ahilyanagar,pearl_millet,2024,12,2590.42,96.0
Maharashtra,Ahilyanagar,APMC Ahilyanagar,pearl_millet,2025,1,,31.2
Maharashtra,Ahilyanagar,APMC Ahilyanagar,pearl_millet,2025,2,2359.66,17.6
Maharashtra,Ahilyanagar,APMC Ahilyanagar,pearl_millet,2025,3,2451.84,29.9
Maharashtra,Ahilyanagar,APMC Ahilyanagar,pearl_millet,2025,4,2604.98,22.6
Maharashtra,Ahilyanagar,APMC Ahilyanagar,pearl_millet,2025,5,2465.71,45.2
Maharashtra,Ahilyanagar,APMC Ahilyanagar,pearl_millet,2025,6,2242.93,61.2
Maharashtra,Ahilyanagar,APMC Ahilyanagar,pearl_millet,2025,7,2197.39,76.6
Maharashtra,Ahilyanagar,APMC Ahilyanagar,pearl_millet,2025,8,2369.6,34.7
Maharashtra,Ahilyanagar,APMC Ahilyanagar,pearl_millet,2025,9,2297.6,82.2
Maharashtra,Ahilyanagar,APMC Ahilyanagar,pearl_millet,2025,10,2214.97,35.4
Maharashtra,Ahilyanagar,APMC Ahilyanagar,pearl_millet,2025,11,2019.12,17.0
Maharashtra,Ahilyanagar,APMC Ahilyanagar,pearl_millet,2025,12,2111.15,40.8
Maharashtra,Ahilyanagar,APMC Ahilyanagar,pearl_millet,2026,1,1890.42,42.8
Maharashtra,Ahilyanagar,APMC Ahilyanagar,pearl_millet,2026,2,1950.84,29.6
Maharashtra,Ahilyanagar,APMC Ahilyanagar,pearl_millet,2026,3,2044.24,21.7
Maharashtra,Ahilyanagar,APMC Ahilyanagar,pearl_millet,2026,4,1846.08,29.3
Maharashtra,Ahilyanagar,APMC Ahilyanagar,pearl_millet,2026,5,2060.7,25.7
Maharashtra,Ahilyanagar,APMC Ahilyanagar,pearl_millet,2026,6,2116.99,30.6
Maharashtra,Ahilyanagar,APMC Ahilyanagar,pearl_millet,2026,7,2331.99,34.7
Maharashtra,Ahilyanagar,APMC Ahilyanagar,pearl_millet,2026,8,2333.05,35.1
Maharashtra,Ahilyanagar,APMC Ahilyanagar,pearl_millet,2026,9,2554.56,31.8
Maharashtra,Ahilyanagar,APMC Ahilyanagar,pigeon_pea,2019,2,4895.95,44.0
Maharashtra,Ahilyanagar,APMC Ahilyanagar,pigeon_pea,2019,4,4644.56,36.0
Maharashtra,Ahilyanagar,APMC Ahilyanagar,pigeon_pea,2019,6,5018.42,36.0
Maharashtra,Ahilyanagar,APMC Ahilyanagar,pigeon_pea,2019,8,5000.0,3.0
Maharashtra,Ahilyanagar,APMC Ahilyanagar,pigeon_pea,2019,10,4333.33,6.0
Maharashtra,Ahilyanagar,APMC Ahilyanagar,pigeon_pea,2019,12,3987.72,43.0
Maharashtra,Ahilyanagar,APMC Ahilyanagar,pigeon_pea,2020,1,4503.47,269.0
Maharashtra,Ahilyanagar,APMC Ahilyanagar,pigeon_pea,2020,2,4365.61,106.0
Maharashtra,Ahilyanagar,APMC Ahilyanagar,pigeon_pea,2020,3,4257.03,39.0
Maharashtra,Ahilyanagar,APMC Ahilyanagar,pigeon_pea,2020,5,4546.74,46.0
Maharashtra,Ahilyanagar,APMC Ahilyanagar,pigeon_pea,2020,6,4657.69,39.0
Maharashtra,Ahilyanagar,APMC Ahilyanagar,pigeon_pea,2020,7,4879.0,25.0
Maharashtra,Ahilyanagar,APMC Ahilyanagar,pigeon_pea,2020,8,4832.0,25.0
Maharashtra,Ahilyanagar,APMC Ahilyanagar,pigeon_pea,2020,9,5264.29,7.0
Maharashtra,Ahilyanagar,APMC Ahilyanagar,pigeon_pea,2020,10,6072.5,20.0
Maharashtra,Ahilyanagar,APMC Ahilyanagar,pigeon_pea,2020,11,5166.67,12.0
Maharashtra,Ahilyanagar,APMC Ahilyanagar,pigeon_pea,2020,12,5017.3,376.0
Maharashtra,Ahilyanagar,APMC Ahilyanagar,pigeon_pea,2021,1,5221.11,410.0
Maharashtra,Ahilyanagar,APMC Ahilyanagar,pigeon_pea,2021,2,5998.13,279.0
Maharashtra,Ahilyanagar,APMC Ahilyanagar,pigeon_pea,2021,3,6210.88,24.0
Maharashtra,Ahilyanagar,APMC Ahilyanagar,pigeon_pea,2021,4,6517.5,20.0
Maharashtra,Ahilyanagar,APMC Ahilyanagar,pigeon_pea,2021,6,5439.91,109.0
Maharashtra,Ahilyanagar,APMC Ahilyanagar,pigeon_pea,2021,7,5284.73,100.0
Maharashtra,Ahilyanagar,APMC Ahilyanagar,pigeon_pea,2021,8,5295.89,73.0
Maharashtra,Ahilyanagar,APMC Ahilyanagar,pigeon_pea,2021,9,5645.0,50.0
Maharashtra,Ahilyanagar,APMC Ahilyanagar,pigeon_pea,2021,10,5010.94,32.0
Maharashtra,Ahilyanagar,APMC Ahilyanagar,pigeon_pea,2021,11,4810.71,28.0
Maharashtra,Ahilyanagar,APMC Ahilyanagar,pigeon_pea,2021,12,5174.38,283.0
Maharashtra,Ahilyanagar,APMC Ahilyanagar,pigeon_pea,2022,1,5344.88,792.0
Maharashtra,Ahilyanagar,APMC Ahilyanagar,pigeon_pea,2022,2,5366.44,187.0
Maharashtra,Ahilyanagar,APMC Ahilyanagar,pigeon_pea,2022,3,5383.33,75.0
Maharashtra,Ahilyanagar,APMC Ahilyanagar,pigeon_pea,2022,4,5340.34,119.0
Maharashtra,Ahilyanagar,APMC Ahilyanagar,pigeon_pea,2022,5,5222.06,34.0
Maharashtra,Ahilyanagar,APMC Ahilyanagar,pigeon_pea,2022,6,5266.18,68.0
Maharashtra,Ahilyanagar,APMC Ahilyanagar,pigeon_pea,2022,7,5495.9,134.0
Maharashtra,Ahilyanagar,APMC Ahilyanagar,pigeon_pea,2022,8,6261.4,57.0
Maharashtra,Ahilyanagar,APMC Ahilyanagar,pigeon_pea,2022,9,6160.71,14.0
Maharashtra,Ahilyanagar,APMC Ahilyanagar,pigeon_pea,2022,10,5429.17,24.0
Maharashtra,Ahilyanagar,APMC Ahilyanagar,pigeon_pea,2022,11,5737.5,6.0
Maharashtra,Ahilyanagar,APMC Ahilyanagar,pigeon_pea,2022,12,6246.71,175.0
Maharashtra,Ahilyanagar,APMC Ahilyanagar,pigeon_pea,2023,1,6092.33,670.0
Maharashtra,Ahilyanagar,APMC Ahilyanagar,pigeon_pea,2023,2,6125.57,319.0
Maharashtra,Ahilyanagar,APMC Ahilyanagar,pigeon_pea,2023,3,6545.31,112.0
Maharashtra,Ahilyanagar,APMC Ahilyanagar,pigeon_pea,2023,4,7147.67,43.0
Maharashtra,Ahilyanagar,APMC Ahilyanagar,pigeon_pea,2023,5,7332.14,21.0
Maharashtra,Ahilyanagar,APMC Ahilyanagar,pigeon_pea,2023,6,8330.0,35.0
Maharashtra,Ahilyanagar,APMC Ahilyanagar,pigeon_pea,2023,7,7047.17,53.0
Maharashtra,Ahilyanagar,APMC Ahilyanagar,pigeon_pea,2023,8,8005.26,38.0
Maharashtra,Ahilyanagar,APMC Ahilyanagar,pigeon_pea,2023,9,9737.5,
Maharashtra,Ahilyanagar,APMC Ahilyanagar,pigeon_pea,2023,10,8820.0,5.0
Maharashtra,Ahilyanagar,APMC Ahilyanagar,pigeon_pea,2023,11,9765.0,11.0
Maharashtra,Ahilyanagar,APMC Ahilyanagar,pigeon_pea,2023,12,8022.77,235.0
Maharashtra,Ahilyanagar,APMC Ahilyanagar,pigeon_pea,2024,1,8270.9,323.0
Maharashtra,Ahilyanagar,APMC Ahilyanagar,pigeon_pea,2024,2,9221.49,151.7
Maharashtra,Ahilyanagar,APMC Ahilyanagar,pigeon_pea,2024,3,8702.72,68.0
Maharashtra,Ahilyanagar,APMC Ahilyanagar,pigeon_pea,2024,4,9053.73,33.5
Maharashtra,Ahilyanagar,APMC Ahilyanagar,pigeon_pea,2024,5,9486.96,27.6
Maharashtra,Ahilyanagar,APMC Ahilyanagar,pigeon_pea,2024,6,9770.28,14.3
Maharashtra,Ahilyanagar,APMC Ahilyanagar,pigeon_pea,2024,7,9707.17,29.3
Maharashtra,Ahilyanagar,APMC Ahilyanagar,pigeon_pea,2024,8,9379.42,22.6
Maharashtra,Ahilyanagar,APMC Ahilyanagar,pigeon_pea,2024,9,8371.07,14.0
Maharashtra,Ahilyanagar,APMC Ahilyanagar,pigeon_pea,2024,10,7345.46,54.0
Maharashtra,Ahilyanagar,APMC Ahilyanagar,pigeon_pea,2025,1,6677.02,
Maharashtra,Ahilyanagar,APMC Ahilyanagar,pigeon_pea,2025,2,6677.77,437.4
Maharashtra,Ahilyanagar,APMC Ahilyanagar,pigeon_pea,2025,4,,59.0
Maharashtra,Ahilyanagar,APMC Ahilyanagar,pigeon_pea,2025,6,,100.0
Maharashtra,Ahilyanagar,APMC Ahilyanagar,pigeon_pea,2025,8,,35.8
Maharashtra,Ahilyanagar,APMC Ahilyanagar,pigeon_pea,2025,9,5652.75,54.6
Maharashtra,Ahilyanagar,APMC Ahilyanagar,pigeon_pea,2026,1,,649.7
Maharashtra,Ahilyanagar,APMC Ahilyanagar,pigeon_pea,2026,2,,198.5
Maharashtra,Ahilyanagar,APMC Ahilyanagar,pigeon_pea,2026,3,,137.0
Maharashtra,Ahilyanagar,APMC Ahilyanagar,pigeon_pea,2026,4,,74.8
Maharashtra,Ahilyanagar,APMC Ahilyanagar,pigeon_pea,2026,5,,53.4
Maharashtra,Ahilyanagar,APMC Ahilyanagar,pigeon_pea,2026,6,,37.4
Maharashtra,Ahilyanagar,APMC Ahilyanagar,pigeon_pea,2026,7,,95.6
Maharashtra,Ahilyanagar,APMC Ahilyanagar,pigeon_pea,2026,8,6916.78,56.6
Maharashtra,Ahilyanagar,APMC Ahilyanagar,pigeon_pea,2026,9,7469.9,59.3
Maharashtra,Ahilyanagar,APMC Ahilyanagar,sorghum,2019,2,2684.03,34.0
Maharashtra,Ahilyanagar,APMC Ahilyanagar,sorghum,2019,4,3154.13,52.0
Maharashtra,Ahilyanagar,APMC Ahilyanagar,sorghum,2019,6,3076.06,50.0
Maharashtra,Ahilyanagar,APMC Ahilyanagar,sorghum,2019,8,3048.8,10.0
Maharashtra,Ahilyanagar,APMC Ahilyanagar,sorghum,2019,10,3106.25,32.0
Maharashtra,Ahilyanagar,APMC Ahilyanagar,sorghum,2019,12,3336.77,57.0
Maharashtra,Ahilyanagar,APMC Ahilyanagar,sorghum,2020,1,3491.1,52.0
Maharashtra,Ahilyanagar,APMC Ahilyanagar,sorghum,2020,2,2749.82,192.0
Maharashtra,Ahilyanagar,APMC Ahilyanagar,sorghum,2020,3,2401.5,100.0
Maharashtra,Ahilyanagar,APMC Ahilyanagar,sorghum,2020,5,2880.0,85.0
Maharashtra,Ahilyanagar,APMC Ahilyanagar,sorghum,2020,6,2700.0,63.0
Maharashtra,Ahilyanagar,APMC Ahilyanagar,sorghum,2020,7,2711.76,17.0
Maharashtra,Ahilyanagar,APMC Ahilyanagar,sorghum,2020,8,2786.67,15.0
Maharashtra,Ahilyanagar,APMC Ahilyanagar,sorghum,2020,9,2645.14,36.0
Maharashtra,Ahilyanagar,APMC Ahilyanagar,sorghum,2020,10,2534.15,41.0
Maharashtra,Ahilyanagar,APMC Ahilyanagar,sorghum,2020,11,2369.69,58.0
Maharashtra,Ahilyanagar,APMC Ahilyanagar,sorghum,2020,12,2032.69,52.0
Maharashtra,Ahilyanagar,APMC Ahilyanagar,sorghum,2021,1,1943.75,56.0
Maharashtra,Ahilyanagar,APMC Ahilyanagar,sorghum,2021,2,2267.86,133.0
Maharashtra,Ahilyanagar,APMC Ahilyanagar,sorghum,2021,3,2775.61,82.0
Maharashtra,Ahilyanagar,APMC Ahilyanagar,sorghum,2021,4,2688.64,22.0
Maharashtra,Ahilyanagar,APMC Ahilyanagar,sorghum,2021,6,2192.36,90.0
Maharashtra,Ahilyanagar,APMC Ahilyanagar,sorghum,2021,7,2179.28,181.0
Maharashtra,Ahilyanagar,APMC Ahilyanagar,sorghum,2021,8,1915.98,183.0
Maharashtra,Ahilyanagar,APMC Ahilyanagar,sorghum,2021,9,1961.0,216.0
Maharashtra,Ahilyanagar,APMC Ahilyanagar,sorghum,2021,10,1784.65,114.0
Maharashtra,Ahilyanagar,APMC Ahilyanagar,sorghum,2021,11,1616.59,234.0
Maharashtra,Ahilyanagar,APMC Ahilyanagar,sorghum,2021,12,1701.27,126.0
Maharashtra,Ahilyanagar,APMC Ahilyanagar,sorghum,2022,1,1742.68,287.0
Maharashtra,Ahilyanagar,APMC Ahilyanagar,sorghum,2022,2,1884.25,146.0
Maharashtra,Ahilyanagar,APMC Ahilyanagar,sorghum,2022,3,2322.92,240.0
Maharashtra,Ahilyanagar,APMC Ahilyanagar,sorghum,2022,4,2547.14,384.0
Maharashtra,Ahilyanagar,APMC Ahilyanagar,sorghum,2022,5,2260.34,
Maharashtra,Ahilyanagar,APMC Ahilyanagar,sorghum,2022,6,2279.47,179.0
Maharashtra,Ahilyanagar,APMC Ahilyanagar,sorghum,2022,7,2289.16,203.0
Maharashtra,Ahilyanagar,APMC Ahilyanagar,sorghum,2022,8,2416.22,148.0
Maharashtra,Ahilyanagar,APMC Ahilyanagar,sorghum,2022,9,2514.71,34.0
Maharashtra,Ahilyanagar,APMC Ahilyanagar,sorghum,2022,10,2370.98,92.0
Maharashtra,Ahilyanagar,APMC Ahilyanagar,sorghum,2022,11,2910.64,94.0
Maharashtra,Ahilyanagar,APMC Ahilyanagar,sorghum,2022,12,2953.57,42.0
Maharashtra,Ahilyanagar,APMC Ahilyanagar,sorghum,2023,1,3342.74,93.0
Maharashtra,Ahilyanagar,APMC Ahilyanagar,sorghum,2023,2,3503.52,245.0
Maharashtra,Ahilyanagar,APMC Ahilyanagar,sorghum,2023,3,3667.94,
Maharashtra,Ahilyanagar,APMC Ahilyanagar,sorghum,2023,4,3362.12,
Maharashtra,Ahilyanagar,APMC Ahilyanagar,sorghum,2023,5,3329.49,39.0
Maharashtra,Ahilyanagar,APMC Ahilyanagar,sorghum,2023,6,3074.17,151.0
Maharashtra,Ahilyanagar,APMC Ahilyanagar,sorghum,2023,7,3491.93,127.0
Maharashtra,Ahilyanagar,APMC Ahilyanagar,sorghum,2023,8,3900.7,107.0
Maharashtra,Ahilyanagar,APMC Ahilyanagar,sorghum,2024,1,3174.6,
Maharashtra,Ahilyanagar,APMC Ahilyanagar,sorghum,2024,2,3069.18,506.8
Maharashtra,Ahilyanagar,APMC Ahilyanagar,sorghum,2024,3,2948.25,
Maharashtra,Ahilyanagar,APMC Ahilyanagar,sorghum,2024,4,3237.65,41.3
Maharashtra,Ahilyanagar,APMC Ahilyanagar,sorghum,2024,6,3394.19,73.2
Maharashtra,Ahilyanagar,APMC Ahilyanagar,sorghum,2024,8,2985.33,284.2
Maharashtra,Ahilyanagar,APMC Ahilyanagar,sorghum,2024,10,2643.05,307.7
Maharashtra,Ahilyanagar,APMC Ahilyanagar,sorghum,2024,12,2559.65,363.7
Maharashtra,Ahilyanagar,APMC Ahilyanagar,sorghum,2025,1,,280.3
Maharashtra,Ahilyanagar,APMC Ahilyanagar,sorghum,2025,2,2586.77,326.6
Maharashtra,Ahilyanagar,APMC Ahilyanagar,sorghum,2025,3,,570.0
Maharashtra,Ahilyanagar,APMC Ahilyanagar,sorghum,2025,4,2515.25,248.2
Maharashtra,Ahilyanagar,APMC Ahilyanagar,sorghum,2025,5,2683.92,197.1
Maharashtra,Ahilyanagar,APMC Ahilyanagar,sorghum,2025,6,2521.76,144.3
Maharashtra,Ahilyanagar,APMC Ahilyanagar,sorghum,2025,7,2613.51,177.6
Maharashtra,Ahilyanagar,APMC Ahilyanagar,sorghum,2025,8,2690.62,115.1
Maharashtra,Ahilyanagar,APMC Ahilyanagar,sorghum,2025,9,2521.37,188.1
Maharashtra,Ahilyanagar,APMC Ahilyanagar,sorghum,2025,10,2655.6,50.0
Maharashtra,Ahilyanagar,APMC Ahilyanagar,sorghum,2025,11,2660.61,36.3
Maharashtra,Ahilyanagar,APMC Ahilyanagar,sorghum,2025,12,2660.08,280.8
Maharashtra,Ahilyanagar,APMC Ahilyanagar,sorghum,2026,1,2557.29,296.4
Maharashtra,Ahilyanagar,APMC Ahilyanagar,sorghum,2026,2,2576.2,202.1
Maharashtra,Ahilyanagar,APMC Ahilyanagar,sorghum,2026,3,2669.53,315.7
Maharashtra,Ahilyanagar,APMC Ahilyanagar,sorghum,2026,4,2778.88,171.8
Maharashtra,Ahilyanagar,APMC Ahilyanagar,sorghum,2026,5,3013.76,103.2
Maharashtra,Ahilyanagar,APMC Ahilyanagar,sorghum,2026,6,2734.25,123.8
Maharashtra,Ahilyanagar,APMC Ahilyanagar,sorghum,2026,7,2786.12,120.1
Maharashtra,Ahilyanagar,APMC Ahilyanagar,sorghum,2026,8,2936.56,283.8
Maharashtra,Ahilyanagar,APMC Ahilyanagar,sorghum,2026,9,3634.23,70.4
Maharashtra,Ahilyanagar,APMC Ahilyanagar,soybean,2019,2,3636.67,9.0
Maharashtra,Ahilyanagar,APMC Ahilyanagar,soybean,2019,4,3675.0,5.0
Maharashtra,Ahilyanagar,APMC Ahilyanagar,soybean,2019,6,3425.0,4.0
Maharashtra,Ahilyanagar,APMC Ahilyanagar,soybean,2019,8,3578.0,1.0
Maharashtra,Ahilyanagar,APMC Ahilyanagar,soybean,2019,10,3429.56,408.0
Maharashtra,Ahilyanagar,APMC Ahilyanagar,soybean,2019,12,3476.08,404.0
Maharashtra,Ahilyanagar,APMC Ahilyanagar,soybean,2020,1,3845.64,107.0
Maharashtra,Ahilyanagar,APMC Ahilyanagar,soybean,2020,2,3730.68,22.0
Maharashtra,Ahilyanagar,APMC Ahilyanagar,soybean,2020,3,3667.0,3.0
Maharashtra,Ahilyanagar,APMC Ahilyanagar,soybean,2020,5,3541.67,12.0
Maharashtra,Ahilyanagar,APMC Ahilyanagar,soybean,2020,6,3262.0,30.0
Maharashtra,Ahilyanagar,APMC Ahilyanagar,soybean,2020,7,3450.0,13.0
Maharashtra,Ahilyanagar,APMC Ahilyanagar,soybean,2020,8,2950.25,4.0
Maharashtra,Ahilyanagar,APMC Ahilyanagar,soybean,2020,9,3373.64,11.0
Maharashtra,Ahilyanagar,APMC Ahilyanagar,soybean,2020,10,3331.46,383.0
Maharashtra,Ahilyanagar,APMC Ahilyanagar,soybean,2020,11,3630.69,71.0
Maharashtra,Ahilyanagar,APMC Ahilyanagar,soybean,2020,12,3842.7,100.0
Maharashtra,Ahilyanagar,APMC Ahilyanagar,soybean,2021,1,4079.31,35.0
Maharashtra,Ahilyanagar,APMC Ahilyanagar,soybean,2021,2,4377.0,18.0
Maharashtra,Ahilyanagar,APMC Ahilyanagar,soybean,2021,3,4844.0,4.0
Maharashtra,Ahilyanagar,APMC Ahilyanagar,soybean,2021,6,5761.11,9.0
Maharashtra,Ahilyanagar,APMC Ahilyanagar,soybean,2021,7,6694.44,18.0
Maharashtra,Ahilyanagar,APMC Ahilyanagar,soybean,2021,8,7800.0,14.0
Maharashtra,Ahilyanagar,APMC Ahilyanagar,soybean,2021,9,5649.68,156.0
Maharashtra,Ahilyanagar,APMC Ahilyanagar,soybean,2021,10,4976.99,592.0
Maharashtra,Ahilyanagar,APMC Ahilyanagar,soybean,2021,11,5147.48,589.0
Maharashtra,Ahilyanagar,APMC Ahilyanagar,soybean,2021,12,5852.92,433.0
Maharashtra,Ahilyanagar,APMC Ahilyanagar,soybean,2022,1,5267.64,469.0
Maharashtra,Ahilyanagar,APMC Ahilyanagar,soybean,2022,2,5413.69,305.0
Maharashtra,Ahilyanagar,APMC Ahilyanagar,soybean,2022,3,6220.01,104.0
Maharashtra,Ahilyanagar,APMC Ahilyanagar,soybean,2022,4,6754.15,164.0
Maharashtra,Ahilyanagar,APMC Ahilyanagar,soybean,2022,5,6070.51,78.0
Maharashtra,Ahilyanagar,APMC Ahilyanagar,soybean,2022,6,5959.23,93.0
Maharashtra,Ahilyanagar,APMC Ahilyanagar,soybean,2022,7,5905.07,114.0
Maharashtra,Ahilyanagar,APMC Ahilyanagar,soybean,2022,8,5716.62,84.0
Maharashtra,Ahilyanagar,APMC Ahilyanagar,soybean,2022,9,4960.0,15.0
Maharashtra,Ahilyanagar,APMC Ahilyanagar,soybean,2022,10,4490.82,561.0
Maharashtra,Ahilyanagar,APMC Ahilyanagar,soybean,2022,11,4687.18,1902.0
Maharashtra,Ahilyanagar,APMC Ahilyanagar,soybean,2022,12,4748.65,282.0
Maharashtra,Ahilyanagar,APMC Ahilyanagar,soybean,2023,1,5057.04,247.0
Maharashtra,Ahilyanagar,APMC Ahilyanagar,soybean,2023,2,4715.04,209.0
Maharashtra,Ahilyanagar,APMC Ahilyanagar,soybean,2023,3,4808.22,96.0
Maharashtra,Ahilyanagar,APMC Ahilyanagar,soybean,2023,4,4740.34,47.0
Maharashtra,Ahilyanagar,APMC Ahilyanagar,soybean,2023,5,4739.88,42.0
Maharashtra,Ahilyanagar,APMC Ahilyanagar,soybean,2023,6,4456.5,111.0
Maharashtra,Ahilyanagar,APMC Ahilyanagar,soybean,2023,7,4532.31,106.0
Maharashtra,Ahilyanagar,APMC Ahilyanagar,soybean,2023,8,4668.6,43.0
Maharashtra,Ahilyanagar,APMC Ahilyanagar,soybean,2023,9,4686.67,3.0
Maharashtra,Ahilyanagar,APMC Ahilyanagar,soybean,2023,10,4519.98,210.0
Maharashtra,Ahilyanagar,APMC Ahilyanagar,soybean,2023,11,4738.37,575.0
Maharashtra,Ahilyanagar,APMC Ahilyanagar,soybean,2023,12,4666.67,54.0
Maharashtra,Ahilyanagar,APMC Ahilyanagar,soybean,2024,1,4458.7,23.0
Maharashtra,Ahilyanagar,APMC Ahilyanagar,soybean,2024,2,4297.22,18.0
Maharashtra,Ahilyanagar,APMC Ahilyanagar,soybean,2024,3,4160.89,28.0
Maharashtra,Ahilyanagar,APMC Ahilyanagar,soybean,2024,4,4344.44,1.8
Maharashtra,Ahilyanagar,APMC Ahilyanagar,soybean,2024,5,4342.79,22.2
Maharashtra,Ahilyanagar,APMC Ahilyanagar,soybean,2024,6,4300.0,3.4
Maharashtra,Ahilyanagar,APMC Ahilyanagar,soybean,2024,7,4170.08,13.2
Maharashtra,Ahilyanagar,APMC Ahilyanagar,soybean,2024,8,4139.0,29.1
Maharashtra,Ahilyanagar,APMC Ahilyanagar,soybean,2024,11,4251.18,
Maharashtra,Ahilyanagar,APMC Ahilyanagar,soybean,2024,12,4088.78,
Maharashtra,Ahilyanagar,APMC Ahilyanagar,soybean,2025,1,3974.52,196.3
Maharashtra,Ahilyanagar,APMC Ahilyanagar,soybean,2025,2,3954.12,57.6
Maharashtra,Ahilyanagar,APMC Ahilyanagar,soybean,2025,4,,56.2
Maharashtra,Ahilyanagar,APMC Ahilyanagar,soybean,2025,5,4045.12,
Maharashtra,Ahilyanagar,APMC Ahilyanagar,soybean,2025,6,4100.62,16.0
Maharashtra,Ahilyanagar,APMC Ahilyanagar,soybean,2025,7,3921.24,
Maharashtra,Ahilyanagar,APMC Ahilyanagar,soybean,2025,8,4340.54,40.7
Maharashtra,Ahilyanagar,APMC Ahilyanagar,soybean,2025,9,4116.49,9.4
Maharashtra,Ahilyanagar,APMC Ahilyanagar,soybean,2026,3,,63.9
Maharashtra,Ahilyanagar,APMC Ahilyanagar,soybean,2026,4,,22.9
Maharashtra,Ahilyanagar,APMC Ahilyanagar,soybean,2026,5,,15.7
Maharashtra,Ahilyanagar,APMC Ahilyanagar,soybean,2026,6,,32.0
Maharashtra,Ahilyanagar,APMC Ahilyanagar,soybean,2026,7,,17.1
Maharashtra,Ahilyanagar,APMC Ahilyanagar,soybean,2026,8,6026.23,12.2
Maharashtra,Ahilyanagar,APMC Ahilyanagar,soybean,2026,9,5558.06,3.1
Maharashtra,Ahilyanagar,APMC Ahilyanagar,wheat,2019,2,2154.7,20.0
Maharashtra,Ahilyanagar,APMC Ahilyanagar,wheat,2019,4,1926.66,76.0
Maharashtra,Ahilyanagar,APMC Ahilyanagar,wheat,2019,6,1987.24,74.0
Maharashtra,Ahilyanagar,APMC Ahilyanagar,wheat,2019,8,2090.64,70.0
Maharashtra,Ahilyanagar,APMC Ahilyanagar,wheat,2019,10,2079.49,41.0
Maharashtra,Ahilyanagar,APMC Ahilyanagar,wheat,2019,12,2237.77,74.0
Maharashtra,Ahilyanagar,APMC Ahilyanagar,wheat,2020,1,2298.12,86.0
Maharashtra,Ahilyanagar,APMC Ahilyanagar,wheat,2020,2,2170.04,49.0
Maharashtra,Ahilyanagar,APMC Ahilyanagar,wheat,2020,3,1949.49,82.0
Maharashtra,Ahilyanagar,APMC Ahilyanagar,wheat,2020,5,1992.93,71.0
Maharashtra,Ahilyanagar,APMC Ahilyanagar,wheat,2020,6,1880.28,39.0
Maharashtra,Ahilyanagar,APMC Ahilyanagar,wheat,2020,7,1880.36,14.0
Maharashtra,Ahilyanagar,APMC Ahilyanagar,wheat,2020,8,1912.5,4.0
Maharashtra,Ahilyanagar,APMC Ahilyanagar,wheat,2020,9,1855.0,5.0
Maharashtra,Ahilyanagar,APMC Ahilyanagar,wheat,2020,10,1663.33,9.0
Maharashtra,Ahilyanagar,APMC Ahilyanagar,wheat,2020,11,1913.72,18.0
Maharashtra,Ahilyanagar,APMC Ahilyanagar,wheat,2020,12,1662.14,71.0
Maharashtra,Ahilyanagar,APMC Ahilyanagar,wheat,2021,1,1747.38,56.0
Maharashtra,Ahilyanagar,APMC Ahilyanagar,wheat,2021,2,2294.05,83.0
Maharashtra,Ahilyanagar,APMC Ahilyanagar,wheat,2021,3,1743.78,51.0
Maharashtra,Ahilyanagar,APMC Ahilyanagar,wheat,2021,4,1735.0,37.0
Maharashtra,Ahilyanagar,APMC Ahilyanagar,wheat,2021,6,1753.41,203.0
Maharashtra,Ahilyanagar,APMC Ahilyanagar,wheat,2021,7,1747.91,518.0
Maharashtra,Ahilyanagar,APMC Ahilyanagar,wheat,2021,8,1720.42,551.0
Maharashtra,Ahilyanagar,APMC Ahilyanagar,wheat,2021,9,1756.15,431.0
Maharashtra,Ahilyanagar,APMC Ahilyanagar,wheat,2021,10,1787.81,454.0
Maharashtra,Ahilyanagar,APMC Ahilyanagar,wheat,2021,11,2134.64,664.0
Maharashtra,Ahilyanagar,APMC Ahilyanagar,wheat,2021,12,1927.17,581.0
Maharashtra,Ahilyanagar,APMC Ahilyanagar,wheat,2022,1,1947.39,681.0
Maharashtra,Ahilyanagar,APMC Ahilyanagar,wheat,2022,2,2005.76,289.0
Maharashtra,Ahilyanagar,APMC Ahilyanagar,wheat,2022,3,2149.69,384.0
Maharashtra,Ahilyanagar,APMC Ahilyanagar,wheat,2022,4,2234.24,433.0
Maharashtra,Ahilyanagar,APMC Ahilyanagar,wheat,2022,5,2205.01,219.0
Maharashtra,Ahilyanagar,APMC Ahilyanagar,wheat,2022,6,2158.06,272.0
Maharashtra,Ahilyanagar,APMC Ahilyanagar,wheat,2022,7,2178.39,331.0
Maharashtra,Ahilyanagar,APMC Ahilyanagar,wheat,2022,8,2241.25,120.0
Maharashtra,Ahilyanagar,APMC Ahilyanagar,wheat,2022,9,2304.08,25.0
Maharashtra,Ahilyanagar,APMC Ahilyanagar,wheat,2022,10,2393.47,95.0
Maharashtra,Ahilyanagar,APMC Ahilyanagar,wheat,2022,11,2531.09,103.0
Maharashtra,Ahilyanagar,APMC Ahilyanagar,wheat,2022,12,2654.76,42.0
Maharashtra,Ahilyanagar,APMC Ahilyanagar,wheat,2023,1,2676.7,132.0
Maharashtra,Ahilyanagar,APMC Ahilyanagar,wheat,2023,2,2411.39,285.0
Maharashtra,Ahilyanagar,APMC Ahilyanagar,wheat,2023,3,2192.05,494.0
Maharashtra,Ahilyanagar,APMC Ahilyanagar,wheat,2023,4,2271.18,262.0
Maharashtra,Ahilyanagar,APMC Ahilyanagar,wheat,2023,5,2252.11,81.0
Maharashtra,Ahilyanagar,APMC Ahilyanagar,wheat,2023,6,2326.94,157.0
Maharashtra,Ahilyanagar,APMC Ahilyanagar,wheat,2023,8,2503.02,124.0
Maharashtra,Ahilyanagar,APMC Ahilyanagar,wheat,2023,9,2496.43,14.0
Maharashtra,Ahilyanagar,APMC Ahilyanagar,wheat,2023,10,2389.33,75.0
Maharashtra,Ahilyanagar,APMC Ahilyanagar,wheat,2023,11,2492.24,116.0
Maharashtra,Ahilyanagar,APMC Ahilyanagar,wheat,2023,12,2713.02,121.0
Maharashtra,Ahilyanagar,APMC Ahilyanagar,wheat,2024,1,2668.29,123.0
Maharashtra,Ahilyanagar,APMC Ahilyanagar,wheat,2024,2,2499.74,195.2
Maharashtra,Ahilyanagar,APMC Ahilyanagar,wheat,2024,3,2498.7,
Maharashtra,Ahilyanagar,APMC Ahilyanagar,wheat,2024,4,2517.59,61.1
Maharashtra,Ahilyanagar,APMC Ahilyanagar,wheat,2024,5,,65.0
Maharashtra,Ahilyanagar,APMC Ahilyanagar,wheat,2024,6,3205.89,26.3
Maharashtra,Ahilyanagar,APMC Ahilyanagar,wheat,2024,7,3067.02,57.0
Maharashtra,Ahilyanagar,APMC Ahilyanagar,wheat,2024,8,3195.52,56.9
Maharashtra,Ahilyanagar,APMC Ahilyanagar,wheat,2024,9,2924.15,97.5
Maharashtra,Ahilyanagar,APMC Ahilyanagar,wheat,2024,10,2821.28,102.7
Maharashtra,Ahilyanagar,APMC Ahilyanagar,wheat,2024,11,2825.47,
Maharashtra,Ahilyanagar,APMC Ahilyanagar,wheat,2024,12,2734.42,126.6
Maharashtra,Ahilyanagar,APMC Ahilyanagar,wheat,2025,1,,127.5
Maharashtra,Ahilyanagar,APMC Ahilyanagar,wheat,2025,2,2878.16,284.4
Maharashtra,Ahilyanagar,APMC Ahilyanagar,wheat,2025,3,,463.5
Maharashtra,Ahilyanagar,APMC Ahilyanagar,wheat,2025,4,2593.1,202.6
Maharashtra,Ahilyanagar,APMC Ahilyanagar,wheat,2025,5,2594.72,132.2
Maharashtra,Ahilyanagar,APMC Ahilyanagar,wheat,2025,6,2598.45,143.3
Maharashtra,Ahilyanagar,APMC Ahilyanagar,wheat,2025,7,2623.35,150.1
Maharashtra,Ahilyanagar,APMC Ahilyanagar,wheat,2025,8,2692.44,182.8
Maharashtra,Ahilyanagar,APMC Ahilyanagar,wheat,2025,9,2680.36,242.9
Maharashtra,Ahilyanagar,APMC Ahilyanagar,wheat,2025,10,2644.07,170.4
Maharashtra,Ahilyanagar,APMC Ahilyanagar,wheat,2025,11,2659.54,123.2
Maharashtra,Ahilyanagar,APMC Ahilyanagar,wheat,2025,12,2652.52,148.8
Maharashtra,Ahilyanagar,APMC Ahilyanagar,wheat,2026,1,2731.42,154.2
Maharashtra,Ahilyanagar,APMC Ahilyanagar,wheat,2026,2,2449.42,280.2
Maharashtra,Ahilyanagar,APMC Ahilyanagar,wheat,2026,3,2270.57,486.3
Maharashtra,Ahilyanagar,APMC Ahilyanagar,wheat,2026,4,2207.93,278.8
Maharashtra,Ahilyanagar,APMC Ahilyanagar,wheat,2026,5,2260.21,326.2
Maharashtra,Ahilyanagar,APMC Ahilyanagar,wheat,2026,6,2269.22,371.4
Maharashtra,Ahilyanagar,APMC Ahilyanagar,wheat,2026,7,2557.52,423.8
Maharashtra,Ahilyanagar,APMC Ahilyanagar,wheat,2026,8,2677.66,484.5
Maharashtra,Ahilyanagar,APMC Ahilyanagar,wheat,2026,9,2785.79,235.9
Maharashtra,Ahilyanagar,APMC Akole,onion,2019,2,354.4,94.0
Maharashtra,Ahilyanagar,APMC Akole,onion,2019,4,703.75,4976.0
Maharashtra,Ahilyanagar,APMC Akole,onion,2019,6,1221.37,2326.0
Maharashtra,Ahilyanagar,APMC Akole,onion,2019,8,1971.69,1040.0
Maharashtra,Ahilyanagar,APMC Akole,onion,2019,10,2695.34,122.0
Maharashtra,Ahilyanagar,APMC Akole,onion,2019,12,3667.0,2.0
Maharashtra,Ahilyanagar,APMC Akole,onion,2020,1,2601.24,21.0
Maharashtra,Ahilyanagar,APMC Akole,onion,2020,2,1200.0,40.0
Maharashtra,Ahilyanagar,APMC Akole,onion,2020,3,1292.66,1686.0
Maharashtra,Ahilyanagar,APMC Akole,onion,2020,4,700.0,40.0
Maharashtra,Ahilyanagar,APMC Akole,onion,2020,5,700.0,65.0
Maharashtra,Ahilyanagar,APMC Akole,onion,2020,6,826.37,1476.0
Maharashtra,Ahilyanagar,APMC Akole,onion,2020,7,770.53,2762.0
Maharashtra,Ahilyanagar,APMC Akole,onion,2020,8,797.46,2200.0
Maharashtra,Ahilyanagar,APMC Akole,onion,2020,9,2866.83,419.0
Maharashtra,Ahilyanagar,APMC Akole,onion,2020,10,3064.0,125.0
Maharashtra,Ahilyanagar,APMC Akole,onion,2020,11,3251.36,131.0
Maharashtra,Ahilyanagar,APMC Akole,onion,2020,12,2230.45,112.0
Maharashtra,Ahilyanagar,APMC Akole,onion,2021,1,2290.0,10.0
Maharashtra,Ahilyanagar,APMC Akole,onion,2021,2,2598.99,291.0
Maharashtra,Ahilyanagar,APMC Akole,onion,2021,3,1506.38,613.0
Maharashtra,Ahilyanagar,APMC Akole,onion,2021,4,971.95,1027.0
Maharashtra,Ahilyanagar,APMC Akole,onion,2021,5,1146.58,1312.0
Maharashtra,Ahilyanagar,APMC Akole,onion,2021,6,1794.37,946.0
Maharashtra,Ahilyanagar,APMC Akole,onion,2021,7,1742.74,748.0
Maharashtra,Ahilyanagar,APMC Akole,onion,2021,8,1685.43,1016.0
Maharashtra,Ahilyanagar,APMC Akole,onion,2021,9,1744.08,814.0
Maharashtra,Ahilyanagar,APMC Akole,onion,2021,10,2808.98,685.0
Maharashtra,Ahilyanagar,APMC Akole,onion,2021,11,2086.14,147.0
Maharashtra,Ahilyanagar,APMC Akole,onion,2021,12,1970.8,92.0
Maharashtra,Ahilyanagar,APMC Akole,onion,2022,2,2131.88,241.0
Maharashtra,Ahilyanagar,APMC Akole,onion,2022,3,1377.68,2874.0
Maharashtra,Ahilyanagar,APMC Akole,onion,2022,4,1123.21,1435.0
Maharashtra,Ahilyanagar,APMC Akole,onion,2022,5,1056.69,1588.0
Maharashtra,Ahilyanagar,APMC Akole,onion,2022,6,1557.46,1595.0
Maharashtra,Ahilyanagar,APMC Akole,onion,2022,7,1402.17,
Maharashtra,Ahilyanagar,APMC Akole,onion,2022,8,1423.65,
Maharashtra,Ahilyanagar,APMC Akole,onion,2022,9,1413.94,418.0
Maharashtra,Ahilyanagar,APMC Akole,onion,2022,10,2275.4,1073.0
Maharashtra,Ahilyanagar,APMC Akole,onion,2022,11,2659.3,1012.0
Maharashtra,Ahilyanagar,APMC Akole,onion,2022,12,1222.85,218.0
Maharashtra,Ahilyanagar,APMC Akole,onion,2023,1,900.0,
Maharashtra,Ahilyanagar,APMC Akole,onion,2023,2,735.34,
Maharashtra,Ahilyanagar,APMC Akole,onion,2023,3,843.32,1833.0
Maharashtra,Ahilyanagar,APMC Akole,onion,2023,4,723.7,1946.0
Maharashtra,Ahilyanagar,APMC Akole,onion,2023,5,645.27,2118.0
Maharashtra,Ahilyanagar,APMC Akole,onion,2023,6,1099.19,2537.0
Maharashtra,Ahilyanagar,APMC Akole,onion,2023,9,2309.44,
Maharashtra,Ahilyanagar,APMC Akole,onion,2023,10,2675.21,
Maharashtra,Ahilyanagar,APMC Akole,onion,2024,10,,257.1
Maharashtra,Ahilyanagar,APMC Akole,onion,2024,12,,33.2
Maharashtra,Ahilyanagar,APMC Akole,onion,2025,2,,1409.7
Maharashtra,Ahilyanagar,APMC Akole,onion,2025,4,,247.6
Maharashtra,Ahilyanagar,APMC Akole,onion,2025,6,1671.24,3257.8
Maharashtra,Ahilyanagar,APMC Akole,onion,2025,8,1251.95,1309.6
Maharashtra,Ahilyanagar,APMC Akole,onion,2025,9,1135.0,1370.9
Maharashtra,Ahilyanagar,APMC Akole,onion,2025,10,,1350.6
Maharashtra,Ahilyanagar,APMC Akole,onion,2025,11,,295.9
Maharashtra,Ahilyanagar,APMC Akole,onion,2025,12,,197.0
Maharashtra,Ahilyanagar,APMC Akole,onion,2026,2,,1215.1
Maharashtra,Ahilyanagar,APMC Akole,onion,2026,3,,4225.6
Maharashtra,Ahilyanagar,APMC Akole,onion,2026,4,,3151.6
Maharashtra,Ahilyanagar,APMC Akole,onion,2026,5,1040.84,4268.2
Maharashtra,Ahilyanagar,APMC Akole,onion,2026,6,1575.51,2705.9
Maharashtra,Ahilyanagar,APMC Akole,onion,2026,7,2155.35,1900.4
Maharashtra,Ahilyanagar,APMC Akole,onion,2026,8,2921.1,1847.2
Maharashtra,Ahilyanagar,APMC Akole,onion,2026,9,3863.7,965.6
Maharashtra,Ahilyanagar,APMC Akole,soybean,2023,8,4700.0,2.0
Maharashtra,Ahilyanagar,APMC Akole,soybean,2023,11,4932.84,67.0
Maharashtra,Ahilyanagar,APMC Akole,soybean,2023,12,4716.67,63.0
Maharashtra,Ahilyanagar,APMC Akole,soybean,2024,1,4639.8,5.0
Maharashtra,Ahilyanagar,APMC Jamkhed,chickpea,2019,2,4210.0,5.0
Maharashtra,Ahilyanagar,APMC Jamkhed,chickpea,2019,4,3985.0,10.0
Maharashtra,Ahilyanagar,APMC Jamkhed,chickpea,2019,6,3922.73,11.0
Maharashtra,Ahilyanagar,APMC Jamkhed,chickpea,2019,8,3400.0,6.0
Maharashtra,Ahilyanagar,APMC Jamkhed,chickpea,2019,10,3480.0,5.0
Maharashtra,Ahilyanagar,APMC Jamkhed,chickpea,2019,12,3350.0,1.0
Maharashtra,Ahilyanagar,APMC Jamkhed,chickpea,2020,1,3579.17,12.0
Maharashtra,Ahilyanagar,APMC Jamkhed,chickpea,2020,2,3451.39,36.0
Maharashtra,Ahilyanagar,APMC Jamkhed,chickpea,2020,3,3367.39,23.0
Maharashtra,Ahilyanagar,APMC Jamkhed,chickpea,2020,5,3698.94,47.0
Maharashtra,Ahilyanagar,APMC Jamkhed,chickpea,2020,6,3504.26,47.0
Maharashtra,Ahilyanagar,APMC Jamkhed,chickpea,2020,7,3427.78,27.0
Maharashtra,Ahilyanagar,APMC Jamkhed,chickpea,2020,8,3204.55,22.0
Maharashtra,Ahilyanagar,APMC Jamkhed,chickpea,2020,9,3375.0,6.0
Maharashtra,Ahilyanagar,APMC Jamkhed,chickpea,2020,10,4008.33,6.0
Maharashtra,Ahilyanagar,APMC Jamkhed,chickpea,2020,11,3690.0,5.0
Maharashtra,Ahilyanagar,APMC Jamkhed,chickpea,2020,12,3445.45,11.0
Maharashtra,Ahilyanagar,APMC Jamkhed,chickpea,2021,1,3450.0,5.0
Maharashtra,Ahilyanagar,APMC Jamkhed,chickpea,2021,2,4207.14,7.0
Maharashtra,Ahilyanagar,APMC Jamkhed,chickpea,2021,6,4550.0,2.0
Maharashtra,Ahilyanagar,APMC Jamkhed,chickpea,2021,8,4140.0,5.0
Maharashtra,Ahilyanagar,APMC Jamkhed,chickpea,2021,9,4175.0,4.0
Maharashtra,Ahilyanagar,APMC Jamkhed,chickpea,2021,10,4100.0,1.0
Maharashtra,Ahilyanagar,APMC Jamkhed,chickpea,2021,11,3750.0,2.0
Maharashtra,Ahilyanagar,APMC Jamkhed,chickpea,2021,12,3450.0,5.0
Maharashtra,Ahilyanagar,APMC Jamkhed,chickpea,2022,1,3750.0,2.0
Maharashtra,Ahilyanagar,APMC Jamkhed,chickpea,2022,2,4350.0,4.0
Maharashtra,Ahilyanagar,APMC Jamkhed,chickpea,2022,3,4422.41,29.0
Maharashtra,Ahilyanagar,APMC Jamkhed,chickpea,2022,5,3908.33,
Maharashtra,Ahilyanagar,APMC Jamkhed,chickpea,2022,7,3900.0,
Maharashtra,Ahilyanagar,APMC Jamkhed,chickpea,2022,8,3700.0,
Maharashtra,Ahilyanagar,APMC Jamkhed,chickpea,2022,9,3716.67,3.0
Maharashtra,Ahilyanagar,APMC Jamkhed,chickpea,2022,10,3250.0,5.0
Maharashtra,Ahilyanagar,APMC Jamkhed,chickpea,2022,11,3250.0,12.0
Maharashtra,Ahilyanagar,APMC Jamkhed,chickpea,2022,12,3259.09,11.0
Maharashtra,Ahilyanagar,APMC Jamkhed,chickpea,2023,1,3958.33,6.0
Maharashtra,Ahilyanagar,APMC Jamkhed,chickpea,2023,2,4311.11,9.0
Maharashtra,Ahilyanagar,APMC Jamkhed,chickpea,2023,5,4300.0,32.0
Maharashtra,Ahilyanagar,APMC Jamkhed,chickpea,2023,6,4350.0,12.0
Maharashtra,Ahilyanagar,APMC Jamkhed,chickpea,2023,7,4266.67,
Maharashtra,Ahilyanagar,APMC Jamkhed,chickpea,2023,8,4350.0,6.0
Maharashtra,Ahilyanagar,APMC Jamkhed,chickpea,2023,9,4691.67,6.0
Maharashtra,Ahilyanagar,APMC Jamkhed,chickpea,2023,10,4766.67,6.0
Maharashtra,Ahilyanagar,APMC Jamkhed,chickpea,2023,11,4575.0,4.0
Maharashtra,Ahilyanagar,APMC Jamkhed,chickpea,2023,12,4740.0,5.0
Maharashtra,Ahilyanagar,APMC Jamkhed,chickpea,2024,1,4666.67,3.0
Maharashtra,Ahilyanagar,APMC Jamkhed,chickpea,2024,2,5705.56,9.0
Maharashtra,Ahilyanagar,APMC Jamkhed,chickpea,2024,4,5514.29,12.6
Maharashtra,Ahilyanagar,APMC Jamkhed,chickpea,2024,5,5674.25,30.1
Maharashtra,Ahilyanagar,APMC Jamkhed,chickpea,2024,6,6019.76,20.5
Maharashtra,Ahilyanagar,APMC Jamkhed,chickpea,2024,7,5675.5,10.0
Maharashtra,Ahilyanagar,APMC Jamkhed,chickpea,2024,8,5989.2,8.8
Maharashtra,Ahilyanagar,APMC Jamkhed,chickpea,2024,9,6306.11,9.0
Maharashtra,Ahilyanagar,APMC Jamkhed,chickpea,2024,10,5913.44,9.3
Maharashtra,Ahilyanagar,APMC Jamkhed,chickpea,2025,1,5637.77,
Maharashtra,Ahilyanagar,APMC Jamkhed,chickpea,2025,2,5478.06,
Maharashtra,Ahilyanagar,APMC Jamkhed,chickpea,2025,3,5112.44,106.1
Maharashtra,Ahilyanagar,APMC Jamkhed,chickpea,2025,4,5456.89,94.0
Maharashtra,Ahilyanagar,APMC Jamkhed,chickpea,2025,6,,25.8
Maharashtra,Ahilyanagar,APMC Jamkhed,chickpea,2025,8,5271.75,10.0
Maharashtra,Ahilyanagar,APMC Jamkhed,chickpea,2025,9,4894.52,7.3
Maharashtra,Ahilyanagar,APMC Jamkhed,chickpea,2026,3,,89.4
Maharashtra,Ahilyanagar,APMC Jamkhed,chickpea,2026,4,,56.0
Maharashtra,Ahilyanagar,APMC Jamkhed,chickpea,2026,5,,55.6
Maharashtra,Ahilyanagar,APMC Jamkhed,chickpea,2026,6,,25.2
Maharashtra,Ahilyanagar,APMC Jamkhed,chickpea,2026,7,5143.87,10.6
Maharashtra,Ahilyanagar,APMC Jamkhed,chickpea,2026,8,5184.46,7.4
Maharashtra,Ahilyanagar,APMC Jamkhed,chickpea,2026,9,5137.93,2.9
Maharashtra,Ahilyanagar,APMC Jamkhed,groundnut,2021,6,4121.88,16.0
Maharashtra,Ahilyanagar,APMC Jamkhed,groundnut,2021,8,3854.55,11.0
Maharashtra,Ahilyanagar,APMC Jamkhed,groundnut,2021,10,3785.71,7.0
Maharashtra,Ahilyanagar,APMC Jamkhed,groundnut,2021,11,,7.0
Maharashtra,Ahilyanagar,APMC Jamkhed,groundnut,2021,12,3233.33,6.0
Maharashtra,Ahilyanagar,APMC Jamkhed,groundnut,2022,1,3283.33,3.0
Maharashtra,Ahilyanagar,APMC Jamkhed,groundnut,2022,3,3100.0,1.0
Maharashtra,Ahilyanagar,APMC Jamkhed,groundnut,2022,4,3350.0,2.0
Maharashtra,Ahilyanagar,APMC Jamkhed,groundnut,2022,5,3560.0,5.0
Maharashtra,Ahilyanagar,APMC Jamkhed,groundnut,2022,6,3588.64,22.0
Maharashtra,Ahilyanagar,APMC Jamkhed,groundnut,2022,7,4300.0,10.0
Maharashtra,Ahilyanagar,APMC Jamkhed,groundnut,2022,8,4507.14,14.0
Maharashtra,Ahilyanagar,APMC Jamkhed,groundnut,2022,9,4175.0,2.0
Maharashtra,Ahilyanagar,APMC Jamkhed,groundnut,2022,10,4260.0,5.0
Maharashtra,Ahilyanagar,APMC Jamkhed,groundnut,2022,11,4290.0,5.0
Maharashtra,Ahilyanagar,APMC Jamkhed,groundnut,2022,12,4420.0,5.0
Maharashtra,Ahilyanagar,APMC Jamkhed,groundnut,2023,1,4250.0,1.0
Maharashtra,Ahilyanagar,APMC Jamkhed,groundnut,2023,2,3625.0,4.0
Maharashtra,Ahilyanagar,APMC Jamkhed,groundnut,2023,3,3875.0,2.0
Maharashtra,Ahilyanagar,APMC Jamkhed,groundnut,2023,5,4200.0,5.0
Maharashtra,Ahilyanagar,APMC Jamkhed,groundnut,2023,6,4525.0,14.0
Maharashtra,Ahilyanagar,APMC Jamkhed,groundnut,2023,7,5157.14,28.0
Maharashtra,Ahilyanagar,APMC Jamkhed,groundnut,2023,8,5763.04,23.0
Maharashtra,Ahilyanagar,APMC Jamkhed,groundnut,2023,9,5475.0,4.0
Maharashtra,Ahilyanagar,APMC Jamkhed,groundnut,2023,10,5650.0,3.0
Maharashtra,Ahilyanagar,APMC Jamkhed,groundnut,2023,12,4416.67,3.0
Maharashtra,Ahilyanagar,APMC Jamkhed,groundnut,2024,3,4275.0,0.8
Maharashtra,Ahilyanagar,APMC Jamkhed,groundnut,2024,5,4072.22,0.9
Maharashtra,Ahilyanagar,APMC Jamkhed,groundnut,2024,6,4613.33,4.5
Maharashtra,Ahilyanagar,APMC Jamkhed,groundnut,2024,7,5311.54,5.2
Maharashtra,Ahilyanagar,APMC Jamkhed,groundnut,2024,8,4611.54,3.9
Maharashtra,Ahilyanagar,APMC Jamkhed,groundnut,2024,9,4843.75,4.0
Maharashtra,Ahilyanagar,APMC Jamkhed,groundnut,2024,10,4388.89,2.7
Maharashtra,Ahilyanagar,APMC Jamkhed,groundnut,2024,11,4673.08,1.3
Maharashtra,Ahilyanagar,APMC Jamkhed,groundnut,2024,12,4500.0,0.2
Maharashtra,Ahilyanagar,APMC Jamkhed,groundnut,2025,1,6000.0,0.2
Maharashtra,Ahilyanagar,APMC Jamkhed,groundnut,2025,3,4200.0,0.2
Maharashtra,Ahilyanagar,APMC Jamkhed,groundnut,2025,5,4760.0,2.0
Maharashtra,Ahilyanagar,APMC Jamkhed,groundnut,2025,6,5074.72,8.9
Maharashtra,Ahilyanagar,APMC Jamkhed,groundnut,2025,7,4577.42,6.2
Maharashtra,Ahilyanagar,APMC Jamkhed,groundnut,2025,8,4513.46,5.2
Maharashtra,Ahilyanagar,APMC Jamkhed,groundnut,2025,9,4379.63,2.7
Maharashtra,Ahilyanagar,APMC Jamkhed,groundnut,2025,10,4162.5,1.2
Maharashtra,Ahilyanagar,APMC Jamkhed,groundnut,2025,11,4157.69,1.3
Maharashtra,Ahilyanagar,APMC Jamkhed,groundnut,2025,12,4283.33,1.2
Maharashtra,Ahilyanagar,APMC Jamkhed,groundnut,2026,1,3925.0,0.4
Maharashtra,Ahilyanagar,APMC Jamkhed,groundnut,2026,4,4750.0,0.2
Maharashtra,Ahilyanagar,APMC Jamkhed,groundnut,2026,5,4760.0,1.0
Maharashtra,Ahilyanagar,APMC Jamkhed,groundnut,2026,6,5242.31,2.6
Maharashtra,Ahilyanagar,APMC Jamkhed,groundnut,2026,7,5521.87,
Maharashtra,Ahilyanagar,APMC Jamkhed,groundnut,2026,8,5496.3,2.7
Maharashtra,Ahilyanagar,APMC Jamkhed,groundnut,2026,9,7146.15,1.3
Maharashtra,Ahilyanagar,APMC Jamkhed,onion,2019,2,410.63,1428.0
Maharashtra,Ahilyanagar,APMC Jamkhed,onion,2019,4,571.98,2155.0
Maharashtra,Ahilyanagar,APMC Jamkhed,onion,2019,6,869.53,494.0
Maharashtra,Ahilyanagar,APMC Jamkhed,onion,2019,8,1276.4,89.0
Maharashtra,Ahilyanagar,APMC Jamkhed,onion,2019,10,1605.59,76.0
Maharashtra,Ahilyanagar,APMC Jamkhed,onion,2019,12,4965.54,177.0
Maharashtra,Ahilyanagar,APMC Jamkhed,onion,2020,1,2435.98,164.0
Maharashtra,Ahilyanagar,APMC Jamkhed,onion,2020,2,1269.96,278.0
Maharashtra,Ahilyanagar,APMC Jamkhed,onion,2020,3,1017.69,188.0
Maharashtra,Ahilyanagar,APMC Jamkhed,onion,2020,5,372.75,968.0
Maharashtra,Ahilyanagar,APMC Jamkhed,onion,2020,6,453.38,1064.0
Maharashtra,Ahilyanagar,APMC Jamkhed,onion,2020,7,458.72,384.0
Maharashtra,Ahilyanagar,APMC Jamkhed,onion,2020,8,584.16,243.0
Maharashtra,Ahilyanagar,APMC Jamkhed,onion,2020,9,1383.02,162.0
Maharashtra,Ahilyanagar,APMC Jamkhed,onion,2020,10,3300.0,24.0
Maharashtra,Ahilyanagar,APMC Jamkhed,onion,2020,11,2352.35,85.0
Maharashtra,Ahilyanagar,APMC Jamkhed,onion,2020,12,1785.76,158.0
Maharashtra,Ahilyanagar,APMC Jamkhed,onion,2021,1,1585.17,172.0
Maharashtra,Ahilyanagar,APMC Jamkhed,onion,2021,2,2373.03,165.0
Maharashtra,Ahilyanagar,APMC Jamkhed,onion,2021,3,1013.25,183.0
Maharashtra,Ahilyanagar,APMC Jamkhed,onion,2021,4,596.66,479.0
Maharashtra,Ahilyanagar,APMC Jamkhed,onion,2021,5,653.14,518.0
Maharashtra,Ahilyanagar,APMC Jamkhed,onion,2021,6,1007.26,286.0
Maharashtra,Ahilyanagar,APMC Jamkhed,onion,2021,7,971.94,98.0
Maharashtra,Ahilyanagar,APMC Jamkhed,onion,2021,8,1044.44,117.0
Maharashtra,Ahilyanagar,APMC Jamkhed,onion,2021,9,953.68,68.0
Maharashtra,Ahilyanagar,APMC Jamkhed,onion,2021,10,1575.5,101.0
Maharashtra,Ahilyanagar,APMC Jamkhed,onion,2021,11,1308.04,202.0
Maharashtra,Ahilyanagar,APMC Jamkhed,onion,2021,12,1374.43,264.0
Maharashtra,Ahilyanagar,APMC Jamkhed,onion,2022,1,1522.89,688.0
Maharashtra,Ahilyanagar,APMC Jamkhed,onion,2022,2,1670.08,869.0
Maharashtra,Ahilyanagar,APMC Jamkhed,onion,2022,3,916.36,1129.0
Maharashtra,Ahilyanagar,APMC Jamkhed,onion,2022,4,684.16,1308.0
Maharashtra,Ahilyanagar,APMC Jamkhed,onion,2022,5,620.32,1671.0
Maharashtra,Ahilyanagar,APMC Jamkhed,onion,2022,6,946.0,631.0
Maharashtra,Ahilyanagar,APMC Jamkhed,onion,2022,7,847.13,
Maharashtra,Ahilyanagar,APMC Jamkhed,onion,2022,8,805.32,
Maharashtra,Ahilyanagar,APMC Jamkhed,onion,2022,9,794.48,154.0
Maharashtra,Ahilyanagar,APMC Jamkhed,onion,2022,10,1184.38,112.0
Maharashtra,Ahilyanagar,APMC Jamkhed,onion,2022,11,1225.91,110.0
Maharashtra,Ahilyanagar,APMC Jamkhed,onion,2022,12,1165.03,183.0
Maharashtra,Ahilyanagar,APMC Jamkhed,onion,2023,1,863.28,
Maharashtra,Ahilyanagar,APMC Jamkhed,onion,2023,2,667.46,
Maharashtra,Ahilyanagar,APMC Jamkhed,onion,2023,3,652.49,4966.0
Maharashtra,Ahilyanagar,APMC Jamkhed,onion,2023,4,587.33,2335.0
Maharashtra,Ahilyanagar,APMC Jamkhed,onion,2023,5,563.31,1114.0
Maharashtra,Ahilyanagar,APMC Jamkhed,onion,2023,6,721.34,779.0
Maharashtra,Ahilyanagar,APMC Jamkhed,onion,2023,9,1302.7,
Maharashtra,Ahilyanagar,APMC Jamkhed,onion,2023,10,1860.94,
Maharashtra,Ahilyanagar,APMC Jamkhed,onion,2024,10,,761.8
Maharashtra,Ahilyanagar,APMC Jamkhed,onion,2024,12,,1947.5
Maharashtra,Ahilyanagar,APMC Jamkhed,onion,2025,2,,413.4
Maharashtra,Ahilyanagar,APMC Jamkhed,onion,2025,4,,1112.3
Maharashtra,Ahilyanagar,APMC Jamkhed,onion,2025,6,1017.57,1028.9
Maharashtra,Ahilyanagar,APMC Jamkhed,onion,2025,8,967.44,615.4
Maharashtra,Ahilyanagar,APMC Jamkhed,onion,2025,9,767.62,508.8
Maharashtra,Ahilyanagar,APMC Jamkhed,onion,2025,10,,183.0
Maharashtra,Ahilyanagar,APMC Jamkhed,onion,2025,11,,344.4
Maharashtra,Ahilyanagar,APMC Jamkhed,onion,2025,12,,105.6
Maharashtra,Ahilyanagar,APMC Jamkhed,onion,2026,1,,1218.9
Maharashtra,Ahilyanagar,APMC Jamkhed,onion,2026,2,,744.8
Maharashtra,Ahilyanagar,APMC Jamkhed,onion,2026,3,,1136.3
Maharashtra,Ahilyanagar,APMC Jamkhed,onion,2026,4,,1459.7
Maharashtra,Ahilyanagar,APMC Jamkhed,onion,2026,5,610.45,1638.5
Maharashtra,Ahilyanagar,APMC Jamkhed,onion,2026,6,977.96,712.2
Maharashtra,Ahilyanagar,APMC Jamkhed,onion,2026,7,1463.48,244.1
Maharashtra,Ahilyanagar,APMC Jamkhed,onion,2026,8,2130.68,163.4
Maharashtra,Ahilyanagar,APMC Jamkhed,onion,2026,9,2790.55,65.1
Maharashtra,Ahilyanagar,APMC Jamkhed,pearl_millet,2019,4,2200.0,3.0
Maharashtra,Ahilyanagar,APMC Jamkhed,pearl_millet,2019,6,2100.0,1.0
Maharashtra,Ahilyanagar,APMC Jamkhed,pearl_millet,2019,8,2166.67,3.0
Maharashtra,Ahilyanagar,APMC Jamkhed,pearl_millet,2019,10,1898.42,95.0
Maharashtra,Ahilyanagar,APMC Jamkhed,pearl_millet,2019,12,1973.15,54.0
Maharashtra,Ahilyanagar,APMC Jamkhed,pearl_millet,2020,1,2018.27,52.0
Maharashtra,Ahilyanagar,APMC Jamkhed,pearl_millet,2020,2,1910.19,27.0
Maharashtra,Ahilyanagar,APMC Jamkhed,pearl_millet,2020,3,1675.0,16.0
Maharashtra,Ahilyanagar,APMC Jamkhed,pearl_millet,2020,5,1312.5,4.0
Maharashtra,Ahilyanagar,APMC Jamkhed,pearl_millet,2020,6,1285.29,17.0
Maharashtra,Ahilyanagar,APMC Jamkhed,pearl_millet,2020,7,1308.33,12.0
Maharashtra,Ahilyanagar,APMC Jamkhed,pearl_millet,2020,8,1240.62,16.0
Maharashtra,Ahilyanagar,APMC Jamkhed,pearl_millet,2020,9,1159.38,16.0
Maharashtra,Ahilyanagar,APMC Jamkhed,pearl_millet,2020,10,1316.67,18.0
Maharashtra,Ahilyanagar,APMC Jamkhed,pearl_millet,2020,11,1251.04,24.0
Maharashtra,Ahilyanagar,APMC Jamkhed,pearl_millet,2020,12,1306.25,32.0
Maharashtra,Ahilyanagar,APMC Jamkhed,pearl_millet,2021,1,1289.13,23.0
Maharashtra,Ahilyanagar,APMC Jamkhed,pearl_millet,2021,2,1478.57,7.0
Maharashtra,Ahilyanagar,APMC Jamkhed,pearl_millet,2021,3,1450.0,
Maharashtra,Ahilyanagar,APMC Jamkhed,pearl_millet,2021,4,1200.0,5.0
Maharashtra,Ahilyanagar,APMC Jamkhed,pearl_millet,2021,6,1183.33,12.0
Maharashtra,Ahilyanagar,APMC Jamkhed,pearl_millet,2021,7,1200.0,8.0
Maharashtra,Ahilyanagar,APMC Jamkhed,pearl_millet,2021,8,1256.25,8.0
Maharashtra,Ahilyanagar,APMC Jamkhed,pearl_millet,2021,9,1326.19,21.0
Maharashtra,Ahilyanagar,APMC Jamkhed,pearl_millet,2021,10,1495.83,24.0
Maharashtra,Ahilyanagar,APMC Jamkhed,pearl_millet,2021,11,1355.56,9.0
Maharashtra,Ahilyanagar,APMC Jamkhed,pearl_millet,2021,12,1437.5,8.0
Maharashtra,Ahilyanagar,APMC Jamkhed,pearl_millet,2022,1,1800.0,1.0
Maharashtra,Ahilyanagar,APMC Jamkhed,pearl_millet,2022,3,1625.0,2.0
Maharashtra,Ahilyanagar,APMC Jamkhed,pearl_millet,2022,4,1500.0,4.0
Maharashtra,Ahilyanagar,APMC Jamkhed,pearl_millet,2022,6,1816.67,3.0
Maharashtra,Ahilyanagar,APMC Jamkhed,pearl_millet,2022,7,1750.0,2.0
Maharashtra,Ahilyanagar,APMC Jamkhed,pearl_millet,2022,8,1975.0,2.0
Maharashtra,Ahilyanagar,APMC Jamkhed,pearl_millet,2022,9,1800.0,3.0
Maharashtra,Ahilyanagar,APMC Jamkhed,pearl_millet,2022,10,2012.5,12.0
Maharashtra,Ahilyanagar,APMC Jamkhed,pearl_millet,2022,11,1820.0,5.0
Maharashtra,Ahilyanagar,APMC Jamkhed,pearl_millet,2022,12,1700.0,4.0
Maharashtra,Ahilyanagar,APMC Jamkhed,pearl_millet,2023,2,2100.0,
Maharashtra,Ahilyanagar,APMC Jamkhed,pearl_millet,2023,5,2450.0,10.0
Maharashtra,Ahilyanagar,APMC Jamkhed,pearl_millet,2023,6,2237.5,4.0
Maharashtra,Ahilyanagar,APMC Jamkhed,pearl_millet,2023,7,2240.0,5.0
Maharashtra,Ahilyanagar,APMC Jamkhed,pearl_millet,2023,8,2266.67,3.0
Maharashtra,Ahilyanagar,APMC Jamkhed,pearl_millet,2023,11,2266.67,3.0
Maharashtra,Ahilyanagar,APMC Jamkhed,pearl_millet,2023,12,2250.0,5.0
Maharashtra,Ahilyanagar,APMC Jamkhed,pearl_millet,2024,1,2225.0,
Maharashtra,Ahilyanagar,APMC Jamkhed,pearl_millet,2024,2,2216.67,3.0
Maharashtra,Ahilyanagar,APMC Jamkhed,pearl_millet,2024,4,2512.86,7.0
Maharashtra,Ahilyanagar,APMC Jamkhed,pearl_millet,2024,6,2459.09,7.7
Maharashtra,Ahilyanagar,APMC Jamkhed,pearl_millet,2024,8,2495.83,14.4
Maharashtra,Ahilyanagar,APMC Jamkhed,pearl_millet,2024,10,2366.58,19.3
Maharashtra,Ahilyanagar,APMC Jamkhed,pearl_millet,2024,11,,17.7
Maharashtra,Ahilyanagar,APMC Jamkhed,pearl_millet,2024,12,2622.67,7.5
Maharashtra,Ahilyanagar,APMC Jamkhed,pearl_millet,2025,1,,2.5
Maharashtra,Ahilyanagar,APMC Jamkhed,pearl_millet,2025,2,2024.32,3.7
Maharashtra,Ahilyanagar,APMC Jamkhed,pearl_millet,2025,3,2973.33,12.0
Maharashtra,Ahilyanagar,APMC Jamkhed,pearl_millet,2025,4,2724.7,16.7
Maharashtra,Ahilyanagar,APMC Jamkhed,pearl_millet,2025,5,2666.03,15.6
Maharashtra,Ahilyanagar,APMC Jamkhed,pearl_millet,2025,6,2447.22,14.4
Maharashtra,Ahilyanagar,APMC Jamkhed,pearl_millet,2025,7,2496.43,6.3
Maharashtra,Ahilyanagar,APMC Jamkhed,pearl_millet,2025,8,2475.0,4.4
Maharashtra,Ahilyanagar,APMC Jamkhed,pearl_millet,2025,9,2589.04,7.3
Maharashtra,Ahilyanagar,APMC Jamkhed,pearl_millet,2025,10,2591.25,4.0
Maharashtra,Ahilyanagar,APMC Jamkhed,pearl_millet,2025,11,2255.26,3.8
Maharashtra,Ahilyanagar,APMC Jamkhed,pearl_millet,2025,12,2250.0,1.4
Maharashtra,Ahilyanagar,APMC Jamkhed,pearl_millet,2026,1,2355.56,1.8
Maharashtra,Ahilyanagar,APMC Jamkhed,pearl_millet,2026,2,2150.0,0.8
Maharashtra,Ahilyanagar,APMC Jamkhed,pearl_millet,2026,3,2419.23,2.6
Maharashtra,Ahilyanagar,APMC Jamkhed,pearl_millet,2026,4,2691.67,11.1
Maharashtra,Ahilyanagar,APMC Jamkhed,pearl_millet,2026,5,2397.66,10.7
Maharashtra,Ahilyanagar,APMC Jamkhed,pearl_millet,2026,6,2408.25,10.6
Maharashtra,Ahilyanagar,APMC Jamkhed,pearl_millet,2026,7,2499.47,9.4
Maharashtra,Ahilyanagar,APMC Jamkhed,pearl_millet,2026,8,2429.41,1.7
Maharashtra,Ahilyanagar,APMC Jamkhed,pearl_millet,2026,9,2467.61,4.4
Maharashtra,Ahilyanagar,APMC Jamkhed,pigeon_pea,2019,2,5230.0,15.0
Maharashtra,Ahilyanagar,APMC Jamkhed,pigeon_pea,2019,4,4487.5,4.0
Maharashtra,Ahilyanagar,APMC Jamkhed,pigeon_pea,2019,6,5200.0,1.0
Maharashtra,Ahilyanagar,APMC Jamkhed,pigeon_pea,2019,12,4950.0,5.0
Maharashtra,Ahilyanagar,APMC Jamkhed,pigeon_pea,2020,1,4597.92,24.0
Maharashtra,Ahilyanagar,APMC Jamkhed,pigeon_pea,2020,2,4494.07,59.0
Maharashtra,Ahilyanagar,APMC Jamkhed,pigeon_pea,2020,3,4407.02,57.0
Maharashtra,Ahilyanagar,APMC Jamkhed,pigeon_pea,2020,5,4803.66,41.0
Maharashtra,Ahilyanagar,APMC Jamkhed,pigeon_pea,2020,6,4721.95,41.0
Maharashtra,Ahilyanagar,APMC Jamkhed,pigeon_pea,2020,7,4783.33,6.0
Maharashtra,Ahilyanagar,APMC Jamkhed,pigeon_pea,2020,8,4260.0,5.0
Maharashtra,Ahilyanagar,APMC Jamkhed,pigeon_pea,2020,11,3750.0,1.0
Maharashtra,Ahilyanagar,APMC Jamkhed,pigeon_pea,2020,12,5290.62,16.0
Maharashtra,Ahilyanagar,APMC Jamkhed,pigeon_pea,2021,1,5598.84,129.0
Maharashtra,Ahilyanagar,APMC Jamkhed,pigeon_pea,2021,2,6436.11,36.0
Maharashtra,Ahilyanagar,APMC Jamkhed,pigeon_pea,2021,3,6500.0,8.0
Maharashtra,Ahilyanagar,APMC Jamkhed,pigeon_pea,2021,4,6322.22,9.0
Maharashtra,Ahilyanagar,APMC Jamkhed,pigeon_pea,2021,6,5527.27,11.0
Maharashtra,Ahilyanagar,APMC Jamkhed,pigeon_pea,2021,7,5337.5,12.0
Maharashtra,Ahilyanagar,APMC Jamkhed,pigeon_pea,2021,9,5350.0,5.0
Maharashtra,Ahilyanagar,APMC Jamkhed,pigeon_pea,2021,10,5350.0,3.0
Maharashtra,Ahilyanagar,APMC Jamkhed,pigeon_pea,2021,12,5511.27,71.0
Maharashtra,Ahilyanagar,APMC Jamkhed,pigeon_pea,2022,1,5901.47,68.0
Maharashtra,Ahilyanagar,APMC Jamkhed,pigeon_pea,2022,2,5902.46,61.0
Maharashtra,Ahilyanagar,APMC Jamkhed,pigeon_pea,2022,3,5840.48,105.0
Maharashtra,Ahilyanagar,APMC Jamkhed,pigeon_pea,2022,4,5565.05,93.0
Maharashtra,Ahilyanagar,APMC Jamkhed,pigeon_pea,2022,5,5145.0,30.0
Maharashtra,Ahilyanagar,APMC Jamkhed,pigeon_pea,2022,6,5113.04,23.0
Maharashtra,Ahilyanagar,APMC Jamkhed,pigeon_pea,2022,7,5525.0,4.0
Maharashtra,Ahilyanagar,APMC Jamkhed,pigeon_pea,2022,8,5833.33,3.0
Maharashtra,Ahilyanagar,APMC Jamkhed,pigeon_pea,2022,9,5750.0,1.0
Maharashtra,Ahilyanagar,APMC Jamkhed,pigeon_pea,2022,12,6462.5,68.0
Maharashtra,Ahilyanagar,APMC Jamkhed,pigeon_pea,2023,1,6400.89,112.0
Maharashtra,Ahilyanagar,APMC Jamkhed,pigeon_pea,2023,2,6811.86,59.0
Maharashtra,Ahilyanagar,APMC Jamkhed,pigeon_pea,2023,3,7200.0,10.0
Maharashtra,Ahilyanagar,APMC Jamkhed,pigeon_pea,2023,4,7230.0,5.0
Maharashtra,Ahilyanagar,APMC Jamkhed,pigeon_pea,2023,5,7250.0,2.0
Maharashtra,Ahilyanagar,APMC Jamkhed,pigeon_pea,2023,6,8650.0,1.0
Maharashtra,Ahilyanagar,APMC Jamkhed,pigeon_pea,2023,7,8600.0,1.0
Maharashtra,Ahilyanagar,APMC Jamkhed,pigeon_pea,2023,8,7750.0,2.0
Maharashtra,Ahilyanagar,APMC Jamkhed,pigeon_pea,2023,12,8471.6,81.0
Maharashtra,Ahilyanagar,APMC Jamkhed,pigeon_pea,2024,1,8508.52,176.0
Maharashtra,Ahilyanagar,APMC Jamkhed,pigeon_pea,2024,2,9744.23,26.0
Maharashtra,Ahilyanagar,APMC Jamkhed,pigeon_pea,2024,3,9286.11,16.2
Maharashtra,Ahilyanagar,APMC Jamkhed,pigeon_pea,2024,4,9481.76,7.4
Maharashtra,Ahilyanagar,APMC Jamkhed,pigeon_pea,2024,5,10325.0,3.8
Maharashtra,Ahilyanagar,APMC Jamkhed,pigeon_pea,2024,6,9969.23,1.3
Maharashtra,Ahilyanagar,APMC Jamkhed,pigeon_pea,2025,1,7081.67,
Maharashtra,Ahilyanagar,APMC Jamkhed,pigeon_pea,2025,2,7069.05,141.5
Maharashtra,Ahilyanagar,APMC Jamkhed,pigeon_pea,2025,4,,45.3
Maharashtra,Ahilyanagar,APMC Jamkhed,pigeon_pea,2025,6,,7.5
Maharashtra,Ahilyanagar,APMC Jamkhed,pigeon_pea,2025,8,,1.4
Maharashtra,Ahilyanagar,APMC Jamkhed,pigeon_pea,2025,9,5868.52,5.4
Maharashtra,Ahilyanagar,APMC Jamkhed,pigeon_pea,2026,1,,252.3
Maharashtra,Ahilyanagar,APMC Jamkhed,pigeon_pea,2026,2,,45.5
Maharashtra,Ahilyanagar,APMC Jamkhed,pigeon_pea,2026,3,,31.6
Maharashtra,Ahilyanagar,APMC Jamkhed,pigeon_pea,2026,4,,12.1
Maharashtra,Ahilyanagar,APMC Jamkhed,pigeon_pea,2026,5,,8.9
Maharashtra,Ahilyanagar,APMC Jamkhed,pigeon_pea,2026,6,,3.0
Maharashtra,Ahilyanagar,APMC Jamkhed,pigeon_pea,2026,7,,0.6
Maharashtra,Ahilyanagar,APMC Jamkhed,pigeon_pea,2026,8,6500.0,0.6
Maharashtra,Ahilyanagar,APMC Jamkhed,pigeon_pea,2026,9,7250.0,0.2
Maharashtra,Ahilyanagar,APMC Jamkhed,sorghum,2019,2,3433.33,270.0
Maharashtra,Ahilyanagar,APMC Jamkhed,sorghum,2019,4,3599.77,221.0
Maharashtra,Ahilyanagar,APMC Jamkhed,sorghum,2019,6,3419.57,92.0
Maharashtra,Ahilyanagar,APMC Jamkhed,sorghum,2019,8,3443.97,141.0
Maharashtra,Ahilyanagar,APMC Jamkhed,sorghum,2019,10,3376.8,194.0
Maharashtra,Ahilyanagar,APMC Jamkhed,sorghum,2019,12,3685.93,199.0
Maharashtra,Ahilyanagar,APMC Jamkhed,sorghum,2020,1,3698.96,192.0
Maharashtra,Ahilyanagar,APMC Jamkhed,sorghum,2020,2,3328.5,2156.0
Maharashtra,Ahilyanagar,APMC Jamkhed,sorghum,2020,3,3276.06,1036.0
Maharashtra,Ahilyanagar,APMC Jamkhed,sorghum,2020,5,3321.82,417.0
Maharashtra,Ahilyanagar,APMC Jamkhed,sorghum,2020,6,3310.58,671.0
Maharashtra,Ahilyanagar,APMC Jamkhed,sorghum,2020,7,3197.89,615.0
Maharashtra,Ahilyanagar,APMC Jamkhed,sorghum,2020,8,3159.93,539.0
Maharashtra,Ahilyanagar,APMC Jamkhed,sorghum,2020,9,2637.18,195.0
Maharashtra,Ahilyanagar,APMC Jamkhed,sorghum,2020,10,2735.34,133.0
Maharashtra,Ahilyanagar,APMC Jamkhed,sorghum,2020,11,2910.47,358.0
Maharashtra,Ahilyanagar,APMC Jamkhed,sorghum,2020,12,2811.8,754.0
Maharashtra,Ahilyanagar,APMC Jamkhed,sorghum,2021,1,2840.02,421.0
Maharashtra,Ahilyanagar,APMC Jamkhed,sorghum,2021,2,2917.62,1277.0
Maharashtra,Ahilyanagar,APMC Jamkhed,sorghum,2021,3,2842.78,651.0
Maharashtra,Ahilyanagar,APMC Jamkhed,sorghum,2021,4,2877.6,288.0
Maharashtra,Ahilyanagar,APMC Jamkhed,sorghum,2021,5,2702.94,17.0
Maharashtra,Ahilyanagar,APMC Jamkhed,sorghum,2021,6,2623.84,669.0
Maharashtra,Ahilyanagar,APMC Jamkhed,sorghum,2021,7,2078.85,494.0
Maharashtra,Ahilyanagar,APMC Jamkhed,sorghum,2021,8,1823.77,551.0
Maharashtra,Ahilyanagar,APMC Jamkhed,sorghum,2021,9,1854.95,303.0
Maharashtra,Ahilyanagar,APMC Jamkhed,sorghum,2021,10,1799.47,284.0
Maharashtra,Ahilyanagar,APMC Jamkhed,sorghum,2021,11,1793.63,463.0
Maharashtra,Ahilyanagar,APMC Jamkhed,sorghum,2021,12,1912.35,328.0
Maharashtra,Ahilyanagar,APMC Jamkhed,sorghum,2022,1,1853.08,260.0
Maharashtra,Ahilyanagar,APMC Jamkhed,sorghum,2022,2,2658.75,811.0
Maharashtra,Ahilyanagar,APMC Jamkhed,sorghum,2022,3,2502.13,4365.0
Maharashtra,Ahilyanagar,APMC Jamkhed,sorghum,2022,4,2362.61,1769.0
Maharashtra,Ahilyanagar,APMC Jamkhed,sorghum,2022,5,2246.03,
Maharashtra,Ahilyanagar,APMC Jamkhed,sorghum,2022,6,2291.98,810.0
Maharashtra,Ahilyanagar,APMC Jamkhed,sorghum,2022,7,2531.65,793.0
Maharashtra,Ahilyanagar,APMC Jamkhed,sorghum,2022,8,2652.93,341.0
Maharashtra,Ahilyanagar,APMC Jamkhed,sorghum,2022,9,2681.64,128.0
Maharashtra,Ahilyanagar,APMC Jamkhed,sorghum,2022,10,2691.98,268.0
Maharashtra,Ahilyanagar,APMC Jamkhed,sorghum,2022,11,3089.63,164.0
Maharashtra,Ahilyanagar,APMC Jamkhed,sorghum,2022,12,3614.18,141.0
Maharashtra,Ahilyanagar,APMC Jamkhed,sorghum,2023,1,3760.5,100.0
Maharashtra,Ahilyanagar,APMC Jamkhed,sorghum,2023,2,4093.56,1350.0
Maharashtra,Ahilyanagar,APMC Jamkhed,sorghum,2023,3,3961.21,
Maharashtra,Ahilyanagar,APMC Jamkhed,sorghum,2023,4,3853.49,
Maharashtra,Ahilyanagar,APMC Jamkhed,sorghum,2023,5,3986.55,1026.0
Maharashtra,Ahilyanagar,APMC Jamkhed,sorghum,2023,6,4113.68,563.0
Maharashtra,Ahilyanagar,APMC Jamkhed,sorghum,2023,7,4423.91,412.0
Maharashtra,Ahilyanagar,APMC Jamkhed,sorghum,2023,8,4564.38,219.0
Maharashtra,Ahilyanagar,APMC Jamkhed,sorghum,2024,1,4593.22,
Maharashtra,Ahilyanagar,APMC Jamkhed,sorghum,2024,2,3589.67,1898.0
Maharashtra,Ahilyanagar,APMC Jamkhed,sorghum,2024,3,3381.32,
Maharashtra,Ahilyanagar,APMC Jamkhed,sorghum,2024,4,3629.03,923.8
Maharashtra,Ahilyanagar,APMC Jamkhed,sorghum,2024,6,3409.13,783.1
Maharashtra,Ahilyanagar,APMC Jamkhed,sorghum,2024,8,3190.84,954.9
Maharashtra,Ahilyanagar,APMC Jamkhed,sorghum,2024,10,3560.82,611.9
Maharashtra,Ahilyanagar,APMC Jamkhed,sorghum,2024,12,3172.68,1083.2
Maharashtra,Ahilyanagar,APMC Jamkhed,sorghum,2025,1,,878.9
Maharashtra,Ahilyanagar,APMC Jamkhed,sorghum,2025,2,3470.28,1696.3
Maharashtra,Ahilyanagar,APMC Jamkhed,sorghum,2025,3,,1204.5
Maharashtra,Ahilyanagar,APMC Jamkhed,sorghum,2025,4,3451.05,1190.6
Maharashtra,Ahilyanagar,APMC Jamkhed,sorghum,2025,5,3456.7,902.1
Maharashtra,Ahilyanagar,APMC Jamkhed,sorghum,2025,6,3656.18,495.5
Maharashtra,Ahilyanagar,APMC Jamkhed,sorghum,2025,7,3682.45,517.2
Maharashtra,Ahilyanagar,APMC Jamkhed,sorghum,2025,8,3650.02,508.0
Maharashtra,Ahilyanagar,APMC Jamkhed,sorghum,2025,9,3701.28,508.7
Maharashtra,Ahilyanagar,APMC Jamkhed,sorghum,2025,10,3863.0,358.1
Maharashtra,Ahilyanagar,APMC Jamkhed,sorghum,2025,11,4155.47,359.2
Maharashtra,Ahilyanagar,APMC Jamkhed,sorghum,2025,12,3851.88,225.8
Maharashtra,Ahilyanagar,APMC Jamkhed,sorghum,2026,1,4187.8,129.1
Maharashtra,Ahilyanagar,APMC Jamkhed,sorghum,2026,2,4506.54,473.3
Maharashtra,Ahilyanagar,APMC Jamkhed,sorghum,2026,3,4409.91,1306.3
Maharashtra,Ahilyanagar,APMC Jamkhed,sorghum,2026,4,4202.81,700.2
Maharashtra,Ahilyanagar,APMC Jamkhed,sorghum,2026,5,4363.53,816.0
Maharashtra,Ahilyanagar,APMC Jamkhed,sorghum,2026,6,4408.48,536.7
Maharashtra,Ahilyanagar,APMC Jamkhed,sorghum,2026,7,4481.66,395.4
Maharashtra,Ahilyanagar,APMC Jamkhed,sorghum,2026,8,4479.72,324.8
Maharashtra,Ahilyanagar,APMC Jamkhed,sorghum,2026,9,4896.72,196.8
Maharashtra,Ahilyanagar,APMC Jamkhed,soybean,2019,2,3385.71,7.0
Maharashtra,Ahilyanagar,APMC Jamkhed,soybean,2019,4,3425.0,4.0
Maharashtra,Ahilyanagar,APMC Jamkhed,soybean,2019,6,3350.0,1.0
Maharashtra,Ahilyanagar,APMC Jamkhed,soybean,2019,8,3300.0,4.0
Maharashtra,Ahilyanagar,APMC Jamkhed,soybean,2019,10,3237.29,181.0
Maharashtra,Ahilyanagar,APMC Jamkhed,soybean,2019,12,3668.52,162.0
Maharashtra,Ahilyanagar,APMC Jamkhed,soybean,2020,1,3839.31,131.0
Maharashtra,Ahilyanagar,APMC Jamkhed,soybean,2020,2,3465.38,39.0
Maharashtra,Ahilyanagar,APMC Jamkhed,soybean,2020,3,3320.0,25.0
Maharashtra,Ahilyanagar,APMC Jamkhed,soybean,2020,5,3359.09,11.0
Maharashtra,Ahilyanagar,APMC Jamkhed,soybean,2020,6,3325.0,54.0
Maharashtra,Ahilyanagar,APMC Jamkhed,soybean,2020,7,3213.79,29.0
Maharashtra,Ahilyanagar,APMC Jamkhed,soybean,2020,8,3205.0,30.0
Maharashtra,Ahilyanagar,APMC Jamkhed,soybean,2020,9,3200.0,8.0
Maharashtra,Ahilyanagar,APMC Jamkhed,soybean,2020,10,3519.42,103.0
Maharashtra,Ahilyanagar,APMC Jamkhed,soybean,2020,11,3723.94,165.0
Maharashtra,Ahilyanagar,APMC Jamkhed,soybean,2020,12,3815.88,137.0
Maharashtra,Ahilyanagar,APMC Jamkhed,soybean,2021,1,3958.51,47.0
Maharashtra,Ahilyanagar,APMC Jamkhed,soybean,2021,2,3850.0,8.0
Maharashtra,Ahilyanagar,APMC Jamkhed,soybean,2021,3,4644.44,9.0
Maharashtra,Ahilyanagar,APMC Jamkhed,soybean,2021,4,5062.5,4.0
Maharashtra,Ahilyanagar,APMC Jamkhed,soybean,2021,6,5483.33,12.0
Maharashtra,Ahilyanagar,APMC Jamkhed,soybean,2021,7,5490.91,11.0
Maharashtra,Ahilyanagar,APMC Jamkhed,soybean,2021,8,6850.0,2.0
Maharashtra,Ahilyanagar,APMC Jamkhed,soybean,2021,9,5763.64,11.0
Maharashtra,Ahilyanagar,APMC Jamkhed,soybean,2021,10,4523.26,86.0
Maharashtra,Ahilyanagar,APMC Jamkhed,soybean,2021,11,5043.75,56.0
Maharashtra,Ahilyanagar,APMC Jamkhed,soybean,2021,12,5815.91,44.0
Maharashtra,Ahilyanagar,APMC Jamkhed,soybean,2022,1,5628.98,44.0
Maharashtra,Ahilyanagar,APMC Jamkhed,soybean,2022,2,6328.79,33.0
Maharashtra,Ahilyanagar,APMC Jamkhed,soybean,2022,3,6378.33,60.0
Maharashtra,Ahilyanagar,APMC Jamkhed,soybean,2022,4,6282.18,101.0
Maharashtra,Ahilyanagar,APMC Jamkhed,soybean,2022,5,5638.57,70.0
Maharashtra,Ahilyanagar,APMC Jamkhed,soybean,2022,6,5292.75,69.0
Maharashtra,Ahilyanagar,APMC Jamkhed,soybean,2022,7,5336.96,46.0
Maharashtra,Ahilyanagar,APMC Jamkhed,soybean,2022,8,5017.86,42.0
Maharashtra,Ahilyanagar,APMC Jamkhed,soybean,2022,9,4164.29,21.0
Maharashtra,Ahilyanagar,APMC Jamkhed,soybean,2022,10,4508.91,575.0
Maharashtra,Ahilyanagar,APMC Jamkhed,soybean,2022,11,4852.92,513.0
Maharashtra,Ahilyanagar,APMC Jamkhed,soybean,2022,12,4822.68,205.0
Maharashtra,Ahilyanagar,APMC Jamkhed,soybean,2023,1,4820.35,86.0
Maharashtra,Ahilyanagar,APMC Jamkhed,soybean,2023,2,4790.99,111.0
Maharashtra,Ahilyanagar,APMC Jamkhed,soybean,2023,3,4544.93,69.0
Maharashtra,Ahilyanagar,APMC Jamkhed,soybean,2023,4,4602.82,71.0
Maharashtra,Ahilyanagar,APMC Jamkhed,soybean,2023,5,4397.22,54.0
Maharashtra,Ahilyanagar,APMC Jamkhed,soybean,2023,6,4298.08,52.0
Maharashtra,Ahilyanagar,APMC Jamkhed,soybean,2023,7,4307.14,42.0
Maharashtra,Ahilyanagar,APMC Jamkhed,soybean,2023,8,4325.0,34.0
Maharashtra,Ahilyanagar,APMC Jamkhed,soybean,2023,9,4538.24,17.0
Maharashtra,Ahilyanagar,APMC Jamkhed,soybean,2023,10,4390.92,311.0
Maharashtra,Ahilyanagar,APMC Jamkhed,soybean,2023,11,4628.92,287.0
Maharashtra,Ahilyanagar,APMC Jamkhed,soybean,2023,12,4499.81,129.0
Maharashtra,Ahilyanagar,APMC Jamkhed,soybean,2024,1,4378.98,88.0
Maharashtra,Ahilyanagar,APMC Jamkhed,soybean,2024,2,4166.28,43.0
Maharashtra,Ahilyanagar,APMC Jamkhed,soybean,2024,3,4144.56,63.4
Maharashtra,Ahilyanagar,APMC Jamkhed,soybean,2024,4,4202.83,42.4
Maharashtra,Ahilyanagar,APMC Jamkhed,soybean,2024,5,4203.93,54.7
Maharashtra,Ahilyanagar,APMC Jamkhed,soybean,2024,6,4167.07,50.1
Maharashtra,Ahilyanagar,APMC Jamkhed,soybean,2024,7,4140.5,36.3
Maharashtra,Ahilyanagar,APMC Jamkhed,soybean,2024,8,4097.33,26.2
Maharashtra,Ahilyanagar,APMC Jamkhed,soybean,2024,11,4049.38,
Maharashtra,Ahilyanagar,APMC Jamkhed,soybean,2024,12,3772.55,
Maharashtra,Ahilyanagar,APMC Jamkhed,soybean,2025,1,3885.54,283.4
Maharashtra,Ahilyanagar,APMC Jamkhed,soybean,2025,2,3961.19,112.2
Maharashtra,Ahilyanagar,APMC Jamkhed,soybean,2025,4,,60.0
Maharashtra,Ahilyanagar,APMC Jamkhed,soybean,2025,5,3972.79,
Maharashtra,Ahilyanagar,APMC Jamkhed,soybean,2025,6,3924.68,23.3
Maharashtra,Ahilyanagar,APMC Jamkhed,soybean,2025,7,3915.2,
Maharashtra,Ahilyanagar,APMC Jamkhed,soybean,2025,8,4220.44,14.8
Maharashtra,Ahilyanagar,APMC Jamkhed,soybean,2025,9,3953.04,36.2
Maharashtra,Ahilyanagar,APMC Jamkhed,soybean,2026,3,,16.4
Maharashtra,Ahilyanagar,APMC Jamkhed,soybean,2026,4,,11.3
Maharashtra,Ahilyanagar,APMC Jamkhed,soybean,2026,5,,13.8
Maharashtra,Ahilyanagar,APMC Jamkhed,soybean,2026,6,,10.8
Maharashtra,Ahilyanagar,APMC Jamkhed,soybean,2026,7,,8.1
Maharashtra,Ahilyanagar,APMC Jamkhed,soybean,2026,8,5898.15,5.4
Maharashtra,Ahilyanagar,APMC Jamkhed,soybean,2026,9,5463.54,14.4
Maharashtra,Ahilyanagar,APMC Jamkhed,wheat,2019,2,2100.0,3.0
Maharashtra,Ahilyanagar,APMC Jamkhed,wheat,2019,4,1933.33,3.0
Maharashtra,Ahilyanagar,APMC Jamkhed,wheat,2019,6,2050.0,1.0
Maharashtra,Ahilyanagar,APMC Jamkhed,wheat,2019,8,1800.0,2.0
Maharashtra,Ahilyanagar,APMC Jamkhed,wheat,2019,10,1941.67,6.0
Maharashtra,Ahilyanagar,APMC Jamkhed,wheat,2019,12,2042.86,7.0
Maharashtra,Ahilyanagar,APMC Jamkhed,wheat,2020,1,1900.0,8.0
Maharashtra,Ahilyanagar,APMC Jamkhed,wheat,2020,2,1905.56,9.0
Maharashtra,Ahilyanagar,APMC Jamkhed,wheat,2020,3,1825.0,12.0
Maharashtra,Ahilyanagar,APMC Jamkhed,wheat,2020,5,1950.0,5.0
Maharashtra,Ahilyanagar,APMC Jamkhed,wheat,2020,6,1965.62,16.0
Maharashtra,Ahilyanagar,APMC Jamkhed,wheat,2020,7,1934.09,11.0
Maharashtra,Ahilyanagar,APMC Jamkhed,wheat,2020,8,2020.83,6.0
Maharashtra,Ahilyanagar,APMC Jamkhed,wheat,2020,9,1505.56,9.0
Maharashtra,Ahilyanagar,APMC Jamkhed,wheat,2020,10,1500.0,5.0
Maharashtra,Ahilyanagar,APMC Jamkhed,wheat,2020,11,1783.33,6.0
Maharashtra,Ahilyanagar,APMC Jamkhed,wheat,2020,12,1711.76,17.0
Maharashtra,Ahilyanagar,APMC Jamkhed,wheat,2021,1,1571.74,23.0
Maharashtra,Ahilyanagar,APMC Jamkhed,wheat,2021,2,2060.29,17.0
Maharashtra,Ahilyanagar,APMC Jamkhed,wheat,2021,3,1950.0,36.0
Maharashtra,Ahilyanagar,APMC Jamkhed,wheat,2021,4,1861.31,42.0
Maharashtra,Ahilyanagar,APMC Jamkhed,wheat,2021,5,1833.33,3.0
Maharashtra,Ahilyanagar,APMC Jamkhed,wheat,2021,6,1881.25,96.0
Maharashtra,Ahilyanagar,APMC Jamkhed,wheat,2021,7,1727.7,74.0
Maharashtra,Ahilyanagar,APMC Jamkhed,wheat,2021,8,1608.15,89.0
Maharashtra,Ahilyanagar,APMC Jamkhed,wheat,2021,9,1674.34,94.0
Maharashtra,Ahilyanagar,APMC Jamkhed,wheat,2021,10,1687.86,105.0
Maharashtra,Ahilyanagar,APMC Jamkhed,wheat,2021,11,1702.15,93.0
Maharashtra,Ahilyanagar,APMC Jamkhed,wheat,2021,12,1712.18,119.0
Maharashtra,Ahilyanagar,APMC Jamkhed,wheat,2022,1,1737.74,106.0
Maharashtra,Ahilyanagar,APMC Jamkhed,wheat,2022,2,1698.63,73.0
Maharashtra,Ahilyanagar,APMC Jamkhed,wheat,2022,3,1914.52,93.0
Maharashtra,Ahilyanagar,APMC Jamkhed,wheat,2022,4,2022.52,161.0
Maharashtra,Ahilyanagar,APMC Jamkhed,wheat,2022,5,2004.74,232.0
Maharashtra,Ahilyanagar,APMC Jamkhed,wheat,2022,6,1967.54,228.0
Maharashtra,Ahilyanagar,APMC Jamkhed,wheat,2022,7,2013.02,96.0
Maharashtra,Ahilyanagar,APMC Jamkhed,wheat,2022,8,2094.23,65.0
Maharashtra,Ahilyanagar,APMC Jamkhed,wheat,2022,9,2093.52,54.0
Maharashtra,Ahilyanagar,APMC Jamkhed,wheat,2022,10,2093.32,116.0
Maharashtra,Ahilyanagar,APMC Jamkhed,wheat,2022,11,2108.96,67.0
Maharashtra,Ahilyanagar,APMC Jamkhed,wheat,2022,12,2247.02,42.0
Maharashtra,Ahilyanagar,APMC Jamkhed,wheat,2023,1,2324.48,48.0
Maharashtra,Ahilyanagar,APMC Jamkhed,wheat,2023,2,2245.0,100.0
Maharashtra,Ahilyanagar,APMC Jamkhed,wheat,2023,3,2217.76,76.0
Maharashtra,Ahilyanagar,APMC Jamkhed,wheat,2023,4,2291.95,87.0
Maharashtra,Ahilyanagar,APMC Jamkhed,wheat,2023,5,2259.21,76.0
Maharashtra,Ahilyanagar,APMC Jamkhed,wheat,2023,6,2277.97,59.0
Maharashtra,Ahilyanagar,APMC Jamkhed,wheat,2023,8,2282.76,29.0
Maharashtra,Ahilyanagar,APMC Jamkhed,wheat,2023,9,2308.57,35.0
Maharashtra,Ahilyanagar,APMC Jamkhed,wheat,2023,10,2271.43,21.0
Maharashtra,Ahilyanagar,APMC Jamkhed,wheat,2023,11,2382.76,29.0
Maharashtra,Ahilyanagar,APMC Jamkhed,wheat,2023,12,2348.72,39.0
Maharashtra,Ahilyanagar,APMC Jamkhed,wheat,2024,1,2353.21,39.0
Maharashtra,Ahilyanagar,APMC Jamkhed,wheat,2024,2,2276.74,43.0
Maharashtra,Ahilyanagar,APMC Jamkhed,wheat,2024,3,2463.69,
Maharashtra,Ahilyanagar,APMC Jamkhed,wheat,2024,4,2556.1,29.9
Maharashtra,Ahilyanagar,APMC Jamkhed,wheat,2024,5,,21.3
Maharashtra,Ahilyanagar,APMC Jamkhed,wheat,2024,6,2514.63,14.7
Maharashtra,Ahilyanagar,APMC Jamkhed,wheat,2024,7,2486.25,12.0
Maharashtra,Ahilyanagar,APMC Jamkhed,wheat,2024,8,2508.26,11.5
Maharashtra,Ahilyanagar,APMC Jamkhed,wheat,2024,9,2470.98,20.5
Maharashtra,Ahilyanagar,APMC Jamkhed,wheat,2024,10,2417.55,21.8
Maharashtra,Ahilyanagar,APMC Jamkhed,wheat,2024,11,2443.72,
Maharashtra,Ahilyanagar,APMC Jamkhed,wheat,2024,12,2707.89,19.0
Maharashtra,Ahilyanagar,APMC Jamkhed,wheat,2025,1,,15.6
Maharashtra,Ahilyanagar,APMC Jamkhed,wheat,2025,2,2804.19,58.5
Maharashtra,Ahilyanagar,APMC Jamkhed,wheat,2025,3,,140.1
Maharashtra,Ahilyanagar,APMC Jamkhed,wheat,2025,4,2706.18,102.7
Maharashtra,Ahilyanagar,APMC Jamkhed,wheat,2025,5,2551.45,82.5
Maharashtra,Ahilyanagar,APMC Jamkhed,wheat,2025,6,2437.94,78.8
Maharashtra,Ahilyanagar,APMC Jamkhed,wheat,2025,7,2427.67,53.8
Maharashtra,Ahilyanagar,APMC Jamkhed,wheat,2025,8,2566.33,49.3
Maharashtra,Ahilyanagar,APMC Jamkhed,wheat,2025,9,2576.29,44.7
Maharashtra,Ahilyanagar,APMC Jamkhed,wheat,2025,10,2519.42,40.8
Maharashtra,Ahilyanagar,APMC Jamkhed,wheat,2025,11,2440.03,34.1
Maharashtra,Ahilyanagar,APMC Jamkhed,wheat,2025,12,2493.65,30.7
Maharashtra,Ahilyanagar,APMC Jamkhed,wheat,2026,1,2529.05,18.5
Maharashtra,Ahilyanagar,APMC Jamkhed,wheat,2026,2,2342.7,64.7
Maharashtra,Ahilyanagar,APMC Jamkhed,wheat,2026,3,2223.93,149.4
Maharashtra,Ahilyanagar,APMC Jamkhed,wheat,2026,4,2303.89,113.2
Maharashtra,Ahilyanagar,APMC Jamkhed,wheat,2026,5,2335.31,162.0
Maharashtra,Ahilyanagar,APMC Jamkhed,wheat,2026,6,2359.82,110.0
Maharashtra,Ahilyanagar,APMC Jamkhed,wheat,2026,7,2392.12,36.5
Maharashtra,Ahilyanagar,APMC Jamkhed,wheat,2026,8,2473.54,85.4
Maharashtra,Ahilyanagar,APMC Jamkhed,wheat,2026,9,2487.3,43.1
Maharashtra,Ahilyanagar,APMC Karjat,chickpea,2024,2,5651.52,29.7
Maharashtra,Ahilyanagar,APMC Karjat,chickpea,2024,3,5536.19,
Maharashtra,Ahilyanagar,APMC Karjat,chickpea,2024,4,5487.69,93.4
Maharashtra,Ahilyanagar,APMC Karjat,chickpea,2024,5,5809.83,53.4
Maharashtra,Ahilyanagar,APMC Karjat,chickpea,2024,6,6123.08,5.2
Maharashtra,Ahilyanagar,APMC Karjat,chickpea,2024,7,6200.0,2.5
Maharashtra,Ahilyanagar,APMC Karjat,chickpea,2024,8,6251.28,3.9
Maharashtra,Ahilyanagar,APMC Karjat,chickpea,2024,9,6570.0,5.0
Maharashtra,Ahilyanagar,APMC Karjat,chickpea,2024,10,5791.3,4.6
Maharashtra,Ahilyanagar,APMC Karjat,chickpea,2025,1,5579.4,
Maharashtra,Ahilyanagar,APMC Karjat,chickpea,2025,2,5404.65,
Maharashtra,Ahilyanagar,APMC Karjat,chickpea,2025,3,5154.44,316.2
Maharashtra,Ahilyanagar,APMC Karjat,chickpea,2025,4,5284.78,273.0
Maharashtra,Ahilyanagar,APMC Karjat,chickpea,2025,6,,42.0
Maharashtra,Ahilyanagar,APMC Karjat,chickpea,2025,8,5209.8,5.1
Maharashtra,Ahilyanagar,APMC Karjat,chickpea,2025,9,5298.25,5.7
Maharashtra,Ahilyanagar,APMC Karjat,chickpea,2026,3,,9.5
Maharashtra,Ahilyanagar,APMC Karjat,chickpea,2026,4,,8.6
Maharashtra,Ahilyanagar,APMC Karjat,chickpea,2026,5,,6.4
Maharashtra,Ahilyanagar,APMC Karjat,chickpea,2026,6,,3.3
Maharashtra,Ahilyanagar,APMC Karjat,chickpea,2026,7,5337.5,0.8
Maharashtra,Ahilyanagar,APMC Karjat,chickpea,2026,8,5100.0,1.2
Maharashtra,Ahilyanagar,APMC Karjat,chickpea,2026,9,5060.71,2.8
Maharashtra,Ahilyanagar,APMC Karjat,groundnut,2024,5,4687.5,1.6
Maharashtra,Ahilyanagar,APMC Karjat,groundnut,2024,6,5750.0,0.2
Maharashtra,Ahilyanagar,APMC Karjat,groundnut,2024,7,5500.0,0.7
Maharashtra,Ahilyanagar,APMC Karjat,groundnut,2024,8,5928.57,0.7
Maharashtra,Ahilyanagar,APMC Karjat,groundnut,2024,9,5500.0,0.1
Maharashtra,Ahilyanagar,APMC Karjat,groundnut,2024,10,5550.0,0.4
Maharashtra,Ahilyanagar,APMC Karjat,groundnut,2024,11,5166.67,0.3
Maharashtra,Ahilyanagar,APMC Karjat,groundnut,2024,12,5166.67,0.3
Maharashtra,Ahilyanagar,APMC Karjat,groundnut,2025,1,6000.0,0.1
Maharashtra,Ahilyanagar,APMC Karjat,groundnut,2025,3,4812.5,0.8
Maharashtra,Ahilyanagar,APMC Karjat,groundnut,2025,5,5500.0,0.5
Maharashtra,Ahilyanagar,APMC Karjat,groundnut,2025,6,5292.73,5.5
Maharashtra,Ahilyanagar,APMC Karjat,groundnut,2025,7,4976.74,4.3
Maharashtra,Ahilyanagar,APMC Karjat,groundnut,2025,8,5714.29,0.7
Maharashtra,Ahilyanagar,APMC Karjat,groundnut,2025,9,5500.0,1.4
Maharashtra,Ahilyanagar,APMC Karjat,groundnut,2025,10,6000.0,0.1
Maharashtra,Ahilyanagar,APMC Karjat,groundnut,2026,6,5650.0,1.2
Maharashtra,Ahilyanagar,APMC Karjat,groundnut,2026,7,5800.0,
Maharashtra,Ahilyanagar,APMC Karjat,groundnut,2026,8,5500.0,0.1
Maharashtra,Ahilyanagar,APMC Karjat,groundnut,2026,9,5717.39,2.3
Maharashtra,Ahilyanagar,APMC Karjat,onion,2023,10,2300.0,
Maharashtra,Ahilyanagar,APMC Karjat,onion,2024,10,,605.3
Maharashtra,Ahilyanagar,APMC Karjat,onion,2024,12,,229.8
Maharashtra,Ahilyanagar,APMC Karjat,onion,2025,2,,1671.5
Maharashtra,Ahilyanagar,APMC Karjat,onion,2025,4,,289.2
Maharashtra,Ahilyanagar,APMC Karjat,onion,2025,6,975.93,1125.1
Maharashtra,Ahilyanagar,APMC Karjat,onion,2025,8,882.93,267.1
Maharashtra,Ahilyanagar,APMC Karjat,onion,2025,9,816.93,288.3
Maharashtra,Ahilyanagar,APMC Karjat,onion,2025,10,,415.6
Maharashtra,Ahilyanagar,APMC Karjat,onion,2025,11,,16.3
Maharashtra,Ahilyanagar,APMC Karjat,onion,2025,12,,95.5
Maharashtra,Ahilyanagar,APMC Karjat,onion,2026,1,,234.5
Maharashtra,Ahilyanagar,APMC Karjat,onion,2026,2,,121.2
Maharashtra,Ahilyanagar,APMC Karjat,onion,2026,3,,69.8
Maharashtra,Ahilyanagar,APMC Karjat,onion,2026,4,,41.6
Maharashtra,Ahilyanagar,APMC Karjat,onion,2026,5,659.92,25.7
Maharashtra,Ahilyanagar,APMC Karjat,onion,2026,6,1105.07,61.2
Maharashtra,Ahilyanagar,APMC Karjat,onion,2026,7,1268.28,33.1
Maharashtra,Ahilyanagar,APMC Karjat,onion,2026,8,1893.08,13.0
Maharashtra,Ahilyanagar,APMC Karjat,onion,2026,9,2793.23,25.1
Maharashtra,Ahilyanagar,APMC Karjat,pearl_millet,2024,2,2480.0,3.0
Maharashtra,Ahilyanagar,APMC Karjat,pearl_millet,2024,4,2575.0,4.4
Maharashtra,Ahilyanagar,APMC Karjat,pearl_millet,2024,6,2500.0,1.9
Maharashtra,Ahilyanagar,APMC Karjat,pearl_millet,2024,8,2370.87,10.3
Maharashtra,Ahilyanagar,APMC Karjat,pearl_millet,2024,10,2473.97,46.1
Maharashtra,Ahilyanagar,APMC Karjat,pearl_millet,2024,11,,20.2
Maharashtra,Ahilyanagar,APMC Karjat,pearl_millet,2024,12,2507.32,24.6
Maharashtra,Ahilyanagar,APMC Karjat,pearl_millet,2025,1,,15.8
Maharashtra,Ahilyanagar,APMC Karjat,pearl_millet,2025,2,2539.77,12.9
Maharashtra,Ahilyanagar,APMC Karjat,pearl_millet,2025,3,2486.35,8.5
Maharashtra,Ahilyanagar,APMC Karjat,pearl_millet,2025,4,2417.86,4.2
Maharashtra,Ahilyanagar,APMC Karjat,pearl_millet,2025,5,2370.0,1.5
Maharashtra,Ahilyanagar,APMC Karjat,pearl_millet,2025,6,2474.83,14.7
Maharashtra,Ahilyanagar,APMC Karjat,pearl_millet,2025,7,2460.53,1.9
Maharashtra,Ahilyanagar,APMC Karjat,pearl_millet,2025,8,2435.71,7.7
Maharashtra,Ahilyanagar,APMC Karjat,pearl_millet,2025,9,2462.09,18.2
Maharashtra,Ahilyanagar,APMC Karjat,pearl_millet,2025,10,2395.34,11.8
Maharashtra,Ahilyanagar,APMC Karjat,pearl_millet,2025,11,2200.0,0.2
Maharashtra,Ahilyanagar,APMC Karjat,pearl_millet,2025,12,2400.0,1.3
Maharashtra,Ahilyanagar,APMC Karjat,pearl_millet,2026,1,2314.29,0.7
Maharashtra,Ahilyanagar,APMC Karjat,pearl_millet,2026,2,2600.0,0.1
Maharashtra,Ahilyanagar,APMC Karjat,pearl_millet,2026,3,2200.0,0.3
Maharashtra,Ahilyanagar,APMC Karjat,pearl_millet,2026,5,2407.69,1.3
Maharashtra,Ahilyanagar,APMC Karjat,pearl_millet,2026,6,2500.0,0.2
Maharashtra,Ahilyanagar,APMC Karjat,pearl_millet,2026,7,2400.0,0.1
Maharashtra,Ahilyanagar,APMC Karjat,pearl_millet,2026,8,2240.0,0.5
Maharashtra,Ahilyanagar,APMC Karjat,pearl_millet,2026,9,2463.0,5.0
Maharashtra,Ahilyanagar,APMC Karjat,pigeon_pea,2024,2,9576.47,6.8
Maharashtra,Ahilyanagar,APMC Karjat,pigeon_pea,2024,3,9639.17,35.1
Maharashtra,Ahilyanagar,APMC Karjat,pigeon_pea,2024,4,9867.93,23.7
Maharashtra,Ahilyanagar,APMC Karjat,pigeon_pea,2024,5,10493.67,7.9
Maharashtra,Ahilyanagar,APMC Karjat,pigeon_pea,2024,8,6666.67,0.3
Maharashtra,Ahilyanagar,APMC Karjat,pigeon_pea,2024,9,8937.5,0.8
Maharashtra,Ahilyanagar,APMC Karjat,pigeon_pea,2024,10,9000.0,0.1
Maharashtra,Ahilyanagar,APMC Karjat,pigeon_pea,2025,1,7176.19,
Maharashtra,Ahilyanagar,APMC Karjat,pigeon_pea,2025,2,7151.71,3088.2
Maharashtra,Ahilyanagar,APMC Karjat,pigeon_pea,2025,4,,846.7
Maharashtra,Ahilyanagar,APMC Karjat,pigeon_pea,2025,6,,108.4
Maharashtra,Ahilyanagar,APMC Karjat,pigeon_pea,2025,8,,8.7
Maharashtra,Ahilyanagar,APMC Karjat,pigeon_pea,2025,9,5997.86,14.0
Maharashtra,Ahilyanagar,APMC Karjat,pigeon_pea,2026,1,,322.3
Maharashtra,Ahilyanagar,APMC Karjat,pigeon_pea,2026,2,,14.7
Maharashtra,Ahilyanagar,APMC Karjat,pigeon_pea,2026,3,,4.2
Maharashtra,Ahilyanagar,APMC Karjat,pigeon_pea,2026,4,,2.2
Maharashtra,Ahilyanagar,APMC Karjat,pigeon_pea,2026,5,,1.7
Maharashtra,Ahilyanagar,APMC Karjat,pigeon_pea,2026,6,,0.1
Maharashtra,Ahilyanagar,APMC Karjat,pigeon_pea,2026,7,,0.1
Maharashtra,Ahilyanagar,APMC Karjat,pigeon_pea,2026,8,7375.0,0.4
Maharashtra,Ahilyanagar,APMC Karjat,pigeon_pea,2026,9,6545.45,1.1
Maharashtra,Ahilyanagar,APMC Karjat,rice,2019,2,1800.0,198.0
Maharashtra,Ahilyanagar,APMC Karjat,rice,2019,4,1800.0,81.0
Maharashtra,Ahilyanagar,APMC Karjat,rice,2019,6,1800.0,82.0
Maharashtra,Ahilyanagar,APMC Karjat,rice,2019,8,1867.9,81.0
Maharashtra,Ahilyanagar,APMC Karjat,rice,2019,10,1902.75,51.0
Maharashtra,Ahilyanagar,APMC Karjat,rice,2019,12,1900.0,76.0
Maharashtra,Ahilyanagar,APMC Karjat,rice,2020,1,1900.0,152.0
Maharashtra,Ahilyanagar,APMC Karjat,rice,2020,2,1900.0,171.0
Maharashtra,Ahilyanagar,APMC Karjat,rice,2020,3,1917.78,45.0
Maharashtra,Ahilyanagar,APMC Karjat,rice,2022,12,2003.86,259.0
Maharashtra,Ahilyanagar,APMC Karjat,rice,2023,1,2000.0,211.0
Maharashtra,Ahilyanagar,APMC Karjat,rice,2023,2,2002.92,171.0
Maharashtra,Ahilyanagar,APMC Karjat,rice,2023,3,2005.71,70.0
Maharashtra,Ahilyanagar,APMC Karjat,rice,2023,4,2000.0,36.0
Maharashtra,Ahilyanagar,APMC Karjat,rice,2023,5,2015.83,120.0
Maharashtra,Ahilyanagar,APMC Karjat,rice,2023,6,2150.0,131.0
Maharashtra,Ahilyanagar,APMC Karjat,rice,2023,7,2270.83,120.0
Maharashtra,Ahilyanagar,APMC Karjat,rice,2023,8,2300.0,134.0
Maharashtra,Ahilyanagar,APMC Karjat,rice,2023,9,2300.0,73.0
Maharashtra,Ahilyanagar,APMC Karjat,rice,2023,10,2302.97,101.0
Maharashtra,Ahilyanagar,APMC Karjat,rice,2023,11,2302.73,128.0
Maharashtra,Ahilyanagar,APMC Karjat,rice,2023,12,2300.0,362.0
Maharashtra,Ahilyanagar,APMC Karjat,rice,2024,1,2300.0,422.0
Maharashtra,Ahilyanagar,APMC Karjat,rice,2024,2,2320.16,191.0
Maharashtra,Ahilyanagar,APMC Karjat,sorghum,2024,2,3400.0,15.4
Maharashtra,Ahilyanagar,APMC Karjat,sorghum,2024,3,3460.37,
Maharashtra,Ahilyanagar,APMC Karjat,sorghum,2024,4,3507.84,68.9
Maharashtra,Ahilyanagar,APMC Karjat,sorghum,2024,6,3298.94,18.8
Maharashtra,Ahilyanagar,APMC Karjat,sorghum,2024,8,2658.55,67.8
Maharashtra,Ahilyanagar,APMC Karjat,sorghum,2024,10,2555.31,66.9
Maharashtra,Ahilyanagar,APMC Karjat,sorghum,2024,12,2540.51,110.6
Maharashtra,Ahilyanagar,APMC Karjat,sorghum,2025,1,,95.3
Maharashtra,Ahilyanagar,APMC Karjat,sorghum,2025,2,2900.15,249.1
Maharashtra,Ahilyanagar,APMC Karjat,sorghum,2025,3,,261.4
Maharashtra,Ahilyanagar,APMC Karjat,sorghum,2025,4,2954.22,133.9
Maharashtra,Ahilyanagar,APMC Karjat,sorghum,2025,5,2699.77,21.9
Maharashtra,Ahilyanagar,APMC Karjat,sorghum,2025,6,2503.15,76.1
Maharashtra,Ahilyanagar,APMC Karjat,sorghum,2025,7,2512.79,30.5
Maharashtra,Ahilyanagar,APMC Karjat,sorghum,2025,8,2532.21,53.4
Maharashtra,Ahilyanagar,APMC Karjat,sorghum,2025,9,2513.68,51.9
Maharashtra,Ahilyanagar,APMC Karjat,sorghum,2025,10,2570.36,25.3
Maharashtra,Ahilyanagar,APMC Karjat,sorghum,2025,11,2407.14,1.4
Maharashtra,Ahilyanagar,APMC Karjat,sorghum,2025,12,2620.41,9.8
Maharashtra,Ahilyanagar,APMC Karjat,sorghum,2026,1,2711.11,1.8
Maharashtra,Ahilyanagar,APMC Karjat,sorghum,2026,2,3354.67,7.5
Maharashtra,Ahilyanagar,APMC Karjat,sorghum,2026,3,4359.26,13.5
Maharashtra,Ahilyanagar,APMC Karjat,sorghum,2026,4,4160.49,8.1
Maharashtra,Ahilyanagar,APMC Karjat,sorghum,2026,5,3531.75,6.3
Maharashtra,Ahilyanagar,APMC Karjat,sorghum,2026,6,3412.24,4.9
Maharashtra,Ahilyanagar,APMC Karjat,sorghum,2026,7,3393.75,3.2
Maharashtra,Ahilyanagar,APMC Karjat,sorghum,2026,8,3706.48,5.4
Maharashtra,Ahilyanagar,APMC Karjat,sorghum,2026,9,4078.57,7.0
Maharashtra,Ahilyanagar,APMC Karjat,soybean,2024,3,4000.0,0.7
Maharashtra,Ahilyanagar,APMC Karjat,soybean,2024,4,4500.0,0.8
Maharashtra,Ahilyanagar,APMC Karjat,soybean,2024,5,4500.0,1.3
Maharashtra,Ahilyanagar,APMC Karjat,soybean,2024,11,4080.65,
Maharashtra,Ahilyanagar,APMC Karjat,soybean,2024,12,3886.96,
Maharashtra,Ahilyanagar,APMC Karjat,soybean,2025,1,4021.28,4.7
Maharashtra,Ahilyanagar,APMC Karjat,soybean,2025,2,4000.0,2.1
Maharashtra,Ahilyanagar,APMC Karjat,soybean,2025,8,5700.0,0.2
Maharashtra,Ahilyanagar,APMC Karjat,soybean,2025,9,5000.0,0.6
Maharashtra,Ahilyanagar,APMC Karjat,soybean,2026,9,5050.0,0.3
Maharashtra,Ahilyanagar,APMC Karjat,wheat,2024,2,2469.23,16.9
Maharashtra,Ahilyanagar,APMC Karjat,wheat,2024,3,2525.05,
Maharashtra,Ahilyanagar,APMC Karjat,wheat,2024,4,2581.52,27.6
Maharashtra,Ahilyanagar,APMC Karjat,wheat,2024,5,,39.5
Maharashtra,Ahilyanagar,APMC Karjat,wheat,2024,6,2521.11,9.0
Maharashtra,Ahilyanagar,APMC Karjat,wheat,2024,7,2507.86,7.0
Maharashtra,Ahilyanagar,APMC Karjat,wheat,2024,8,2500.67,22.3
Maharashtra,Ahilyanagar,APMC Karjat,wheat,2024,9,2504.06,32.0
Maharashtra,Ahilyanagar,APMC Karjat,wheat,2024,10,2481.31,51.1
Maharashtra,Ahilyanagar,APMC Karjat,wheat,2024,11,2424.0,
Maharashtra,Ahilyanagar,APMC Karjat,wheat,2024,12,2661.79,30.1
Maharashtra,Ahilyanagar,APMC Karjat,wheat,2025,1,,45.2
Maharashtra,Ahilyanagar,APMC Karjat,wheat,2025,2,2751.84,125.0
Maharashtra,Ahilyanagar,APMC Karjat,wheat,2025,3,,388.3
Maharashtra,Ahilyanagar,APMC Karjat,wheat,2025,4,2525.04,205.1
Maharashtra,Ahilyanagar,APMC Karjat,wheat,2025,5,2373.15,51.4
Maharashtra,Ahilyanagar,APMC Karjat,wheat,2025,6,2373.29,117.0
Maharashtra,Ahilyanagar,APMC Karjat,wheat,2025,7,2369.42,91.9
Maharashtra,Ahilyanagar,APMC Karjat,wheat,2025,8,2392.83,104.6
Maharashtra,Ahilyanagar,APMC Karjat,wheat,2025,9,2392.55,122.1
Maharashtra,Ahilyanagar,APMC Karjat,wheat,2025,10,2425.19,64.3
Maharashtra,Ahilyanagar,APMC Karjat,wheat,2025,11,2600.0,1.8
Maharashtra,Ahilyanagar,APMC Karjat,wheat,2025,12,2512.0,5.0
Maharashtra,Ahilyanagar,APMC Karjat,wheat,2026,1,2475.86,2.9
Maharashtra,Ahilyanagar,APMC Karjat,wheat,2026,2,2478.95,7.6
Maharashtra,Ahilyanagar,APMC Karjat,wheat,2026,3,2312.23,51.5
Maharashtra,Ahilyanagar,APMC Karjat,wheat,2026,4,2300.0,27.3
Maharashtra,Ahilyanagar,APMC Karjat,wheat,2026,5,2288.5,31.3
Maharashtra,Ahilyanagar,APMC Karjat,wheat,2026,6,2338.17,31.7
Maharashtra,Ahilyanagar,APMC Karjat,wheat,2026,7,2341.22,24.5
Maharashtra,Ahilyanagar,APMC Karjat,wheat,2026,8,2365.02,27.3
Maharashtra,Ahilyanagar,APMC Karjat,wheat,2026,9,2510.56,27.0
Maharashtra,Ahilyanagar,APMC Kopargaon,chickpea,2019,2,4009.94,79.0
Maharashtra,Ahilyanagar,APMC Kopargaon,chickpea,2019,4,4248.07,76.0
Maharashtra,Ahilyanagar,APMC Kopargaon,chickpea,2019,6,4048.13,89.0
Maharashtra,Ahilyanagar,APMC Kopargaon,chickpea,2019,8,4008.21,58.0
Maharashtra,Ahilyanagar,APMC Kopargaon,chickpea,2019,10,4063.57,56.0
Maharashtra,Ahilyanagar,APMC Kopargaon,chickpea,2019,12,3771.23,53.0
Maharashtra,Ahilyanagar,APMC Kopargaon,chickpea,2020,1,3720.67,42.0
Maharashtra,Ahilyanagar,APMC Kopargaon,chickpea,2020,2,3793.97,142.0
Maharashtra,Ahilyanagar,APMC Kopargaon,chickpea,2020,3,3544.78,286.0
Maharashtra,Ahilyanagar,APMC Kopargaon,chickpea,2020,5,3816.19,127.0
Maharashtra,Ahilyanagar,APMC Kopargaon,chickpea,2020,6,4035.07,128.0
Maharashtra,Ahilyanagar,APMC Kopargaon,chickpea,2020,7,4014.04,109.0
Maharashtra,Ahilyanagar,APMC Kopargaon,chickpea,2020,8,4041.55,31.0
Maharashtra,Ahilyanagar,APMC Kopargaon,chickpea,2020,9,4766.21,56.0
Maharashtra,Ahilyanagar,APMC Kopargaon,chickpea,2020,10,5284.76,33.0
Maharashtra,Ahilyanagar,APMC Kopargaon,chickpea,2020,11,4640.2,30.0
Maharashtra,Ahilyanagar,APMC Kopargaon,chickpea,2020,12,4070.11,18.0
Maharashtra,Ahilyanagar,APMC Kopargaon,chickpea,2021,1,3933.47,15.0
Maharashtra,Ahilyanagar,APMC Kopargaon,chickpea,2021,2,4455.53,242.0
Maharashtra,Ahilyanagar,APMC Kopargaon,chickpea,2021,3,4687.94,308.0
Maharashtra,Ahilyanagar,APMC Kopargaon,chickpea,2021,4,4855.21,107.0
Maharashtra,Ahilyanagar,APMC Kopargaon,chickpea,2021,5,4838.38,29.0
Maharashtra,Ahilyanagar,APMC Kopargaon,chickpea,2021,6,4497.4,101.0
Maharashtra,Ahilyanagar,APMC Kopargaon,chickpea,2021,7,4310.97,70.0
Maharashtra,Ahilyanagar,APMC Kopargaon,chickpea,2021,8,4393.64,39.0
Maharashtra,Ahilyanagar,APMC Kopargaon,chickpea,2021,9,4674.48,40.0
Maharashtra,Ahilyanagar,APMC Kopargaon,chickpea,2021,10,4384.26,58.0
Maharashtra,Ahilyanagar,APMC Kopargaon,chickpea,2021,11,4397.07,58.0
Maharashtra,Ahilyanagar,APMC Kopargaon,chickpea,2021,12,4177.04,46.0
Maharashtra,Ahilyanagar,APMC Kopargaon,chickpea,2022,1,4160.91,11.0
Maharashtra,Ahilyanagar,APMC Kopargaon,chickpea,2022,2,4441.65,196.0
Maharashtra,Ahilyanagar,APMC Kopargaon,chickpea,2022,3,4401.14,436.0
Maharashtra,Ahilyanagar,APMC Kopargaon,chickpea,2022,4,4386.78,189.0
Maharashtra,Ahilyanagar,APMC Kopargaon,chickpea,2022,5,4187.51,
Maharashtra,Ahilyanagar,APMC Kopargaon,chickpea,2022,6,4139.93,92.0
Maharashtra,Ahilyanagar,APMC Kopargaon,chickpea,2022,7,4364.41,
Maharashtra,Ahilyanagar,APMC Kopargaon,chickpea,2022,8,4472.14,
Maharashtra,Ahilyanagar,APMC Kopargaon,chickpea,2022,9,4122.0,17.0
Maharashtra,Ahilyanagar,APMC Kopargaon,chickpea,2022,10,4008.61,57.0
Maharashtra,Ahilyanagar,APMC Kopargaon,chickpea,2022,11,4085.97,31.0
Maharashtra,Ahilyanagar,APMC Kopargaon,chickpea,2022,12,4075.67,12.0
Maharashtra,Ahilyanagar,APMC Kopargaon,chickpea,2023,1,4088.2,5.0
Maharashtra,Ahilyanagar,APMC Kopargaon,chickpea,2023,2,4380.89,143.0
Maharashtra,Ahilyanagar,APMC Kopargaon,chickpea,2023,3,4457.83,252.0
Maharashtra,Ahilyanagar,APMC Kopargaon,chickpea,2023,4,4572.97,123.0
Maharashtra,Ahilyanagar,APMC Kopargaon,chickpea,2023,5,4528.41,68.0
Maharashtra,Ahilyanagar,APMC Kopargaon,chickpea,2023,6,4524.95,38.0
Maharashtra,Ahilyanagar,APMC Kopargaon,chickpea,2023,7,4466.95,
Maharashtra,Ahilyanagar,APMC Kopargaon,chickpea,2023,8,4996.15,13.0
Maharashtra,Ahilyanagar,APMC Kopargaon,chickpea,2023,9,5226.33,6.0
Maharashtra,Ahilyanagar,APMC Kopargaon,chickpea,2023,10,5303.33,12.0
Maharashtra,Ahilyanagar,APMC Kopargaon,chickpea,2023,11,5358.17,12.0
Maharashtra,Ahilyanagar,APMC Kopargaon,chickpea,2023,12,4998.29,7.0
Maharashtra,Ahilyanagar,APMC Kopargaon,chickpea,2024,1,5270.5,10.0
Maharashtra,Ahilyanagar,APMC Kopargaon,chickpea,2024,2,5754.2,351.0
Maharashtra,Ahilyanagar,APMC Kopargaon,chickpea,2024,3,5391.78,
Maharashtra,Ahilyanagar,APMC Kopargaon,chickpea,2024,4,5597.53,63.6
Maharashtra,Ahilyanagar,APMC Kopargaon,chickpea,2024,5,5501.97,96.3
Maharashtra,Ahilyanagar,APMC Kopargaon,chickpea,2024,6,6474.28,43.1
Maharashtra,Ahilyanagar,APMC Kopargaon,chickpea,2024,7,6085.0,14.0
Maharashtra,Ahilyanagar,APMC Kopargaon,chickpea,2024,8,6875.75,14.2
Maharashtra,Ahilyanagar,APMC Kopargaon,chickpea,2024,9,6740.16,12.2
Maharashtra,Ahilyanagar,APMC Kopargaon,chickpea,2024,10,6784.98,16.1
Maharashtra,Ahilyanagar,APMC Kopargaon,chickpea,2025,1,5544.64,
Maharashtra,Ahilyanagar,APMC Kopargaon,chickpea,2025,2,5342.96,
Maharashtra,Ahilyanagar,APMC Kopargaon,chickpea,2025,3,5257.49,223.7
Maharashtra,Ahilyanagar,APMC Kopargaon,chickpea,2025,4,5531.7,69.1
Maharashtra,Ahilyanagar,APMC Kopargaon,chickpea,2025,6,,19.8
Maharashtra,Ahilyanagar,APMC Kopargaon,chickpea,2025,8,5363.98,14.3
Maharashtra,Ahilyanagar,APMC Kopargaon,chickpea,2025,9,5215.3,12.3
Maharashtra,Ahilyanagar,APMC Kopargaon,chickpea,2026,3,,179.4
Maharashtra,Ahilyanagar,APMC Kopargaon,chickpea,2026,4,,75.7
Maharashtra,Ahilyanagar,APMC Kopargaon,chickpea,2026,5,,46.4
Maharashtra,Ahilyanagar,APMC Kopargaon,chickpea,2026,6,,46.5
Maharashtra,Ahilyanagar,APMC Kopargaon,chickpea,2026,7,5561.45,24.5
Maharashtra,Ahilyanagar,APMC Kopargaon,chickpea,2026,8,5772.79,9.2
Maharashtra,Ahilyanagar,APMC Kopargaon,chickpea,2026,9,5851.24,8.7
Maharashtra,Ahilyanagar,APMC Kopargaon,onion,2019,2,369.64,9086.0
Maharashtra,Ahilyanagar,APMC Kopargaon,onion,2019,4,740.19,4694.0
Maharashtra,Ahilyanagar,APMC Kopargaon,onion,2019,6,1185.06,5195.0
Maharashtra,Ahilyanagar,APMC Kopargaon,onion,2019,8,1867.96,9740.0
Maharashtra,Ahilyanagar,APMC Kopargaon,onion,2019,10,3032.17,4250.0
Maharashtra,Ahilyanagar,APMC Kopargaon,onion,2019,12,11795.7,186.0
Maharashtra,Ahilyanagar,APMC Kopargaon,onion,2020,1,2911.99,2569.0
Maharashtra,Ahilyanagar,APMC Kopargaon,onion,2020,2,1777.96,4003.0
Maharashtra,Ahilyanagar,APMC Kopargaon,onion,2020,3,1372.66,2334.0
Maharashtra,Ahilyanagar,APMC Kopargaon,onion,2020,4,1261.0,518.0
Maharashtra,Ahilyanagar,APMC Kopargaon,onion,2020,5,608.06,2237.0
Maharashtra,Ahilyanagar,APMC Kopargaon,onion,2020,6,700.95,7413.0
Maharashtra,Ahilyanagar,APMC Kopargaon,onion,2020,7,638.2,8387.0
Maharashtra,Ahilyanagar,APMC Kopargaon,onion,2020,8,1074.71,5010.0
Maharashtra,Ahilyanagar,APMC Kopargaon,onion,2020,9,2586.9,8964.0
Maharashtra,Ahilyanagar,APMC Kopargaon,onion,2020,10,3657.93,2452.0
Maharashtra,Ahilyanagar,APMC Kopargaon,onion,2020,11,4002.87,6192.0
Maharashtra,Ahilyanagar,APMC Kopargaon,onion,2020,12,2138.96,5589.0
Maharashtra,Ahilyanagar,APMC Kopargaon,onion,2021,1,2361.01,5448.0
Maharashtra,Ahilyanagar,APMC Kopargaon,onion,2021,2,3162.91,12158.0
Maharashtra,Ahilyanagar,APMC Kopargaon,onion,2021,3,1559.67,8512.0
Maharashtra,Ahilyanagar,APMC Kopargaon,onion,2021,4,889.74,9897.0
Maharashtra,Ahilyanagar,APMC Kopargaon,onion,2021,5,1001.92,7079.0
Maharashtra,Ahilyanagar,APMC Kopargaon,onion,2021,6,1711.74,17834.0
Maharashtra,Ahilyanagar,APMC Kopargaon,onion,2021,7,1633.4,16396.0
Maharashtra,Ahilyanagar,APMC Kopargaon,onion,2021,8,1586.87,12484.0
Maharashtra,Ahilyanagar,APMC Kopargaon,onion,2021,9,1603.46,11045.0
Maharashtra,Ahilyanagar,APMC Kopargaon,onion,2021,10,2874.37,8211.0
Maharashtra,Ahilyanagar,APMC Kopargaon,onion,2021,11,2086.29,6362.0
Maharashtra,Ahilyanagar,APMC Kopargaon,onion,2021,12,2122.93,6846.0
Maharashtra,Ahilyanagar,APMC Kopargaon,onion,2022,1,1897.72,7606.0
Maharashtra,Ahilyanagar,APMC Kopargaon,onion,2022,2,2203.46,4953.0
Maharashtra,Ahilyanagar,APMC Kopargaon,onion,2022,3,1132.35,7785.0
Maharashtra,Ahilyanagar,APMC Kopargaon,onion,2022,4,832.42,7712.0
Maharashtra,Ahilyanagar,APMC Kopargaon,onion,2022,5,758.16,8061.0
Maharashtra,Ahilyanagar,APMC Kopargaon,onion,2022,6,1016.94,13630.0
Maharashtra,Ahilyanagar,APMC Kopargaon,onion,2022,7,1089.57,
Maharashtra,Ahilyanagar,APMC Kopargaon,onion,2022,8,1050.67,
Maharashtra,Ahilyanagar,APMC Kopargaon,onion,2022,9,1058.41,9685.0
Maharashtra,Ahilyanagar,APMC Kopargaon,onion,2022,10,1646.82,8378.0
Maharashtra,Ahilyanagar,APMC Kopargaon,onion,2022,11,1795.49,10126.0
Maharashtra,Ahilyanagar,APMC Kopargaon,onion,2022,12,1160.07,7095.0
Maharashtra,Ahilyanagar,APMC Kopargaon,onion,2023,1,1072.69,
Maharashtra,Ahilyanagar,APMC Kopargaon,onion,2023,2,793.44,
Maharashtra,Ahilyanagar,APMC Kopargaon,onion,2023,3,783.84,9420.0
Maharashtra,Ahilyanagar,APMC Kopargaon,onion,2023,4,682.04,5526.0
Maharashtra,Ahilyanagar,APMC Kopargaon,onion,2023,5,703.9,13250.0
Maharashtra,Ahilyanagar,APMC Kopargaon,onion,2023,6,813.33,20848.0
Maharashtra,Ahilyanagar,APMC Kopargaon,onion,2023,9,2033.87,
Maharashtra,Ahilyanagar,APMC Kopargaon,onion,2023,10,3096.55,
Maharashtra,Ahilyanagar,APMC Kopargaon,onion,2024,10,,8649.2
Maharashtra,Ahilyanagar,APMC Kopargaon,onion,2024,12,,5728.9
Maharashtra,Ahilyanagar,APMC Kopargaon,onion,2025,2,,4113.0
Maharashtra,Ahilyanagar,APMC Kopargaon,onion,2025,4,,5696.0
Maharashtra,Ahilyanagar,APMC Kopargaon,onion,2025,6,1372.1,14549.2
Maharashtra,Ahilyanagar,APMC Kopargaon,onion,2025,8,1309.81,14836.6
Maharashtra,Ahilyanagar,APMC Kopargaon,onion,2025,9,1047.39,10253.4
Maharashtra,Ahilyanagar,APMC Kopargaon,onion,2025,10,,6968.0
Maharashtra,Ahilyanagar,APMC Kopargaon,onion,2025,11,,6472.0
Maharashtra,Ahilyanagar,APMC Kopargaon,onion,2025,12,,4303.8
Maharashtra,Ahilyanagar,APMC Kopargaon,onion,2026,1,,7582.1
Maharashtra,Ahilyanagar,APMC Kopargaon,onion,2026,2,,9656.6
Maharashtra,Ahilyanagar,APMC Kopargaon,onion,2026,3,,6958.0
Maharashtra,Ahilyanagar,APMC Kopargaon,onion,2026,4,,6966.0
Maharashtra,Ahilyanagar,APMC Kopargaon,onion,2026,5,873.76,12708.0
Maharashtra,Ahilyanagar,APMC Kopargaon,onion,2026,6,1494.25,19960.0
Maharashtra,Ahilyanagar,APMC Kopargaon,onion,2026,7,2038.6,21092.0
Maharashtra,Ahilyanagar,APMC Kopargaon,onion,2026,8,2906.05,19074.0
Maharashtra,Ahilyanagar,APMC Kopargaon,onion,2026,9,4101.81,11705.6
Maharashtra,Ahilyanagar,APMC Kopargaon,pearl_millet,2019,2,2170.0,2.0
Maharashtra,Ahilyanagar,APMC Kopargaon,pearl_millet,2019,4,2284.11,18.0
Maharashtra,Ahilyanagar,APMC Kopargaon,pearl_millet,2019,6,2173.33,9.0
Maharashtra,Ahilyanagar,APMC Kopargaon,pearl_millet,2019,8,2150.59,44.0
Maharashtra,Ahilyanagar,APMC Kopargaon,pearl_millet,2019,10,1781.09,228.0
Maharashtra,Ahilyanagar,APMC Kopargaon,pearl_millet,2019,12,1858.35,88.0
Maharashtra,Ahilyanagar,APMC Kopargaon,pearl_millet,2020,1,1751.31,78.0
Maharashtra,Ahilyanagar,APMC Kopargaon,pearl_millet,2020,2,1621.55,69.0
Maharashtra,Ahilyanagar,APMC Kopargaon,pearl_millet,2020,3,2610.83,72.0
Maharashtra,Ahilyanagar,APMC Kopargaon,pearl_millet,2020,5,1236.46,13.0
Maharashtra,Ahilyanagar,APMC Kopargaon,pearl_millet,2020,6,1384.37,27.0
Maharashtra,Ahilyanagar,APMC Kopargaon,pearl_millet,2020,7,1265.15,48.0
Maharashtra,Ahilyanagar,APMC Kopargaon,pearl_millet,2020,8,1230.42,38.0
Maharashtra,Ahilyanagar,APMC Kopargaon,pearl_millet,2020,9,1134.57,67.0
Maharashtra,Ahilyanagar,APMC Kopargaon,pearl_millet,2020,10,1257.95,37.0
Maharashtra,Ahilyanagar,APMC Kopargaon,pearl_millet,2020,11,1337.4,47.0
Maharashtra,Ahilyanagar,APMC Kopargaon,pearl_millet,2020,12,1191.87,46.0
Maharashtra,Ahilyanagar,APMC Kopargaon,pearl_millet,2021,1,1190.7,43.0
Maharashtra,Ahilyanagar,APMC Kopargaon,pearl_millet,2021,2,1165.77,64.0
Maharashtra,Ahilyanagar,APMC Kopargaon,pearl_millet,2021,3,1209.15,
Maharashtra,Ahilyanagar,APMC Kopargaon,pearl_millet,2021,4,1227.8,25.0
Maharashtra,Ahilyanagar,APMC Kopargaon,pearl_millet,2021,5,1251.0,5.0
Maharashtra,Ahilyanagar,APMC Kopargaon,pearl_millet,2021,6,1336.32,22.0
Maharashtra,Ahilyanagar,APMC Kopargaon,pearl_millet,2021,7,1534.33,15.0
Maharashtra,Ahilyanagar,APMC Kopargaon,pearl_millet,2021,8,1631.76,29.0
Maharashtra,Ahilyanagar,APMC Kopargaon,pearl_millet,2021,9,1545.5,24.0
Maharashtra,Ahilyanagar,APMC Kopargaon,pearl_millet,2021,10,1456.29,21.0
Maharashtra,Ahilyanagar,APMC Kopargaon,pearl_millet,2021,11,1586.36,11.0
Maharashtra,Ahilyanagar,APMC Kopargaon,pearl_millet,2021,12,1613.42,12.0
Maharashtra,Ahilyanagar,APMC Kopargaon,pearl_millet,2022,1,1620.67,9.0
Maharashtra,Ahilyanagar,APMC Kopargaon,pearl_millet,2022,2,1780.27,11.0
Maharashtra,Ahilyanagar,APMC Kopargaon,pearl_millet,2022,3,1940.25,4.0
Maharashtra,Ahilyanagar,APMC Kopargaon,pearl_millet,2022,4,2096.0,4.0
Maharashtra,Ahilyanagar,APMC Kopargaon,pearl_millet,2022,6,1895.6,5.0
Maharashtra,Ahilyanagar,APMC Kopargaon,pearl_millet,2022,7,2180.67,9.0
Maharashtra,Ahilyanagar,APMC Kopargaon,pearl_millet,2022,8,2455.0,14.0
Maharashtra,Ahilyanagar,APMC Kopargaon,pearl_millet,2022,9,1931.62,8.0
Maharashtra,Ahilyanagar,APMC Kopargaon,pearl_millet,2022,10,1824.5,8.0
Maharashtra,Ahilyanagar,APMC Kopargaon,pearl_millet,2022,11,1932.33,9.0
Maharashtra,Ahilyanagar,APMC Kopargaon,pearl_millet,2022,12,2268.25,4.0
Maharashtra,Ahilyanagar,APMC Kopargaon,pearl_millet,2023,1,2167.33,
Maharashtra,Ahilyanagar,APMC Kopargaon,pearl_millet,2023,2,1982.75,
Maharashtra,Ahilyanagar,APMC Kopargaon,pearl_millet,2023,3,2026.0,2.0
Maharashtra,Ahilyanagar,APMC Kopargaon,pearl_millet,2023,4,2217.0,4.0
Maharashtra,Ahilyanagar,APMC Kopargaon,pearl_millet,2023,5,2154.17,6.0
Maharashtra,Ahilyanagar,APMC Kopargaon,pearl_millet,2023,6,2133.33,3.0
Maharashtra,Ahilyanagar,APMC Kopargaon,pearl_millet,2023,7,2411.2,5.0
Maharashtra,Ahilyanagar,APMC Kopargaon,pearl_millet,2023,8,2626.55,11.0
Maharashtra,Ahilyanagar,APMC Kopargaon,pearl_millet,2023,11,2061.0,1.0
Maharashtra,Ahilyanagar,APMC Kopargaon,pearl_millet,2023,12,2432.6,5.0
Maharashtra,Ahilyanagar,APMC Kopargaon,pearl_millet,2024,1,2573.0,
Maharashtra,Ahilyanagar,APMC Kopargaon,pearl_millet,2024,2,2248.5,6.0
Maharashtra,Ahilyanagar,APMC Kopargaon,pearl_millet,2024,4,2290.18,4.9
Maharashtra,Ahilyanagar,APMC Kopargaon,pearl_millet,2024,6,2410.98,8.7
Maharashtra,Ahilyanagar,APMC Kopargaon,pearl_millet,2024,8,2587.73,26.5
Maharashtra,Ahilyanagar,APMC Kopargaon,pearl_millet,2024,10,2310.2,14.2
Maharashtra,Ahilyanagar,APMC Kopargaon,pearl_millet,2024,11,,5.6
Maharashtra,Ahilyanagar,APMC Kopargaon,pearl_millet,2024,12,2623.29,4.1
Maharashtra,Ahilyanagar,APMC Kopargaon,pearl_millet,2025,1,,11.4
Maharashtra,Ahilyanagar,APMC Kopargaon,pearl_millet,2025,2,2234.13,9.4
Maharashtra,Ahilyanagar,APMC Kopargaon,pearl_millet,2025,3,2397.27,8.1
Maharashtra,Ahilyanagar,APMC Kopargaon,pearl_millet,2025,4,2414.35,8.1
Maharashtra,Ahilyanagar,APMC Kopargaon,pearl_millet,2025,5,2316.96,16.0
Maharashtra,Ahilyanagar,APMC Kopargaon,pearl_millet,2025,6,2079.74,12.4
Maharashtra,Ahilyanagar,APMC Kopargaon,pearl_millet,2025,7,2315.32,12.9
Maharashtra,Ahilyanagar,APMC Kopargaon,pearl_millet,2025,8,2293.58,6.5
Maharashtra,Ahilyanagar,APMC Kopargaon,pearl_millet,2025,9,2205.99,23.8
Maharashtra,Ahilyanagar,APMC Kopargaon,pearl_millet,2025,10,1918.37,14.8
Maharashtra,Ahilyanagar,APMC Kopargaon,pearl_millet,2025,11,2074.12,6.4
Maharashtra,Ahilyanagar,APMC Kopargaon,pearl_millet,2025,12,1672.32,7.2
Maharashtra,Ahilyanagar,APMC Kopargaon,pearl_millet,2026,1,1984.77,2.6
Maharashtra,Ahilyanagar,APMC Kopargaon,pearl_millet,2026,2,1597.14,0.7
Maharashtra,Ahilyanagar,APMC Kopargaon,pearl_millet,2026,3,1620.83,2.4
Maharashtra,Ahilyanagar,APMC Kopargaon,pearl_millet,2026,4,1715.15,4.6
Maharashtra,Ahilyanagar,APMC Kopargaon,pearl_millet,2026,5,2235.8,13.7
Maharashtra,Ahilyanagar,APMC Kopargaon,pearl_millet,2026,6,2000.0,0.3
Maharashtra,Ahilyanagar,APMC Kopargaon,pearl_millet,2026,7,2186.55,3.3
Maharashtra,Ahilyanagar,APMC Kopargaon,pearl_millet,2026,8,2003.21,222.2
Maharashtra,Ahilyanagar,APMC Kopargaon,pearl_millet,2026,9,2187.14,4.2
Maharashtra,Ahilyanagar,APMC Kopargaon,pigeon_pea,2020,2,4302.86,14.0
Maharashtra,Ahilyanagar,APMC Kopargaon,pigeon_pea,2020,3,4290.25,8.0
Maharashtra,Ahilyanagar,APMC Kopargaon,pigeon_pea,2020,6,4011.0,3.0
Maharashtra,Ahilyanagar,APMC Kopargaon,pigeon_pea,2020,7,4285.5,2.0
Maharashtra,Ahilyanagar,APMC Kopargaon,pigeon_pea,2021,1,4832.73,11.0
Maharashtra,Ahilyanagar,APMC Kopargaon,pigeon_pea,2021,2,6065.89,28.0
Maharashtra,Ahilyanagar,APMC Kopargaon,pigeon_pea,2021,3,5946.15,13.0
Maharashtra,Ahilyanagar,APMC Kopargaon,pigeon_pea,2021,4,5875.0,1.0
Maharashtra,Ahilyanagar,APMC Kopargaon,pigeon_pea,2021,6,5000.0,1.0
Maharashtra,Ahilyanagar,APMC Kopargaon,pigeon_pea,2022,1,5287.88,8.0
Maharashtra,Ahilyanagar,APMC Kopargaon,pigeon_pea,2022,2,5255.0,10.0
Maharashtra,Ahilyanagar,APMC Kopargaon,pigeon_pea,2022,3,5173.43,7.0
Maharashtra,Ahilyanagar,APMC Kopargaon,pigeon_pea,2022,4,5000.0,2.0
Maharashtra,Ahilyanagar,APMC Kopargaon,pigeon_pea,2022,5,4900.0,1.0
Maharashtra,Ahilyanagar,APMC Kopargaon,pigeon_pea,2022,6,5400.0,1.0
Maharashtra,Ahilyanagar,APMC Kopargaon,pigeon_pea,2023,1,6087.5,4.0
Maharashtra,Ahilyanagar,APMC Kopargaon,pigeon_pea,2023,2,6627.75,4.0
Maharashtra,Ahilyanagar,APMC Kopargaon,pigeon_pea,2023,3,7093.67,3.0
Maharashtra,Ahilyanagar,APMC Kopargaon,pigeon_pea,2023,4,7300.0,1.0
Maharashtra,Ahilyanagar,APMC Kopargaon,pigeon_pea,2023,12,6445.5,4.0
Maharashtra,Ahilyanagar,APMC Kopargaon,pigeon_pea,2024,1,8333.33,6.0
Maharashtra,Ahilyanagar,APMC Kopargaon,pigeon_pea,2024,2,9235.75,4.0
Maharashtra,Ahilyanagar,APMC Kopargaon,pigeon_pea,2024,3,7652.9,2.1
Maharashtra,Ahilyanagar,APMC Kopargaon,pigeon_pea,2024,4,8950.0,1.5
Maharashtra,Ahilyanagar,APMC Kopargaon,pigeon_pea,2024,5,8900.83,0.6
Maharashtra,Ahilyanagar,APMC Kopargaon,pigeon_pea,2024,6,9497.17,0.6
Maharashtra,Ahilyanagar,APMC Kopargaon,pigeon_pea,2024,7,7600.0,0.1
Maharashtra,Ahilyanagar,APMC Kopargaon,pigeon_pea,2024,8,8980.0,0.2
Maharashtra,Ahilyanagar,APMC Kopargaon,pigeon_pea,2025,1,6371.04,
Maharashtra,Ahilyanagar,APMC Kopargaon,pigeon_pea,2025,2,6483.05,212.8
Maharashtra,Ahilyanagar,APMC Kopargaon,pigeon_pea,2025,4,,3.9
Maharashtra,Ahilyanagar,APMC Kopargaon,pigeon_pea,2025,6,,3.4
Maharashtra,Ahilyanagar,APMC Kopargaon,pigeon_pea,2025,8,,0.1
Maharashtra,Ahilyanagar,APMC Kopargaon,pigeon_pea,2025,9,4800.0,1.0
Maharashtra,Ahilyanagar,APMC Kopargaon,pigeon_pea,2026,1,,26.6
Maharashtra,Ahilyanagar,APMC Kopargaon,pigeon_pea,2026,2,,23.4
Maharashtra,Ahilyanagar,APMC Kopargaon,pigeon_pea,2026,3,,3.7
Maharashtra,Ahilyanagar,APMC Kopargaon,pigeon_pea,2026,4,,4.7
Maharashtra,Ahilyanagar,APMC Kopargaon,pigeon_pea,2026,5,,3.4
Maharashtra,Ahilyanagar,APMC Kopargaon,pigeon_pea,2026,6,,0.3
Maharashtra,Ahilyanagar,APMC Kopargaon,pigeon_pea,2026,7,,0.1
Maharashtra,Ahilyanagar,APMC Kopargaon,sorghum,2019,2,2178.0,4.0
Maharashtra,Ahilyanagar,APMC Kopargaon,sorghum,2019,4,2518.4,15.0
Maharashtra,Ahilyanagar,APMC Kopargaon,sorghum,2019,6,2226.0,2.0
Maharashtra,Ahilyanagar,APMC Kopargaon,sorghum,2019,8,1799.0,1.0
Maharashtra,Ahilyanagar,APMC Kopargaon,sorghum,2020,2,2264.33,3.0
Maharashtra,Ahilyanagar,APMC Kopargaon,sorghum,2020,3,2368.36,11.0
Maharashtra,Ahilyanagar,APMC Kopargaon,sorghum,2020,6,1955.5,2.0
Maharashtra,Ahilyanagar,APMC Kopargaon,sorghum,2020,7,2314.2,5.0
Maharashtra,Ahilyanagar,APMC Kopargaon,sorghum,2020,8,2601.0,1.0
Maharashtra,Ahilyanagar,APMC Kopargaon,sorghum,2020,9,1911.25,4.0
Maharashtra,Ahilyanagar,APMC Kopargaon,sorghum,2020,10,1365.33,6.0
Maharashtra,Ahilyanagar,APMC Kopargaon,sorghum,2020,11,2200.0,2.0
Maharashtra,Ahilyanagar,APMC Kopargaon,sorghum,2020,12,1000.0,2.0
Maharashtra,Ahilyanagar,APMC Kopargaon,sorghum,2021,1,2000.0,1.0
Maharashtra,Ahilyanagar,APMC Kopargaon,sorghum,2021,2,1200.0,4.0
Maharashtra,Ahilyanagar,APMC Kopargaon,sorghum,2021,3,1543.0,2.0
Maharashtra,Ahilyanagar,APMC Kopargaon,sorghum,2021,4,1801.0,3.0
Maharashtra,Ahilyanagar,APMC Kopargaon,sorghum,2021,5,1937.5,2.0
Maharashtra,Ahilyanagar,APMC Kopargaon,sorghum,2021,6,1450.0,3.0
Maharashtra,Ahilyanagar,APMC Kopargaon,sorghum,2021,8,1600.0,1.0
Maharashtra,Ahilyanagar,APMC Kopargaon,sorghum,2021,12,1248.0,1.0
Maharashtra,Ahilyanagar,APMC Kopargaon,sorghum,2022,3,2140.9,10.0
Maharashtra,Ahilyanagar,APMC Kopargaon,sorghum,2022,4,1950.0,6.0
Maharashtra,Ahilyanagar,APMC Kopargaon,sorghum,2022,5,1766.67,
Maharashtra,Ahilyanagar,APMC Kopargaon,sorghum,2022,6,1674.5,2.0
Maharashtra,Ahilyanagar,APMC Kopargaon,sorghum,2022,12,2191.0,1.0
Maharashtra,Ahilyanagar,APMC Kopargaon,sorghum,2023,2,3599.0,1.0
Maharashtra,Ahilyanagar,APMC Kopargaon,sorghum,2023,3,2733.67,
Maharashtra,Ahilyanagar,APMC Kopargaon,sorghum,2023,4,2522.92,
Maharashtra,Ahilyanagar,APMC Kopargaon,sorghum,2023,5,2832.67,3.0
Maharashtra,Ahilyanagar,APMC Kopargaon,sorghum,2023,6,3137.0,5.0
Maharashtra,Ahilyanagar,APMC Kopargaon,sorghum,2023,7,3547.67,3.0
Maharashtra,Ahilyanagar,APMC Kopargaon,sorghum,2024,1,2230.5,
Maharashtra,Ahilyanagar,APMC Kopargaon,sorghum,2024,2,2338.4,86.2
Maharashtra,Ahilyanagar,APMC Kopargaon,sorghum,2024,3,2341.29,
Maharashtra,Ahilyanagar,APMC Kopargaon,sorghum,2024,4,2251.7,18.5
Maharashtra,Ahilyanagar,APMC Kopargaon,sorghum,2024,6,2139.86,19.9
Maharashtra,Ahilyanagar,APMC Kopargaon,sorghum,2024,8,2298.5,11.2
Maharashtra,Ahilyanagar,APMC Kopargaon,sorghum,2024,10,2064.39,10.4
Maharashtra,Ahilyanagar,APMC Kopargaon,sorghum,2024,12,2127.24,9.0
Maharashtra,Ahilyanagar,APMC Kopargaon,sorghum,2025,1,,7.1
Maharashtra,Ahilyanagar,APMC Kopargaon,sorghum,2025,2,2030.88,17.8
Maharashtra,Ahilyanagar,APMC Kopargaon,sorghum,2025,3,,32.2
Maharashtra,Ahilyanagar,APMC Kopargaon,sorghum,2025,4,2325.03,15.0
Maharashtra,Ahilyanagar,APMC Kopargaon,sorghum,2025,5,2086.04,7.1
Maharashtra,Ahilyanagar,APMC Kopargaon,sorghum,2025,6,2171.82,7.2
Maharashtra,Ahilyanagar,APMC Kopargaon,sorghum,2025,7,2188.91,1.1
Maharashtra,Ahilyanagar,APMC Kopargaon,sorghum,2025,8,2243.63,3.0
Maharashtra,Ahilyanagar,APMC Kopargaon,sorghum,2025,9,2239.16,7.7
Maharashtra,Ahilyanagar,APMC Kopargaon,sorghum,2025,10,2528.29,1.7
Maharashtra,Ahilyanagar,APMC Kopargaon,sorghum,2025,11,2590.0,0.5
Maharashtra,Ahilyanagar,APMC Kopargaon,sorghum,2025,12,2950.0,0.2
Maharashtra,Ahilyanagar,APMC Kopargaon,sorghum,2026,1,2564.38,4.8
Maharashtra,Ahilyanagar,APMC Kopargaon,sorghum,2026,4,3015.67,10.4
Maharashtra,Ahilyanagar,APMC Kopargaon,sorghum,2026,5,2326.62,6.4
Maharashtra,Ahilyanagar,APMC Kopargaon,sorghum,2026,8,2582.25,0.4
Maharashtra,Ahilyanagar,APMC Kopargaon,sorghum,2026,9,2829.4,0.5
Maharashtra,Ahilyanagar,APMC Kopargaon,soybean,2019,2,3640.39,352.0
Maharashtra,Ahilyanagar,APMC Kopargaon,soybean,2019,4,3654.64,163.0
Maharashtra,Ahilyanagar,APMC Kopargaon,soybean,2019,6,3478.24,245.0
Maharashtra,Ahilyanagar,APMC Kopargaon,soybean,2019,8,3521.69,163.0
Maharashtra,Ahilyanagar,APMC Kopargaon,soybean,2019,10,3415.56,948.0
Maharashtra,Ahilyanagar,APMC Kopargaon,soybean,2019,12,4012.88,568.0
Maharashtra,Ahilyanagar,APMC Kopargaon,soybean,2020,1,4048.39,661.0
Maharashtra,Ahilyanagar,APMC Kopargaon,soybean,2020,2,3823.78,416.0
Maharashtra,Ahilyanagar,APMC Kopargaon,soybean,2020,3,3525.22,166.0
Maharashtra,Ahilyanagar,APMC Kopargaon,soybean,2020,4,3440.0,3.0
Maharashtra,Ahilyanagar,APMC Kopargaon,soybean,2020,5,3590.2,203.0
Maharashtra,Ahilyanagar,APMC Kopargaon,soybean,2020,6,3536.79,321.0
Maharashtra,Ahilyanagar,APMC Kopargaon,soybean,2020,7,3480.61,380.0
Maharashtra,Ahilyanagar,APMC Kopargaon,soybean,2020,8,3565.46,114.0
Maharashtra,Ahilyanagar,APMC Kopargaon,soybean,2020,9,3692.75,436.0
Maharashtra,Ahilyanagar,APMC Kopargaon,soybean,2020,10,3730.69,1720.0
Maharashtra,Ahilyanagar,APMC Kopargaon,soybean,2020,11,4007.07,735.0
Maharashtra,Ahilyanagar,APMC Kopargaon,soybean,2020,12,4085.92,834.0
Maharashtra,Ahilyanagar,APMC Kopargaon,soybean,2021,1,4343.14,661.0
Maharashtra,Ahilyanagar,APMC Kopargaon,soybean,2021,2,4676.38,752.0
Maharashtra,Ahilyanagar,APMC Kopargaon,soybean,2021,3,5086.94,216.0
Maharashtra,Ahilyanagar,APMC Kopargaon,soybean,2021,4,6909.57,138.0
Maharashtra,Ahilyanagar,APMC Kopargaon,soybean,2021,5,7538.17,48.0
Maharashtra,Ahilyanagar,APMC Kopargaon,soybean,2021,6,7020.22,166.0
Maharashtra,Ahilyanagar,APMC Kopargaon,soybean,2021,7,8209.49,139.0
Maharashtra,Ahilyanagar,APMC Kopargaon,soybean,2021,8,8842.79,57.0
Maharashtra,Ahilyanagar,APMC Kopargaon,soybean,2021,9,6127.96,459.0
Maharashtra,Ahilyanagar,APMC Kopargaon,soybean,2021,10,5048.35,2195.0
Maharashtra,Ahilyanagar,APMC Kopargaon,soybean,2021,11,6057.12,642.0
Maharashtra,Ahilyanagar,APMC Kopargaon,soybean,2021,12,6242.2,876.0
Maharashtra,Ahilyanagar,APMC Kopargaon,soybean,2022,1,6132.05,534.0
Maharashtra,Ahilyanagar,APMC Kopargaon,soybean,2022,2,6501.57,608.0
Maharashtra,Ahilyanagar,APMC Kopargaon,soybean,2022,3,7127.09,401.0
Maharashtra,Ahilyanagar,APMC Kopargaon,soybean,2022,4,7147.77,516.0
Maharashtra,Ahilyanagar,APMC Kopargaon,soybean,2022,5,6591.3,327.0
Maharashtra,Ahilyanagar,APMC Kopargaon,soybean,2022,6,6389.26,356.0
Maharashtra,Ahilyanagar,APMC Kopargaon,soybean,2022,7,6052.77,559.0
Maharashtra,Ahilyanagar,APMC Kopargaon,soybean,2022,8,5807.93,593.0
Maharashtra,Ahilyanagar,APMC Kopargaon,soybean,2022,9,5065.19,144.0
Maharashtra,Ahilyanagar,APMC Kopargaon,soybean,2022,10,4708.76,1193.0
Maharashtra,Ahilyanagar,APMC Kopargaon,soybean,2022,11,5374.16,1544.0
Maharashtra,Ahilyanagar,APMC Kopargaon,soybean,2022,12,5326.85,701.0
Maharashtra,Ahilyanagar,APMC Kopargaon,soybean,2023,1,5153.77,440.0
Maharashtra,Ahilyanagar,APMC Kopargaon,soybean,2023,2,5100.38,743.0
Maharashtra,Ahilyanagar,APMC Kopargaon,soybean,2023,3,4968.64,316.0
Maharashtra,Ahilyanagar,APMC Kopargaon,soybean,2023,4,4990.8,422.0
Maharashtra,Ahilyanagar,APMC Kopargaon,soybean,2023,5,4789.52,399.0
Maharashtra,Ahilyanagar,APMC Kopargaon,soybean,2023,6,4748.64,226.0
Maharashtra,Ahilyanagar,APMC Kopargaon,soybean,2023,7,4782.61,255.0
Maharashtra,Ahilyanagar,APMC Kopargaon,soybean,2023,8,4770.19,152.0
Maharashtra,Ahilyanagar,APMC Kopargaon,soybean,2023,9,4790.12,104.0
Maharashtra,Ahilyanagar,APMC Kopargaon,soybean,2023,10,4529.08,1047.0
Maharashtra,Ahilyanagar,APMC Kopargaon,soybean,2023,11,4859.91,595.0
Maharashtra,Ahilyanagar,APMC Kopargaon,soybean,2023,12,4667.23,393.0
Maharashtra,Ahilyanagar,APMC Kopargaon,soybean,2024,1,4506.07,461.0
Maharashtra,Ahilyanagar,APMC Kopargaon,soybean,2024,2,4285.24,338.7
Maharashtra,Ahilyanagar,APMC Kopargaon,soybean,2024,3,4269.63,255.8
Maharashtra,Ahilyanagar,APMC Kopargaon,soybean,2024,4,4424.5,153.7
Maharashtra,Ahilyanagar,APMC Kopargaon,soybean,2024,5,4417.37,390.4
Maharashtra,Ahilyanagar,APMC Kopargaon,soybean,2024,6,4352.42,260.5
Maharashtra,Ahilyanagar,APMC Kopargaon,soybean,2024,7,4300.2,224.4
Maharashtra,Ahilyanagar,APMC Kopargaon,soybean,2024,8,4236.85,249.0
Maharashtra,Ahilyanagar,APMC Kopargaon,soybean,2024,11,4181.03,
Maharashtra,Ahilyanagar,APMC Kopargaon,soybean,2024,12,4061.98,
Maharashtra,Ahilyanagar,APMC Kopargaon,soybean,2025,1,4040.39,742.0
Maharashtra,Ahilyanagar,APMC Kopargaon,soybean,2025,2,3990.93,425.8
Maharashtra,Ahilyanagar,APMC Kopargaon,soybean,2025,4,,424.9
Maharashtra,Ahilyanagar,APMC Kopargaon,soybean,2025,5,4251.82,
Maharashtra,Ahilyanagar,APMC Kopargaon,soybean,2025,6,4217.73,282.6
Maharashtra,Ahilyanagar,APMC Kopargaon,soybean,2025,7,4181.86,
Maharashtra,Ahilyanagar,APMC Kopargaon,soybean,2025,8,4591.99,114.7
Maharashtra,Ahilyanagar,APMC Kopargaon,soybean,2025,9,4310.18,208.0
Maharashtra,Ahilyanagar,APMC Kopargaon,soybean,2026,3,,381.6
Maharashtra,Ahilyanagar,APMC Kopargaon,soybean,2026,4,,388.8
Maharashtra,Ahilyanagar,APMC Kopargaon,soybean,2026,5,,363.2
Maharashtra,Ahilyanagar,APMC Kopargaon,soybean,2026,6,,386.0
Maharashtra,Ahilyanagar,APMC Kopargaon,soybean,2026,7,,192.9
Maharashtra,Ahilyanagar,APMC Kopargaon,soybean,2026,8,6646.66,147.7
Maharashtra,Ahilyanagar,APMC Kopargaon,soybean,2026,9,5668.68,119.3
Maharashtra,Ahilyanagar,APMC Kopargaon,wheat,2019,2,2126.83,41.0
Maharashtra,Ahilyanagar,APMC Kopargaon,wheat,2019,4,2134.33,261.0
Maharashtra,Ahilyanagar,APMC Kopargaon,wheat,2019,6,2059.17,174.0
Maharashtra,Ahilyanagar,APMC Kopargaon,wheat,2019,8,2098.34,89.0
Maharashtra,Ahilyanagar,APMC Kopargaon,wheat,2019,10,2031.17,70.0
Maharashtra,Ahilyanagar,APMC Kopargaon,wheat,2019,12,2080.23,102.0
Maharashtra,Ahilyanagar,APMC Kopargaon,wheat,2020,1,2200.09,111.0
Maharashtra,Ahilyanagar,APMC Kopargaon,wheat,2020,2,2066.78,138.0
Maharashtra,Ahilyanagar,APMC Kopargaon,wheat,2020,3,1791.5,666.0
Maharashtra,Ahilyanagar,APMC Kopargaon,wheat,2020,4,1767.77,121.0
Maharashtra,Ahilyanagar,APMC Kopargaon,wheat,2020,5,1860.4,409.0
Maharashtra,Ahilyanagar,APMC Kopargaon,wheat,2020,6,1847.69,380.0
Maharashtra,Ahilyanagar,APMC Kopargaon,wheat,2020,7,1761.47,312.0
Maharashtra,Ahilyanagar,APMC Kopargaon,wheat,2020,8,1699.34,98.0
Maharashtra,Ahilyanagar,APMC Kopargaon,wheat,2020,9,1548.4,315.0
Maharashtra,Ahilyanagar,APMC Kopargaon,wheat,2020,10,1556.96,170.0
Maharashtra,Ahilyanagar,APMC Kopargaon,wheat,2020,11,1596.58,265.0
Maharashtra,Ahilyanagar,APMC Kopargaon,wheat,2020,12,1542.0,281.0
Maharashtra,Ahilyanagar,APMC Kopargaon,wheat,2021,1,1724.03,233.0
Maharashtra,Ahilyanagar,APMC Kopargaon,wheat,2021,2,1692.37,361.0
Maharashtra,Ahilyanagar,APMC Kopargaon,wheat,2021,3,1672.63,718.0
Maharashtra,Ahilyanagar,APMC Kopargaon,wheat,2021,4,1703.01,727.0
Maharashtra,Ahilyanagar,APMC Kopargaon,wheat,2021,5,1753.97,143.0
Maharashtra,Ahilyanagar,APMC Kopargaon,wheat,2021,6,1736.35,294.0
Maharashtra,Ahilyanagar,APMC Kopargaon,wheat,2021,7,1735.09,199.0
Maharashtra,Ahilyanagar,APMC Kopargaon,wheat,2021,8,1751.07,152.0
Maharashtra,Ahilyanagar,APMC Kopargaon,wheat,2021,9,1833.76,186.0
Maharashtra,Ahilyanagar,APMC Kopargaon,wheat,2021,10,1837.87,201.0
Maharashtra,Ahilyanagar,APMC Kopargaon,wheat,2021,11,1900.18,163.0
Maharashtra,Ahilyanagar,APMC Kopargaon,wheat,2021,12,1925.7,175.0
Maharashtra,Ahilyanagar,APMC Kopargaon,wheat,2022,1,1954.14,90.0
Maharashtra,Ahilyanagar,APMC Kopargaon,wheat,2022,2,1956.87,63.0
Maharashtra,Ahilyanagar,APMC Kopargaon,wheat,2022,3,2148.13,269.0
Maharashtra,Ahilyanagar,APMC Kopargaon,wheat,2022,4,2229.71,577.0
Maharashtra,Ahilyanagar,APMC Kopargaon,wheat,2022,5,2160.9,233.0
Maharashtra,Ahilyanagar,APMC Kopargaon,wheat,2022,6,2119.33,132.0
Maharashtra,Ahilyanagar,APMC Kopargaon,wheat,2022,7,2273.01,88.0
Maharashtra,Ahilyanagar,APMC Kopargaon,wheat,2022,8,2388.88,91.0
Maharashtra,Ahilyanagar,APMC Kopargaon,wheat,2022,9,2423.0,60.0
Maharashtra,Ahilyanagar,APMC Kopargaon,wheat,2022,10,2489.78,46.0
Maharashtra,Ahilyanagar,APMC Kopargaon,wheat,2022,11,2679.59,90.0
Maharashtra,Ahilyanagar,APMC Kopargaon,wheat,2022,12,2726.28,69.0
Maharashtra,Ahilyanagar,APMC Kopargaon,wheat,2023,1,2845.3,63.0
Maharashtra,Ahilyanagar,APMC Kopargaon,wheat,2023,2,2392.42,163.0
Maharashtra,Ahilyanagar,APMC Kopargaon,wheat,2023,3,2186.75,638.0
Maharashtra,Ahilyanagar,APMC Kopargaon,wheat,2023,4,2205.85,890.0
Maharashtra,Ahilyanagar,APMC Kopargaon,wheat,2023,5,2208.73,366.0
Maharashtra,Ahilyanagar,APMC Kopargaon,wheat,2023,6,2292.21,245.0
Maharashtra,Ahilyanagar,APMC Kopargaon,wheat,2023,8,2504.01,98.0
Maharashtra,Ahilyanagar,APMC Kopargaon,wheat,2023,9,2629.53,107.0
Maharashtra,Ahilyanagar,APMC Kopargaon,wheat,2023,10,3451.24,274.0
Maharashtra,Ahilyanagar,APMC Kopargaon,wheat,2023,11,2806.83,103.0
Maharashtra,Ahilyanagar,APMC Kopargaon,wheat,2023,12,2674.04,208.0
Maharashtra,Ahilyanagar,APMC Kopargaon,wheat,2024,1,2696.86,274.0
Maharashtra,Ahilyanagar,APMC Kopargaon,wheat,2024,2,2586.28,393.6
Maharashtra,Ahilyanagar,APMC Kopargaon,wheat,2024,3,2528.79,
Maharashtra,Ahilyanagar,APMC Kopargaon,wheat,2024,4,2588.07,218.5
Maharashtra,Ahilyanagar,APMC Kopargaon,wheat,2024,5,,155.3
Maharashtra,Ahilyanagar,APMC Kopargaon,wheat,2024,6,2661.91,78.4
Maharashtra,Ahilyanagar,APMC Kopargaon,wheat,2024,7,2690.62,42.2
Maharashtra,Ahilyanagar,APMC Kopargaon,wheat,2024,8,2709.22,35.1
Maharashtra,Ahilyanagar,APMC Kopargaon,wheat,2024,9,2784.01,46.1
Maharashtra,Ahilyanagar,APMC Kopargaon,wheat,2024,10,2889.65,50.0
Maharashtra,Ahilyanagar,APMC Kopargaon,wheat,2024,11,3045.18,
Maharashtra,Ahilyanagar,APMC Kopargaon,wheat,2024,12,2964.64,55.4
Maharashtra,Ahilyanagar,APMC Kopargaon,wheat,2025,1,,83.5
Maharashtra,Ahilyanagar,APMC Kopargaon,wheat,2025,2,3023.64,182.2
Maharashtra,Ahilyanagar,APMC Kopargaon,wheat,2025,3,,977.4
Maharashtra,Ahilyanagar,APMC Kopargaon,wheat,2025,4,2528.82,711.7
Maharashtra,Ahilyanagar,APMC Kopargaon,wheat,2025,5,2544.73,219.6
Maharashtra,Ahilyanagar,APMC Kopargaon,wheat,2025,6,2557.29,110.6
Maharashtra,Ahilyanagar,APMC Kopargaon,wheat,2025,7,2554.53,64.0
Maharashtra,Ahilyanagar,APMC Kopargaon,wheat,2025,8,2663.69,82.9
Maharashtra,Ahilyanagar,APMC Kopargaon,wheat,2025,9,2648.0,110.1
Maharashtra,Ahilyanagar,APMC Kopargaon,wheat,2025,10,2530.96,55.7
Maharashtra,Ahilyanagar,APMC Kopargaon,wheat,2025,11,2577.44,67.8
Maharashtra,Ahilyanagar,APMC Kopargaon,wheat,2025,12,2651.14,87.1
Maharashtra,Ahilyanagar,APMC Kopargaon,wheat,2026,1,2622.05,133.7
Maharashtra,Ahilyanagar,APMC Kopargaon,wheat,2026,2,2466.07,155.9
Maharashtra,Ahilyanagar,APMC Kopargaon,wheat,2026,3,2205.81,758.1
Maharashtra,Ahilyanagar,APMC Kopargaon,wheat,2026,4,2263.26,1089.7
Maharashtra,Ahilyanagar,APMC Kopargaon,wheat,2026,5,2356.18,487.8
Maharashtra,Ahilyanagar,APMC Kopargaon,wheat,2026,6,2371.56,307.5
Maharashtra,Ahilyanagar,APMC Kopargaon,wheat,2026,7,2592.28,269.9
Maharashtra,Ahilyanagar,APMC Kopargaon,wheat,2026,8,2662.52,250.8
Maharashtra,Ahilyanagar,APMC Kopargaon,wheat,2026,9,2734.37,204.5
Maharashtra,Ahilyanagar,APMC Newasa,chickpea,2019,2,4450.0,2.0
Maharashtra,Ahilyanagar,APMC Newasa,chickpea,2020,1,4850.0,1.0
Maharashtra,Ahilyanagar,APMC Newasa,chickpea,2020,10,4700.0,3.0
Maharashtra,Ahilyanagar,APMC Newasa,chickpea,2020,11,5000.0,1.0
Maharashtra,Ahilyanagar,APMC Newasa,chickpea,2020,12,4875.0,1.0
Maharashtra,Ahilyanagar,APMC Newasa,chickpea,2021,2,5100.0,2.0
Maharashtra,Ahilyanagar,APMC Newasa,chickpea,2021,3,5133.33,3.0
Maharashtra,Ahilyanagar,APMC Newasa,chickpea,2021,4,5350.0,2.0
Maharashtra,Ahilyanagar,APMC Newasa,chickpea,2022,3,5176.67,3.0
Maharashtra,Ahilyanagar,APMC Newasa,chickpea,2024,10,5636.36,5.5
Maharashtra,Ahilyanagar,APMC Newasa,onion,2026,5,814.39,1938.9
Maharashtra,Ahilyanagar,APMC Newasa,onion,2026,6,1354.7,2263.3
Maharashtra,Ahilyanagar,APMC Newasa,onion,2026,7,1959.24,1510.7
Maharashtra,Ahilyanagar,APMC Newasa,onion,2026,8,2626.38,1678.9
Maharashtra,Ahilyanagar,APMC Newasa,onion,2026,9,4010.29,1338.8
Maharashtra,Ahilyanagar,APMC Newasa,pearl_millet,2019,10,2050.0,3.0
Maharashtra,Ahilyanagar,APMC Newasa,pearl_millet,2019,12,2000.0,1.0
Maharashtra,Ahilyanagar,APMC Newasa,pearl_millet,2020,1,2120.0,5.0
Maharashtra,Ahilyanagar,APMC Newasa,pearl_millet,2020,2,2066.67,3.0
Maharashtra,Ahilyanagar,APMC Newasa,pearl_millet,2020,12,2150.0,2.0
Maharashtra,Ahilyanagar,APMC Newasa,pearl_millet,2021,6,2200.0,1.0
Maharashtra,Ahilyanagar,APMC Newasa,pearl_millet,2025,6,2800.0,4.5
Maharashtra,Ahilyanagar,APMC Newasa,pearl_millet,2025,8,3000.0,4.0
Maharashtra,Ahilyanagar,APMC Newasa,pearl_millet,2025,10,3000.0,2.0
Maharashtra,Ahilyanagar,APMC Newasa,pigeon_pea,2020,1,5800.0,1.0
Maharashtra,Ahilyanagar,APMC Newasa,pigeon_pea,2020,12,6000.0,2.0
Maharashtra,Ahilyanagar,APMC Newasa,pigeon_pea,2021,3,6366.67,3.0
Maharashtra,Ahilyanagar,APMC Newasa,pigeon_pea,2022,1,6250.0,2.0
Maharashtra,Ahilyanagar,APMC Newasa,pigeon_pea,2023,1,6440.0,5.0
Maharashtra,Ahilyanagar,APMC Newasa,pigeon_pea,2023,2,6840.0,5.0
Maharashtra,Ahilyanagar,APMC Newasa,pigeon_pea,2024,1,8450.0,18.0
Maharashtra,Ahilyanagar,APMC Newasa,pigeon_pea,2025,1,7550.0,
Maharashtra,Ahilyanagar,APMC Newasa,sorghum,2020,1,3200.0,1.0
Maharashtra,Ahilyanagar,APMC Newasa,soybean,2020,11,4140.0,4.0
Maharashtra,Ahilyanagar,APMC Newasa,soybean,2020,12,4015.0,6.0
Maharashtra,Ahilyanagar,APMC Newasa,soybean,2021,1,4000.0,2.0
Maharashtra,Ahilyanagar,APMC Newasa,soybean,2021,2,4500.0,2.0
Maharashtra,Ahilyanagar,APMC Newasa,soybean,2021,3,4850.0,3.0
Maharashtra,Ahilyanagar,APMC Newasa,soybean,2022,2,4000.0,1.0
Maharashtra,Ahilyanagar,APMC Newasa,soybean,2022,10,4500.0,2.0
Maharashtra,Ahilyanagar,APMC Newasa,soybean,2022,11,5319.05,21.0
Maharashtra,Ahilyanagar,APMC Newasa,soybean,2022,12,5400.0,8.0
Maharashtra,Ahilyanagar,APMC Newasa,soybean,2023,2,5500.0,2.0
Maharashtra,Ahilyanagar,APMC Newasa,soybean,2023,10,5000.0,3.0
Maharashtra,Ahilyanagar,APMC Newasa,soybean,2023,12,4700.0,3.0
Maharashtra,Ahilyanagar,APMC Newasa,soybean,2024,2,4500.0,4.0
Maharashtra,Ahilyanagar,APMC Newasa,soybean,2024,3,4300.0,5.0
Maharashtra,Ahilyanagar,APMC Newasa,soybean,2025,1,4650.0,1.3
Maharashtra,Ahilyanagar,APMC Newasa,wheat,2019,2,2230.0,5.0
Maharashtra,Ahilyanagar,APMC Newasa,wheat,2019,4,2042.31,26.0
Maharashtra,Ahilyanagar,APMC Newasa,wheat,2019,6,2041.67,3.0
Maharashtra,Ahilyanagar,APMC Newasa,wheat,2019,10,2125.0,10.0
Maharashtra,Ahilyanagar,APMC Newasa,wheat,2019,12,2128.33,15.0
Maharashtra,Ahilyanagar,APMC Newasa,wheat,2020,1,2195.83,24.0
Maharashtra,Ahilyanagar,APMC Newasa,wheat,2020,2,2144.44,9.0
Maharashtra,Ahilyanagar,APMC Newasa,wheat,2020,3,1975.0,12.0
Maharashtra,Ahilyanagar,APMC Newasa,wheat,2020,5,1966.18,17.0
Maharashtra,Ahilyanagar,APMC Newasa,wheat,2020,6,1986.76,17.0
Maharashtra,Ahilyanagar,APMC Newasa,wheat,2020,7,1969.23,13.0
Maharashtra,Ahilyanagar,APMC Newasa,wheat,2020,8,2000.0,2.0
Maharashtra,Ahilyanagar,APMC Newasa,wheat,2020,9,2000.0,9.0
Maharashtra,Ahilyanagar,APMC Newasa,wheat,2020,10,2057.14,7.0
Maharashtra,Ahilyanagar,APMC Newasa,wheat,2020,11,2115.38,13.0
Maharashtra,Ahilyanagar,APMC Newasa,wheat,2020,12,2000.0,26.0
Maharashtra,Ahilyanagar,APMC Newasa,wheat,2021,1,2000.0,11.0
Maharashtra,Ahilyanagar,APMC Newasa,wheat,2021,2,2016.67,6.0
Maharashtra,Ahilyanagar,APMC Newasa,wheat,2021,3,2053.57,14.0
Maharashtra,Ahilyanagar,APMC Newasa,wheat,2021,4,2084.62,13.0
Maharashtra,Ahilyanagar,APMC Newasa,wheat,2021,6,2050.0,2.0
Maharashtra,Ahilyanagar,APMC Newasa,wheat,2021,7,2000.0,4.0
Maharashtra,Ahilyanagar,APMC Newasa,wheat,2021,9,2000.0,2.0
Maharashtra,Ahilyanagar,APMC Newasa,wheat,2021,10,2100.0,8.0
Maharashtra,Ahilyanagar,APMC Newasa,wheat,2022,1,2100.0,2.0
Maharashtra,Ahilyanagar,APMC Newasa,wheat,2022,3,2500.0,3.0
Maharashtra,Ahilyanagar,APMC Newasa,wheat,2022,4,2250.0,11.0
Maharashtra,Ahilyanagar,APMC Newasa,wheat,2022,5,2300.0,3.0
Maharashtra,Ahilyanagar,APMC Newasa,wheat,2022,6,2277.78,9.0
Maharashtra,Ahilyanagar,APMC Newasa,wheat,2023,2,2500.0,2.0
Maharashtra,Ahilyanagar,APMC Newasa,wheat,2023,3,2105.77,26.0
Maharashtra,Ahilyanagar,APMC Newasa,wheat,2023,4,2251.32,38.0
Maharashtra,Ahilyanagar,APMC Newasa,wheat,2023,5,2207.89,19.0
Maharashtra,Ahilyanagar,APMC Newasa,wheat,2023,6,2325.0,10.0
Maharashtra,Ahilyanagar,APMC Newasa,wheat,2023,8,2425.0,8.0
Maharashtra,Ahilyanagar,APMC Newasa,wheat,2023,9,2428.57,7.0
Maharashtra,Ahilyanagar,APMC Newasa,wheat,2023,10,2560.0,15.0
Maharashtra,Ahilyanagar,APMC Newasa,wheat,2023,12,2450.0,8.0
Maharashtra,Ahilyanagar,APMC Newasa,wheat,2024,1,2500.0,14.0
Maharashtra,Ahilyanagar,APMC Newasa,wheat,2024,3,2592.86,
Maharashtra,Ahilyanagar,APMC Newasa,wheat,2024,4,2440.91,16.5
Maharashtra,Ahilyanagar,APMC Newasa,wheat,2024,5,,4.0
Maharashtra,Ahilyanagar,APMC Newasa,wheat,2024,6,2400.0,2.2
Maharashtra,Ahilyanagar,APMC Newasa,wheat,2024,7,2600.0,8.5
Maharashtra,Ahilyanagar,APMC Newasa,wheat,2024,8,2523.81,10.5
Maharashtra,Ahilyanagar,APMC Newasa,wheat,2024,9,2413.04,11.5
Maharashtra,Ahilyanagar,APMC Newasa,wheat,2024,10,2600.0,24.0
Maharashtra,Ahilyanagar,APMC Newasa,wheat,2024,12,2800.0,5.0
Maharashtra,Ahilyanagar,APMC Newasa,wheat,2025,1,,1.0
Maharashtra,Ahilyanagar,APMC Newasa,wheat,2025,2,2650.0,3.0
Maharashtra,Ahilyanagar,APMC Newasa,wheat,2025,3,,18.0
Maharashtra,Ahilyanagar,APMC Newasa,wheat,2025,4,2642.11,19.0
Maharashtra,Ahilyanagar,APMC Newasa,wheat,2025,5,2644.44,9.0
Maharashtra,Ahilyanagar,APMC Newasa,wheat,2025,7,2550.0,5.5
Maharashtra,Ahilyanagar,APMC Newasa,wheat,2025,8,2550.0,5.0
Maharashtra,Ahilyanagar,APMC Newasa,wheat,2025,9,2700.0,5.0
Maharashtra,Ahilyanagar,APMC Newasa,wheat,2025,10,2600.0,12.0
Maharashtra,Ahilyanagar,APMC Newasa,wheat,2025,11,2580.43,11.5
Maharashtra,Ahilyanagar,APMC Newasa,wheat,2025,12,2700.0,5.0
Maharashtra,Ahilyanagar,APMC Newasa,wheat,2026,2,2622.73,11.0
Maharashtra,Ahilyanagar,APMC Newasa,wheat,2026,3,2540.0,12.5
Maharashtra,Ahilyanagar,APMC Newasa,wheat,2026,4,2600.0,41.0
Maharashtra,Ahilyanagar,APMC Newasa,wheat,2026,5,2600.0,20.0
Maharashtra,Ahilyanagar,APMC Newasa,wheat,2026,6,2675.0,10.0
Maharashtra,Ahilyanagar,APMC Newasa,wheat,2026,8,2675.0,10.0
Maharashtra,Ahilyanagar,APMC Newasa,wheat,2026,9,2600.0,5.0
Maharashtra,Ahilyanagar,APMC Parner,onion,2019,2,562.96,12047.0
Maharashtra,Ahilyanagar,APMC Parner,onion,2019,4,724.91,11237.0
Maharashtra,Ahilyanagar,APMC Parner,onion,2019,6,913.83,2383.0
Maharashtra,Ahilyanagar,APMC Parner,onion,2019,8,1607.32,3287.0
Maharashtra,Ahilyanagar,APMC Parner,onion,2019,10,2264.18,1276.0
Maharashtra,Ahilyanagar,APMC Parner,onion,2019,12,6465.25,11308.0
Maharashtra,Ahilyanagar,APMC Parner,onion,2020,1,3059.04,15199.0
Maharashtra,Ahilyanagar,APMC Parner,onion,2020,2,1770.92,20440.0
Maharashtra,Ahilyanagar,APMC Parner,onion,2020,3,1497.16,11299.0
Maharashtra,Ahilyanagar,APMC Parner,onion,2020,4,900.0,8.0
Maharashtra,Ahilyanagar,APMC Parner,onion,2020,6,698.97,4564.0
Maharashtra,Ahilyanagar,APMC Parner,onion,2020,7,648.81,6385.0
Maharashtra,Ahilyanagar,APMC Parner,onion,2020,8,924.89,4985.0
Maharashtra,Ahilyanagar,APMC Parner,onion,2020,9,2350.81,4928.0
Maharashtra,Ahilyanagar,APMC Parner,onion,2020,10,2200.49,1419.0
Maharashtra,Ahilyanagar,APMC Parner,onion,2020,11,3313.13,3761.0
Maharashtra,Ahilyanagar,APMC Parner,onion,2020,12,2313.26,11706.0
Maharashtra,Ahilyanagar,APMC Parner,onion,2021,1,2469.52,8613.0
Maharashtra,Ahilyanagar,APMC Parner,onion,2021,2,2955.31,5983.0
Maharashtra,Ahilyanagar,APMC Parner,onion,2021,3,1231.91,5958.0
Maharashtra,Ahilyanagar,APMC Parner,onion,2021,4,864.28,3174.0
Maharashtra,Ahilyanagar,APMC Parner,onion,2021,5,975.0,1947.0
Maharashtra,Ahilyanagar,APMC Parner,onion,2021,6,1644.82,3455.0
Maharashtra,Ahilyanagar,APMC Parner,onion,2021,7,1390.81,3842.0
Maharashtra,Ahilyanagar,APMC Parner,onion,2021,8,1484.34,5941.0
Maharashtra,Ahilyanagar,APMC Parner,onion,2021,9,1471.22,4779.0
Maharashtra,Ahilyanagar,APMC Parner,onion,2021,10,2740.36,9277.0
Maharashtra,Ahilyanagar,APMC Parner,onion,2021,11,2051.58,7448.0
Maharashtra,Ahilyanagar,APMC Parner,onion,2021,12,1744.42,17684.0
Maharashtra,Ahilyanagar,APMC Parner,onion,2022,1,1893.01,13346.0
Maharashtra,Ahilyanagar,APMC Parner,onion,2022,2,1982.69,14130.0
Maharashtra,Ahilyanagar,APMC Parner,onion,2022,3,1233.95,9259.0
Maharashtra,Ahilyanagar,APMC Parner,onion,2022,4,878.95,4526.0
Maharashtra,Ahilyanagar,APMC Parner,onion,2022,5,808.9,2636.0
Maharashtra,Ahilyanagar,APMC Parner,onion,2022,6,1247.39,1975.0
Maharashtra,Ahilyanagar,APMC Parner,onion,2022,7,1127.2,
Maharashtra,Ahilyanagar,APMC Parner,onion,2022,8,1099.41,
Maharashtra,Ahilyanagar,APMC Parner,onion,2022,9,1107.03,1907.0
Maharashtra,Ahilyanagar,APMC Parner,onion,2022,10,1765.85,5679.0
Maharashtra,Ahilyanagar,APMC Parner,onion,2022,11,1852.13,8822.0
Maharashtra,Ahilyanagar,APMC Parner,onion,2022,12,1172.67,11435.0
Maharashtra,Ahilyanagar,APMC Parner,onion,2023,1,1169.01,
Maharashtra,Ahilyanagar,APMC Parner,onion,2023,2,944.37,
Maharashtra,Ahilyanagar,APMC Parner,onion,2023,3,741.34,26336.0
Maharashtra,Ahilyanagar,APMC Parner,onion,2023,4,705.85,8808.0
Maharashtra,Ahilyanagar,APMC Parner,onion,2023,5,706.93,15976.0
Maharashtra,Ahilyanagar,APMC Parner,onion,2023,6,918.1,8602.0
Maharashtra,Ahilyanagar,APMC Parner,onion,2023,9,1809.65,
Maharashtra,Ahilyanagar,APMC Parner,onion,2023,10,2778.24,
Maharashtra,Ahilyanagar,APMC Parner,onion,2024,10,,8178.2
Maharashtra,Ahilyanagar,APMC Parner,onion,2024,12,,19894.7
Maharashtra,Ahilyanagar,APMC Parner,onion,2025,2,,15313.2
Maharashtra,Ahilyanagar,APMC Parner,onion,2025,4,,7060.3
Maharashtra,Ahilyanagar,APMC Parner,onion,2025,6,1416.76,5428.7
Maharashtra,Ahilyanagar,APMC Parner,onion,2025,8,1370.21,8568.5
Maharashtra,Ahilyanagar,APMC Parner,onion,2025,9,1097.51,6990.2
Maharashtra,Ahilyanagar,APMC Parner,onion,2025,10,,9666.9
Maharashtra,Ahilyanagar,APMC Parner,onion,2025,11,,17161.6
Maharashtra,Ahilyanagar,APMC Parner,onion,2025,12,,18137.0
Maharashtra,Ahilyanagar,APMC Parner,onion,2026,1,,40463.9
Maharashtra,Ahilyanagar,APMC Parner,onion,2026,2,,19235.8
Maharashtra,Ahilyanagar,APMC Parner,onion,2026,3,,13743.2
Maharashtra,Ahilyanagar,APMC Parner,onion,2026,4,,10742.5
Maharashtra,Ahilyanagar,APMC Parner,onion,2026,5,965.41,28248.4
Maharashtra,Ahilyanagar,APMC Parner,onion,2026,6,1445.61,10441.2
Maharashtra,Ahilyanagar,APMC Parner,onion,2026,7,1803.85,16169.0
Maharashtra,Ahilyanagar,APMC Parner,onion,2026,8,3118.73,16501.4
Maharashtra,Ahilyanagar,APMC Parner,onion,2026,9,3980.39,14566.5
Maharashtra,Ahilyanagar,APMC Pathardi,chickpea,2019,2,3945.78,9.0
Maharashtra,Ahilyanagar,APMC Pathardi,chickpea,2019,12,4500.0,2.0
Maharashtra,Ahilyanagar,APMC Pathardi,chickpea,2020,2,4010.91,11.0
Maharashtra,Ahilyanagar,APMC Pathardi,chickpea,2020,3,4600.0,4.0
Maharashtra,Ahilyanagar,APMC Pathardi,chickpea,2020,8,4200.0,1.0
Maharashtra,Ahilyanagar,APMC Pathardi,chickpea,2020,12,3500.0,1.0
Maharashtra,Ahilyanagar,APMC Pathardi,chickpea,2021,3,4100.0,2.0
Maharashtra,Ahilyanagar,APMC Pathardi,chickpea,2021,4,4200.0,2.0
Maharashtra,Ahilyanagar,APMC Pathardi,chickpea,2021,5,4500.0,4.0
Maharashtra,Ahilyanagar,APMC Pathardi,chickpea,2021,7,4300.0,24.0
Maharashtra,Ahilyanagar,APMC Pathardi,chickpea,2021,8,4231.25,8.0
Maharashtra,Ahilyanagar,APMC Pathardi,chickpea,2021,10,4000.0,2.0
Maharashtra,Ahilyanagar,APMC Pathardi,chickpea,2022,4,3500.0,2.0
Maharashtra,Ahilyanagar,APMC Pathardi,chickpea,2022,5,4600.0,
Maharashtra,Ahilyanagar,APMC Pathardi,chickpea,2022,6,4500.0,5.0
Maharashtra,Ahilyanagar,APMC Pathardi,chickpea,2023,3,4350.0,6.0
Maharashtra,Ahilyanagar,APMC Pathardi,chickpea,2023,4,5040.0,5.0
Maharashtra,Ahilyanagar,APMC Pathardi,chickpea,2024,2,6182.35,1.7
Maharashtra,Ahilyanagar,APMC Pathardi,chickpea,2024,3,6300.0,
Maharashtra,Ahilyanagar,APMC Pathardi,chickpea,2024,5,5967.95,7.8
Maharashtra,Ahilyanagar,APMC Pathardi,chickpea,2024,6,5735.48,3.1
Maharashtra,Ahilyanagar,APMC Pathardi,chickpea,2026,4,,9.0
Maharashtra,Ahilyanagar,APMC Pathardi,chickpea,2026,5,,22.0
Maharashtra,Ahilyanagar,APMC Pathardi,chickpea,2026,6,,3.4
Maharashtra,Ahilyanagar,APMC Pathardi,cotton,2020,5,4721.54,65.0
Maharashtra,Ahilyanagar,APMC Pathardi,cotton,2025,1,6891.91,
Maharashtra,Ahilyanagar,APMC Pathardi,cotton,2025,2,7007.2,
Maharashtra,Ahilyanagar,APMC Pathardi,cotton,2025,3,7016.92,97.5
Maharashtra,Ahilyanagar,APMC Pathardi,cotton,2025,4,6972.02,42.0
Maharashtra,Ahilyanagar,APMC Pathardi,cotton,2025,5,7000.0,
Maharashtra,Ahilyanagar,APMC Pathardi,cotton,2026,3,,30.0
Maharashtra,Ahilyanagar,APMC Pathardi,cotton,2026,4,,47.0
Maharashtra,Ahilyanagar,APMC Pathardi,onion,2019,2,609.63,968.0
Maharashtra,Ahilyanagar,APMC Pathardi,onion,2019,4,603.77,159.0
Maharashtra,Ahilyanagar,APMC Pathardi,onion,2019,6,1002.04,326.0
Maharashtra,Ahilyanagar,APMC Pathardi,onion,2019,8,1811.48,61.0
Maharashtra,Ahilyanagar,APMC Pathardi,onion,2019,10,2235.88,131.0
Maharashtra,Ahilyanagar,APMC Pathardi,onion,2019,12,5742.7,89.0
Maharashtra,Ahilyanagar,APMC Pathardi,onion,2020,1,2914.39,139.0
Maharashtra,Ahilyanagar,APMC Pathardi,onion,2020,2,2034.65,114.0
Maharashtra,Ahilyanagar,APMC Pathardi,onion,2020,3,1553.16,79.0
Maharashtra,Ahilyanagar,APMC Pathardi,onion,2020,5,600.0,4.0
Maharashtra,Ahilyanagar,APMC Pathardi,onion,2020,6,705.65,2551.0
Maharashtra,Ahilyanagar,APMC Pathardi,onion,2020,7,718.31,1795.0
Maharashtra,Ahilyanagar,APMC Pathardi,onion,2020,8,876.76,796.0
Maharashtra,Ahilyanagar,APMC Pathardi,onion,2020,9,2582.76,1015.0
Maharashtra,Ahilyanagar,APMC Pathardi,onion,2020,10,3721.79,358.0
Maharashtra,Ahilyanagar,APMC Pathardi,onion,2020,11,4491.29,287.0
Maharashtra,Ahilyanagar,APMC Pathardi,onion,2020,12,2984.25,254.0
Maharashtra,Ahilyanagar,APMC Pathardi,onion,2021,1,2368.33,120.0
Maharashtra,Ahilyanagar,APMC Pathardi,onion,2021,2,2535.19,54.0
Maharashtra,Ahilyanagar,APMC Pathardi,onion,2021,3,1545.0,40.0
Maharashtra,Ahilyanagar,APMC Pathardi,onion,2021,4,834.81,316.0
Maharashtra,Ahilyanagar,APMC Pathardi,onion,2021,5,817.65,17.0
Maharashtra,Ahilyanagar,APMC Pathardi,onion,2021,6,1808.84,707.0
Maharashtra,Ahilyanagar,APMC Pathardi,onion,2021,7,1634.21,953.0
Maharashtra,Ahilyanagar,APMC Pathardi,onion,2021,8,1518.36,967.0
Maharashtra,Ahilyanagar,APMC Pathardi,onion,2021,9,1432.34,606.0
Maharashtra,Ahilyanagar,APMC Pathardi,onion,2021,10,2486.49,518.0
Maharashtra,Ahilyanagar,APMC Pathardi,onion,2021,11,2127.45,204.0
Maharashtra,Ahilyanagar,APMC Pathardi,onion,2021,12,1678.57,140.0
Maharashtra,Ahilyanagar,APMC Pathardi,onion,2022,1,1673.89,157.0
Maharashtra,Ahilyanagar,APMC Pathardi,onion,2022,2,1684.21,76.0
Maharashtra,Ahilyanagar,APMC Pathardi,onion,2022,3,1151.43,70.0
Maharashtra,Ahilyanagar,APMC Pathardi,onion,2022,4,840.32,248.0
Maharashtra,Ahilyanagar,APMC Pathardi,onion,2022,5,794.12,680.0
Maharashtra,Ahilyanagar,APMC Pathardi,onion,2022,6,1323.29,1254.0
Maharashtra,Ahilyanagar,APMC Pathardi,onion,2022,7,1258.95,
Maharashtra,Ahilyanagar,APMC Pathardi,onion,2022,8,1200.0,
Maharashtra,Ahilyanagar,APMC Pathardi,onion,2022,9,1143.16,570.0
Maharashtra,Ahilyanagar,APMC Pathardi,onion,2022,10,1771.73,672.0
Maharashtra,Ahilyanagar,APMC Pathardi,onion,2022,11,1781.12,466.0
Maharashtra,Ahilyanagar,APMC Pathardi,onion,2022,12,1239.63,535.0
Maharashtra,Ahilyanagar,APMC Pathardi,onion,2023,1,1137.43,
Maharashtra,Ahilyanagar,APMC Pathardi,onion,2023,2,900.47,
Maharashtra,Ahilyanagar,APMC Pathardi,onion,2023,3,766.67,309.0
Maharashtra,Ahilyanagar,APMC Pathardi,onion,2023,4,670.27,259.0
Maharashtra,Ahilyanagar,APMC Pathardi,onion,2023,5,593.95,397.0
Maharashtra,Ahilyanagar,APMC Pathardi,onion,2023,6,879.65,1042.0
Maharashtra,Ahilyanagar,APMC Pathardi,onion,2023,9,1556.27,
Maharashtra,Ahilyanagar,APMC Pathardi,onion,2023,10,2341.96,
Maharashtra,Ahilyanagar,APMC Pathardi,onion,2024,10,,321.4
Maharashtra,Ahilyanagar,APMC Pathardi,onion,2024,12,,557.4
Maharashtra,Ahilyanagar,APMC Pathardi,onion,2025,2,,1430.0
Maharashtra,Ahilyanagar,APMC Pathardi,onion,2025,4,,305.5
Maharashtra,Ahilyanagar,APMC Pathardi,onion,2025,6,1082.75,993.5
Maharashtra,Ahilyanagar,APMC Pathardi,onion,2025,8,999.64,718.9
Maharashtra,Ahilyanagar,APMC Pathardi,onion,2025,9,930.0,551.7
Maharashtra,Ahilyanagar,APMC Pathardi,onion,2025,10,,323.4
Maharashtra,Ahilyanagar,APMC Pathardi,onion,2025,11,,460.8
Maharashtra,Ahilyanagar,APMC Pathardi,onion,2025,12,,598.3
Maharashtra,Ahilyanagar,APMC Pathardi,onion,2026,1,,1170.1
Maharashtra,Ahilyanagar,APMC Pathardi,onion,2026,2,,917.6
Maharashtra,Ahilyanagar,APMC Pathardi,onion,2026,3,,395.0
Maharashtra,Ahilyanagar,APMC Pathardi,onion,2026,4,,615.1
Maharashtra,Ahilyanagar,APMC Pathardi,onion,2026,5,683.68,407.4
Maharashtra,Ahilyanagar,APMC Pathardi,onion,2026,6,1463.97,706.3
Maharashtra,Ahilyanagar,APMC Pathardi,onion,2026,7,1515.28,536.7
Maharashtra,Ahilyanagar,APMC Pathardi,onion,2026,8,2327.01,389.8
Maharashtra,Ahilyanagar,APMC Pathardi,onion,2026,9,3019.24,251.8
Maharashtra,Ahilyanagar,APMC Pathardi,pearl_millet,2019,2,2123.75,28.0
Maharashtra,Ahilyanagar,APMC Pathardi,pearl_millet,2019,4,1984.62,13.0
Maharashtra,Ahilyanagar,APMC Pathardi,pearl_millet,2019,6,2248.03,173.0
Maharashtra,Ahilyanagar,APMC Pathardi,pearl_millet,2019,8,2226.25,20.0
Maharashtra,Ahilyanagar,APMC Pathardi,pearl_millet,2019,10,2081.27,48.0
Maharashtra,Ahilyanagar,APMC Pathardi,pearl_millet,2019,12,2042.62,39.0
Maharashtra,Ahilyanagar,APMC Pathardi,pearl_millet,2020,1,2017.67,24.0
Maharashtra,Ahilyanagar,APMC Pathardi,pearl_millet,2020,2,2043.87,31.0
Maharashtra,Ahilyanagar,APMC Pathardi,pearl_millet,2020,3,2000.0,10.0
Maharashtra,Ahilyanagar,APMC Pathardi,pearl_millet,2020,5,1927.59,29.0
Maharashtra,Ahilyanagar,APMC Pathardi,pearl_millet,2020,6,2223.82,34.0
Maharashtra,Ahilyanagar,APMC Pathardi,pearl_millet,2020,7,2007.89,19.0
Maharashtra,Ahilyanagar,APMC Pathardi,pearl_millet,2020,8,1961.9,21.0
Maharashtra,Ahilyanagar,APMC Pathardi,pearl_millet,2020,9,1684.62,26.0
Maharashtra,Ahilyanagar,APMC Pathardi,pearl_millet,2020,10,1850.0,13.0
Maharashtra,Ahilyanagar,APMC Pathardi,pearl_millet,2020,11,1840.0,20.0
Maharashtra,Ahilyanagar,APMC Pathardi,pearl_millet,2020,12,1891.18,34.0
Maharashtra,Ahilyanagar,APMC Pathardi,pearl_millet,2021,1,1863.46,26.0
Maharashtra,Ahilyanagar,APMC Pathardi,pearl_millet,2021,2,1878.57,28.0
Maharashtra,Ahilyanagar,APMC Pathardi,pearl_millet,2021,3,1853.45,
Maharashtra,Ahilyanagar,APMC Pathardi,pearl_millet,2021,4,1776.32,19.0
Maharashtra,Ahilyanagar,APMC Pathardi,pearl_millet,2021,5,1823.08,13.0
Maharashtra,Ahilyanagar,APMC Pathardi,pearl_millet,2021,6,1823.68,19.0
Maharashtra,Ahilyanagar,APMC Pathardi,pearl_millet,2021,7,1811.76,34.0
Maharashtra,Ahilyanagar,APMC Pathardi,pearl_millet,2021,8,1753.06,49.0
Maharashtra,Ahilyanagar,APMC Pathardi,pearl_millet,2021,9,1758.62,29.0
Maharashtra,Ahilyanagar,APMC Pathardi,pearl_millet,2021,10,1758.82,17.0
Maharashtra,Ahilyanagar,APMC Pathardi,pearl_millet,2021,11,1766.67,15.0
Maharashtra,Ahilyanagar,APMC Pathardi,pearl_millet,2021,12,1800.0,28.0
Maharashtra,Ahilyanagar,APMC Pathardi,pearl_millet,2022,1,1775.0,24.0
Maharashtra,Ahilyanagar,APMC Pathardi,pearl_millet,2022,2,1758.62,29.0
Maharashtra,Ahilyanagar,APMC Pathardi,pearl_millet,2022,3,1800.0,32.0
Maharashtra,Ahilyanagar,APMC Pathardi,pearl_millet,2022,4,1800.0,28.0
Maharashtra,Ahilyanagar,APMC Pathardi,pearl_millet,2022,6,1858.33,24.0
Maharashtra,Ahilyanagar,APMC Pathardi,pearl_millet,2022,7,1800.0,29.0
Maharashtra,Ahilyanagar,APMC Pathardi,pearl_millet,2022,8,1846.15,13.0
Maharashtra,Ahilyanagar,APMC Pathardi,pearl_millet,2022,9,1923.08,13.0
Maharashtra,Ahilyanagar,APMC Pathardi,pearl_millet,2022,10,2288.24,17.0
Maharashtra,Ahilyanagar,APMC Pathardi,pearl_millet,2022,11,2363.64,11.0
Maharashtra,Ahilyanagar,APMC Pathardi,pearl_millet,2022,12,2263.64,11.0
Maharashtra,Ahilyanagar,APMC Pathardi,pearl_millet,2023,1,2166.67,
Maharashtra,Ahilyanagar,APMC Pathardi,pearl_millet,2023,2,2150.0,
Maharashtra,Ahilyanagar,APMC Pathardi,pearl_millet,2023,3,2013.33,15.0
Maharashtra,Ahilyanagar,APMC Pathardi,pearl_millet,2023,4,1975.0,16.0
Maharashtra,Ahilyanagar,APMC Pathardi,pearl_millet,2023,5,2000.0,16.0
Maharashtra,Ahilyanagar,APMC Pathardi,pearl_millet,2023,6,2062.5,16.0
Maharashtra,Ahilyanagar,APMC Pathardi,pearl_millet,2023,7,2063.64,22.0
Maharashtra,Ahilyanagar,APMC Pathardi,pearl_millet,2023,8,2093.33,15.0
Maharashtra,Ahilyanagar,APMC Pathardi,pearl_millet,2023,11,2283.33,12.0
Maharashtra,Ahilyanagar,APMC Pathardi,pearl_millet,2023,12,2341.18,17.0
Maharashtra,Ahilyanagar,APMC Pathardi,pearl_millet,2024,1,2383.33,
Maharashtra,Ahilyanagar,APMC Pathardi,pearl_millet,2024,2,2418.18,5.5
Maharashtra,Ahilyanagar,APMC Pathardi,pearl_millet,2024,4,2909.22,10.3
Maharashtra,Ahilyanagar,APMC Pathardi,pearl_millet,2024,6,2592.8,25.0
Maharashtra,Ahilyanagar,APMC Pathardi,pearl_millet,2024,8,2746.47,25.5
Maharashtra,Ahilyanagar,APMC Pathardi,pearl_millet,2024,10,2536.1,20.5
Maharashtra,Ahilyanagar,APMC Pathardi,pearl_millet,2024,11,,16.6
Maharashtra,Ahilyanagar,APMC Pathardi,pearl_millet,2024,12,2582.35,10.2
Maharashtra,Ahilyanagar,APMC Pathardi,pearl_millet,2025,1,,8.5
Maharashtra,Ahilyanagar,APMC Pathardi,pearl_millet,2025,2,2423.81,12.6
Maharashtra,Ahilyanagar,APMC Pathardi,pearl_millet,2025,3,2557.51,21.3
Maharashtra,Ahilyanagar,APMC Pathardi,pearl_millet,2025,4,2814.47,19.0
Maharashtra,Ahilyanagar,APMC Pathardi,pearl_millet,2025,5,2830.91,27.5
Maharashtra,Ahilyanagar,APMC Pathardi,pearl_millet,2025,6,2708.18,27.5
Maharashtra,Ahilyanagar,APMC Pathardi,pearl_millet,2025,7,2887.0,25.0
Maharashtra,Ahilyanagar,APMC Pathardi,pearl_millet,2025,8,2898.36,30.5
Maharashtra,Ahilyanagar,APMC Pathardi,pearl_millet,2025,9,2907.69,26.0
Maharashtra,Ahilyanagar,APMC Pathardi,pearl_millet,2025,10,2875.0,10.0
Maharashtra,Ahilyanagar,APMC Pathardi,pearl_millet,2025,11,2865.38,26.0
Maharashtra,Ahilyanagar,APMC Pathardi,pearl_millet,2025,12,2952.18,32.1
Maharashtra,Ahilyanagar,APMC Pathardi,pearl_millet,2026,1,2921.21,33.0
Maharashtra,Ahilyanagar,APMC Pathardi,pearl_millet,2026,2,2878.35,19.4
Maharashtra,Ahilyanagar,APMC Pathardi,pearl_millet,2026,4,2450.83,24.0
Maharashtra,Ahilyanagar,APMC Pathardi,pearl_millet,2026,5,2480.28,35.5
Maharashtra,Ahilyanagar,APMC Pathardi,pearl_millet,2026,6,2495.23,34.6
Maharashtra,Ahilyanagar,APMC Pathardi,pearl_millet,2026,7,2469.49,41.3
Maharashtra,Ahilyanagar,APMC Pathardi,pearl_millet,2026,8,2466.29,31.3
Maharashtra,Ahilyanagar,APMC Pathardi,pearl_millet,2026,9,2532.27,28.2
Maharashtra,Ahilyanagar,APMC Pathardi,pigeon_pea,2019,2,5200.0,7.0
Maharashtra,Ahilyanagar,APMC Pathardi,pigeon_pea,2019,4,4100.0,1.0
Maharashtra,Ahilyanagar,APMC Pathardi,pigeon_pea,2019,12,4811.11,9.0
Maharashtra,Ahilyanagar,APMC Pathardi,pigeon_pea,2020,1,4565.25,51.0
Maharashtra,Ahilyanagar,APMC Pathardi,pigeon_pea,2020,2,4530.0,20.0
Maharashtra,Ahilyanagar,APMC Pathardi,pigeon_pea,2020,3,4633.33,12.0
Maharashtra,Ahilyanagar,APMC Pathardi,pigeon_pea,2020,5,4743.18,22.0
Maharashtra,Ahilyanagar,APMC Pathardi,pigeon_pea,2020,12,5095.9,61.0
Maharashtra,Ahilyanagar,APMC Pathardi,pigeon_pea,2021,1,5183.33,114.0
Maharashtra,Ahilyanagar,APMC Pathardi,pigeon_pea,2021,2,5781.13,106.0
Maharashtra,Ahilyanagar,APMC Pathardi,pigeon_pea,2021,3,5100.0,4.0
Maharashtra,Ahilyanagar,APMC Pathardi,pigeon_pea,2021,12,4816.67,18.0
Maharashtra,Ahilyanagar,APMC Pathardi,pigeon_pea,2022,1,4771.43,14.0
Maharashtra,Ahilyanagar,APMC Pathardi,pigeon_pea,2022,2,5323.53,17.0
Maharashtra,Ahilyanagar,APMC Pathardi,pigeon_pea,2022,3,5438.46,13.0
Maharashtra,Ahilyanagar,APMC Pathardi,pigeon_pea,2022,4,5500.0,7.0
Maharashtra,Ahilyanagar,APMC Pathardi,pigeon_pea,2022,5,5000.0,2.0
Maharashtra,Ahilyanagar,APMC Pathardi,pigeon_pea,2022,12,6000.0,9.0
Maharashtra,Ahilyanagar,APMC Pathardi,pigeon_pea,2023,1,6444.33,97.0
Maharashtra,Ahilyanagar,APMC Pathardi,pigeon_pea,2023,2,6464.71,17.0
Maharashtra,Ahilyanagar,APMC Pathardi,pigeon_pea,2023,12,7789.19,37.0
Maharashtra,Ahilyanagar,APMC Pathardi,pigeon_pea,2024,1,8256.84,95.0
Maharashtra,Ahilyanagar,APMC Pathardi,pigeon_pea,2024,2,8960.11,37.6
Maharashtra,Ahilyanagar,APMC Pathardi,pigeon_pea,2024,3,9291.01,22.8
Maharashtra,Ahilyanagar,APMC Pathardi,pigeon_pea,2024,4,9528.29,15.2
Maharashtra,Ahilyanagar,APMC Pathardi,pigeon_pea,2024,5,10019.5,15.9
Maharashtra,Ahilyanagar,APMC Pathardi,pigeon_pea,2024,6,9800.0,2.1
Maharashtra,Ahilyanagar,APMC Pathardi,pigeon_pea,2025,1,7100.0,
Maharashtra,Ahilyanagar,APMC Pathardi,pigeon_pea,2025,2,7095.83,54.0
Maharashtra,Ahilyanagar,APMC Pathardi,pigeon_pea,2025,4,,6.0
Maharashtra,Ahilyanagar,APMC Pathardi,pigeon_pea,2025,6,,2.0
Maharashtra,Ahilyanagar,APMC Pathardi,pigeon_pea,2026,2,,23.0
Maharashtra,Ahilyanagar,APMC Pathardi,pigeon_pea,2026,3,,8.0
Maharashtra,Ahilyanagar,APMC Pathardi,pigeon_pea,2026,4,,25.5
Maharashtra,Ahilyanagar,APMC Pathardi,pigeon_pea,2026,5,,24.3
Maharashtra,Ahilyanagar,APMC Pathardi,pigeon_pea,2026,6,,6.4
Maharashtra,Ahilyanagar,APMC Pathardi,sorghum,2019,2,2576.86,28.0
Maharashtra,Ahilyanagar,APMC Pathardi,sorghum,2019,4,2200.0,9.0
Maharashtra,Ahilyanagar,APMC Pathardi,sorghum,2019,6,2724.45,11.0
Maharashtra,Ahilyanagar,APMC Pathardi,sorghum,2019,8,2407.14,14.0
Maharashtra,Ahilyanagar,APMC Pathardi,sorghum,2019,10,2445.0,10.0
Maharashtra,Ahilyanagar,APMC Pathardi,sorghum,2019,12,2773.41,17.0
Maharashtra,Ahilyanagar,APMC Pathardi,sorghum,2020,1,2479.91,11.0
Maharashtra,Ahilyanagar,APMC Pathardi,sorghum,2020,2,2281.82,22.0
Maharashtra,Ahilyanagar,APMC Pathardi,sorghum,2020,3,2260.0,10.0
Maharashtra,Ahilyanagar,APMC Pathardi,sorghum,2020,5,2674.07,27.0
Maharashtra,Ahilyanagar,APMC Pathardi,sorghum,2020,6,3498.21,28.0
Maharashtra,Ahilyanagar,APMC Pathardi,sorghum,2020,7,4000.0,10.0
Maharashtra,Ahilyanagar,APMC Pathardi,sorghum,2020,8,3270.0,5.0
Maharashtra,Ahilyanagar,APMC Pathardi,sorghum,2020,9,2500.0,1.0
Maharashtra,Ahilyanagar,APMC Pathardi,sorghum,2020,10,2133.33,3.0
Maharashtra,Ahilyanagar,APMC Pathardi,sorghum,2020,11,2100.0,3.0
Maharashtra,Ahilyanagar,APMC Pathardi,sorghum,2020,12,2000.0,1.0
Maharashtra,Ahilyanagar,APMC Pathardi,sorghum,2021,2,2190.0,5.0
Maharashtra,Ahilyanagar,APMC Pathardi,sorghum,2021,3,2300.0,1.0
Maharashtra,Ahilyanagar,APMC Pathardi,sorghum,2021,4,2160.0,5.0
Maharashtra,Ahilyanagar,APMC Pathardi,sorghum,2021,5,2250.0,6.0
Maharashtra,Ahilyanagar,APMC Pathardi,sorghum,2021,6,2036.36,11.0
Maharashtra,Ahilyanagar,APMC Pathardi,sorghum,2021,7,1995.65,23.0
Maharashtra,Ahilyanagar,APMC Pathardi,sorghum,2021,8,1968.97,29.0
Maharashtra,Ahilyanagar,APMC Pathardi,sorghum,2021,9,1971.05,38.0
Maharashtra,Ahilyanagar,APMC Pathardi,sorghum,2021,10,1869.44,18.0
Maharashtra,Ahilyanagar,APMC Pathardi,sorghum,2021,11,1975.0,4.0
Maharashtra,Ahilyanagar,APMC Pathardi,sorghum,2021,12,1985.71,7.0
Maharashtra,Ahilyanagar,APMC Pathardi,sorghum,2022,1,1983.33,6.0
Maharashtra,Ahilyanagar,APMC Pathardi,sorghum,2022,2,1978.57,7.0
Maharashtra,Ahilyanagar,APMC Pathardi,sorghum,2022,3,1983.33,6.0
Maharashtra,Ahilyanagar,APMC Pathardi,sorghum,2022,4,1960.0,5.0
Maharashtra,Ahilyanagar,APMC Pathardi,sorghum,2022,5,2000.0,
Maharashtra,Ahilyanagar,APMC Pathardi,sorghum,2022,6,2183.33,6.0
Maharashtra,Ahilyanagar,APMC Pathardi,sorghum,2022,7,2175.0,4.0
Maharashtra,Ahilyanagar,APMC Pathardi,sorghum,2022,9,2000.0,1.0
Maharashtra,Ahilyanagar,APMC Pathardi,sorghum,2022,10,2200.0,1.0
Maharashtra,Ahilyanagar,APMC Pathardi,sorghum,2022,12,2250.0,4.0
Maharashtra,Ahilyanagar,APMC Pathardi,sorghum,2023,1,2333.33,3.0
Maharashtra,Ahilyanagar,APMC Pathardi,sorghum,2023,2,2240.0,5.0
Maharashtra,Ahilyanagar,APMC Pathardi,sorghum,2023,3,2160.0,
Maharashtra,Ahilyanagar,APMC Pathardi,sorghum,2023,4,2200.0,
Maharashtra,Ahilyanagar,APMC Pathardi,sorghum,2023,5,2200.0,8.0
Maharashtra,Ahilyanagar,APMC Pathardi,sorghum,2023,6,2317.43,7.0
Maharashtra,Ahilyanagar,APMC Pathardi,sorghum,2023,7,2236.36,11.0
Maharashtra,Ahilyanagar,APMC Pathardi,sorghum,2023,8,2300.0,6.0
Maharashtra,Ahilyanagar,APMC Pathardi,sorghum,2024,1,2587.5,
Maharashtra,Ahilyanagar,APMC Pathardi,sorghum,2024,2,2557.14,3.5
Maharashtra,Ahilyanagar,APMC Pathardi,sorghum,2024,3,2535.84,
Maharashtra,Ahilyanagar,APMC Pathardi,sorghum,2024,4,2652.17,6.9
Maharashtra,Ahilyanagar,APMC Pathardi,sorghum,2024,6,2415.73,8.9
Maharashtra,Ahilyanagar,APMC Pathardi,sorghum,2024,8,2366.27,12.6
Maharashtra,Ahilyanagar,APMC Pathardi,sorghum,2024,10,2559.73,11.3
Maharashtra,Ahilyanagar,APMC Pathardi,sorghum,2024,12,2582.69,6.5
Maharashtra,Ahilyanagar,APMC Pathardi,sorghum,2025,1,,8.5
Maharashtra,Ahilyanagar,APMC Pathardi,sorghum,2025,2,2702.86,7.0
Maharashtra,Ahilyanagar,APMC Pathardi,sorghum,2025,3,,14.5
Maharashtra,Ahilyanagar,APMC Pathardi,sorghum,2025,4,2740.87,11.5
Maharashtra,Ahilyanagar,APMC Pathardi,sorghum,2025,5,2700.0,8.4
Maharashtra,Ahilyanagar,APMC Pathardi,sorghum,2025,6,2805.45,16.5
Maharashtra,Ahilyanagar,APMC Pathardi,sorghum,2025,7,2714.84,9.1
Maharashtra,Ahilyanagar,APMC Pathardi,sorghum,2025,8,2630.1,10.3
Maharashtra,Ahilyanagar,APMC Pathardi,sorghum,2025,9,2709.26,13.5
Maharashtra,Ahilyanagar,APMC Pathardi,sorghum,2025,10,2683.33,4.5
Maharashtra,Ahilyanagar,APMC Pathardi,sorghum,2025,11,2818.22,10.7
Maharashtra,Ahilyanagar,APMC Pathardi,sorghum,2025,12,2777.0,15.0
Maharashtra,Ahilyanagar,APMC Pathardi,sorghum,2026,1,2657.31,17.1
Maharashtra,Ahilyanagar,APMC Pathardi,sorghum,2026,2,2625.5,10.0
Maharashtra,Ahilyanagar,APMC Pathardi,sorghum,2026,3,2500.0,0.5
Maharashtra,Ahilyanagar,APMC Pathardi,sorghum,2026,4,2568.18,4.4
Maharashtra,Ahilyanagar,APMC Pathardi,sorghum,2026,5,2519.84,6.3
Maharashtra,Ahilyanagar,APMC Pathardi,sorghum,2026,6,2500.0,6.7
Maharashtra,Ahilyanagar,APMC Pathardi,sorghum,2026,7,2551.11,4.5
Maharashtra,Ahilyanagar,APMC Pathardi,sorghum,2026,8,2522.58,6.2
Maharashtra,Ahilyanagar,APMC Pathardi,sorghum,2026,9,2568.33,4.8
Maharashtra,Ahilyanagar,APMC Pathardi,wheat,2019,2,2393.37,46.0
Maharashtra,Ahilyanagar,APMC Pathardi,wheat,2019,4,2287.5,8.0
Maharashtra,Ahilyanagar,APMC Pathardi,wheat,2019,6,2403.16,31.0
Maharashtra,Ahilyanagar,APMC Pathardi,wheat,2019,8,2257.5,10.0
Maharashtra,Ahilyanagar,APMC Pathardi,wheat,2019,10,2242.59,27.0
Maharashtra,Ahilyanagar,APMC Pathardi,wheat,2019,12,2291.16,19.0
Maharashtra,Ahilyanagar,APMC Pathardi,wheat,2020,1,2217.92,24.0
Maharashtra,Ahilyanagar,APMC Pathardi,wheat,2020,2,2308.33,24.0
Maharashtra,Ahilyanagar,APMC Pathardi,wheat,2020,3,2272.73,11.0
Maharashtra,Ahilyanagar,APMC Pathardi,wheat,2020,5,2389.13,23.0
Maharashtra,Ahilyanagar,APMC Pathardi,wheat,2020,6,2334.74,34.0
Maharashtra,Ahilyanagar,APMC Pathardi,wheat,2020,7,2421.88,16.0
Maharashtra,Ahilyanagar,APMC Pathardi,wheat,2020,8,2241.67,6.0
Maharashtra,Ahilyanagar,APMC Pathardi,wheat,2020,9,2050.0,9.0
Maharashtra,Ahilyanagar,APMC Pathardi,wheat,2020,10,2050.0,4.0
Maharashtra,Ahilyanagar,APMC Pathardi,wheat,2020,11,2054.55,11.0
Maharashtra,Ahilyanagar,APMC Pathardi,wheat,2020,12,2005.0,10.0
Maharashtra,Ahilyanagar,APMC Pathardi,wheat,2021,1,1943.33,30.0
Maharashtra,Ahilyanagar,APMC Pathardi,wheat,2021,2,2025.0,22.0
Maharashtra,Ahilyanagar,APMC Pathardi,wheat,2021,3,2033.33,18.0
Maharashtra,Ahilyanagar,APMC Pathardi,wheat,2021,4,2017.65,17.0
Maharashtra,Ahilyanagar,APMC Pathardi,wheat,2021,5,1960.0,5.0
Maharashtra,Ahilyanagar,APMC Pathardi,wheat,2021,6,2110.53,19.0
Maharashtra,Ahilyanagar,APMC Pathardi,wheat,2021,7,1937.5,16.0
Maharashtra,Ahilyanagar,APMC Pathardi,wheat,2021,8,1975.71,35.0
Maharashtra,Ahilyanagar,APMC Pathardi,wheat,2021,9,1922.73,22.0
Maharashtra,Ahilyanagar,APMC Pathardi,wheat,2021,10,1856.0,25.0
Maharashtra,Ahilyanagar,APMC Pathardi,wheat,2021,11,1914.29,14.0
Maharashtra,Ahilyanagar,APMC Pathardi,wheat,2021,12,1874.07,27.0
Maharashtra,Ahilyanagar,APMC Pathardi,wheat,2022,1,1900.0,20.0
Maharashtra,Ahilyanagar,APMC Pathardi,wheat,2022,2,1850.0,24.0
Maharashtra,Ahilyanagar,APMC Pathardi,wheat,2022,3,1952.0,25.0
Maharashtra,Ahilyanagar,APMC Pathardi,wheat,2022,4,1936.84,19.0
Maharashtra,Ahilyanagar,APMC Pathardi,wheat,2022,5,2018.18,22.0
Maharashtra,Ahilyanagar,APMC Pathardi,wheat,2022,6,1975.0,24.0
Maharashtra,Ahilyanagar,APMC Pathardi,wheat,2022,7,1977.14,35.0
Maharashtra,Ahilyanagar,APMC Pathardi,wheat,2022,8,2015.38,13.0
Maharashtra,Ahilyanagar,APMC Pathardi,wheat,2022,9,2000.0,7.0
Maharashtra,Ahilyanagar,APMC Pathardi,wheat,2022,10,2100.0,14.0
Maharashtra,Ahilyanagar,APMC Pathardi,wheat,2022,11,2133.33,18.0
Maharashtra,Ahilyanagar,APMC Pathardi,wheat,2022,12,2307.14,14.0
Maharashtra,Ahilyanagar,APMC Pathardi,wheat,2023,1,2264.29,14.0
Maharashtra,Ahilyanagar,APMC Pathardi,wheat,2023,2,2178.95,19.0
Maharashtra,Ahilyanagar,APMC Pathardi,wheat,2023,3,2066.67,18.0
Maharashtra,Ahilyanagar,APMC Pathardi,wheat,2023,4,2000.0,15.0
Maharashtra,Ahilyanagar,APMC Pathardi,wheat,2023,5,2057.14,21.0
Maharashtra,Ahilyanagar,APMC Pathardi,wheat,2023,6,2136.84,19.0
Maharashtra,Ahilyanagar,APMC Pathardi,wheat,2023,8,2150.0,12.0
Maharashtra,Ahilyanagar,APMC Pathardi,wheat,2023,9,2154.55,11.0
Maharashtra,Ahilyanagar,APMC Pathardi,wheat,2023,10,2271.43,14.0
Maharashtra,Ahilyanagar,APMC Pathardi,wheat,2023,11,2342.86,14.0
Maharashtra,Ahilyanagar,APMC Pathardi,wheat,2023,12,2636.11,18.0
Maharashtra,Ahilyanagar,APMC Pathardi,wheat,2024,1,2547.06,17.0
Maharashtra,Ahilyanagar,APMC Pathardi,wheat,2024,2,2629.17,4.8
Maharashtra,Ahilyanagar,APMC Pathardi,wheat,2024,3,2726.6,
Maharashtra,Ahilyanagar,APMC Pathardi,wheat,2024,4,3025.19,13.1
Maharashtra,Ahilyanagar,APMC Pathardi,wheat,2024,5,,35.8
Maharashtra,Ahilyanagar,APMC Pathardi,wheat,2024,6,2735.61,27.8
Maharashtra,Ahilyanagar,APMC Pathardi,wheat,2024,7,2790.57,26.5
Maharashtra,Ahilyanagar,APMC Pathardi,wheat,2024,8,2823.42,36.5
Maharashtra,Ahilyanagar,APMC Pathardi,wheat,2024,9,2648.48,16.5
Maharashtra,Ahilyanagar,APMC Pathardi,wheat,2024,10,2800.0,29.0
Maharashtra,Ahilyanagar,APMC Pathardi,wheat,2024,11,2685.14,
Maharashtra,Ahilyanagar,APMC Pathardi,wheat,2024,12,2798.27,882.5
Maharashtra,Ahilyanagar,APMC Pathardi,wheat,2025,1,,13.7
Maharashtra,Ahilyanagar,APMC Pathardi,wheat,2025,2,2404.52,16.6
Maharashtra,Ahilyanagar,APMC Pathardi,wheat,2025,3,,31.0
Maharashtra,Ahilyanagar,APMC Pathardi,wheat,2025,4,2805.74,30.5
Maharashtra,Ahilyanagar,APMC Pathardi,wheat,2025,5,2885.45,27.5
Maharashtra,Ahilyanagar,APMC Pathardi,wheat,2025,6,2812.36,44.5
Maharashtra,Ahilyanagar,APMC Pathardi,wheat,2025,7,2840.0,30.0
Maharashtra,Ahilyanagar,APMC Pathardi,wheat,2025,8,2855.41,34.2
Maharashtra,Ahilyanagar,APMC Pathardi,wheat,2025,9,2843.15,36.5
Maharashtra,Ahilyanagar,APMC Pathardi,wheat,2025,10,2796.67,15.0
Maharashtra,Ahilyanagar,APMC Pathardi,wheat,2025,11,2889.66,29.0
Maharashtra,Ahilyanagar,APMC Pathardi,wheat,2025,12,2927.72,50.5
Maharashtra,Ahilyanagar,APMC Pathardi,wheat,2026,1,2844.74,38.0
Maharashtra,Ahilyanagar,APMC Pathardi,wheat,2026,2,2800.0,21.0
Maharashtra,Ahilyanagar,APMC Pathardi,wheat,2026,3,2700.0,6.0
Maharashtra,Ahilyanagar,APMC Pathardi,wheat,2026,4,2375.31,48.6
Maharashtra,Ahilyanagar,APMC Pathardi,wheat,2026,5,2546.2,63.1
Maharashtra,Ahilyanagar,APMC Pathardi,wheat,2026,6,2436.49,47.0
Maharashtra,Ahilyanagar,APMC Pathardi,wheat,2026,7,2491.44,40.9
Maharashtra,Ahilyanagar,APMC Pathardi,wheat,2026,8,2482.3,42.7
Maharashtra,Ahilyanagar,APMC Pathardi,wheat,2026,9,2733.27,37.9
Maharashtra,Ahilyanagar,APMC Rahata,chickpea,2019,2,3900.0,1.0
Maharashtra,Ahilyanagar,APMC Rahata,chickpea,2019,4,3200.0,1.0
Maharashtra,Ahilyanagar,APMC Rahata,chickpea,2019,6,3650.0,2.0
Maharashtra,Ahilyanagar,APMC Rahata,chickpea,2019,10,3635.2,10.0
Maharashtra,Ahilyanagar,APMC Rahata,chickpea,2019,12,3650.0,2.0
Maharashtra,Ahilyanagar,APMC Rahata,chickpea,2020,1,3614.0,5.0
Maharashtra,Ahilyanagar,APMC Rahata,chickpea,2020,2,3708.96,53.0
Maharashtra,Ahilyanagar,APMC Rahata,chickpea,2020,3,3569.88,130.0
Maharashtra,Ahilyanagar,APMC Rahata,chickpea,2020,4,3800.0,4.0
Maharashtra,Ahilyanagar,APMC Rahata,chickpea,2020,5,3688.88,8.0
Maharashtra,Ahilyanagar,APMC Rahata,chickpea,2020,6,3680.0,10.0
Maharashtra,Ahilyanagar,APMC Rahata,chickpea,2020,7,3771.43,7.0
Maharashtra,Ahilyanagar,APMC Rahata,chickpea,2020,8,3500.0,1.0
Maharashtra,Ahilyanagar,APMC Rahata,chickpea,2020,9,4166.67,3.0
Maharashtra,Ahilyanagar,APMC Rahata,chickpea,2020,10,4900.0,12.0
Maharashtra,Ahilyanagar,APMC Rahata,chickpea,2020,11,4604.64,11.0
Maharashtra,Ahilyanagar,APMC Rahata,chickpea,2020,12,4200.0,6.0
Maharashtra,Ahilyanagar,APMC Rahata,chickpea,2021,1,3900.0,1.0
Maharashtra,Ahilyanagar,APMC Rahata,chickpea,2021,2,4502.94,34.0
Maharashtra,Ahilyanagar,APMC Rahata,chickpea,2021,3,4748.08,59.0
Maharashtra,Ahilyanagar,APMC Rahata,chickpea,2021,4,4755.0,22.0
Maharashtra,Ahilyanagar,APMC Rahata,chickpea,2021,5,4794.44,9.0
Maharashtra,Ahilyanagar,APMC Rahata,chickpea,2021,6,4287.31,16.0
Maharashtra,Ahilyanagar,APMC Rahata,chickpea,2021,7,4441.56,16.0
Maharashtra,Ahilyanagar,APMC Rahata,chickpea,2021,8,4361.62,8.0
Maharashtra,Ahilyanagar,APMC Rahata,chickpea,2021,9,4627.71,7.0
Maharashtra,Ahilyanagar,APMC Rahata,chickpea,2021,10,4268.46,13.0
Maharashtra,Ahilyanagar,APMC Rahata,chickpea,2021,11,4233.87,15.0
Maharashtra,Ahilyanagar,APMC Rahata,chickpea,2021,12,4247.8,10.0
Maharashtra,Ahilyanagar,APMC Rahata,chickpea,2022,1,3676.67,3.0
Maharashtra,Ahilyanagar,APMC Rahata,chickpea,2022,2,4535.45,31.0
Maharashtra,Ahilyanagar,APMC Rahata,chickpea,2022,3,4478.61,93.0
Maharashtra,Ahilyanagar,APMC Rahata,chickpea,2022,4,4442.43,30.0
Maharashtra,Ahilyanagar,APMC Rahata,chickpea,2022,5,4227.25,
Maharashtra,Ahilyanagar,APMC Rahata,chickpea,2022,6,4204.23,31.0
Maharashtra,Ahilyanagar,APMC Rahata,chickpea,2022,7,4376.88,
Maharashtra,Ahilyanagar,APMC Rahata,chickpea,2022,8,4294.29,
Maharashtra,Ahilyanagar,APMC Rahata,chickpea,2022,9,3900.0,1.0
Maharashtra,Ahilyanagar,APMC Rahata,chickpea,2022,11,4161.82,17.0
Maharashtra,Ahilyanagar,APMC Rahata,chickpea,2022,12,4050.0,3.0
Maharashtra,Ahilyanagar,APMC Rahata,chickpea,2023,1,4350.0,2.0
Maharashtra,Ahilyanagar,APMC Rahata,chickpea,2023,2,4448.33,21.0
Maharashtra,Ahilyanagar,APMC Rahata,chickpea,2023,3,4536.77,48.0
Maharashtra,Ahilyanagar,APMC Rahata,chickpea,2023,4,4639.68,28.0
Maharashtra,Ahilyanagar,APMC Rahata,chickpea,2023,5,4613.74,19.0
Maharashtra,Ahilyanagar,APMC Rahata,chickpea,2023,6,4565.9,10.0
Maharashtra,Ahilyanagar,APMC Rahata,chickpea,2023,7,4653.25,
Maharashtra,Ahilyanagar,APMC Rahata,chickpea,2023,10,4900.0,1.0
Maharashtra,Ahilyanagar,APMC Rahata,chickpea,2023,11,5385.5,4.0
Maharashtra,Ahilyanagar,APMC Rahata,chickpea,2024,1,5115.5,2.0
Maharashtra,Ahilyanagar,APMC Rahata,chickpea,2024,2,5571.39,17.3
Maharashtra,Ahilyanagar,APMC Rahata,chickpea,2024,3,5354.13,
Maharashtra,Ahilyanagar,APMC Rahata,chickpea,2024,4,5538.83,8.9
Maharashtra,Ahilyanagar,APMC Rahata,chickpea,2024,5,5963.84,6.9
Maharashtra,Ahilyanagar,APMC Rahata,chickpea,2024,6,6167.97,6.1
Maharashtra,Ahilyanagar,APMC Rahata,chickpea,2024,7,5994.76,4.9
Maharashtra,Ahilyanagar,APMC Rahata,chickpea,2024,8,6253.85,1.3
Maharashtra,Ahilyanagar,APMC Rahata,chickpea,2024,9,6588.17,1.2
Maharashtra,Ahilyanagar,APMC Rahata,chickpea,2024,10,6218.75,7.1
Maharashtra,Ahilyanagar,APMC Rahata,chickpea,2025,1,5350.48,
Maharashtra,Ahilyanagar,APMC Rahata,chickpea,2025,2,5237.81,
Maharashtra,Ahilyanagar,APMC Rahata,chickpea,2025,3,5171.57,11.5
Maharashtra,Ahilyanagar,APMC Rahata,chickpea,2025,4,5491.86,7.3
Maharashtra,Ahilyanagar,APMC Rahata,chickpea,2025,6,,4.4
Maharashtra,Ahilyanagar,APMC Rahata,chickpea,2025,8,5301.0,2.0
Maharashtra,Ahilyanagar,APMC Rahata,chickpea,2025,9,5346.86,1.4
Maharashtra,Ahilyanagar,APMC Rahata,chickpea,2026,3,,2.2
Maharashtra,Ahilyanagar,APMC Rahata,chickpea,2026,4,,1.6
Maharashtra,Ahilyanagar,APMC Rahata,chickpea,2026,5,,3.1
Maharashtra,Ahilyanagar,APMC Rahata,chickpea,2026,6,,3.8
Maharashtra,Ahilyanagar,APMC Rahata,chickpea,2026,7,4687.75,1.6
Maharashtra,Ahilyanagar,APMC Rahata,chickpea,2026,8,5540.0,0.5
Maharashtra,Ahilyanagar,APMC Rahata,chickpea,2026,9,5800.0,0.2
Maharashtra,Ahilyanagar,APMC Rahata,groundnut,2025,4,4318.18,1.1
Maharashtra,Ahilyanagar,APMC Rahata,groundnut,2026,7,4250.0,
Maharashtra,Ahilyanagar,APMC Rahata,onion,2019,2,423.27,5215.0
Maharashtra,Ahilyanagar,APMC Rahata,onion,2019,4,654.29,3797.0
Maharashtra,Ahilyanagar,APMC Rahata,onion,2019,6,1038.18,15922.0
Maharashtra,Ahilyanagar,APMC Rahata,onion,2019,8,1625.41,11197.0
Maharashtra,Ahilyanagar,APMC Rahata,onion,2019,10,2602.81,1818.0
Maharashtra,Ahilyanagar,APMC Rahata,onion,2019,12,5841.49,3541.0
Maharashtra,Ahilyanagar,APMC Rahata,onion,2020,1,2993.11,6302.0
Maharashtra,Ahilyanagar,APMC Rahata,onion,2020,2,1620.77,3977.0
Maharashtra,Ahilyanagar,APMC Rahata,onion,2020,3,1339.11,3958.0
Maharashtra,Ahilyanagar,APMC Rahata,onion,2020,5,550.59,3621.0
Maharashtra,Ahilyanagar,APMC Rahata,onion,2020,6,644.4,6931.0
Maharashtra,Ahilyanagar,APMC Rahata,onion,2020,7,666.6,16621.0
Maharashtra,Ahilyanagar,APMC Rahata,onion,2020,8,1113.27,10667.0
Maharashtra,Ahilyanagar,APMC Rahata,onion,2020,9,2381.31,9997.0
Maharashtra,Ahilyanagar,APMC Rahata,onion,2020,10,3632.19,1976.0
Maharashtra,Ahilyanagar,APMC Rahata,onion,2020,11,3643.35,3536.0
Maharashtra,Ahilyanagar,APMC Rahata,onion,2020,12,2294.12,3459.0
Maharashtra,Ahilyanagar,APMC Rahata,onion,2021,1,2178.88,2306.0
Maharashtra,Ahilyanagar,APMC Rahata,onion,2021,2,2882.22,2129.0
Maharashtra,Ahilyanagar,APMC Rahata,onion,2021,3,1210.5,3999.0
Maharashtra,Ahilyanagar,APMC Rahata,onion,2021,4,817.23,5779.0
Maharashtra,Ahilyanagar,APMC Rahata,onion,2021,5,953.05,8814.0
Maharashtra,Ahilyanagar,APMC Rahata,onion,2021,6,1727.49,15130.0
Maharashtra,Ahilyanagar,APMC Rahata,onion,2021,7,1540.31,13456.0
Maharashtra,Ahilyanagar,APMC Rahata,onion,2021,8,1435.76,10795.0
Maharashtra,Ahilyanagar,APMC Rahata,onion,2021,9,1451.16,7616.0
Maharashtra,Ahilyanagar,APMC Rahata,onion,2021,10,3099.84,3836.0
Maharashtra,Ahilyanagar,APMC Rahata,onion,2021,11,2270.97,3880.0
Maharashtra,Ahilyanagar,APMC Rahata,onion,2021,12,2549.61,6560.0
Maharashtra,Ahilyanagar,APMC Rahata,onion,2022,1,2505.35,7228.0
Maharashtra,Ahilyanagar,APMC Rahata,onion,2022,2,2285.93,3391.0
Maharashtra,Ahilyanagar,APMC Rahata,onion,2022,3,1210.58,7149.0
Maharashtra,Ahilyanagar,APMC Rahata,onion,2022,4,848.9,4971.0
Maharashtra,Ahilyanagar,APMC Rahata,onion,2022,5,842.6,8578.0
Maharashtra,Ahilyanagar,APMC Rahata,onion,2022,6,1282.2,11075.0
Maharashtra,Ahilyanagar,APMC Rahata,onion,2022,7,1226.35,
Maharashtra,Ahilyanagar,APMC Rahata,onion,2022,8,1228.89,
Maharashtra,Ahilyanagar,APMC Rahata,onion,2022,9,1281.55,5575.0
Maharashtra,Ahilyanagar,APMC Rahata,onion,2022,10,1913.65,4993.0
Maharashtra,Ahilyanagar,APMC Rahata,onion,2022,11,2313.46,2704.0
Maharashtra,Ahilyanagar,APMC Rahata,onion,2022,12,1338.33,2618.0
Maharashtra,Ahilyanagar,APMC Rahata,onion,2023,1,1315.02,
Maharashtra,Ahilyanagar,APMC Rahata,onion,2023,2,715.56,
Maharashtra,Ahilyanagar,APMC Rahata,onion,2023,3,755.17,4522.0
Maharashtra,Ahilyanagar,APMC Rahata,onion,2023,4,698.48,3029.0
Maharashtra,Ahilyanagar,APMC Rahata,onion,2023,5,698.8,3942.0
Maharashtra,Ahilyanagar,APMC Rahata,onion,2023,6,1023.64,8412.0
Maharashtra,Ahilyanagar,APMC Rahata,onion,2023,9,1898.04,
Maharashtra,Ahilyanagar,APMC Rahata,onion,2023,10,2597.55,
Maharashtra,Ahilyanagar,APMC Rahata,onion,2024,10,,1457.4
Maharashtra,Ahilyanagar,APMC Rahata,onion,2024,12,,2538.2
Maharashtra,Ahilyanagar,APMC Rahata,onion,2025,2,,1967.5
Maharashtra,Ahilyanagar,APMC Rahata,onion,2025,4,,2060.1
Maharashtra,Ahilyanagar,APMC Rahata,onion,2025,6,1458.66,9028.9
Maharashtra,Ahilyanagar,APMC Rahata,onion,2025,8,1382.48,9359.5
Maharashtra,Ahilyanagar,APMC Rahata,onion,2025,9,1113.63,5436.1
Maharashtra,Ahilyanagar,APMC Rahata,onion,2025,10,,1598.4
Maharashtra,Ahilyanagar,APMC Rahata,onion,2025,11,,407.5
Maharashtra,Ahilyanagar,APMC Rahata,onion,2025,12,,306.5
Maharashtra,Ahilyanagar,APMC Rahata,onion,2026,1,,1821.8
Maharashtra,Ahilyanagar,APMC Rahata,onion,2026,2,,1694.4
Maharashtra,Ahilyanagar,APMC Rahata,onion,2026,3,,559.7
Maharashtra,Ahilyanagar,APMC Rahata,onion,2026,4,,950.7
Maharashtra,Ahilyanagar,APMC Rahata,onion,2026,5,839.45,3202.5
Maharashtra,Ahilyanagar,APMC Rahata,onion,2026,6,1557.02,5634.4
Maharashtra,Ahilyanagar,APMC Rahata,onion,2026,7,2071.52,6875.5
Maharashtra,Ahilyanagar,APMC Rahata,onion,2026,8,2799.08,5404.5
Maharashtra,Ahilyanagar,APMC Rahata,onion,2026,9,3813.23,2642.1
Maharashtra,Ahilyanagar,APMC Rahata,pearl_millet,2019,4,2750.0,1.0
Maharashtra,Ahilyanagar,APMC Rahata,pearl_millet,2019,10,1590.38,40.0
Maharashtra,Ahilyanagar,APMC Rahata,pearl_millet,2019,12,1642.54,26.0
Maharashtra,Ahilyanagar,APMC Rahata,pearl_millet,2020,1,1730.0,17.0
Maharashtra,Ahilyanagar,APMC Rahata,pearl_millet,2020,2,1586.11,9.0
Maharashtra,Ahilyanagar,APMC Rahata,pearl_millet,2020,3,1516.67,15.0
Maharashtra,Ahilyanagar,APMC Rahata,pearl_millet,2020,5,1100.0,1.0
Maharashtra,Ahilyanagar,APMC Rahata,pearl_millet,2020,6,1100.0,3.0
Maharashtra,Ahilyanagar,APMC Rahata,pearl_millet,2020,7,1218.33,6.0
Maharashtra,Ahilyanagar,APMC Rahata,pearl_millet,2020,8,1100.0,1.0
Maharashtra,Ahilyanagar,APMC Rahata,pearl_millet,2020,9,1100.4,5.0
Maharashtra,Ahilyanagar,APMC Rahata,pearl_millet,2020,10,1085.04,23.0
Maharashtra,Ahilyanagar,APMC Rahata,pearl_millet,2020,11,1238.65,17.0
Maharashtra,Ahilyanagar,APMC Rahata,pearl_millet,2020,12,1256.95,19.0
Maharashtra,Ahilyanagar,APMC Rahata,pearl_millet,2021,1,1186.88,8.0
Maharashtra,Ahilyanagar,APMC Rahata,pearl_millet,2021,2,1263.75,8.0
Maharashtra,Ahilyanagar,APMC Rahata,pearl_millet,2021,3,1210.71,
Maharashtra,Ahilyanagar,APMC Rahata,pearl_millet,2021,4,1185.0,3.0
Maharashtra,Ahilyanagar,APMC Rahata,pearl_millet,2021,5,1320.5,2.0
Maharashtra,Ahilyanagar,APMC Rahata,pearl_millet,2021,6,1402.5,4.0
Maharashtra,Ahilyanagar,APMC Rahata,pearl_millet,2021,7,1687.33,3.0
Maharashtra,Ahilyanagar,APMC Rahata,pearl_millet,2021,8,1586.0,2.0
Maharashtra,Ahilyanagar,APMC Rahata,pearl_millet,2021,9,1632.5,6.0
Maharashtra,Ahilyanagar,APMC Rahata,pearl_millet,2021,10,1548.57,7.0
Maharashtra,Ahilyanagar,APMC Rahata,pearl_millet,2021,11,1655.0,3.0
Maharashtra,Ahilyanagar,APMC Rahata,pearl_millet,2021,12,1550.0,2.0
Maharashtra,Ahilyanagar,APMC Rahata,pearl_millet,2022,1,1837.0,1.0
Maharashtra,Ahilyanagar,APMC Rahata,pearl_millet,2022,6,2175.0,2.0
Maharashtra,Ahilyanagar,APMC Rahata,pearl_millet,2022,7,2300.0,1.0
Maharashtra,Ahilyanagar,APMC Rahata,pearl_millet,2022,8,2650.17,6.0
Maharashtra,Ahilyanagar,APMC Rahata,pearl_millet,2022,9,2360.0,1.0
Maharashtra,Ahilyanagar,APMC Rahata,pearl_millet,2022,12,2290.5,2.0
Maharashtra,Ahilyanagar,APMC Rahata,pearl_millet,2023,1,2380.0,
Maharashtra,Ahilyanagar,APMC Rahata,pearl_millet,2023,3,2350.0,1.0
Maharashtra,Ahilyanagar,APMC Rahata,pearl_millet,2023,5,2412.0,2.0
Maharashtra,Ahilyanagar,APMC Rahata,pearl_millet,2023,11,2350.0,1.0
Maharashtra,Ahilyanagar,APMC Rahata,pearl_millet,2024,2,2050.0,1.0
Maharashtra,Ahilyanagar,APMC Rahata,pearl_millet,2024,4,2050.5,0.2
Maharashtra,Ahilyanagar,APMC Rahata,pearl_millet,2024,6,2326.76,2.1
Maharashtra,Ahilyanagar,APMC Rahata,pearl_millet,2024,8,2395.32,2.2
Maharashtra,Ahilyanagar,APMC Rahata,pearl_millet,2024,10,2413.58,1.9
Maharashtra,Ahilyanagar,APMC Rahata,pearl_millet,2024,11,,0.3
Maharashtra,Ahilyanagar,APMC Rahata,pearl_millet,2024,12,2246.0,1.0
Maharashtra,Ahilyanagar,APMC Rahata,pearl_millet,2025,1,,2.2
Maharashtra,Ahilyanagar,APMC Rahata,pearl_millet,2025,2,2648.76,1.7
Maharashtra,Ahilyanagar,APMC Rahata,pearl_millet,2025,3,2618.5,2.6
Maharashtra,Ahilyanagar,APMC Rahata,pearl_millet,2025,4,2604.14,1.4
Maharashtra,Ahilyanagar,APMC Rahata,pearl_millet,2025,5,2025.0,0.5
Maharashtra,Ahilyanagar,APMC Rahata,pearl_millet,2025,6,2322.49,6.8
Maharashtra,Ahilyanagar,APMC Rahata,pearl_millet,2025,7,2369.26,3.4
Maharashtra,Ahilyanagar,APMC Rahata,pearl_millet,2025,8,2018.71,1.7
Maharashtra,Ahilyanagar,APMC Rahata,pearl_millet,2025,9,2351.93,1.5
Maharashtra,Ahilyanagar,APMC Rahata,pearl_millet,2025,10,2231.0,5.8
Maharashtra,Ahilyanagar,APMC Rahata,pearl_millet,2025,11,1650.0,0.2
Maharashtra,Ahilyanagar,APMC Rahata,pearl_millet,2026,1,2100.0,0.7
Maharashtra,Ahilyanagar,APMC Rahata,pearl_millet,2026,2,1920.8,0.5
Maharashtra,Ahilyanagar,APMC Rahata,pearl_millet,2026,4,1830.75,0.4
Maharashtra,Ahilyanagar,APMC Rahata,pearl_millet,2026,5,2185.71,1.4
Maharashtra,Ahilyanagar,APMC Rahata,pearl_millet,2026,6,1813.5,0.8
Maharashtra,Ahilyanagar,APMC Rahata,pearl_millet,2026,8,2191.71,3.5
Maharashtra,Ahilyanagar,APMC Rahata,pearl_millet,2026,9,2150.0,0.4
Maharashtra,Ahilyanagar,APMC Rahata,pigeon_pea,2020,2,4400.0,1.0
Maharashtra,Ahilyanagar,APMC Rahata,pigeon_pea,2020,12,5099.0,1.0
Maharashtra,Ahilyanagar,APMC Rahata,pigeon_pea,2021,1,5371.0,1.0
Maharashtra,Ahilyanagar,APMC Rahata,pigeon_pea,2021,2,5683.33,3.0
Maharashtra,Ahilyanagar,APMC Rahata,pigeon_pea,2021,5,5450.0,1.0
Maharashtra,Ahilyanagar,APMC Rahata,pigeon_pea,2023,1,5975.0,2.0
Maharashtra,Ahilyanagar,APMC Rahata,pigeon_pea,2023,2,6351.0,2.0
Maharashtra,Ahilyanagar,APMC Rahata,pigeon_pea,2023,3,7043.0,2.0
Maharashtra,Ahilyanagar,APMC Rahata,pigeon_pea,2023,4,7000.0,1.0
Maharashtra,Ahilyanagar,APMC Rahata,pigeon_pea,2023,6,8776.0,1.0
Maharashtra,Ahilyanagar,APMC Rahata,pigeon_pea,2024,1,7650.5,2.0
Maharashtra,Ahilyanagar,APMC Rahata,pigeon_pea,2024,2,8933.5,0.6
Maharashtra,Ahilyanagar,APMC Rahata,pigeon_pea,2024,3,8297.73,1.1
Maharashtra,Ahilyanagar,APMC Rahata,pigeon_pea,2024,5,9551.0,0.1
Maharashtra,Ahilyanagar,APMC Rahata,pigeon_pea,2024,6,9062.58,1.2
Maharashtra,Ahilyanagar,APMC Rahata,pigeon_pea,2024,8,7600.0,0.1
Maharashtra,Ahilyanagar,APMC Rahata,pigeon_pea,2025,2,6476.2,1.0
Maharashtra,Ahilyanagar,APMC Rahata,pigeon_pea,2025,6,,0.2
Maharashtra,Ahilyanagar,APMC Rahata,pigeon_pea,2025,8,,0.1
Maharashtra,Ahilyanagar,APMC Rahata,pigeon_pea,2026,6,,1.8
Maharashtra,Ahilyanagar,APMC Rahata,pigeon_pea,2026,7,,0.3
Maharashtra,Ahilyanagar,APMC Rahata,pigeon_pea,2026,8,7500.0,0.2
Maharashtra,Ahilyanagar,APMC Rahata,sorghum,2019,4,2600.0,1.0
Maharashtra,Ahilyanagar,APMC Rahata,sorghum,2020,2,1675.0,1.0
Maharashtra,Ahilyanagar,APMC Rahata,sorghum,2020,3,1981.25,8.0
Maharashtra,Ahilyanagar,APMC Rahata,sorghum,2020,5,2650.0,1.0
Maharashtra,Ahilyanagar,APMC Rahata,sorghum,2020,6,1000.0,2.0
Maharashtra,Ahilyanagar,APMC Rahata,sorghum,2020,7,1450.0,1.0
Maharashtra,Ahilyanagar,APMC Rahata,sorghum,2020,11,1550.0,1.0
Maharashtra,Ahilyanagar,APMC Rahata,sorghum,2020,12,1060.0,1.0
Maharashtra,Ahilyanagar,APMC Rahata,sorghum,2021,3,1200.0,2.0
Maharashtra,Ahilyanagar,APMC Rahata,sorghum,2021,4,1101.0,1.0
Maharashtra,Ahilyanagar,APMC Rahata,sorghum,2021,5,1820.0,5.0
Maharashtra,Ahilyanagar,APMC Rahata,sorghum,2021,6,1615.0,1.0
Maharashtra,Ahilyanagar,APMC Rahata,sorghum,2021,7,1424.5,2.0
Maharashtra,Ahilyanagar,APMC Rahata,sorghum,2021,8,1401.0,1.0
Maharashtra,Ahilyanagar,APMC Rahata,sorghum,2021,9,1400.0,1.0
Maharashtra,Ahilyanagar,APMC Rahata,sorghum,2021,11,1449.67,3.0
Maharashtra,Ahilyanagar,APMC Rahata,sorghum,2022,1,1380.5,2.0
Maharashtra,Ahilyanagar,APMC Rahata,sorghum,2022,2,1261.0,1.0
Maharashtra,Ahilyanagar,APMC Rahata,sorghum,2022,3,1785.0,1.0
Maharashtra,Ahilyanagar,APMC Rahata,sorghum,2022,4,1750.5,2.0
Maharashtra,Ahilyanagar,APMC Rahata,sorghum,2022,5,1790.0,
Maharashtra,Ahilyanagar,APMC Rahata,sorghum,2022,6,2000.0,3.0
Maharashtra,Ahilyanagar,APMC Rahata,sorghum,2022,7,2050.0,1.0
Maharashtra,Ahilyanagar,APMC Rahata,sorghum,2022,8,2970.0,2.0
Maharashtra,Ahilyanagar,APMC Rahata,sorghum,2023,3,2858.33,
Maharashtra,Ahilyanagar,APMC Rahata,sorghum,2023,4,2734.33,
Maharashtra,Ahilyanagar,APMC Rahata,sorghum,2023,6,3000.0,4.0
Maharashtra,Ahilyanagar,APMC Rahata,sorghum,2023,8,3357.0,2.0
Maharashtra,Ahilyanagar,APMC Rahata,sorghum,2024,2,2339.97,39.6
Maharashtra,Ahilyanagar,APMC Rahata,sorghum,2024,3,2205.91,
Maharashtra,Ahilyanagar,APMC Rahata,sorghum,2024,4,2124.53,12.6
Maharashtra,Ahilyanagar,APMC Rahata,sorghum,2024,6,2091.96,16.0
Maharashtra,Ahilyanagar,APMC Rahata,sorghum,2024,8,2183.38,14.0
Maharashtra,Ahilyanagar,APMC Rahata,sorghum,2024,10,2090.32,12.2
Maharashtra,Ahilyanagar,APMC Rahata,sorghum,2024,12,1955.74,5.3
Maharashtra,Ahilyanagar,APMC Rahata,sorghum,2025,1,,3.7
Maharashtra,Ahilyanagar,APMC Rahata,sorghum,2025,2,1949.43,10.6
Maharashtra,Ahilyanagar,APMC Rahata,sorghum,2025,3,,18.6
Maharashtra,Ahilyanagar,APMC Rahata,sorghum,2025,4,2046.58,2.6
Maharashtra,Ahilyanagar,APMC Rahata,sorghum,2025,5,2248.49,5.3
Maharashtra,Ahilyanagar,APMC Rahata,sorghum,2025,6,2261.95,6.3
Maharashtra,Ahilyanagar,APMC Rahata,sorghum,2025,7,2122.0,1.9
Maharashtra,Ahilyanagar,APMC Rahata,sorghum,2025,8,2176.36,3.9
Maharashtra,Ahilyanagar,APMC Rahata,sorghum,2025,9,2127.52,2.7
Maharashtra,Ahilyanagar,APMC Rahata,sorghum,2025,10,1936.47,1.9
Maharashtra,Ahilyanagar,APMC Rahata,sorghum,2025,11,2200.0,1.9
Maharashtra,Ahilyanagar,APMC Rahata,sorghum,2026,1,2200.0,0.3
Maharashtra,Ahilyanagar,APMC Rahata,sorghum,2026,2,2985.0,0.4
Maharashtra,Ahilyanagar,APMC Rahata,sorghum,2026,5,3000.0,0.1
Maharashtra,Ahilyanagar,APMC Rahata,sorghum,2026,6,2600.0,6.7
Maharashtra,Ahilyanagar,APMC Rahata,sorghum,2026,7,1900.0,0.2
Maharashtra,Ahilyanagar,APMC Rahata,sorghum,2026,8,2900.0,0.1
Maharashtra,Ahilyanagar,APMC Rahata,soybean,2019,2,3691.18,17.0
Maharashtra,Ahilyanagar,APMC Rahata,soybean,2019,4,3600.0,7.0
Maharashtra,Ahilyanagar,APMC Rahata,soybean,2019,6,3500.0,6.0
Maharashtra,Ahilyanagar,APMC Rahata,soybean,2019,8,3500.0,1.0
Maharashtra,Ahilyanagar,APMC Rahata,soybean,2019,10,3389.58,532.0
Maharashtra,Ahilyanagar,APMC Rahata,soybean,2019,12,3897.32,317.0
Maharashtra,Ahilyanagar,APMC Rahata,soybean,2020,1,4095.31,84.0
Maharashtra,Ahilyanagar,APMC Rahata,soybean,2020,2,3844.06,52.0
Maharashtra,Ahilyanagar,APMC Rahata,soybean,2020,3,3588.16,19.0
Maharashtra,Ahilyanagar,APMC Rahata,soybean,2020,4,3750.0,4.0
Maharashtra,Ahilyanagar,APMC Rahata,soybean,2020,5,3585.71,21.0
Maharashtra,Ahilyanagar,APMC Rahata,soybean,2020,6,3502.33,18.0
Maharashtra,Ahilyanagar,APMC Rahata,soybean,2020,7,3457.4,20.0
Maharashtra,Ahilyanagar,APMC Rahata,soybean,2020,8,3543.88,8.0
Maharashtra,Ahilyanagar,APMC Rahata,soybean,2020,9,3359.26,27.0
Maharashtra,Ahilyanagar,APMC Rahata,soybean,2020,10,3762.36,438.0
Maharashtra,Ahilyanagar,APMC Rahata,soybean,2020,11,4022.75,125.0
Maharashtra,Ahilyanagar,APMC Rahata,soybean,2020,12,4102.21,106.0
Maharashtra,Ahilyanagar,APMC Rahata,soybean,2021,1,4354.73,11.0
Maharashtra,Ahilyanagar,APMC Rahata,soybean,2021,2,4708.74,27.0
Maharashtra,Ahilyanagar,APMC Rahata,soybean,2021,3,5130.67,18.0
Maharashtra,Ahilyanagar,APMC Rahata,soybean,2021,4,6512.14,7.0
Maharashtra,Ahilyanagar,APMC Rahata,soybean,2021,5,7286.0,1.0
Maharashtra,Ahilyanagar,APMC Rahata,soybean,2021,6,6648.22,9.0
Maharashtra,Ahilyanagar,APMC Rahata,soybean,2021,7,7678.5,10.0
Maharashtra,Ahilyanagar,APMC Rahata,soybean,2021,8,6961.89,18.0
Maharashtra,Ahilyanagar,APMC Rahata,soybean,2021,9,5265.0,1.0
Maharashtra,Ahilyanagar,APMC Rahata,soybean,2021,10,4973.69,385.0
Maharashtra,Ahilyanagar,APMC Rahata,soybean,2021,11,5727.95,144.0
Maharashtra,Ahilyanagar,APMC Rahata,soybean,2021,12,6375.99,158.0
Maharashtra,Ahilyanagar,APMC Rahata,soybean,2022,1,6195.31,93.0
Maharashtra,Ahilyanagar,APMC Rahata,soybean,2022,2,6458.34,62.0
Maharashtra,Ahilyanagar,APMC Rahata,soybean,2022,3,7180.05,41.0
Maharashtra,Ahilyanagar,APMC Rahata,soybean,2022,4,7227.36,55.0
Maharashtra,Ahilyanagar,APMC Rahata,soybean,2022,5,6584.46,35.0
Maharashtra,Ahilyanagar,APMC Rahata,soybean,2022,6,6355.4,45.0
Maharashtra,Ahilyanagar,APMC Rahata,soybean,2022,7,6086.25,44.0
Maharashtra,Ahilyanagar,APMC Rahata,soybean,2022,8,5786.09,53.0
Maharashtra,Ahilyanagar,APMC Rahata,soybean,2022,9,4877.88,8.0
Maharashtra,Ahilyanagar,APMC Rahata,soybean,2022,10,4540.14,79.0
Maharashtra,Ahilyanagar,APMC Rahata,soybean,2022,11,5423.43,285.0
Maharashtra,Ahilyanagar,APMC Rahata,soybean,2022,12,5331.8,109.0
Maharashtra,Ahilyanagar,APMC Rahata,soybean,2023,1,5224.51,57.0
Maharashtra,Ahilyanagar,APMC Rahata,soybean,2023,2,5155.82,76.0
Maharashtra,Ahilyanagar,APMC Rahata,soybean,2023,3,4993.04,68.0
Maharashtra,Ahilyanagar,APMC Rahata,soybean,2023,4,5012.09,47.0
Maharashtra,Ahilyanagar,APMC Rahata,soybean,2023,5,4803.61,74.0
Maharashtra,Ahilyanagar,APMC Rahata,soybean,2023,6,4775.31,35.0
Maharashtra,Ahilyanagar,APMC Rahata,soybean,2023,7,4713.97,37.0
Maharashtra,Ahilyanagar,APMC Rahata,soybean,2023,8,4793.28,18.0
Maharashtra,Ahilyanagar,APMC Rahata,soybean,2023,9,4845.4,5.0
Maharashtra,Ahilyanagar,APMC Rahata,soybean,2023,10,4521.69,124.0
Maharashtra,Ahilyanagar,APMC Rahata,soybean,2023,11,4896.3,83.0
Maharashtra,Ahilyanagar,APMC Rahata,soybean,2023,12,4732.37,57.0
Maharashtra,Ahilyanagar,APMC Rahata,soybean,2024,1,4542.24,59.0
Maharashtra,Ahilyanagar,APMC Rahata,soybean,2024,2,4321.29,59.5
Maharashtra,Ahilyanagar,APMC Rahata,soybean,2024,3,4266.6,52.9
Maharashtra,Ahilyanagar,APMC Rahata,soybean,2024,4,4380.42,33.9
Maharashtra,Ahilyanagar,APMC Rahata,soybean,2024,5,4443.39,28.2
Maharashtra,Ahilyanagar,APMC Rahata,soybean,2024,6,4368.22,28.4
Maharashtra,Ahilyanagar,APMC Rahata,soybean,2024,7,4298.36,23.9
Maharashtra,Ahilyanagar,APMC Rahata,soybean,2024,8,4203.14,31.2
Maharashtra,Ahilyanagar,APMC Rahata,soybean,2024,11,4146.6,
Maharashtra,Ahilyanagar,APMC Rahata,soybean,2024,12,4034.33,
Maharashtra,Ahilyanagar,APMC Rahata,soybean,2025,1,4046.1,38.3
Maharashtra,Ahilyanagar,APMC Rahata,soybean,2025,2,3961.01,32.0
Maharashtra,Ahilyanagar,APMC Rahata,soybean,2025,4,,17.6
Maharashtra,Ahilyanagar,APMC Rahata,soybean,2025,5,4195.37,
Maharashtra,Ahilyanagar,APMC Rahata,soybean,2025,6,4216.41,34.8
Maharashtra,Ahilyanagar,APMC Rahata,soybean,2025,7,4245.21,
Maharashtra,Ahilyanagar,APMC Rahata,soybean,2025,8,4515.38,4.2
Maharashtra,Ahilyanagar,APMC Rahata,soybean,2025,9,4181.57,9.9
Maharashtra,Ahilyanagar,APMC Rahata,soybean,2026,3,,1.7
Maharashtra,Ahilyanagar,APMC Rahata,soybean,2026,4,,1.1
Maharashtra,Ahilyanagar,APMC Rahata,soybean,2026,5,,2.6
Maharashtra,Ahilyanagar,APMC Rahata,soybean,2026,6,,3.8
Maharashtra,Ahilyanagar,APMC Rahata,soybean,2026,7,,10.9
Maharashtra,Ahilyanagar,APMC Rahata,soybean,2026,8,6149.06,3.4
Maharashtra,Ahilyanagar,APMC Rahata,soybean,2026,9,5850.0,0.5
Maharashtra,Ahilyanagar,APMC Rahata,wheat,2019,2,1980.0,1.0
Maharashtra,Ahilyanagar,APMC Rahata,wheat,2019,4,1895.12,17.0
Maharashtra,Ahilyanagar,APMC Rahata,wheat,2019,6,1939.64,14.0
Maharashtra,Ahilyanagar,APMC Rahata,wheat,2019,8,2100.0,1.0
Maharashtra,Ahilyanagar,APMC Rahata,wheat,2019,10,2047.38,26.0
Maharashtra,Ahilyanagar,APMC Rahata,wheat,2019,12,2100.37,35.0
Maharashtra,Ahilyanagar,APMC Rahata,wheat,2020,1,2152.26,23.0
Maharashtra,Ahilyanagar,APMC Rahata,wheat,2020,2,2076.75,24.0
Maharashtra,Ahilyanagar,APMC Rahata,wheat,2020,3,1764.13,223.0
Maharashtra,Ahilyanagar,APMC Rahata,wheat,2020,4,1700.81,31.0
Maharashtra,Ahilyanagar,APMC Rahata,wheat,2020,5,1731.85,54.0
Maharashtra,Ahilyanagar,APMC Rahata,wheat,2020,6,1745.69,71.0
Maharashtra,Ahilyanagar,APMC Rahata,wheat,2020,7,1710.89,54.0
Maharashtra,Ahilyanagar,APMC Rahata,wheat,2020,8,1641.05,19.0
Maharashtra,Ahilyanagar,APMC Rahata,wheat,2020,9,1524.4,60.0
Maharashtra,Ahilyanagar,APMC Rahata,wheat,2020,10,1539.17,72.0
Maharashtra,Ahilyanagar,APMC Rahata,wheat,2020,11,1576.76,94.0
Maharashtra,Ahilyanagar,APMC Rahata,wheat,2020,12,1563.09,98.0
Maharashtra,Ahilyanagar,APMC Rahata,wheat,2021,1,1640.56,36.0
Maharashtra,Ahilyanagar,APMC Rahata,wheat,2021,2,1635.0,46.0
Maharashtra,Ahilyanagar,APMC Rahata,wheat,2021,3,1694.26,99.0
Maharashtra,Ahilyanagar,APMC Rahata,wheat,2021,4,1716.22,79.0
Maharashtra,Ahilyanagar,APMC Rahata,wheat,2021,5,1706.25,20.0
Maharashtra,Ahilyanagar,APMC Rahata,wheat,2021,6,1689.88,33.0
Maharashtra,Ahilyanagar,APMC Rahata,wheat,2021,7,1726.95,42.0
Maharashtra,Ahilyanagar,APMC Rahata,wheat,2021,8,1724.79,33.0
Maharashtra,Ahilyanagar,APMC Rahata,wheat,2021,9,1821.3,50.0
Maharashtra,Ahilyanagar,APMC Rahata,wheat,2021,10,1790.11,46.0
Maharashtra,Ahilyanagar,APMC Rahata,wheat,2021,11,1849.97,38.0
Maharashtra,Ahilyanagar,APMC Rahata,wheat,2021,12,1874.52,27.0
Maharashtra,Ahilyanagar,APMC Rahata,wheat,2022,1,1940.77,13.0
Maharashtra,Ahilyanagar,APMC Rahata,wheat,2022,2,1897.86,29.0
Maharashtra,Ahilyanagar,APMC Rahata,wheat,2022,3,2043.26,68.0
Maharashtra,Ahilyanagar,APMC Rahata,wheat,2022,4,2158.25,146.0
Maharashtra,Ahilyanagar,APMC Rahata,wheat,2022,5,2163.48,60.0
Maharashtra,Ahilyanagar,APMC Rahata,wheat,2022,6,2097.45,55.0
Maharashtra,Ahilyanagar,APMC Rahata,wheat,2022,7,2176.69,80.0
Maharashtra,Ahilyanagar,APMC Rahata,wheat,2022,8,2316.47,17.0
Maharashtra,Ahilyanagar,APMC Rahata,wheat,2022,9,2317.0,10.0
Maharashtra,Ahilyanagar,APMC Rahata,wheat,2022,10,2467.42,12.0
Maharashtra,Ahilyanagar,APMC Rahata,wheat,2022,11,2788.55,20.0
Maharashtra,Ahilyanagar,APMC Rahata,wheat,2022,12,2768.4,15.0
Maharashtra,Ahilyanagar,APMC Rahata,wheat,2023,1,2820.0,10.0
Maharashtra,Ahilyanagar,APMC Rahata,wheat,2023,2,2336.0,16.0
Maharashtra,Ahilyanagar,APMC Rahata,wheat,2023,3,2184.55,139.0
Maharashtra,Ahilyanagar,APMC Rahata,wheat,2023,4,2184.75,249.0
Maharashtra,Ahilyanagar,APMC Rahata,wheat,2023,5,2211.84,158.0
Maharashtra,Ahilyanagar,APMC Rahata,wheat,2023,6,2282.71,102.0
Maharashtra,Ahilyanagar,APMC Rahata,wheat,2023,8,2534.12,69.0
Maharashtra,Ahilyanagar,APMC Rahata,wheat,2023,9,2581.35,55.0
Maharashtra,Ahilyanagar,APMC Rahata,wheat,2023,10,2614.1,78.0
Maharashtra,Ahilyanagar,APMC Rahata,wheat,2023,11,2748.65,62.0
Maharashtra,Ahilyanagar,APMC Rahata,wheat,2023,12,2650.83,60.0
Maharashtra,Ahilyanagar,APMC Rahata,wheat,2024,1,2733.2,82.0
Maharashtra,Ahilyanagar,APMC Rahata,wheat,2024,2,2570.57,67.5
Maharashtra,Ahilyanagar,APMC Rahata,wheat,2024,3,2465.4,
Maharashtra,Ahilyanagar,APMC Rahata,wheat,2024,4,2447.23,76.3
Maharashtra,Ahilyanagar,APMC Rahata,wheat,2024,5,,57.0
Maharashtra,Ahilyanagar,APMC Rahata,wheat,2024,6,2599.53,43.2
Maharashtra,Ahilyanagar,APMC Rahata,wheat,2024,7,2646.22,32.4
Maharashtra,Ahilyanagar,APMC Rahata,wheat,2024,8,2696.53,36.4
Maharashtra,Ahilyanagar,APMC Rahata,wheat,2024,9,2770.72,23.6
Maharashtra,Ahilyanagar,APMC Rahata,wheat,2024,10,2869.12,23.9
Maharashtra,Ahilyanagar,APMC Rahata,wheat,2024,11,3021.78,
Maharashtra,Ahilyanagar,APMC Rahata,wheat,2024,12,2965.71,25.5
Maharashtra,Ahilyanagar,APMC Rahata,wheat,2025,1,,18.7
Maharashtra,Ahilyanagar,APMC Rahata,wheat,2025,2,2919.41,22.4
Maharashtra,Ahilyanagar,APMC Rahata,wheat,2025,3,,125.9
Maharashtra,Ahilyanagar,APMC Rahata,wheat,2025,4,2542.4,105.0
Maharashtra,Ahilyanagar,APMC Rahata,wheat,2025,5,2593.88,53.4
Maharashtra,Ahilyanagar,APMC Rahata,wheat,2025,6,2579.31,61.0
Maharashtra,Ahilyanagar,APMC Rahata,wheat,2025,7,2592.9,46.5
Maharashtra,Ahilyanagar,APMC Rahata,wheat,2025,8,2666.26,36.4
Maharashtra,Ahilyanagar,APMC Rahata,wheat,2025,9,2604.22,33.5
Maharashtra,Ahilyanagar,APMC Rahata,wheat,2025,10,2590.18,34.4
Maharashtra,Ahilyanagar,APMC Rahata,wheat,2025,11,2553.06,5.4
Maharashtra,Ahilyanagar,APMC Rahata,wheat,2025,12,2565.0,1.1
Maharashtra,Ahilyanagar,APMC Rahata,wheat,2026,1,2696.99,29.0
Maharashtra,Ahilyanagar,APMC Rahata,wheat,2026,2,2517.36,25.3
Maharashtra,Ahilyanagar,APMC Rahata,wheat,2026,3,2292.95,7.3
Maharashtra,Ahilyanagar,APMC Rahata,wheat,2026,4,2205.84,48.5
Maharashtra,Ahilyanagar,APMC Rahata,wheat,2026,5,2347.62,35.7
Maharashtra,Ahilyanagar,APMC Rahata,wheat,2026,6,2398.43,60.6
Maharashtra,Ahilyanagar,APMC Rahata,wheat,2026,7,2536.01,46.8
Maharashtra,Ahilyanagar,APMC Rahata,wheat,2026,8,2671.55,68.7
Maharashtra,Ahilyanagar,APMC Rahata,wheat,2026,9,2757.22,20.1
Maharashtra,Ahilyanagar,APMC Rahuri,chickpea,2019,2,3775.0,2.0
Maharashtra,Ahilyanagar,APMC Rahuri,chickpea,2019,4,4132.43,23.0
Maharashtra,Ahilyanagar,APMC Rahuri,chickpea,2019,6,3954.29,7.0
Maharashtra,Ahilyanagar,APMC Rahuri,chickpea,2019,8,3812.2,5.0
Maharashtra,Ahilyanagar,APMC Rahuri,chickpea,2019,10,3691.67,6.0
Maharashtra,Ahilyanagar,APMC Rahuri,chickpea,2019,12,3655.0,1.0
Maharashtra,Ahilyanagar,APMC Rahuri,chickpea,2020,2,3710.0,3.0
Maharashtra,Ahilyanagar,APMC Rahuri,chickpea,2020,3,3442.5,2.0
Maharashtra,Ahilyanagar,APMC Rahuri,chickpea,2020,5,3742.5,4.0
Maharashtra,Ahilyanagar,APMC Rahuri,chickpea,2020,6,3810.71,7.0
Maharashtra,Ahilyanagar,APMC Rahuri,chickpea,2020,7,3856.0,7.0
Maharashtra,Ahilyanagar,APMC Rahuri,chickpea,2020,8,3220.0,1.0
Maharashtra,Ahilyanagar,APMC Rahuri,chickpea,2020,11,4235.0,3.0
Maharashtra,Ahilyanagar,APMC Rahuri,chickpea,2021,3,4637.5,2.0
Maharashtra,Ahilyanagar,APMC Rahuri,chickpea,2021,4,4650.0,1.0
Maharashtra,Ahilyanagar,APMC Rahuri,chickpea,2021,8,3750.0,1.0
Maharashtra,Ahilyanagar,APMC Rahuri,chickpea,2022,6,4075.0,2.0
Maharashtra,Ahilyanagar,APMC Rahuri,chickpea,2022,7,3875.0,
Maharashtra,Ahilyanagar,APMC Rahuri,chickpea,2022,10,3400.0,1.0
Maharashtra,Ahilyanagar,APMC Rahuri,chickpea,2023,3,4250.0,7.0
Maharashtra,Ahilyanagar,APMC Rahuri,chickpea,2023,4,4600.0,2.0
Maharashtra,Ahilyanagar,APMC Rahuri,chickpea,2023,6,4066.67,3.0
Maharashtra,Ahilyanagar,APMC Rahuri,chickpea,2024,3,5297.12,
Maharashtra,Ahilyanagar,APMC Rahuri,chickpea,2024,4,4550.0,0.6
Maharashtra,Ahilyanagar,APMC Rahuri,chickpea,2024,5,5400.0,0.3
Maharashtra,Ahilyanagar,APMC Rahuri,chickpea,2024,10,5150.0,1.8
Maharashtra,Ahilyanagar,APMC Rahuri,chickpea,2025,1,5650.0,
Maharashtra,Ahilyanagar,APMC Rahuri,chickpea,2025,2,5588.29,
Maharashtra,Ahilyanagar,APMC Rahuri,chickpea,2025,3,5267.46,12.6
Maharashtra,Ahilyanagar,APMC Rahuri,chickpea,2025,4,5218.63,5.1
Maharashtra,Ahilyanagar,APMC Rahuri,chickpea,2025,8,4937.5,0.8
Maharashtra,Ahilyanagar,APMC Rahuri,chickpea,2026,3,,7.3
Maharashtra,Ahilyanagar,APMC Rahuri,chickpea,2026,4,,11.1
Maharashtra,Ahilyanagar,APMC Rahuri,chickpea,2026,5,,2.3
Maharashtra,Ahilyanagar,APMC Rahuri,chickpea,2026,6,,0.6
Maharashtra,Ahilyanagar,APMC Rahuri,chickpea,2026,8,5615.52,2.9
Maharashtra,Ahilyanagar,APMC Rahuri,chickpea,2026,9,5387.5,0.8
Maharashtra,Ahilyanagar,APMC Rahuri,onion,2019,2,377.52,2566.0
Maharashtra,Ahilyanagar,APMC Rahuri,onion,2019,4,777.63,21244.0
Maharashtra,Ahilyanagar,APMC Rahuri,onion,2019,6,1232.77,25994.0
Maharashtra,Ahilyanagar,APMC Rahuri,onion,2019,8,1699.68,25740.0
Maharashtra,Ahilyanagar,APMC Rahuri,onion,2019,10,2726.74,9054.0
Maharashtra,Ahilyanagar,APMC Rahuri,onion,2019,12,5507.05,2559.0
Maharashtra,Ahilyanagar,APMC Rahuri,onion,2020,1,2961.4,6254.0
Maharashtra,Ahilyanagar,APMC Rahuri,onion,2020,2,1605.07,11045.0
Maharashtra,Ahilyanagar,APMC Rahuri,onion,2020,3,1351.05,10355.0
Maharashtra,Ahilyanagar,APMC Rahuri,onion,2020,5,547.99,658.0
Maharashtra,Ahilyanagar,APMC Rahuri,onion,2020,6,769.7,12594.0
Maharashtra,Ahilyanagar,APMC Rahuri,onion,2020,7,756.02,21142.0
Maharashtra,Ahilyanagar,APMC Rahuri,onion,2020,8,992.54,10725.0
Maharashtra,Ahilyanagar,APMC Rahuri,onion,2020,9,2536.38,11758.0
Maharashtra,Ahilyanagar,APMC Rahuri,onion,2020,10,3412.85,4919.0
Maharashtra,Ahilyanagar,APMC Rahuri,onion,2020,11,3476.6,8823.0
Maharashtra,Ahilyanagar,APMC Rahuri,onion,2020,12,2015.4,5866.0
Maharashtra,Ahilyanagar,APMC Rahuri,onion,2021,1,1986.92,984.0
Maharashtra,Ahilyanagar,APMC Rahuri,onion,2021,2,2239.02,3748.0
Maharashtra,Ahilyanagar,APMC Rahuri,onion,2021,3,885.64,5793.0
Maharashtra,Ahilyanagar,APMC Rahuri,onion,2021,4,621.63,3966.0
Maharashtra,Ahilyanagar,APMC Rahuri,onion,2021,6,1125.97,19443.0
Maharashtra,Ahilyanagar,APMC Rahuri,onion,2021,7,1065.79,23059.0
Maharashtra,Ahilyanagar,APMC Rahuri,onion,2021,8,1003.11,27322.0
Maharashtra,Ahilyanagar,APMC Rahuri,onion,2021,9,1075.19,19171.0
Maharashtra,Ahilyanagar,APMC Rahuri,onion,2021,10,1871.89,13581.0
Maharashtra,Ahilyanagar,APMC Rahuri,onion,2021,11,1547.02,10166.0
Maharashtra,Ahilyanagar,APMC Rahuri,onion,2021,12,1778.52,7174.0
Maharashtra,Ahilyanagar,APMC Rahuri,onion,2022,1,1386.01,4419.0
Maharashtra,Ahilyanagar,APMC Rahuri,onion,2022,2,1441.41,4216.0
Maharashtra,Ahilyanagar,APMC Rahuri,onion,2022,3,793.45,8559.0
Maharashtra,Ahilyanagar,APMC Rahuri,onion,2022,4,620.37,6863.0
Maharashtra,Ahilyanagar,APMC Rahuri,onion,2022,5,623.9,8792.0
Maharashtra,Ahilyanagar,APMC Rahuri,onion,2022,6,837.98,15941.0
Maharashtra,Ahilyanagar,APMC Rahuri,onion,2022,7,815.26,
Maharashtra,Ahilyanagar,APMC Rahuri,onion,2022,8,805.27,
Maharashtra,Ahilyanagar,APMC Rahuri,onion,2022,9,879.16,11544.0
Maharashtra,Ahilyanagar,APMC Rahuri,onion,2022,10,1306.75,18892.0
Maharashtra,Ahilyanagar,APMC Rahuri,onion,2022,11,1382.28,21537.0
Maharashtra,Ahilyanagar,APMC Rahuri,onion,2022,12,1080.19,21122.0
Maharashtra,Ahilyanagar,APMC Rahuri,onion,2023,1,812.21,
Maharashtra,Ahilyanagar,APMC Rahuri,onion,2023,2,589.61,
Maharashtra,Ahilyanagar,APMC Rahuri,onion,2023,3,602.97,10140.0
Maharashtra,Ahilyanagar,APMC Rahuri,onion,2023,4,522.76,6294.0
Maharashtra,Ahilyanagar,APMC Rahuri,onion,2023,5,519.09,11271.0
Maharashtra,Ahilyanagar,APMC Rahuri,onion,2023,6,801.71,22282.0
Maharashtra,Ahilyanagar,APMC Rahuri,onion,2023,9,1338.25,
Maharashtra,Ahilyanagar,APMC Rahuri,onion,2023,10,2163.88,
Maharashtra,Ahilyanagar,APMC Rahuri,onion,2024,10,,7911.4
Maharashtra,Ahilyanagar,APMC Rahuri,onion,2024,12,,8320.8
Maharashtra,Ahilyanagar,APMC Rahuri,onion,2025,2,,5333.1
Maharashtra,Ahilyanagar,APMC Rahuri,onion,2025,4,,9944.4
Maharashtra,Ahilyanagar,APMC Rahuri,onion,2025,6,1023.78,22495.9
Maharashtra,Ahilyanagar,APMC Rahuri,onion,2025,8,978.08,27760.7
Maharashtra,Ahilyanagar,APMC Rahuri,onion,2025,9,939.09,22468.4
Maharashtra,Ahilyanagar,APMC Rahuri,onion,2025,10,,14501.5
Maharashtra,Ahilyanagar,APMC Rahuri,onion,2025,11,,6530.5
Maharashtra,Ahilyanagar,APMC Rahuri,onion,2025,12,,23593.0
Maharashtra,Ahilyanagar,APMC Rahuri,onion,2026,1,,7899.5
Maharashtra,Ahilyanagar,APMC Rahuri,onion,2026,2,,7492.4
Maharashtra,Ahilyanagar,APMC Rahuri,onion,2026,3,,3907.0
Maharashtra,Ahilyanagar,APMC Rahuri,onion,2026,4,,5237.6
Maharashtra,Ahilyanagar,APMC Rahuri,onion,2026,5,762.38,15457.0
Maharashtra,Ahilyanagar,APMC Rahuri,onion,2026,6,1367.42,16442.9
Maharashtra,Ahilyanagar,APMC Rahuri,onion,2026,7,1629.31,20732.2
Maharashtra,Ahilyanagar,APMC Rahuri,onion,2026,8,2290.75,23610.7
Maharashtra,Ahilyanagar,APMC Rahuri,onion,2026,9,2951.89,16707.6
Maharashtra,Ahilyanagar,APMC Rahuri,pearl_millet,2019,2,2100.0,1.0
Maharashtra,Ahilyanagar,APMC Rahuri,pearl_millet,2019,6,2050.0,1.0
Maharashtra,Ahilyanagar,APMC Rahuri,pearl_millet,2019,8,2054.5,10.0
Maharashtra,Ahilyanagar,APMC Rahuri,pearl_millet,2019,10,1704.49,49.0
Maharashtra,Ahilyanagar,APMC Rahuri,pearl_millet,2019,12,1660.83,36.0
Maharashtra,Ahilyanagar,APMC Rahuri,pearl_millet,2020,1,1769.79,24.0
Maharashtra,Ahilyanagar,APMC Rahuri,pearl_millet,2020,2,1512.67,15.0
Maharashtra,Ahilyanagar,APMC Rahuri,pearl_millet,2020,3,1541.67,6.0
Maharashtra,Ahilyanagar,APMC Rahuri,pearl_millet,2020,6,1221.67,3.0
Maharashtra,Ahilyanagar,APMC Rahuri,pearl_millet,2020,7,1110.0,5.0
Maharashtra,Ahilyanagar,APMC Rahuri,pearl_millet,2020,8,1109.0,5.0
Maharashtra,Ahilyanagar,APMC Rahuri,pearl_millet,2020,9,1066.25,8.0
Maharashtra,Ahilyanagar,APMC Rahuri,pearl_millet,2020,10,1126.67,6.0
Maharashtra,Ahilyanagar,APMC Rahuri,pearl_millet,2020,11,1165.0,14.0
Maharashtra,Ahilyanagar,APMC Rahuri,pearl_millet,2020,12,1204.12,17.0
Maharashtra,Ahilyanagar,APMC Rahuri,pearl_millet,2021,1,1160.62,8.0
Maharashtra,Ahilyanagar,APMC Rahuri,pearl_millet,2021,2,1250.0,2.0
Maharashtra,Ahilyanagar,APMC Rahuri,pearl_millet,2021,3,1243.89,
Maharashtra,Ahilyanagar,APMC Rahuri,pearl_millet,2021,4,1225.0,2.0
Maharashtra,Ahilyanagar,APMC Rahuri,pearl_millet,2021,6,1318.75,4.0
Maharashtra,Ahilyanagar,APMC Rahuri,pearl_millet,2021,9,1525.0,2.0
Maharashtra,Ahilyanagar,APMC Rahuri,pearl_millet,2021,10,1458.33,3.0
Maharashtra,Ahilyanagar,APMC Rahuri,pearl_millet,2021,11,1500.0,1.0
Maharashtra,Ahilyanagar,APMC Rahuri,pearl_millet,2022,7,2000.0,4.0
Maharashtra,Ahilyanagar,APMC Rahuri,pearl_millet,2022,9,2050.0,1.0
Maharashtra,Ahilyanagar,APMC Rahuri,pearl_millet,2022,11,1916.67,3.0
Maharashtra,Ahilyanagar,APMC Rahuri,pearl_millet,2022,12,2066.67,3.0
Maharashtra,Ahilyanagar,APMC Rahuri,pearl_millet,2023,2,2000.0,
Maharashtra,Ahilyanagar,APMC Rahuri,pearl_millet,2023,3,1800.0,1.0
Maharashtra,Ahilyanagar,APMC Rahuri,pearl_millet,2023,12,2075.0,2.0
Maharashtra,Ahilyanagar,APMC Rahuri,pearl_millet,2024,4,2100.0,0.2
Maharashtra,Ahilyanagar,APMC Rahuri,pearl_millet,2024,10,2257.22,5.4
Maharashtra,Ahilyanagar,APMC Rahuri,pearl_millet,2024,11,,4.5
Maharashtra,Ahilyanagar,APMC Rahuri,pearl_millet,2024,12,2350.76,3.3
Maharashtra,Ahilyanagar,APMC Rahuri,pearl_millet,2025,1,,0.8
Maharashtra,Ahilyanagar,APMC Rahuri,pearl_millet,2025,2,2416.67,0.6
Maharashtra,Ahilyanagar,APMC Rahuri,pearl_millet,2025,3,2360.0,3.0
Maharashtra,Ahilyanagar,APMC Rahuri,pearl_millet,2025,5,1925.0,1.2
Maharashtra,Ahilyanagar,APMC Rahuri,pearl_millet,2025,6,1944.23,2.6
Maharashtra,Ahilyanagar,APMC Rahuri,pearl_millet,2025,7,1977.05,6.1
Maharashtra,Ahilyanagar,APMC Rahuri,pearl_millet,2025,8,2229.55,6.6
Maharashtra,Ahilyanagar,APMC Rahuri,pearl_millet,2025,9,2160.23,12.9
Maharashtra,Ahilyanagar,APMC Rahuri,pearl_millet,2025,10,1907.14,18.9
Maharashtra,Ahilyanagar,APMC Rahuri,pearl_millet,2025,11,1749.36,3.9
Maharashtra,Ahilyanagar,APMC Rahuri,pearl_millet,2025,12,2200.96,5.2
Maharashtra,Ahilyanagar,APMC Rahuri,pearl_millet,2026,1,1972.41,2.9
Maharashtra,Ahilyanagar,APMC Rahuri,pearl_millet,2026,2,1587.5,1.6
Maharashtra,Ahilyanagar,APMC Rahuri,pearl_millet,2026,3,1819.23,1.3
Maharashtra,Ahilyanagar,APMC Rahuri,pearl_millet,2026,4,1550.0,1.2
Maharashtra,Ahilyanagar,APMC Rahuri,pearl_millet,2026,5,1816.91,3.4
Maharashtra,Ahilyanagar,APMC Rahuri,pearl_millet,2026,6,1700.0,1.6
Maharashtra,Ahilyanagar,APMC Rahuri,pearl_millet,2026,7,1600.0,0.2
Maharashtra,Ahilyanagar,APMC Rahuri,pearl_millet,2026,8,1884.21,1.9
Maharashtra,Ahilyanagar,APMC Rahuri,pearl_millet,2026,9,2140.96,4.7
Maharashtra,Ahilyanagar,APMC Rahuri,pigeon_pea,2019,6,4550.0,1.0
Maharashtra,Ahilyanagar,APMC Rahuri,pigeon_pea,2020,1,3702.0,5.0
Maharashtra,Ahilyanagar,APMC Rahuri,pigeon_pea,2020,2,4298.12,8.0
Maharashtra,Ahilyanagar,APMC Rahuri,pigeon_pea,2020,3,4225.0,1.0
Maharashtra,Ahilyanagar,APMC Rahuri,pigeon_pea,2020,4,4025.0,1.0
Maharashtra,Ahilyanagar,APMC Rahuri,pigeon_pea,2020,12,4769.0,15.0
Maharashtra,Ahilyanagar,APMC Rahuri,pigeon_pea,2021,1,5032.14,7.0
Maharashtra,Ahilyanagar,APMC Rahuri,pigeon_pea,2021,2,5992.5,10.0
Maharashtra,Ahilyanagar,APMC Rahuri,pigeon_pea,2021,8,5000.0,1.0
Maharashtra,Ahilyanagar,APMC Rahuri,pigeon_pea,2024,1,7850.0,5.0
Maharashtra,Ahilyanagar,APMC Rahuri,pigeon_pea,2025,1,6584.73,
Maharashtra,Ahilyanagar,APMC Rahuri,pigeon_pea,2025,2,6614.83,34.4
Maharashtra,Ahilyanagar,APMC Rahuri,pigeon_pea,2025,4,,3.1
Maharashtra,Ahilyanagar,APMC Rahuri,pigeon_pea,2025,6,,0.7
Maharashtra,Ahilyanagar,APMC Rahuri,pigeon_pea,2025,8,,1.5
Maharashtra,Ahilyanagar,APMC Rahuri,pigeon_pea,2026,1,,28.4
Maharashtra,Ahilyanagar,APMC Rahuri,pigeon_pea,2026,2,,9.7
Maharashtra,Ahilyanagar,APMC Rahuri,pigeon_pea,2026,3,,8.2
Maharashtra,Ahilyanagar,APMC Rahuri,pigeon_pea,2026,4,,6.2
Maharashtra,Ahilyanagar,APMC Rahuri,pigeon_pea,2026,5,,4.2
Maharashtra,Ahilyanagar,APMC Rahuri,pigeon_pea,2026,6,,2.4
Maharashtra,Ahilyanagar,APMC Rahuri,pigeon_pea,2026,7,,4.1
Maharashtra,Ahilyanagar,APMC Rahuri,pigeon_pea,2026,8,6877.54,6.9
Maharashtra,Ahilyanagar,APMC Rahuri,sorghum,2020,3,2300.0,2.0
Maharashtra,Ahilyanagar,APMC Rahuri,sorghum,2020,9,2500.0,1.0
Maharashtra,Ahilyanagar,APMC Rahuri,sorghum,2024,10,1962.5,1.2
Maharashtra,Ahilyanagar,APMC Rahuri,sorghum,2025,1,,0.7
Maharashtra,Ahilyanagar,APMC Rahuri,sorghum,2025,2,1800.0,0.4
Maharashtra,Ahilyanagar,APMC Rahuri,sorghum,2025,4,2000.0,0.6
Maharashtra,Ahilyanagar,APMC Rahuri,sorghum,2025,7,2200.0,0.5
Maharashtra,Ahilyanagar,APMC Rahuri,sorghum,2025,9,3000.0,0.4
Maharashtra,Ahilyanagar,APMC Rahuri,sorghum,2025,11,2000.0,1.1
Maharashtra,Ahilyanagar,APMC Rahuri,sorghum,2026,2,2500.0,0.5
Maharashtra,Ahilyanagar,APMC Rahuri,sorghum,2026,9,3000.0,0.4
Maharashtra,Ahilyanagar,APMC Rahuri,soybean,2019,2,3533.33,3.0
Maharashtra,Ahilyanagar,APMC Rahuri,soybean,2019,8,3005.0,2.0
Maharashtra,Ahilyanagar,APMC Rahuri,soybean,2019,10,3367.73,33.0
Maharashtra,Ahilyanagar,APMC Rahuri,soybean,2019,12,3413.44,9.0
Maharashtra,Ahilyanagar,APMC Rahuri,soybean,2020,1,3574.17,6.0
Maharashtra,Ahilyanagar,APMC Rahuri,soybean,2020,2,3308.33,3.0
Maharashtra,Ahilyanagar,APMC Rahuri,soybean,2020,5,3365.0,1.0
Maharashtra,Ahilyanagar,APMC Rahuri,soybean,2020,6,3550.0,2.0
Maharashtra,Ahilyanagar,APMC Rahuri,soybean,2020,7,2317.5,4.0
Maharashtra,Ahilyanagar,APMC Rahuri,soybean,2020,9,3005.0,5.0
Maharashtra,Ahilyanagar,APMC Rahuri,soybean,2020,10,3619.38,8.0
Maharashtra,Ahilyanagar,APMC Rahuri,soybean,2020,11,3701.83,30.0
Maharashtra,Ahilyanagar,APMC Rahuri,soybean,2020,12,4049.75,20.0
Maharashtra,Ahilyanagar,APMC Rahuri,soybean,2021,1,3976.0,5.0
Maharashtra,Ahilyanagar,APMC Rahuri,soybean,2021,2,4706.25,8.0
Maharashtra,Ahilyanagar,APMC Rahuri,soybean,2021,3,4500.0,4.0
Maharashtra,Ahilyanagar,APMC Rahuri,soybean,2021,9,5791.38,29.0
Maharashtra,Ahilyanagar,APMC Rahuri,soybean,2021,11,6150.0,2.0
Maharashtra,Ahilyanagar,APMC Rahuri,soybean,2022,4,6900.0,1.0
Maharashtra,Ahilyanagar,APMC Rahuri,soybean,2022,6,5838.89,9.0
Maharashtra,Ahilyanagar,APMC Rahuri,soybean,2022,7,6000.0,4.0
Maharashtra,Ahilyanagar,APMC Rahuri,soybean,2022,8,5672.73,11.0
Maharashtra,Ahilyanagar,APMC Rahuri,soybean,2022,9,5550.0,2.0
Maharashtra,Ahilyanagar,APMC Rahuri,soybean,2022,10,4531.25,16.0
Maharashtra,Ahilyanagar,APMC Rahuri,soybean,2022,11,5167.31,52.0
Maharashtra,Ahilyanagar,APMC Rahuri,soybean,2022,12,4952.27,11.0
Maharashtra,Ahilyanagar,APMC Rahuri,soybean,2023,2,5050.0,1.0
Maharashtra,Ahilyanagar,APMC Rahuri,soybean,2023,6,3650.0,1.0
Maharashtra,Ahilyanagar,APMC Rahuri,soybean,2023,10,4387.5,62.0
Maharashtra,Ahilyanagar,APMC Rahuri,soybean,2023,11,4669.9,49.0
Maharashtra,Ahilyanagar,APMC Rahuri,soybean,2023,12,4496.43,14.0
Maharashtra,Ahilyanagar,APMC Rahuri,soybean,2024,1,4375.0,2.0
Maharashtra,Ahilyanagar,APMC Rahuri,soybean,2024,2,4200.0,1.0
Maharashtra,Ahilyanagar,APMC Rahuri,soybean,2024,4,4150.0,1.1
Maharashtra,Ahilyanagar,APMC Rahuri,soybean,2024,7,4250.0,0.3
Maharashtra,Ahilyanagar,APMC Rahuri,soybean,2024,11,4111.46,
Maharashtra,Ahilyanagar,APMC Rahuri,soybean,2024,12,4035.37,
Maharashtra,Ahilyanagar,APMC Rahuri,soybean,2025,1,3954.3,45.9
Maharashtra,Ahilyanagar,APMC Rahuri,soybean,2025,2,3880.85,20.1
Maharashtra,Ahilyanagar,APMC Rahuri,soybean,2025,4,,5.7
Maharashtra,Ahilyanagar,APMC Rahuri,soybean,2025,5,3976.32,
Maharashtra,Ahilyanagar,APMC Rahuri,soybean,2025,6,4121.43,2.1
Maharashtra,Ahilyanagar,APMC Rahuri,soybean,2025,7,3830.56,
Maharashtra,Ahilyanagar,APMC Rahuri,soybean,2025,8,4282.93,12.3
Maharashtra,Ahilyanagar,APMC Rahuri,soybean,2025,9,3613.23,11.0
Maharashtra,Ahilyanagar,APMC Rahuri,soybean,2026,3,,6.8
Maharashtra,Ahilyanagar,APMC Rahuri,soybean,2026,4,,1.8
Maharashtra,Ahilyanagar,APMC Rahuri,soybean,2026,5,,7.1
Maharashtra,Ahilyanagar,APMC Rahuri,soybean,2026,7,,0.4
Maharashtra,Ahilyanagar,APMC Rahuri,wheat,2019,2,1990.0,10.0
Maharashtra,Ahilyanagar,APMC Rahuri,wheat,2019,4,1897.55,214.0
Maharashtra,Ahilyanagar,APMC Rahuri,wheat,2019,6,1944.84,32.0
Maharashtra,Ahilyanagar,APMC Rahuri,wheat,2019,8,2034.35,23.0
Maharashtra,Ahilyanagar,APMC Rahuri,wheat,2019,10,2026.94,36.0
Maharashtra,Ahilyanagar,APMC Rahuri,wheat,2019,12,2057.11,57.0
Maharashtra,Ahilyanagar,APMC Rahuri,wheat,2020,1,2104.32,37.0
Maharashtra,Ahilyanagar,APMC Rahuri,wheat,2020,2,1997.98,44.0
Maharashtra,Ahilyanagar,APMC Rahuri,wheat,2020,3,1874.75,40.0
Maharashtra,Ahilyanagar,APMC Rahuri,wheat,2020,4,1738.62,65.0
Maharashtra,Ahilyanagar,APMC Rahuri,wheat,2020,5,1742.01,128.0
Maharashtra,Ahilyanagar,APMC Rahuri,wheat,2020,6,1613.55,62.0
Maharashtra,Ahilyanagar,APMC Rahuri,wheat,2020,7,1705.0,41.0
Maharashtra,Ahilyanagar,APMC Rahuri,wheat,2020,8,1661.61,28.0
Maharashtra,Ahilyanagar,APMC Rahuri,wheat,2020,9,1472.88,40.0
Maharashtra,Ahilyanagar,APMC Rahuri,wheat,2020,10,1513.48,56.0
Maharashtra,Ahilyanagar,APMC Rahuri,wheat,2020,11,1648.7,105.0
Maharashtra,Ahilyanagar,APMC Rahuri,wheat,2020,12,1528.02,96.0
Maharashtra,Ahilyanagar,APMC Rahuri,wheat,2021,1,1629.67,30.0
Maharashtra,Ahilyanagar,APMC Rahuri,wheat,2021,2,1641.67,21.0
Maharashtra,Ahilyanagar,APMC Rahuri,wheat,2021,3,1668.33,312.0
Maharashtra,Ahilyanagar,APMC Rahuri,wheat,2021,4,1660.86,152.0
Maharashtra,Ahilyanagar,APMC Rahuri,wheat,2021,5,1775.0,2.0
Maharashtra,Ahilyanagar,APMC Rahuri,wheat,2021,6,1671.82,33.0
Maharashtra,Ahilyanagar,APMC Rahuri,wheat,2021,8,1705.77,13.0
Maharashtra,Ahilyanagar,APMC Rahuri,wheat,2021,9,1775.0,8.0
Maharashtra,Ahilyanagar,APMC Rahuri,wheat,2021,10,1763.33,15.0
Maharashtra,Ahilyanagar,APMC Rahuri,wheat,2021,11,1979.35,23.0
Maharashtra,Ahilyanagar,APMC Rahuri,wheat,2021,12,1937.5,4.0
Maharashtra,Ahilyanagar,APMC Rahuri,wheat,2022,1,1950.0,4.0
Maharashtra,Ahilyanagar,APMC Rahuri,wheat,2022,2,2000.0,1.0
Maharashtra,Ahilyanagar,APMC Rahuri,wheat,2022,3,2025.0,2.0
Maharashtra,Ahilyanagar,APMC Rahuri,wheat,2022,4,2282.61,23.0
Maharashtra,Ahilyanagar,APMC Rahuri,wheat,2022,5,2162.5,8.0
Maharashtra,Ahilyanagar,APMC Rahuri,wheat,2022,6,2175.0,25.0
Maharashtra,Ahilyanagar,APMC Rahuri,wheat,2022,7,2040.0,10.0
Maharashtra,Ahilyanagar,APMC Rahuri,wheat,2022,8,2213.89,18.0
Maharashtra,Ahilyanagar,APMC Rahuri,wheat,2022,9,2229.17,12.0
Maharashtra,Ahilyanagar,APMC Rahuri,wheat,2022,10,2337.5,4.0
Maharashtra,Ahilyanagar,APMC Rahuri,wheat,2022,11,2478.57,21.0
Maharashtra,Ahilyanagar,APMC Rahuri,wheat,2022,12,2412.5,4.0
Maharashtra,Ahilyanagar,APMC Rahuri,wheat,2023,1,2505.56,9.0
Maharashtra,Ahilyanagar,APMC Rahuri,wheat,2023,2,2381.58,19.0
Maharashtra,Ahilyanagar,APMC Rahuri,wheat,2023,3,2055.88,234.0
Maharashtra,Ahilyanagar,APMC Rahuri,wheat,2023,4,2041.7,578.0
Maharashtra,Ahilyanagar,APMC Rahuri,wheat,2023,6,2090.24,105.0
Maharashtra,Ahilyanagar,APMC Rahuri,wheat,2023,8,2295.71,35.0
Maharashtra,Ahilyanagar,APMC Rahuri,wheat,2023,10,2396.43,14.0
Maharashtra,Ahilyanagar,APMC Rahuri,wheat,2023,11,2570.98,56.0
Maharashtra,Ahilyanagar,APMC Rahuri,wheat,2023,12,2466.07,56.0
Maharashtra,Ahilyanagar,APMC Rahuri,wheat,2024,1,2492.05,44.0
Maharashtra,Ahilyanagar,APMC Rahuri,wheat,2024,2,2444.66,524.0
Maharashtra,Ahilyanagar,APMC Rahuri,wheat,2024,3,2505.19,
Maharashtra,Ahilyanagar,APMC Rahuri,wheat,2024,4,2397.22,149.2
Maharashtra,Ahilyanagar,APMC Rahuri,wheat,2024,5,,27.1
Maharashtra,Ahilyanagar,APMC Rahuri,wheat,2024,6,2405.83,16.3
Maharashtra,Ahilyanagar,APMC Rahuri,wheat,2024,7,2498.01,15.1
Maharashtra,Ahilyanagar,APMC Rahuri,wheat,2024,9,2594.2,11.2
Maharashtra,Ahilyanagar,APMC Rahuri,wheat,2024,10,2609.02,22.0
Maharashtra,Ahilyanagar,APMC Rahuri,wheat,2024,11,2873.19,
Maharashtra,Ahilyanagar,APMC Rahuri,wheat,2024,12,2849.34,31.1
Maharashtra,Ahilyanagar,APMC Rahuri,wheat,2025,1,,16.9
Maharashtra,Ahilyanagar,APMC Rahuri,wheat,2025,2,2753.73,27.5
Maharashtra,Ahilyanagar,APMC Rahuri,wheat,2025,3,,468.3
Maharashtra,Ahilyanagar,APMC Rahuri,wheat,2025,4,2598.14,217.4
Maharashtra,Ahilyanagar,APMC Rahuri,wheat,2025,5,2551.71,36.8
Maharashtra,Ahilyanagar,APMC Rahuri,wheat,2025,6,2552.91,34.4
Maharashtra,Ahilyanagar,APMC Rahuri,wheat,2025,7,2558.62,21.7
Maharashtra,Ahilyanagar,APMC Rahuri,wheat,2025,8,2605.62,24.3
Maharashtra,Ahilyanagar,APMC Rahuri,wheat,2025,9,2632.4,35.2
Maharashtra,Ahilyanagar,APMC Rahuri,wheat,2025,10,2585.93,26.3
Maharashtra,Ahilyanagar,APMC Rahuri,wheat,2025,11,2568.11,19.6
Maharashtra,Ahilyanagar,APMC Rahuri,wheat,2025,12,2575.12,23.5
Maharashtra,Ahilyanagar,APMC Rahuri,wheat,2026,1,2579.46,14.8
Maharashtra,Ahilyanagar,APMC Rahuri,wheat,2026,2,2398.15,37.1
Maharashtra,Ahilyanagar,APMC Rahuri,wheat,2026,3,2167.89,829.3
Maharashtra,Ahilyanagar,APMC Rahuri,wheat,2026,4,2140.44,610.8
Maharashtra,Ahilyanagar,APMC Rahuri,wheat,2026,5,2196.2,182.6
Maharashtra,Ahilyanagar,APMC Rahuri,wheat,2026,6,2234.96,66.7
Maharashtra,Ahilyanagar,APMC Rahuri,wheat,2026,7,2451.25,105.6
Maharashtra,Ahilyanagar,APMC Rahuri,wheat,2026,8,2611.65,71.8
Maharashtra,Ahilyanagar,APMC Rahuri,wheat,2026,9,2642.51,53.4
Maharashtra,Ahilyanagar,APMC Sangamner,chickpea,2019,2,3690.0,1.0
Maharashtra,Ahilyanagar,APMC Sangamner,chickpea,2019,4,4043.0,6.0
Maharashtra,Ahilyanagar,APMC Sangamner,chickpea,2019,6,4254.0,7.0
Maharashtra,Ahilyanagar,APMC Sangamner,chickpea,2019,8,3381.5,2.0
Maharashtra,Ahilyanagar,APMC Sangamner,chickpea,2019,10,3157.73,11.0
Maharashtra,Ahilyanagar,APMC Sangamner,chickpea,2019,12,3284.92,12.0
Maharashtra,Ahilyanagar,APMC Sangamner,chickpea,2020,1,3051.0,1.0
Maharashtra,Ahilyanagar,APMC Sangamner,chickpea,2020,2,3271.33,6.0
Maharashtra,Ahilyanagar,APMC Sangamner,chickpea,2020,3,3159.25,4.0
Maharashtra,Ahilyanagar,APMC Sangamner,chickpea,2020,5,3475.0,3.0
Maharashtra,Ahilyanagar,APMC Sangamner,chickpea,2020,6,3834.8,5.0
Maharashtra,Ahilyanagar,APMC Sangamner,chickpea,2020,7,3281.33,3.0
Maharashtra,Ahilyanagar,APMC Sangamner,chickpea,2020,8,3725.0,2.0
Maharashtra,Ahilyanagar,APMC Sangamner,chickpea,2020,9,3886.6,5.0
Maharashtra,Ahilyanagar,APMC Sangamner,chickpea,2020,10,4619.67,3.0
Maharashtra,Ahilyanagar,APMC Sangamner,chickpea,2020,11,4152.78,9.0
Maharashtra,Ahilyanagar,APMC Sangamner,chickpea,2020,12,3928.83,6.0
Maharashtra,Ahilyanagar,APMC Sangamner,chickpea,2021,1,3585.0,1.0
Maharashtra,Ahilyanagar,APMC Sangamner,chickpea,2021,2,3982.0,4.0
Maharashtra,Ahilyanagar,APMC Sangamner,chickpea,2021,3,4600.29,17.0
Maharashtra,Ahilyanagar,APMC Sangamner,chickpea,2021,4,4406.3,10.0
Maharashtra,Ahilyanagar,APMC Sangamner,chickpea,2021,6,4148.86,7.0
Maharashtra,Ahilyanagar,APMC Sangamner,chickpea,2021,7,4461.33,3.0
Maharashtra,Ahilyanagar,APMC Sangamner,chickpea,2021,8,4183.0,2.0
Maharashtra,Ahilyanagar,APMC Sangamner,chickpea,2021,9,4091.5,2.0
Maharashtra,Ahilyanagar,APMC Sangamner,chickpea,2021,10,4127.75,4.0
Maharashtra,Ahilyanagar,APMC Sangamner,chickpea,2021,11,3915.0,2.0
Maharashtra,Ahilyanagar,APMC Sangamner,chickpea,2021,12,4202.67,3.0
Maharashtra,Ahilyanagar,APMC Sangamner,chickpea,2022,1,4045.0,1.0
Maharashtra,Ahilyanagar,APMC Sangamner,chickpea,2022,2,4165.0,2.0
Maharashtra,Ahilyanagar,APMC Sangamner,chickpea,2022,3,4427.5,6.0
Maharashtra,Ahilyanagar,APMC Sangamner,chickpea,2022,4,4411.67,3.0
Maharashtra,Ahilyanagar,APMC Sangamner,chickpea,2022,5,4144.5,
Maharashtra,Ahilyanagar,APMC Sangamner,chickpea,2022,6,3891.67,3.0
Maharashtra,Ahilyanagar,APMC Sangamner,chickpea,2022,7,3950.0,
Maharashtra,Ahilyanagar,APMC Sangamner,chickpea,2022,8,3951.0,
Maharashtra,Ahilyanagar,APMC Sangamner,chickpea,2022,11,3925.0,1.0
Maharashtra,Ahilyanagar,APMC Sangamner,chickpea,2022,12,3888.8,5.0
Maharashtra,Ahilyanagar,APMC Sangamner,chickpea,2023,2,4275.0,2.0
Maharashtra,Ahilyanagar,APMC Sangamner,chickpea,2023,3,4657.0,3.0
Maharashtra,Ahilyanagar,APMC Sangamner,chickpea,2023,4,4540.0,2.0
Maharashtra,Ahilyanagar,APMC Sangamner,chickpea,2023,5,4400.0,2.0
Maharashtra,Ahilyanagar,APMC Sangamner,chickpea,2023,6,4250.0,3.0
Maharashtra,Ahilyanagar,APMC Sangamner,chickpea,2023,12,5263.0,2.0
Maharashtra,Ahilyanagar,APMC Sangamner,chickpea,2024,2,5424.5,2.0
Maharashtra,Ahilyanagar,APMC Sangamner,chickpea,2024,3,5432.95,
Maharashtra,Ahilyanagar,APMC Sangamner,chickpea,2024,4,5223.0,1.0
Maharashtra,Ahilyanagar,APMC Sangamner,chickpea,2024,5,6150.29,4.8
Maharashtra,Ahilyanagar,APMC Sangamner,chickpea,2024,6,6294.56,1.8
Maharashtra,Ahilyanagar,APMC Sangamner,chickpea,2024,7,4600.0,0.1
Maharashtra,Ahilyanagar,APMC Sangamner,chickpea,2024,9,7025.0,1.2
Maharashtra,Ahilyanagar,APMC Sangamner,chickpea,2024,10,6718.6,2.5
Maharashtra,Ahilyanagar,APMC Sangamner,chickpea,2025,1,4941.0,
Maharashtra,Ahilyanagar,APMC Sangamner,chickpea,2025,2,5191.5,
Maharashtra,Ahilyanagar,APMC Sangamner,chickpea,2025,3,4984.26,3.1
Maharashtra,Ahilyanagar,APMC Sangamner,chickpea,2025,4,5284.0,0.3
Maharashtra,Ahilyanagar,APMC Sangamner,chickpea,2025,6,,0.5
Maharashtra,Ahilyanagar,APMC Sangamner,chickpea,2026,3,,2.9
Maharashtra,Ahilyanagar,APMC Sangamner,chickpea,2026,5,,0.2
Maharashtra,Ahilyanagar,APMC Sangamner,cotton,2023,1,7650.0,1.0
Maharashtra,Ahilyanagar,APMC Sangamner,cotton,2023,11,6263.83,188.0
Maharashtra,Ahilyanagar,APMC Sangamner,cotton,2023,12,6265.4,237.0
Maharashtra,Ahilyanagar,APMC Sangamner,cotton,2024,1,6197.04,152.0
Maharashtra,Ahilyanagar,APMC Sangamner,groundnut,2020,12,,7.0
Maharashtra,Ahilyanagar,APMC Sangamner,groundnut,2021,2,4468.67,3.0
Maharashtra,Ahilyanagar,APMC Sangamner,groundnut,2021,6,2553.9,782.0
Maharashtra,Ahilyanagar,APMC Sangamner,groundnut,2021,8,4257.14,35.0
Maharashtra,Ahilyanagar,APMC Sangamner,groundnut,2021,10,3600.0,1.0
Maharashtra,Ahilyanagar,APMC Sangamner,groundnut,2022,5,3001.0,1.0
Maharashtra,Ahilyanagar,APMC Sangamner,groundnut,2022,6,3733.33,6.0
Maharashtra,Ahilyanagar,APMC Sangamner,groundnut,2022,7,4185.19,54.0
Maharashtra,Ahilyanagar,APMC Sangamner,groundnut,2022,8,5166.67,12.0
Maharashtra,Ahilyanagar,APMC Sangamner,groundnut,2022,11,3875.0,1.0
Maharashtra,Ahilyanagar,APMC Sangamner,groundnut,2023,6,3882.5,20.0
Maharashtra,Ahilyanagar,APMC Sangamner,groundnut,2023,7,4525.66,38.0
Maharashtra,Ahilyanagar,APMC Sangamner,groundnut,2023,8,5880.56,18.0
Maharashtra,Ahilyanagar,APMC Sangamner,groundnut,2024,7,5775.53,9.4
Maharashtra,Ahilyanagar,APMC Sangamner,groundnut,2024,8,6864.58,2.4
Maharashtra,Ahilyanagar,APMC Sangamner,groundnut,2025,2,3775.0,0.5
Maharashtra,Ahilyanagar,APMC Sangamner,groundnut,2025,6,3934.72,26.5
Maharashtra,Ahilyanagar,APMC Sangamner,groundnut,2025,7,4972.83,9.2
Maharashtra,Ahilyanagar,APMC Sangamner,onion,2019,2,451.1,7431.0
Maharashtra,Ahilyanagar,APMC Sangamner,onion,2019,4,617.17,20324.0
Maharashtra,Ahilyanagar,APMC Sangamner,onion,2019,6,1002.84,8967.0
Maharashtra,Ahilyanagar,APMC Sangamner,onion,2019,8,1421.92,7434.0
Maharashtra,Ahilyanagar,APMC Sangamner,onion,2019,10,2336.86,1829.0
Maharashtra,Ahilyanagar,APMC Sangamner,onion,2019,12,6185.89,7313.0
Maharashtra,Ahilyanagar,APMC Sangamner,onion,2020,1,2684.29,10352.0
Maharashtra,Ahilyanagar,APMC Sangamner,onion,2020,2,1626.21,20187.0
Maharashtra,Ahilyanagar,APMC Sangamner,onion,2020,3,1277.86,13996.0
Maharashtra,Ahilyanagar,APMC Sangamner,onion,2020,4,725.0,663.0
Maharashtra,Ahilyanagar,APMC Sangamner,onion,2020,5,602.35,3990.0
Maharashtra,Ahilyanagar,APMC Sangamner,onion,2020,6,621.88,16471.0
Maharashtra,Ahilyanagar,APMC Sangamner,onion,2020,7,612.11,5254.0
Maharashtra,Ahilyanagar,APMC Sangamner,onion,2020,8,930.04,7654.0
Maharashtra,Ahilyanagar,APMC Sangamner,onion,2020,9,1716.01,9040.0
Maharashtra,Ahilyanagar,APMC Sangamner,onion,2020,10,2458.8,1506.0
Maharashtra,Ahilyanagar,APMC Sangamner,onion,2020,11,2608.51,2144.0
Maharashtra,Ahilyanagar,APMC Sangamner,onion,2020,12,1865.33,8467.0
Maharashtra,Ahilyanagar,APMC Sangamner,onion,2021,1,1823.87,8090.0
Maharashtra,Ahilyanagar,APMC Sangamner,onion,2021,2,2237.3,8327.0
Maharashtra,Ahilyanagar,APMC Sangamner,onion,2021,3,1145.23,9797.0
Maharashtra,Ahilyanagar,APMC Sangamner,onion,2021,4,777.5,14872.0
Maharashtra,Ahilyanagar,APMC Sangamner,onion,2021,5,858.52,7665.0
Maharashtra,Ahilyanagar,APMC Sangamner,onion,2021,6,1359.01,10999.0
Maharashtra,Ahilyanagar,APMC Sangamner,onion,2021,7,1273.71,7614.0
Maharashtra,Ahilyanagar,APMC Sangamner,onion,2021,8,1215.87,7725.0
Maharashtra,Ahilyanagar,APMC Sangamner,onion,2021,9,1255.61,6752.0
Maharashtra,Ahilyanagar,APMC Sangamner,onion,2021,10,1998.97,7358.0
Maharashtra,Ahilyanagar,APMC Sangamner,onion,2021,11,1634.15,11079.0
Maharashtra,Ahilyanagar,APMC Sangamner,onion,2021,12,1652.45,18724.0
Maharashtra,Ahilyanagar,APMC Sangamner,onion,2022,1,1726.55,12037.0
Maharashtra,Ahilyanagar,APMC Sangamner,onion,2022,2,1737.92,12481.0
Maharashtra,Ahilyanagar,APMC Sangamner,onion,2022,3,999.77,23424.0
Maharashtra,Ahilyanagar,APMC Sangamner,onion,2022,4,733.35,15304.0
Maharashtra,Ahilyanagar,APMC Sangamner,onion,2022,5,883.23,17981.0
Maharashtra,Ahilyanagar,APMC Sangamner,onion,2022,6,1140.66,11695.0
Maharashtra,Ahilyanagar,APMC Sangamner,onion,2022,7,1172.75,
Maharashtra,Ahilyanagar,APMC Sangamner,onion,2022,8,1115.26,
Maharashtra,Ahilyanagar,APMC Sangamner,onion,2022,9,1214.25,4351.0
Maharashtra,Ahilyanagar,APMC Sangamner,onion,2022,10,1658.53,5650.0
Maharashtra,Ahilyanagar,APMC Sangamner,onion,2022,11,1640.23,7426.0
Maharashtra,Ahilyanagar,APMC Sangamner,onion,2022,12,1177.22,7811.0
Maharashtra,Ahilyanagar,APMC Sangamner,onion,2023,1,1141.99,
Maharashtra,Ahilyanagar,APMC Sangamner,onion,2023,2,880.78,
Maharashtra,Ahilyanagar,APMC Sangamner,onion,2023,3,782.13,27858.0
Maharashtra,Ahilyanagar,APMC Sangamner,onion,2023,4,627.34,13134.0
Maharashtra,Ahilyanagar,APMC Sangamner,onion,2023,5,645.25,24293.0
Maharashtra,Ahilyanagar,APMC Sangamner,onion,2023,6,895.39,21671.0
Maharashtra,Ahilyanagar,APMC Sangamner,onion,2023,9,1446.66,
Maharashtra,Ahilyanagar,APMC Sangamner,onion,2023,10,2157.27,
Maharashtra,Ahilyanagar,APMC Sangamner,onion,2024,10,,13170.0
Maharashtra,Ahilyanagar,APMC Sangamner,onion,2024,12,,23894.0
Maharashtra,Ahilyanagar,APMC Sangamner,onion,2025,2,,16731.1
Maharashtra,Ahilyanagar,APMC Sangamner,onion,2025,4,,13051.0
Maharashtra,Ahilyanagar,APMC Sangamner,onion,2025,6,1119.83,13149.2
Maharashtra,Ahilyanagar,APMC Sangamner,onion,2025,8,1023.49,8721.2
Maharashtra,Ahilyanagar,APMC Sangamner,onion,2025,9,928.56,10845.3
Maharashtra,Ahilyanagar,APMC Sangamner,onion,2025,10,,7926.9
Maharashtra,Ahilyanagar,APMC Sangamner,onion,2025,11,,12405.9
Maharashtra,Ahilyanagar,APMC Sangamner,onion,2025,12,,21684.2
Maharashtra,Ahilyanagar,APMC Sangamner,onion,2026,1,,25220.2
Maharashtra,Ahilyanagar,APMC Sangamner,onion,2026,2,,21986.6
Maharashtra,Ahilyanagar,APMC Sangamner,onion,2026,3,,15103.1
Maharashtra,Ahilyanagar,APMC Sangamner,onion,2026,4,,14343.7
Maharashtra,Ahilyanagar,APMC Sangamner,onion,2026,5,830.86,19782.3
Maharashtra,Ahilyanagar,APMC Sangamner,onion,2026,6,1220.06,13093.9
Maharashtra,Ahilyanagar,APMC Sangamner,onion,2026,7,1508.94,11422.8
Maharashtra,Ahilyanagar,APMC Sangamner,onion,2026,8,2235.25,7448.5
Maharashtra,Ahilyanagar,APMC Sangamner,onion,2026,9,3014.34,5711.5
Maharashtra,Ahilyanagar,APMC Sangamner,pearl_millet,2019,2,2026.4,5.0
Maharashtra,Ahilyanagar,APMC Sangamner,pearl_millet,2019,4,2117.67,12.0
Maharashtra,Ahilyanagar,APMC Sangamner,pearl_millet,2019,6,2131.07,15.0
Maharashtra,Ahilyanagar,APMC Sangamner,pearl_millet,2019,8,2110.88,33.0
Maharashtra,Ahilyanagar,APMC Sangamner,pearl_millet,2019,10,1843.64,113.0
Maharashtra,Ahilyanagar,APMC Sangamner,pearl_millet,2019,12,1931.86,117.0
Maharashtra,Ahilyanagar,APMC Sangamner,pearl_millet,2020,1,1993.69,106.0
Maharashtra,Ahilyanagar,APMC Sangamner,pearl_millet,2020,2,1803.51,101.0
Maharashtra,Ahilyanagar,APMC Sangamner,pearl_millet,2020,3,1732.27,22.0
Maharashtra,Ahilyanagar,APMC Sangamner,pearl_millet,2020,5,1475.0,5.0
Maharashtra,Ahilyanagar,APMC Sangamner,pearl_millet,2020,6,1297.27,22.0
Maharashtra,Ahilyanagar,APMC Sangamner,pearl_millet,2020,7,1267.46,24.0
Maharashtra,Ahilyanagar,APMC Sangamner,pearl_millet,2020,8,1081.87,15.0
Maharashtra,Ahilyanagar,APMC Sangamner,pearl_millet,2020,9,1120.95,59.0
Maharashtra,Ahilyanagar,APMC Sangamner,pearl_millet,2020,10,1151.0,11.0
Maharashtra,Ahilyanagar,APMC Sangamner,pearl_millet,2020,11,1352.67,30.0
Maharashtra,Ahilyanagar,APMC Sangamner,pearl_millet,2020,12,1340.84,95.0
Maharashtra,Ahilyanagar,APMC Sangamner,pearl_millet,2021,1,1278.75,52.0
Maharashtra,Ahilyanagar,APMC Sangamner,pearl_millet,2021,2,1264.34,50.0
Maharashtra,Ahilyanagar,APMC Sangamner,pearl_millet,2021,3,1257.02,
Maharashtra,Ahilyanagar,APMC Sangamner,pearl_millet,2021,4,1244.0,5.0
Maharashtra,Ahilyanagar,APMC Sangamner,pearl_millet,2021,5,1292.0,1.0
Maharashtra,Ahilyanagar,APMC Sangamner,pearl_millet,2021,6,1420.7,20.0
Maharashtra,Ahilyanagar,APMC Sangamner,pearl_millet,2021,7,1596.33,18.0
Maharashtra,Ahilyanagar,APMC Sangamner,pearl_millet,2021,8,1650.2,10.0
Maharashtra,Ahilyanagar,APMC Sangamner,pearl_millet,2021,9,1695.17,12.0
Maharashtra,Ahilyanagar,APMC Sangamner,pearl_millet,2021,10,1615.78,18.0
Maharashtra,Ahilyanagar,APMC Sangamner,pearl_millet,2021,11,1790.33,3.0
Maharashtra,Ahilyanagar,APMC Sangamner,pearl_millet,2021,12,1835.64,11.0
Maharashtra,Ahilyanagar,APMC Sangamner,pearl_millet,2022,1,2103.75,4.0
Maharashtra,Ahilyanagar,APMC Sangamner,pearl_millet,2022,2,1948.78,9.0
Maharashtra,Ahilyanagar,APMC Sangamner,pearl_millet,2022,3,1762.0,1.0
Maharashtra,Ahilyanagar,APMC Sangamner,pearl_millet,2022,4,2263.33,3.0
Maharashtra,Ahilyanagar,APMC Sangamner,pearl_millet,2022,6,2325.67,3.0
Maharashtra,Ahilyanagar,APMC Sangamner,pearl_millet,2022,9,2321.67,3.0
Maharashtra,Ahilyanagar,APMC Sangamner,pearl_millet,2023,5,2485.0,3.0
Maharashtra,Ahilyanagar,APMC Sangamner,pearl_millet,2023,6,2232.5,2.0
Maharashtra,Ahilyanagar,APMC Sangamner,pearl_millet,2023,11,2538.0,1.0
Maharashtra,Ahilyanagar,APMC Sangamner,pearl_millet,2024,2,2487.0,2.0
Maharashtra,Ahilyanagar,APMC Sangamner,pearl_millet,2024,4,2450.0,0.3
Maharashtra,Ahilyanagar,APMC Sangamner,pearl_millet,2024,10,2524.84,12.3
Maharashtra,Ahilyanagar,APMC Sangamner,pearl_millet,2024,11,,2.2
Maharashtra,Ahilyanagar,APMC Sangamner,pearl_millet,2024,12,3324.0,0.1
Maharashtra,Ahilyanagar,APMC Sangamner,pearl_millet,2025,1,,0.1
Maharashtra,Ahilyanagar,APMC Sangamner,pearl_millet,2025,2,2824.67,0.6
Maharashtra,Ahilyanagar,APMC Sangamner,pearl_millet,2025,3,2500.0,0.6
Maharashtra,Ahilyanagar,APMC Sangamner,pearl_millet,2025,4,2367.0,0.6
Maharashtra,Ahilyanagar,APMC Sangamner,pearl_millet,2025,5,2187.61,2.3
Maharashtra,Ahilyanagar,APMC Sangamner,pearl_millet,2025,12,2375.0,1.2
Maharashtra,Ahilyanagar,APMC Sangamner,pearl_millet,2026,5,1500.0,0.3
Maharashtra,Ahilyanagar,APMC Sangamner,pigeon_pea,2020,6,3900.0,1.0
Maharashtra,Ahilyanagar,APMC Sangamner,pigeon_pea,2020,11,5006.0,1.0
Maharashtra,Ahilyanagar,APMC Sangamner,pigeon_pea,2021,1,5132.0,3.0
Maharashtra,Ahilyanagar,APMC Sangamner,pigeon_pea,2021,2,6294.25,4.0
Maharashtra,Ahilyanagar,APMC Sangamner,pigeon_pea,2021,3,6372.67,3.0
Maharashtra,Ahilyanagar,APMC Sangamner,pigeon_pea,2021,4,5638.0,1.0
Maharashtra,Ahilyanagar,APMC Sangamner,pigeon_pea,2021,6,5480.67,3.0
Maharashtra,Ahilyanagar,APMC Sangamner,pigeon_pea,2021,7,5472.5,2.0
Maharashtra,Ahilyanagar,APMC Sangamner,pigeon_pea,2022,2,5238.0,2.0
Maharashtra,Ahilyanagar,APMC Sangamner,pigeon_pea,2022,3,5000.0,2.0
Maharashtra,Ahilyanagar,APMC Sangamner,pigeon_pea,2024,1,8312.0,2.0
Maharashtra,Ahilyanagar,APMC Sangamner,pigeon_pea,2024,3,7140.0,0.5
Maharashtra,Ahilyanagar,APMC Sangamner,pigeon_pea,2026,3,,0.3
Maharashtra,Ahilyanagar,APMC Sangamner,sorghum,2019,2,2025.0,1.0
Maharashtra,Ahilyanagar,APMC Sangamner,sorghum,2019,4,2366.73,11.0
Maharashtra,Ahilyanagar,APMC Sangamner,sorghum,2019,6,2229.5,4.0
Maharashtra,Ahilyanagar,APMC Sangamner,sorghum,2019,8,2386.5,2.0
Maharashtra,Ahilyanagar,APMC Sangamner,sorghum,2019,10,2345.0,1.0
Maharashtra,Ahilyanagar,APMC Sangamner,sorghum,2019,12,2076.8,5.0
Maharashtra,Ahilyanagar,APMC Sangamner,sorghum,2020,1,2808.5,4.0
Maharashtra,Ahilyanagar,APMC Sangamner,sorghum,2020,2,1925.0,1.0
Maharashtra,Ahilyanagar,APMC Sangamner,sorghum,2020,3,2050.0,1.0
Maharashtra,Ahilyanagar,APMC Sangamner,sorghum,2020,5,1775.0,1.0
Maharashtra,Ahilyanagar,APMC Sangamner,sorghum,2020,6,1853.67,3.0
Maharashtra,Ahilyanagar,APMC Sangamner,sorghum,2020,7,1963.0,2.0
Maharashtra,Ahilyanagar,APMC Sangamner,sorghum,2020,9,2200.0,1.0
Maharashtra,Ahilyanagar,APMC Sangamner,sorghum,2020,10,1749.0,1.0
Maharashtra,Ahilyanagar,APMC Sangamner,sorghum,2020,11,1100.0,1.0
Maharashtra,Ahilyanagar,APMC Sangamner,sorghum,2021,2,2651.0,1.0
Maharashtra,Ahilyanagar,APMC Sangamner,sorghum,2021,3,2587.6,5.0
Maharashtra,Ahilyanagar,APMC Sangamner,sorghum,2021,4,2022.0,2.0
Maharashtra,Ahilyanagar,APMC Sangamner,sorghum,2021,6,1817.5,2.0
Maharashtra,Ahilyanagar,APMC Sangamner,sorghum,2021,7,2551.0,1.0
Maharashtra,Ahilyanagar,APMC Sangamner,sorghum,2021,9,1949.0,3.0
Maharashtra,Ahilyanagar,APMC Sangamner,sorghum,2021,10,1300.0,1.0
Maharashtra,Ahilyanagar,APMC Sangamner,sorghum,2021,11,1350.0,4.0
Maharashtra,Ahilyanagar,APMC Sangamner,sorghum,2022,3,2042.25,4.0
Maharashtra,Ahilyanagar,APMC Sangamner,sorghum,2022,4,2005.33,3.0
Maharashtra,Ahilyanagar,APMC Sangamner,sorghum,2022,5,2000.0,
Maharashtra,Ahilyanagar,APMC Sangamner,sorghum,2022,6,2100.0,4.0
Maharashtra,Ahilyanagar,APMC Sangamner,sorghum,2022,7,1853.0,2.0
Maharashtra,Ahilyanagar,APMC Sangamner,sorghum,2022,8,1925.0,2.0
Maharashtra,Ahilyanagar,APMC Sangamner,sorghum,2022,9,1850.0,1.0
Maharashtra,Ahilyanagar,APMC Sangamner,sorghum,2023,3,2120.0,
Maharashtra,Ahilyanagar,APMC Sangamner,sorghum,2023,5,2438.0,1.0
Maharashtra,Ahilyanagar,APMC Sangamner,sorghum,2024,1,3099.0,
Maharashtra,Ahilyanagar,APMC Sangamner,sorghum,2024,2,2129.8,15.0
Maharashtra,Ahilyanagar,APMC Sangamner,sorghum,2024,3,2130.61,
Maharashtra,Ahilyanagar,APMC Sangamner,sorghum,2024,4,2151.36,2.5
Maharashtra,Ahilyanagar,APMC Sangamner,sorghum,2024,6,2284.69,7.5
Maharashtra,Ahilyanagar,APMC Sangamner,sorghum,2024,8,2030.79,1.9
Maharashtra,Ahilyanagar,APMC Sangamner,sorghum,2024,10,2137.72,4.6
Maharashtra,Ahilyanagar,APMC Sangamner,sorghum,2024,12,2497.22,0.9
Maharashtra,Ahilyanagar,APMC Sangamner,sorghum,2025,1,,1.0
Maharashtra,Ahilyanagar,APMC Sangamner,sorghum,2025,2,2064.0,1.7
Maharashtra,Ahilyanagar,APMC Sangamner,sorghum,2025,6,2100.0,1.4
Maharashtra,Ahilyanagar,APMC Sangamner,soybean,2019,2,3650.0,1.0
Maharashtra,Ahilyanagar,APMC Sangamner,soybean,2019,4,3231.5,4.0
Maharashtra,Ahilyanagar,APMC Sangamner,soybean,2019,6,3367.86,7.0
Maharashtra,Ahilyanagar,APMC Sangamner,soybean,2019,10,3350.0,1.0
Maharashtra,Ahilyanagar,APMC Sangamner,soybean,2019,12,2833.33,6.0
Maharashtra,Ahilyanagar,APMC Sangamner,soybean,2020,1,3950.0,1.0
Maharashtra,Ahilyanagar,APMC Sangamner,soybean,2020,2,3718.18,11.0
Maharashtra,Ahilyanagar,APMC Sangamner,soybean,2020,3,3700.0,1.0
Maharashtra,Ahilyanagar,APMC Sangamner,soybean,2020,6,2912.0,3.0
Maharashtra,Ahilyanagar,APMC Sangamner,soybean,2020,7,3375.0,1.0
Maharashtra,Ahilyanagar,APMC Sangamner,soybean,2020,9,3450.0,2.0
Maharashtra,Ahilyanagar,APMC Sangamner,soybean,2020,10,3434.0,2.0
Maharashtra,Ahilyanagar,APMC Sangamner,soybean,2020,11,4183.33,6.0
Maharashtra,Ahilyanagar,APMC Sangamner,soybean,2020,12,4154.9,30.0
Maharashtra,Ahilyanagar,APMC Sangamner,soybean,2021,1,4319.89,9.0
Maharashtra,Ahilyanagar,APMC Sangamner,soybean,2021,2,4288.56,9.0
Maharashtra,Ahilyanagar,APMC Sangamner,soybean,2021,3,5285.43,7.0
Maharashtra,Ahilyanagar,APMC Sangamner,soybean,2021,4,6855.67,3.0
Maharashtra,Ahilyanagar,APMC Sangamner,soybean,2021,6,6116.0,4.0
Maharashtra,Ahilyanagar,APMC Sangamner,soybean,2021,7,6515.0,1.0
Maharashtra,Ahilyanagar,APMC Sangamner,soybean,2021,8,8037.5,2.0
Maharashtra,Ahilyanagar,APMC Sangamner,soybean,2021,9,7499.0,1.0
Maharashtra,Ahilyanagar,APMC Sangamner,soybean,2021,10,4663.95,19.0
Maharashtra,Ahilyanagar,APMC Sangamner,soybean,2021,11,5461.75,4.0
Maharashtra,Ahilyanagar,APMC Sangamner,soybean,2021,12,5968.2,5.0
Maharashtra,Ahilyanagar,APMC Sangamner,soybean,2022,1,6241.94,16.0
Maharashtra,Ahilyanagar,APMC Sangamner,soybean,2022,2,6299.18,11.0
Maharashtra,Ahilyanagar,APMC Sangamner,soybean,2022,3,6996.27,11.0
Maharashtra,Ahilyanagar,APMC Sangamner,soybean,2022,4,7205.14,7.0
Maharashtra,Ahilyanagar,APMC Sangamner,soybean,2022,5,6491.67,6.0
Maharashtra,Ahilyanagar,APMC Sangamner,soybean,2022,6,5968.75,4.0
Maharashtra,Ahilyanagar,APMC Sangamner,soybean,2022,7,5893.67,6.0
Maharashtra,Ahilyanagar,APMC Sangamner,soybean,2022,9,5101.0,1.0
Maharashtra,Ahilyanagar,APMC Sangamner,soybean,2022,10,4393.25,4.0
Maharashtra,Ahilyanagar,APMC Sangamner,soybean,2022,11,5316.23,13.0
Maharashtra,Ahilyanagar,APMC Sangamner,soybean,2022,12,5293.0,3.0
Maharashtra,Ahilyanagar,APMC Sangamner,soybean,2023,1,4950.0,1.0
Maharashtra,Ahilyanagar,APMC Sangamner,soybean,2023,2,5153.29,7.0
Maharashtra,Ahilyanagar,APMC Sangamner,soybean,2023,3,5050.0,1.0
Maharashtra,Ahilyanagar,APMC Sangamner,soybean,2023,5,4150.0,5.0
Maharashtra,Ahilyanagar,APMC Sangamner,soybean,2023,6,4433.33,6.0
Maharashtra,Ahilyanagar,APMC Sangamner,soybean,2023,11,4925.14,7.0
Maharashtra,Ahilyanagar,APMC Sangamner,soybean,2023,12,4628.5,6.0
Maharashtra,Ahilyanagar,APMC Sangamner,soybean,2024,1,4426.5,4.0
Maharashtra,Ahilyanagar,APMC Sangamner,soybean,2024,2,4366.0,3.0
Maharashtra,Ahilyanagar,APMC Sangamner,soybean,2024,3,3977.64,7.8
Maharashtra,Ahilyanagar,APMC Sangamner,soybean,2024,4,4500.0,0.5
Maharashtra,Ahilyanagar,APMC Sangamner,soybean,2024,5,4324.2,12.5
Maharashtra,Ahilyanagar,APMC Sangamner,soybean,2024,6,4163.0,2.1
Maharashtra,Ahilyanagar,APMC Sangamner,soybean,2024,7,4275.0,3.6
Maharashtra,Ahilyanagar,APMC Sangamner,soybean,2024,8,4069.57,11.5
Maharashtra,Ahilyanagar,APMC Sangamner,soybean,2024,11,4200.0,
Maharashtra,Ahilyanagar,APMC Sangamner,soybean,2024,12,4100.0,
Maharashtra,Ahilyanagar,APMC Sangamner,soybean,2025,1,4110.0,1.5
Maharashtra,Ahilyanagar,APMC Sangamner,soybean,2025,4,,3.5
Maharashtra,Ahilyanagar,APMC Sangamner,soybean,2025,5,4100.0,
Maharashtra,Ahilyanagar,APMC Sangamner,soybean,2025,6,4086.0,1.5
Maharashtra,Ahilyanagar,APMC Sangamner,soybean,2026,3,,1.0
Maharashtra,Ahilyanagar,APMC Sangamner,soybean,2026,4,,0.9
Maharashtra,Ahilyanagar,APMC Sangamner,wheat,2019,2,2124.55,11.0
Maharashtra,Ahilyanagar,APMC Sangamner,wheat,2019,4,1857.25,20.0
Maharashtra,Ahilyanagar,APMC Sangamner,wheat,2019,6,2019.35,17.0
Maharashtra,Ahilyanagar,APMC Sangamner,wheat,2019,8,2160.5,2.0
Maharashtra,Ahilyanagar,APMC Sangamner,wheat,2019,10,2161.47,17.0
Maharashtra,Ahilyanagar,APMC Sangamner,wheat,2019,12,2106.0,93.0
Maharashtra,Ahilyanagar,APMC Sangamner,wheat,2020,1,2144.27,44.0
Maharashtra,Ahilyanagar,APMC Sangamner,wheat,2020,2,1972.21,28.0
Maharashtra,Ahilyanagar,APMC Sangamner,wheat,2020,3,1788.79,38.0
Maharashtra,Ahilyanagar,APMC Sangamner,wheat,2020,5,1656.08,12.0
Maharashtra,Ahilyanagar,APMC Sangamner,wheat,2020,6,1753.83,23.0
Maharashtra,Ahilyanagar,APMC Sangamner,wheat,2020,7,1672.91,33.0
Maharashtra,Ahilyanagar,APMC Sangamner,wheat,2020,8,1628.53,19.0
Maharashtra,Ahilyanagar,APMC Sangamner,wheat,2020,9,1487.5,52.0
Maharashtra,Ahilyanagar,APMC Sangamner,wheat,2020,10,1453.38,16.0
Maharashtra,Ahilyanagar,APMC Sangamner,wheat,2020,11,1622.06,33.0
Maharashtra,Ahilyanagar,APMC Sangamner,wheat,2020,12,1595.62,117.0
Maharashtra,Ahilyanagar,APMC Sangamner,wheat,2021,1,1693.58,121.0
Maharashtra,Ahilyanagar,APMC Sangamner,wheat,2021,2,1724.16,94.0
Maharashtra,Ahilyanagar,APMC Sangamner,wheat,2021,3,1729.66,67.0
Maharashtra,Ahilyanagar,APMC Sangamner,wheat,2021,4,1749.73,22.0
Maharashtra,Ahilyanagar,APMC Sangamner,wheat,2021,5,1650.0,1.0
Maharashtra,Ahilyanagar,APMC Sangamner,wheat,2021,6,1738.25,16.0
Maharashtra,Ahilyanagar,APMC Sangamner,wheat,2021,7,1732.42,12.0
Maharashtra,Ahilyanagar,APMC Sangamner,wheat,2021,8,1844.36,11.0
Maharashtra,Ahilyanagar,APMC Sangamner,wheat,2021,9,1962.93,15.0
Maharashtra,Ahilyanagar,APMC Sangamner,wheat,2021,10,1890.63,27.0
Maharashtra,Ahilyanagar,APMC Sangamner,wheat,2021,11,1854.21,19.0
Maharashtra,Ahilyanagar,APMC Sangamner,wheat,2021,12,2005.16,25.0
Maharashtra,Ahilyanagar,APMC Sangamner,wheat,2022,1,2070.0,20.0
Maharashtra,Ahilyanagar,APMC Sangamner,wheat,2022,2,2010.61,23.0
Maharashtra,Ahilyanagar,APMC Sangamner,wheat,2022,3,2185.85,20.0
Maharashtra,Ahilyanagar,APMC Sangamner,wheat,2022,4,2231.08,12.0
Maharashtra,Ahilyanagar,APMC Sangamner,wheat,2022,5,2066.0,5.0
Maharashtra,Ahilyanagar,APMC Sangamner,wheat,2022,6,2327.0,8.0
Maharashtra,Ahilyanagar,APMC Sangamner,wheat,2022,7,2202.0,2.0
Maharashtra,Ahilyanagar,APMC Sangamner,wheat,2022,9,2310.73,11.0
Maharashtra,Ahilyanagar,APMC Sangamner,wheat,2022,10,2477.0,3.0
Maharashtra,Ahilyanagar,APMC Sangamner,wheat,2022,11,2908.75,4.0
Maharashtra,Ahilyanagar,APMC Sangamner,wheat,2022,12,2776.71,17.0
Maharashtra,Ahilyanagar,APMC Sangamner,wheat,2023,1,2642.0,2.0
Maharashtra,Ahilyanagar,APMC Sangamner,wheat,2023,3,2308.5,6.0
Maharashtra,Ahilyanagar,APMC Sangamner,wheat,2023,4,2232.86,7.0
Maharashtra,Ahilyanagar,APMC Sangamner,wheat,2023,5,2336.86,7.0
Maharashtra,Ahilyanagar,APMC Sangamner,wheat,2023,6,2355.8,5.0
Maharashtra,Ahilyanagar,APMC Sangamner,wheat,2023,8,2550.0,2.0
Maharashtra,Ahilyanagar,APMC Sangamner,wheat,2023,11,2671.67,12.0
Maharashtra,Ahilyanagar,APMC Sangamner,wheat,2023,12,2728.19,36.0
Maharashtra,Ahilyanagar,APMC Sangamner,wheat,2024,1,2615.56,18.0
Maharashtra,Ahilyanagar,APMC Sangamner,wheat,2024,2,2571.8,10.0
Maharashtra,Ahilyanagar,APMC Sangamner,wheat,2024,3,2462.01,
Maharashtra,Ahilyanagar,APMC Sangamner,wheat,2024,4,2417.0,4.0
Maharashtra,Ahilyanagar,APMC Sangamner,wheat,2024,5,,5.5
Maharashtra,Ahilyanagar,APMC Sangamner,wheat,2024,6,2801.54,7.4
Maharashtra,Ahilyanagar,APMC Sangamner,wheat,2024,7,2628.93,2.8
Maharashtra,Ahilyanagar,APMC Sangamner,wheat,2024,8,2796.71,1.4
Maharashtra,Ahilyanagar,APMC Sangamner,wheat,2024,9,2806.43,3.5
Maharashtra,Ahilyanagar,APMC Sangamner,wheat,2024,10,2811.64,9.4
Maharashtra,Ahilyanagar,APMC Sangamner,wheat,2024,11,2960.15,
Maharashtra,Ahilyanagar,APMC Sangamner,wheat,2024,12,2920.35,4.8
Maharashtra,Ahilyanagar,APMC Sangamner,wheat,2025,1,,9.7
Maharashtra,Ahilyanagar,APMC Sangamner,wheat,2025,2,2694.0,4.8
Maharashtra,Ahilyanagar,APMC Sangamner,wheat,2025,3,,9.6
Maharashtra,Ahilyanagar,APMC Sangamner,wheat,2025,4,2534.0,4.9
Maharashtra,Ahilyanagar,APMC Sangamner,wheat,2025,5,2535.37,4.1
Maharashtra,Ahilyanagar,APMC Sangamner,wheat,2025,6,2587.75,2.0
Maharashtra,Ahilyanagar,APMC Sangamner,wheat,2025,12,2477.42,6.6
Maharashtra,Ahilyanagar,APMC Sangamner,wheat,2026,2,2250.0,0.9
Maharashtra,Ahilyanagar,APMC Sangamner,wheat,2026,3,2346.43,4.2
Maharashtra,Ahilyanagar,APMC Sangamner,wheat,2026,5,2207.0,1.8
Maharashtra,Ahilyanagar,APMC Shevgaon,chickpea,2019,2,4324.53,53.0
Maharashtra,Ahilyanagar,APMC Shevgaon,chickpea,2019,4,4051.11,45.0
Maharashtra,Ahilyanagar,APMC Shevgaon,chickpea,2019,6,4021.15,26.0
Maharashtra,Ahilyanagar,APMC Shevgaon,chickpea,2019,8,3762.5,8.0
Maharashtra,Ahilyanagar,APMC Shevgaon,chickpea,2019,10,3570.83,12.0
Maharashtra,Ahilyanagar,APMC Shevgaon,chickpea,2019,12,3355.56,9.0
Maharashtra,Ahilyanagar,APMC Shevgaon,chickpea,2020,2,3707.45,47.0
Maharashtra,Ahilyanagar,APMC Shevgaon,chickpea,2020,3,3553.37,52.0
Maharashtra,Ahilyanagar,APMC Shevgaon,chickpea,2020,4,3833.33,6.0
Maharashtra,Ahilyanagar,APMC Shevgaon,chickpea,2020,5,3893.75,40.0
Maharashtra,Ahilyanagar,APMC Shevgaon,chickpea,2020,6,3891.43,35.0
Maharashtra,Ahilyanagar,APMC Shevgaon,chickpea,2020,7,3761.9,21.0
Maharashtra,Ahilyanagar,APMC Shevgaon,chickpea,2020,8,3850.0,10.0
Maharashtra,Ahilyanagar,APMC Shevgaon,chickpea,2020,9,4325.0,8.0
Maharashtra,Ahilyanagar,APMC Shevgaon,chickpea,2020,10,3786.21,29.0
Maharashtra,Ahilyanagar,APMC Shevgaon,chickpea,2020,11,4117.71,24.0
Maharashtra,Ahilyanagar,APMC Shevgaon,chickpea,2020,12,3835.71,7.0
Maharashtra,Ahilyanagar,APMC Shevgaon,chickpea,2021,2,4575.0,4.0
Maharashtra,Ahilyanagar,APMC Shevgaon,chickpea,2021,3,4694.71,52.0
Maharashtra,Ahilyanagar,APMC Shevgaon,chickpea,2021,4,4874.38,80.0
Maharashtra,Ahilyanagar,APMC Shevgaon,chickpea,2021,5,4885.71,7.0
Maharashtra,Ahilyanagar,APMC Shevgaon,chickpea,2021,6,4499.56,113.0
Maharashtra,Ahilyanagar,APMC Shevgaon,chickpea,2021,7,4380.17,58.0
Maharashtra,Ahilyanagar,APMC Shevgaon,chickpea,2021,8,4557.14,21.0
Maharashtra,Ahilyanagar,APMC Shevgaon,chickpea,2021,9,4500.0,6.0
Maharashtra,Ahilyanagar,APMC Shevgaon,chickpea,2021,10,4713.46,26.0
Maharashtra,Ahilyanagar,APMC Shevgaon,chickpea,2021,11,4813.33,15.0
Maharashtra,Ahilyanagar,APMC Shevgaon,chickpea,2021,12,5000.0,5.0
Maharashtra,Ahilyanagar,APMC Shevgaon,chickpea,2022,1,5100.0,1.0
Maharashtra,Ahilyanagar,APMC Shevgaon,chickpea,2022,2,4592.86,21.0
Maharashtra,Ahilyanagar,APMC Shevgaon,chickpea,2022,3,4546.01,69.0
Maharashtra,Ahilyanagar,APMC Shevgaon,chickpea,2022,4,4496.43,49.0
Maharashtra,Ahilyanagar,APMC Shevgaon,chickpea,2022,5,4083.33,
Maharashtra,Ahilyanagar,APMC Shevgaon,chickpea,2022,6,4267.71,17.0
Maharashtra,Ahilyanagar,APMC Shevgaon,chickpea,2022,7,4475.0,
Maharashtra,Ahilyanagar,APMC Shevgaon,chickpea,2022,8,4455.56,
Maharashtra,Ahilyanagar,APMC Shevgaon,chickpea,2022,9,4425.0,4.0
Maharashtra,Ahilyanagar,APMC Shevgaon,chickpea,2022,10,4683.33,12.0
Maharashtra,Ahilyanagar,APMC Shevgaon,chickpea,2022,11,4728.57,14.0
Maharashtra,Ahilyanagar,APMC Shevgaon,chickpea,2022,12,3975.0,2.0
Maharashtra,Ahilyanagar,APMC Shevgaon,chickpea,2023,2,4547.55,20.0
Maharashtra,Ahilyanagar,APMC Shevgaon,chickpea,2023,3,4532.14,28.0
Maharashtra,Ahilyanagar,APMC Shevgaon,chickpea,2023,4,4646.77,31.0
Maharashtra,Ahilyanagar,APMC Shevgaon,chickpea,2023,5,4573.21,28.0
Maharashtra,Ahilyanagar,APMC Shevgaon,chickpea,2023,6,4295.0,5.0
Maharashtra,Ahilyanagar,APMC Shevgaon,chickpea,2023,7,4325.71,
Maharashtra,Ahilyanagar,APMC Shevgaon,chickpea,2023,8,4666.67,3.0
Maharashtra,Ahilyanagar,APMC Shevgaon,chickpea,2023,9,4708.33,12.0
Maharashtra,Ahilyanagar,APMC Shevgaon,chickpea,2023,10,4364.29,14.0
Maharashtra,Ahilyanagar,APMC Shevgaon,chickpea,2023,11,4583.33,6.0
Maharashtra,Ahilyanagar,APMC Shevgaon,chickpea,2024,1,4366.67,6.0
Maharashtra,Ahilyanagar,APMC Shevgaon,chickpea,2024,2,5239.47,19.0
Maharashtra,Ahilyanagar,APMC Shevgaon,chickpea,2024,3,5356.37,
Maharashtra,Ahilyanagar,APMC Shevgaon,chickpea,2024,4,5487.28,33.4
Maharashtra,Ahilyanagar,APMC Shevgaon,chickpea,2024,5,5690.88,13.7
Maharashtra,Ahilyanagar,APMC Shevgaon,chickpea,2024,6,5525.32,7.9
Maharashtra,Ahilyanagar,APMC Shevgaon,chickpea,2024,7,5998.02,605.2
Maharashtra,Ahilyanagar,APMC Shevgaon,chickpea,2024,10,4308.55,11.7
Maharashtra,Ahilyanagar,APMC Shevgaon,chickpea,2025,2,5250.68,
Maharashtra,Ahilyanagar,APMC Shevgaon,chickpea,2025,3,5076.84,28.5
Maharashtra,Ahilyanagar,APMC Shevgaon,chickpea,2025,4,5378.72,23.5
Maharashtra,Ahilyanagar,APMC Shevgaon,chickpea,2025,6,,10.4
Maharashtra,Ahilyanagar,APMC Shevgaon,chickpea,2025,8,5800.0,0.3
Maharashtra,Ahilyanagar,APMC Shevgaon,chickpea,2026,3,,11.8
Maharashtra,Ahilyanagar,APMC Shevgaon,chickpea,2026,4,,15.6
Maharashtra,Ahilyanagar,APMC Shevgaon,chickpea,2026,5,,7.5
Maharashtra,Ahilyanagar,APMC Shevgaon,chickpea,2026,6,,4.6
Maharashtra,Ahilyanagar,APMC Shevgaon,chickpea,2026,7,5200.0,0.4
Maharashtra,Ahilyanagar,APMC Shevgaon,chickpea,2026,8,5561.9,2.1
Maharashtra,Ahilyanagar,APMC Shevgaon,chickpea,2026,9,5500.0,0.5
Maharashtra,Ahilyanagar,APMC Shevgaon,cotton,2019,10,4503.62,706.0
Maharashtra,Ahilyanagar,APMC Shevgaon,groundnut,2023,6,4001.0,1.0
Maharashtra,Ahilyanagar,APMC Shevgaon,onion,2019,2,355.2,340.0
Maharashtra,Ahilyanagar,APMC Shevgaon,onion,2019,4,484.29,367.0
Maharashtra,Ahilyanagar,APMC Shevgaon,onion,2019,6,909.95,397.0
Maharashtra,Ahilyanagar,APMC Shevgaon,onion,2019,8,1476.26,271.0
Maharashtra,Ahilyanagar,APMC Shevgaon,onion,2019,10,2179.2,117.0
Maharashtra,Ahilyanagar,APMC Shevgaon,onion,2019,12,3552.06,89.0
Maharashtra,Ahilyanagar,APMC Shevgaon,onion,2020,1,2416.89,152.0
Maharashtra,Ahilyanagar,APMC Shevgaon,onion,2020,2,1277.85,231.0
Maharashtra,Ahilyanagar,APMC Shevgaon,onion,2020,3,1411.32,215.0
Maharashtra,Ahilyanagar,APMC Shevgaon,onion,2020,5,434.02,242.0
Maharashtra,Ahilyanagar,APMC Shevgaon,onion,2020,6,532.97,919.0
Maharashtra,Ahilyanagar,APMC Shevgaon,onion,2020,7,534.38,840.0
Maharashtra,Ahilyanagar,APMC Shevgaon,onion,2020,8,854.11,771.0
Maharashtra,Ahilyanagar,APMC Shevgaon,onion,2020,9,2254.33,546.0
Maharashtra,Ahilyanagar,APMC Shevgaon,onion,2020,10,2527.82,145.0
Maharashtra,Ahilyanagar,APMC Shevgaon,onion,2020,11,2931.64,217.0
Maharashtra,Ahilyanagar,APMC Shevgaon,onion,2020,12,2217.19,349.0
Maharashtra,Ahilyanagar,APMC Shevgaon,onion,2021,1,2197.84,1109.0
Maharashtra,Ahilyanagar,APMC Shevgaon,onion,2021,2,1991.54,926.0
Maharashtra,Ahilyanagar,APMC Shevgaon,onion,2021,5,619.53,692.0
Maharashtra,Ahilyanagar,APMC Shevgaon,onion,2021,6,1562.21,3974.0
Maharashtra,Ahilyanagar,APMC Shevgaon,onion,2021,7,1547.85,5747.0
Maharashtra,Ahilyanagar,APMC Shevgaon,onion,2021,8,1309.61,5835.0
Maharashtra,Ahilyanagar,APMC Shevgaon,onion,2021,9,1272.04,3508.0
Maharashtra,Ahilyanagar,APMC Shevgaon,onion,2021,10,2273.49,1525.0
Maharashtra,Ahilyanagar,APMC Shevgaon,onion,2021,11,1610.97,1234.0
Maharashtra,Ahilyanagar,APMC Shevgaon,onion,2021,12,1733.33,733.0
Maharashtra,Ahilyanagar,APMC Shevgaon,onion,2022,1,1672.09,1953.0
Maharashtra,Ahilyanagar,APMC Shevgaon,onion,2022,2,1466.67,281.0
Maharashtra,Ahilyanagar,APMC Shevgaon,onion,2022,3,896.27,1749.0
Maharashtra,Ahilyanagar,APMC Shevgaon,onion,2022,4,675.98,2104.0
Maharashtra,Ahilyanagar,APMC Shevgaon,onion,2022,5,669.2,2200.0
Maharashtra,Ahilyanagar,APMC Shevgaon,onion,2022,6,1056.13,5373.0
Maharashtra,Ahilyanagar,APMC Shevgaon,onion,2022,7,1065.1,
Maharashtra,Ahilyanagar,APMC Shevgaon,onion,2022,8,1045.35,
Maharashtra,Ahilyanagar,APMC Shevgaon,onion,2022,9,1047.33,3496.0
Maharashtra,Ahilyanagar,APMC Shevgaon,onion,2022,10,1588.03,5356.0
Maharashtra,Ahilyanagar,APMC Shevgaon,onion,2022,11,1673.98,2247.0
Maharashtra,Ahilyanagar,APMC Shevgaon,onion,2022,12,1123.58,2450.0
Maharashtra,Ahilyanagar,APMC Shevgaon,onion,2023,2,564.48,
Maharashtra,Ahilyanagar,APMC Shevgaon,onion,2023,3,584.18,5988.0
Maharashtra,Ahilyanagar,APMC Shevgaon,onion,2023,4,433.33,768.0
Maharashtra,Ahilyanagar,APMC Shevgaon,onion,2023,5,423.1,2481.0
Maharashtra,Ahilyanagar,APMC Shevgaon,onion,2023,6,636.83,2216.0
Maharashtra,Ahilyanagar,APMC Shevgaon,onion,2023,9,1596.45,
Maharashtra,Ahilyanagar,APMC Shevgaon,onion,2023,10,1618.96,
Maharashtra,Ahilyanagar,APMC Shevgaon,onion,2024,10,,748.3
Maharashtra,Ahilyanagar,APMC Shevgaon,onion,2024,12,,2047.9
Maharashtra,Ahilyanagar,APMC Shevgaon,onion,2025,2,,215.0
Maharashtra,Ahilyanagar,APMC Shevgaon,onion,2025,4,,100.0
Maharashtra,Ahilyanagar,APMC Shevgaon,onion,2025,6,1070.89,2716.3
Maharashtra,Ahilyanagar,APMC Shevgaon,onion,2025,8,1086.39,5899.8
Maharashtra,Ahilyanagar,APMC Shevgaon,onion,2025,9,867.69,5262.6
Maharashtra,Ahilyanagar,APMC Shevgaon,onion,2025,10,,2487.4
Maharashtra,Ahilyanagar,APMC Shevgaon,onion,2025,11,,5827.0
Maharashtra,Ahilyanagar,APMC Shevgaon,onion,2025,12,,1930.0
Maharashtra,Ahilyanagar,APMC Shevgaon,onion,2026,1,,3820.1
Maharashtra,Ahilyanagar,APMC Shevgaon,onion,2026,2,,2846.3
Maharashtra,Ahilyanagar,APMC Shevgaon,onion,2026,3,,1385.6
Maharashtra,Ahilyanagar,APMC Shevgaon,onion,2026,4,,1359.0
Maharashtra,Ahilyanagar,APMC Shevgaon,onion,2026,5,760.64,2462.0
Maharashtra,Ahilyanagar,APMC Shevgaon,onion,2026,6,1291.21,5856.1
Maharashtra,Ahilyanagar,APMC Shevgaon,onion,2026,7,1727.44,5630.7
Maharashtra,Ahilyanagar,APMC Shevgaon,onion,2026,8,2635.91,3542.7
Maharashtra,Ahilyanagar,APMC Shevgaon,onion,2026,9,3638.86,2216.6
Maharashtra,Ahilyanagar,APMC Shevgaon,pearl_millet,2019,2,2087.5,12.0
Maharashtra,Ahilyanagar,APMC Shevgaon,pearl_millet,2019,4,2175.0,6.0
Maharashtra,Ahilyanagar,APMC Shevgaon,pearl_millet,2019,6,2125.0,4.0
Maharashtra,Ahilyanagar,APMC Shevgaon,pearl_millet,2019,8,2271.15,13.0
Maharashtra,Ahilyanagar,APMC Shevgaon,pearl_millet,2019,10,1514.29,51.0
Maharashtra,Ahilyanagar,APMC Shevgaon,pearl_millet,2019,12,1636.32,223.0
Maharashtra,Ahilyanagar,APMC Shevgaon,pearl_millet,2020,1,1648.11,119.0
Maharashtra,Ahilyanagar,APMC Shevgaon,pearl_millet,2020,2,1473.3,88.0
Maharashtra,Ahilyanagar,APMC Shevgaon,pearl_millet,2020,3,1408.33,36.0
Maharashtra,Ahilyanagar,APMC Shevgaon,pearl_millet,2020,4,1245.16,31.0
Maharashtra,Ahilyanagar,APMC Shevgaon,pearl_millet,2020,5,1248.19,54.0
Maharashtra,Ahilyanagar,APMC Shevgaon,pearl_millet,2020,6,1177.77,62.0
Maharashtra,Ahilyanagar,APMC Shevgaon,pearl_millet,2020,7,1273.28,58.0
Maharashtra,Ahilyanagar,APMC Shevgaon,pearl_millet,2020,8,1044.34,106.0
Maharashtra,Ahilyanagar,APMC Shevgaon,pearl_millet,2020,9,1129.13,98.0
Maharashtra,Ahilyanagar,APMC Shevgaon,pearl_millet,2020,10,1133.05,59.0
Maharashtra,Ahilyanagar,APMC Shevgaon,pearl_millet,2020,11,1096.21,99.0
Maharashtra,Ahilyanagar,APMC Shevgaon,pearl_millet,2020,12,1089.64,69.0
Maharashtra,Ahilyanagar,APMC Shevgaon,pearl_millet,2021,1,1062.29,41.0
Maharashtra,Ahilyanagar,APMC Shevgaon,pearl_millet,2021,2,1059.9,48.0
Maharashtra,Ahilyanagar,APMC Shevgaon,pearl_millet,2021,3,1172.41,
Maharashtra,Ahilyanagar,APMC Shevgaon,pearl_millet,2021,4,1361.54,39.0
Maharashtra,Ahilyanagar,APMC Shevgaon,pearl_millet,2021,5,1600.0,8.0
Maharashtra,Ahilyanagar,APMC Shevgaon,pearl_millet,2021,6,1434.02,106.0
Maharashtra,Ahilyanagar,APMC Shevgaon,pearl_millet,2021,7,1454.64,70.0
Maharashtra,Ahilyanagar,APMC Shevgaon,pearl_millet,2021,8,1542.47,73.0
Maharashtra,Ahilyanagar,APMC Shevgaon,pearl_millet,2021,9,1689.03,76.0
Maharashtra,Ahilyanagar,APMC Shevgaon,pearl_millet,2021,10,1751.67,60.0
Maharashtra,Ahilyanagar,APMC Shevgaon,pearl_millet,2021,11,1996.15,52.0
Maharashtra,Ahilyanagar,APMC Shevgaon,pearl_millet,2021,12,1998.25,28.0
Maharashtra,Ahilyanagar,APMC Shevgaon,pearl_millet,2022,1,2056.6,53.0
Maharashtra,Ahilyanagar,APMC Shevgaon,pearl_millet,2022,2,1994.37,71.0
Maharashtra,Ahilyanagar,APMC Shevgaon,pearl_millet,2022,3,1959.69,49.0
Maharashtra,Ahilyanagar,APMC Shevgaon,pearl_millet,2022,4,1964.44,90.0
Maharashtra,Ahilyanagar,APMC Shevgaon,pearl_millet,2022,6,2121.36,44.0
Maharashtra,Ahilyanagar,APMC Shevgaon,pearl_millet,2022,7,2103.79,66.0
Maharashtra,Ahilyanagar,APMC Shevgaon,pearl_millet,2022,8,2344.74,38.0
Maharashtra,Ahilyanagar,APMC Shevgaon,pearl_millet,2022,9,2338.54,24.0
Maharashtra,Ahilyanagar,APMC Shevgaon,pearl_millet,2022,10,2276.47,17.0
Maharashtra,Ahilyanagar,APMC Shevgaon,pearl_millet,2022,11,2198.39,31.0
Maharashtra,Ahilyanagar,APMC Shevgaon,pearl_millet,2022,12,2446.15,13.0
Maharashtra,Ahilyanagar,APMC Shevgaon,pearl_millet,2023,1,2318.52,
Maharashtra,Ahilyanagar,APMC Shevgaon,pearl_millet,2023,2,2541.67,
Maharashtra,Ahilyanagar,APMC Shevgaon,pearl_millet,2023,3,2211.11,36.0
Maharashtra,Ahilyanagar,APMC Shevgaon,pearl_millet,2023,4,2373.3,44.0
Maharashtra,Ahilyanagar,APMC Shevgaon,pearl_millet,2023,5,2396.85,127.0
Maharashtra,Ahilyanagar,APMC Shevgaon,pearl_millet,2023,6,2144.69,48.0
Maharashtra,Ahilyanagar,APMC Shevgaon,pearl_millet,2023,7,2218.18,44.0
Maharashtra,Ahilyanagar,APMC Shevgaon,pearl_millet,2023,8,2226.88,40.0
Maharashtra,Ahilyanagar,APMC Shevgaon,pearl_millet,2023,11,2616.5,34.0
Maharashtra,Ahilyanagar,APMC Shevgaon,pearl_millet,2023,12,2673.81,21.0
Maharashtra,Ahilyanagar,APMC Shevgaon,pearl_millet,2024,1,2541.03,
Maharashtra,Ahilyanagar,APMC Shevgaon,pearl_millet,2024,2,2555.56,18.0
Maharashtra,Ahilyanagar,APMC Shevgaon,pearl_millet,2024,4,2516.38,24.6
Maharashtra,Ahilyanagar,APMC Shevgaon,pearl_millet,2024,6,2226.25,71.9
Maharashtra,Ahilyanagar,APMC Shevgaon,pearl_millet,2024,8,2386.5,318.6
Maharashtra,Ahilyanagar,APMC Shevgaon,pearl_millet,2024,10,2322.22,46.7
Maharashtra,Ahilyanagar,APMC Shevgaon,pearl_millet,2024,11,,33.7
Maharashtra,Ahilyanagar,APMC Shevgaon,pearl_millet,2024,12,2655.41,22.2
Maharashtra,Ahilyanagar,APMC Shevgaon,pearl_millet,2025,1,,15.9
Maharashtra,Ahilyanagar,APMC Shevgaon,pearl_millet,2025,2,2733.33,8.7
Maharashtra,Ahilyanagar,APMC Shevgaon,pearl_millet,2025,3,2817.07,16.4
Maharashtra,Ahilyanagar,APMC Shevgaon,pearl_millet,2025,4,2464.66,23.2
Maharashtra,Ahilyanagar,APMC Shevgaon,pearl_millet,2025,5,2303.39,218.0
Maharashtra,Ahilyanagar,APMC Shevgaon,pearl_millet,2025,6,2412.75,472.6
Maharashtra,Ahilyanagar,APMC Shevgaon,pearl_millet,2025,7,2258.51,88.7
Maharashtra,Ahilyanagar,APMC Shevgaon,pearl_millet,2025,8,2424.41,72.1
Maharashtra,Ahilyanagar,APMC Shevgaon,pearl_millet,2025,9,2388.0,50.0
Maharashtra,Ahilyanagar,APMC Shevgaon,pearl_millet,2025,10,2351.51,56.3
Maharashtra,Ahilyanagar,APMC Shevgaon,pearl_millet,2025,11,2453.95,30.4
Maharashtra,Ahilyanagar,APMC Shevgaon,pearl_millet,2026,1,2000.0,4.8
Maharashtra,Ahilyanagar,APMC Shevgaon,pearl_millet,2026,2,1963.64,12.1
Maharashtra,Ahilyanagar,APMC Shevgaon,pearl_millet,2026,3,2225.0,4.4
Maharashtra,Ahilyanagar,APMC Shevgaon,pearl_millet,2026,4,2259.21,30.4
Maharashtra,Ahilyanagar,APMC Shevgaon,pearl_millet,2026,5,2416.43,70.6
Maharashtra,Ahilyanagar,APMC Shevgaon,pearl_millet,2026,6,2374.29,42.2
Maharashtra,Ahilyanagar,APMC Shevgaon,pearl_millet,2026,7,2461.47,34.0
Maharashtra,Ahilyanagar,APMC Shevgaon,pearl_millet,2026,8,2534.18,37.6
Maharashtra,Ahilyanagar,APMC Shevgaon,pearl_millet,2026,9,2414.41,17.7
Maharashtra,Ahilyanagar,APMC Shevgaon,pigeon_pea,2019,2,5377.08,24.0
Maharashtra,Ahilyanagar,APMC Shevgaon,pigeon_pea,2019,4,4850.0,3.0
Maharashtra,Ahilyanagar,APMC Shevgaon,pigeon_pea,2019,6,5000.0,2.0
Maharashtra,Ahilyanagar,APMC Shevgaon,pigeon_pea,2019,10,5000.0,1.0
Maharashtra,Ahilyanagar,APMC Shevgaon,pigeon_pea,2019,12,4564.79,33.0
Maharashtra,Ahilyanagar,APMC Shevgaon,pigeon_pea,2020,1,4530.61,398.0
Maharashtra,Ahilyanagar,APMC Shevgaon,pigeon_pea,2020,2,4670.62,217.0
Maharashtra,Ahilyanagar,APMC Shevgaon,pigeon_pea,2020,3,4655.54,78.0
Maharashtra,Ahilyanagar,APMC Shevgaon,pigeon_pea,2020,4,4960.0,15.0
Maharashtra,Ahilyanagar,APMC Shevgaon,pigeon_pea,2020,5,4790.48,21.0
Maharashtra,Ahilyanagar,APMC Shevgaon,pigeon_pea,2020,6,4700.0,4.0
Maharashtra,Ahilyanagar,APMC Shevgaon,pigeon_pea,2020,7,5100.0,1.0
Maharashtra,Ahilyanagar,APMC Shevgaon,pigeon_pea,2020,9,4200.0,1.0
Maharashtra,Ahilyanagar,APMC Shevgaon,pigeon_pea,2020,12,4989.09,298.0
Maharashtra,Ahilyanagar,APMC Shevgaon,pigeon_pea,2021,1,5430.46,261.0
Maharashtra,Ahilyanagar,APMC Shevgaon,pigeon_pea,2021,2,6233.52,176.0
Maharashtra,Ahilyanagar,APMC Shevgaon,pigeon_pea,2021,3,6325.83,60.0
Maharashtra,Ahilyanagar,APMC Shevgaon,pigeon_pea,2021,4,6653.85,39.0
Maharashtra,Ahilyanagar,APMC Shevgaon,pigeon_pea,2021,6,6116.13,31.0
Maharashtra,Ahilyanagar,APMC Shevgaon,pigeon_pea,2021,7,4955.56,9.0
Maharashtra,Ahilyanagar,APMC Shevgaon,pigeon_pea,2021,8,5862.75,4.0
Maharashtra,Ahilyanagar,APMC Shevgaon,pigeon_pea,2021,11,4300.0,4.0
Maharashtra,Ahilyanagar,APMC Shevgaon,pigeon_pea,2021,12,5478.43,306.0
Maharashtra,Ahilyanagar,APMC Shevgaon,pigeon_pea,2022,1,5922.54,448.0
Maharashtra,Ahilyanagar,APMC Shevgaon,pigeon_pea,2022,2,5970.14,283.0
Maharashtra,Ahilyanagar,APMC Shevgaon,pigeon_pea,2022,3,5885.11,309.0
Maharashtra,Ahilyanagar,APMC Shevgaon,pigeon_pea,2022,4,5852.88,191.0
Maharashtra,Ahilyanagar,APMC Shevgaon,pigeon_pea,2022,5,5554.0,75.0
Maharashtra,Ahilyanagar,APMC Shevgaon,pigeon_pea,2022,6,5585.71,21.0
Maharashtra,Ahilyanagar,APMC Shevgaon,pigeon_pea,2022,7,6075.0,6.0
Maharashtra,Ahilyanagar,APMC Shevgaon,pigeon_pea,2022,8,7100.0,1.0
Maharashtra,Ahilyanagar,APMC Shevgaon,pigeon_pea,2022,12,6589.55,134.0
Maharashtra,Ahilyanagar,APMC Shevgaon,pigeon_pea,2023,1,6669.08,486.0
Maharashtra,Ahilyanagar,APMC Shevgaon,pigeon_pea,2023,2,7199.19,123.0
Maharashtra,Ahilyanagar,APMC Shevgaon,pigeon_pea,2023,3,7741.43,35.0
Maharashtra,Ahilyanagar,APMC Shevgaon,pigeon_pea,2023,4,7932.0,25.0
Maharashtra,Ahilyanagar,APMC Shevgaon,pigeon_pea,2023,5,8000.0,4.0
Maharashtra,Ahilyanagar,APMC Shevgaon,pigeon_pea,2023,6,9400.0,2.0
Maharashtra,Ahilyanagar,APMC Shevgaon,pigeon_pea,2023,7,9500.0,1.0
Maharashtra,Ahilyanagar,APMC Shevgaon,pigeon_pea,2023,9,11000.0,
Maharashtra,Ahilyanagar,APMC Shevgaon,pigeon_pea,2023,11,8640.0,5.0
Maharashtra,Ahilyanagar,APMC Shevgaon,pigeon_pea,2023,12,8146.83,219.0
Maharashtra,Ahilyanagar,APMC Shevgaon,pigeon_pea,2024,1,8810.22,411.0
Maharashtra,Ahilyanagar,APMC Shevgaon,pigeon_pea,2024,2,9922.37,170.8
Maharashtra,Ahilyanagar,APMC Shevgaon,pigeon_pea,2024,3,9300.94,42.6
Maharashtra,Ahilyanagar,APMC Shevgaon,pigeon_pea,2024,4,10373.28,78.6
Maharashtra,Ahilyanagar,APMC Shevgaon,pigeon_pea,2024,5,10595.05,22.2
Maharashtra,Ahilyanagar,APMC Shevgaon,pigeon_pea,2024,6,10931.53,11.1
Maharashtra,Ahilyanagar,APMC Shevgaon,pigeon_pea,2024,7,10780.0,2.5
Maharashtra,Ahilyanagar,APMC Shevgaon,pigeon_pea,2024,8,10000.0,4.6
Maharashtra,Ahilyanagar,APMC Shevgaon,pigeon_pea,2024,9,9500.0,0.9
Maharashtra,Ahilyanagar,APMC Shevgaon,pigeon_pea,2025,1,6981.38,
Maharashtra,Ahilyanagar,APMC Shevgaon,pigeon_pea,2025,2,7018.37,323.9
Maharashtra,Ahilyanagar,APMC Shevgaon,pigeon_pea,2025,4,,120.5
Maharashtra,Ahilyanagar,APMC Shevgaon,pigeon_pea,2025,6,,43.3
Maharashtra,Ahilyanagar,APMC Shevgaon,pigeon_pea,2025,8,,5.8
Maharashtra,Ahilyanagar,APMC Shevgaon,pigeon_pea,2025,9,6283.33,3.6
Maharashtra,Ahilyanagar,APMC Shevgaon,pigeon_pea,2026,1,,232.9
Maharashtra,Ahilyanagar,APMC Shevgaon,pigeon_pea,2026,2,,122.0
Maharashtra,Ahilyanagar,APMC Shevgaon,pigeon_pea,2026,3,,76.3
Maharashtra,Ahilyanagar,APMC Shevgaon,pigeon_pea,2026,4,,63.5
Maharashtra,Ahilyanagar,APMC Shevgaon,pigeon_pea,2026,5,,21.3
Maharashtra,Ahilyanagar,APMC Shevgaon,pigeon_pea,2026,6,,4.5
Maharashtra,Ahilyanagar,APMC Shevgaon,pigeon_pea,2026,7,,1.9
Maharashtra,Ahilyanagar,APMC Shevgaon,pigeon_pea,2026,8,7500.0,0.3
Maharashtra,Ahilyanagar,APMC Shevgaon,sorghum,2019,2,2744.53,64.0
Maharashtra,Ahilyanagar,APMC Shevgaon,sorghum,2019,4,2797.5,40.0
Maharashtra,Ahilyanagar,APMC Shevgaon,sorghum,2019,6,2836.54,39.0
Maharashtra,Ahilyanagar,APMC Shevgaon,sorghum,2019,8,3093.75,24.0
Maharashtra,Ahilyanagar,APMC Shevgaon,sorghum,2019,10,2919.0,25.0
Maharashtra,Ahilyanagar,APMC Shevgaon,sorghum,2019,12,2882.0,25.0
Maharashtra,Ahilyanagar,APMC Shevgaon,sorghum,2020,1,3473.08,13.0
Maharashtra,Ahilyanagar,APMC Shevgaon,sorghum,2020,2,2291.17,36.0
Maharashtra,Ahilyanagar,APMC Shevgaon,sorghum,2020,3,2407.89,19.0
Maharashtra,Ahilyanagar,APMC Shevgaon,sorghum,2020,4,2450.0,5.0
Maharashtra,Ahilyanagar,APMC Shevgaon,sorghum,2020,5,2377.78,9.0
Maharashtra,Ahilyanagar,APMC Shevgaon,sorghum,2020,6,2307.5,20.0
Maharashtra,Ahilyanagar,APMC Shevgaon,sorghum,2020,7,2126.09,23.0
Maharashtra,Ahilyanagar,APMC Shevgaon,sorghum,2020,8,2162.96,27.0
Maharashtra,Ahilyanagar,APMC Shevgaon,sorghum,2020,9,1986.11,36.0
Maharashtra,Ahilyanagar,APMC Shevgaon,sorghum,2020,10,1952.0,25.0
Maharashtra,Ahilyanagar,APMC Shevgaon,sorghum,2020,11,1953.04,25.0
Maharashtra,Ahilyanagar,APMC Shevgaon,sorghum,2020,12,1735.0,10.0
Maharashtra,Ahilyanagar,APMC Shevgaon,sorghum,2021,1,2000.0,1.0
Maharashtra,Ahilyanagar,APMC Shevgaon,sorghum,2021,3,2444.15,26.0
Maharashtra,Ahilyanagar,APMC Shevgaon,sorghum,2021,4,1953.61,36.0
Maharashtra,Ahilyanagar,APMC Shevgaon,sorghum,2021,5,1218.75,8.0
Maharashtra,Ahilyanagar,APMC Shevgaon,sorghum,2021,6,1597.9,58.0
Maharashtra,Ahilyanagar,APMC Shevgaon,sorghum,2021,7,1487.5,24.0
Maharashtra,Ahilyanagar,APMC Shevgaon,sorghum,2021,8,1483.12,40.0
Maharashtra,Ahilyanagar,APMC Shevgaon,sorghum,2021,9,1555.17,29.0
Maharashtra,Ahilyanagar,APMC Shevgaon,sorghum,2021,10,1304.81,26.0
Maharashtra,Ahilyanagar,APMC Shevgaon,sorghum,2021,11,1435.57,21.0
Maharashtra,Ahilyanagar,APMC Shevgaon,sorghum,2021,12,1678.57,7.0
Maharashtra,Ahilyanagar,APMC Shevgaon,sorghum,2022,1,2059.91,23.0
Maharashtra,Ahilyanagar,APMC Shevgaon,sorghum,2022,2,2088.89,9.0
Maharashtra,Ahilyanagar,APMC Shevgaon,sorghum,2022,3,2546.73,15.0
Maharashtra,Ahilyanagar,APMC Shevgaon,sorghum,2022,4,2614.64,14.0
Maharashtra,Ahilyanagar,APMC Shevgaon,sorghum,2022,5,2223.08,
Maharashtra,Ahilyanagar,APMC Shevgaon,sorghum,2022,6,2281.0,10.0
Maharashtra,Ahilyanagar,APMC Shevgaon,sorghum,2022,7,2437.5,8.0
Maharashtra,Ahilyanagar,APMC Shevgaon,sorghum,2022,8,2601.79,14.0
Maharashtra,Ahilyanagar,APMC Shevgaon,sorghum,2022,9,2033.33,3.0
Maharashtra,Ahilyanagar,APMC Shevgaon,sorghum,2022,10,2775.0,2.0
Maharashtra,Ahilyanagar,APMC Shevgaon,sorghum,2022,11,2900.0,13.0
Maharashtra,Ahilyanagar,APMC Shevgaon,sorghum,2022,12,3000.0,1.0
Maharashtra,Ahilyanagar,APMC Shevgaon,sorghum,2023,2,3100.0,5.0
Maharashtra,Ahilyanagar,APMC Shevgaon,sorghum,2023,3,3171.43,
Maharashtra,Ahilyanagar,APMC Shevgaon,sorghum,2023,4,3500.0,
Maharashtra,Ahilyanagar,APMC Shevgaon,sorghum,2023,5,2750.0,10.0
Maharashtra,Ahilyanagar,APMC Shevgaon,sorghum,2023,6,3300.0,1.0
Maharashtra,Ahilyanagar,APMC Shevgaon,sorghum,2023,7,1908.33,12.0
Maharashtra,Ahilyanagar,APMC Shevgaon,sorghum,2023,8,2950.0,2.0
Maharashtra,Ahilyanagar,APMC Shevgaon,sorghum,2024,1,3166.67,
Maharashtra,Ahilyanagar,APMC Shevgaon,sorghum,2024,2,2320.45,11.0
Maharashtra,Ahilyanagar,APMC Shevgaon,sorghum,2024,3,2386.55,
Maharashtra,Ahilyanagar,APMC Shevgaon,sorghum,2024,4,2688.89,1.8
Maharashtra,Ahilyanagar,APMC Shevgaon,sorghum,2024,6,2250.46,10.9
Maharashtra,Ahilyanagar,APMC Shevgaon,sorghum,2024,8,2160.24,21.0
Maharashtra,Ahilyanagar,APMC Shevgaon,sorghum,2024,10,2109.92,28.4
Maharashtra,Ahilyanagar,APMC Shevgaon,sorghum,2024,12,2204.76,4.2
Maharashtra,Ahilyanagar,APMC Shevgaon,sorghum,2025,1,,1.2
Maharashtra,Ahilyanagar,APMC Shevgaon,sorghum,2025,2,1800.0,0.7
Maharashtra,Ahilyanagar,APMC Shevgaon,sorghum,2025,3,,3.7
Maharashtra,Ahilyanagar,APMC Shevgaon,sorghum,2025,4,2083.93,8.4
Maharashtra,Ahilyanagar,APMC Shevgaon,sorghum,2025,5,2111.63,4.3
Maharashtra,Ahilyanagar,APMC Shevgaon,sorghum,2025,6,2208.33,2.4
Maharashtra,Ahilyanagar,APMC Shevgaon,sorghum,2025,7,2193.42,3.8
Maharashtra,Ahilyanagar,APMC Shevgaon,sorghum,2025,8,2060.0,2.5
Maharashtra,Ahilyanagar,APMC Shevgaon,sorghum,2025,9,2500.0,1.5
Maharashtra,Ahilyanagar,APMC Shevgaon,sorghum,2025,10,2206.25,1.6
Maharashtra,Ahilyanagar,APMC Shevgaon,sorghum,2025,11,2500.0,0.5
Maharashtra,Ahilyanagar,APMC Shevgaon,sorghum,2026,4,2207.61,9.2
Maharashtra,Ahilyanagar,APMC Shevgaon,sorghum,2026,5,1803.24,185.2
Maharashtra,Ahilyanagar,APMC Shevgaon,sorghum,2026,6,2245.16,6.2
Maharashtra,Ahilyanagar,APMC Shevgaon,sorghum,2026,7,2040.0,1.0
Maharashtra,Ahilyanagar,APMC Shevgaon,sorghum,2026,8,2797.22,5.4
Maharashtra,Ahilyanagar,APMC Shevgaon,sorghum,2026,9,2750.0,2.6
Maharashtra,Ahilyanagar,APMC Shevgaon,soybean,2019,10,2733.33,3.0
Maharashtra,Ahilyanagar,APMC Shevgaon,soybean,2019,12,3614.29,7.0
Maharashtra,Ahilyanagar,APMC Shevgaon,soybean,2020,1,4000.0,161.0
Maharashtra,Ahilyanagar,APMC Shevgaon,soybean,2020,10,3609.09,11.0
Maharashtra,Ahilyanagar,APMC Shevgaon,soybean,2020,11,3887.17,29.0
Maharashtra,Ahilyanagar,APMC Shevgaon,soybean,2020,12,3986.0,5.0
Maharashtra,Ahilyanagar,APMC Shevgaon,soybean,2021,2,4451.0,1.0
Maharashtra,Ahilyanagar,APMC Shevgaon,soybean,2021,8,7000.0,1.0
Maharashtra,Ahilyanagar,APMC Shevgaon,soybean,2021,10,4500.0,1.0
Maharashtra,Ahilyanagar,APMC Shevgaon,soybean,2021,11,5840.0,5.0
Maharashtra,Ahilyanagar,APMC Shevgaon,soybean,2021,12,6179.41,17.0
Maharashtra,Ahilyanagar,APMC Shevgaon,soybean,2022,1,5400.0,5.0
Maharashtra,Ahilyanagar,APMC Shevgaon,soybean,2022,2,6068.27,11.0
Maharashtra,Ahilyanagar,APMC Shevgaon,soybean,2022,3,6925.0,6.0
Maharashtra,Ahilyanagar,APMC Shevgaon,soybean,2022,4,6990.71,17.0
Maharashtra,Ahilyanagar,APMC Shevgaon,soybean,2022,5,6231.5,16.0
Maharashtra,Ahilyanagar,APMC Shevgaon,soybean,2022,6,5900.0,12.0
Maharashtra,Ahilyanagar,APMC Shevgaon,soybean,2022,7,5700.0,5.0
Maharashtra,Ahilyanagar,APMC Shevgaon,soybean,2022,8,5975.0,4.0
Maharashtra,Ahilyanagar,APMC Shevgaon,soybean,2022,9,4700.0,1.0
Maharashtra,Ahilyanagar,APMC Shevgaon,soybean,2022,10,4500.0,12.0
Maharashtra,Ahilyanagar,APMC Shevgaon,soybean,2022,11,5165.38,26.0
Maharashtra,Ahilyanagar,APMC Shevgaon,soybean,2022,12,5212.5,36.0
Maharashtra,Ahilyanagar,APMC Shevgaon,soybean,2023,1,5222.5,10.0
Maharashtra,Ahilyanagar,APMC Shevgaon,soybean,2023,2,5105.0,10.0
Maharashtra,Ahilyanagar,APMC Shevgaon,soybean,2023,3,4850.0,3.0
Maharashtra,Ahilyanagar,APMC Shevgaon,soybean,2023,5,4631.25,8.0
Maharashtra,Ahilyanagar,APMC Shevgaon,soybean,2023,6,4555.78,9.0
Maharashtra,Ahilyanagar,APMC Shevgaon,soybean,2023,7,4680.0,5.0
Maharashtra,Ahilyanagar,APMC Shevgaon,soybean,2023,8,4725.0,4.0
Maharashtra,Ahilyanagar,APMC Shevgaon,soybean,2023,9,4625.0,2.0
Maharashtra,Ahilyanagar,APMC Shevgaon,soybean,2023,10,4377.94,34.0
Maharashtra,Ahilyanagar,APMC Shevgaon,soybean,2023,11,4773.33,30.0
Maharashtra,Ahilyanagar,APMC Shevgaon,soybean,2023,12,4566.67,9.0
Maharashtra,Ahilyanagar,APMC Shevgaon,soybean,2024,1,4400.0,6.0
Maharashtra,Ahilyanagar,APMC Shevgaon,soybean,2024,2,4342.86,7.0
Maharashtra,Ahilyanagar,APMC Shevgaon,soybean,2024,3,4200.0,0.8
Maharashtra,Ahilyanagar,APMC Shevgaon,soybean,2024,4,4300.0,1.7
Maharashtra,Ahilyanagar,APMC Shevgaon,soybean,2024,5,4325.63,8.0
Maharashtra,Ahilyanagar,APMC Shevgaon,soybean,2024,6,4233.33,3.6
Maharashtra,Ahilyanagar,APMC Shevgaon,soybean,2024,7,4200.0,0.6
Maharashtra,Ahilyanagar,APMC Shevgaon,soybean,2024,8,3800.0,0.5
Maharashtra,Ahilyanagar,APMC Shevgaon,soybean,2024,11,4002.52,
Maharashtra,Ahilyanagar,APMC Shevgaon,soybean,2024,12,4034.42,
Maharashtra,Ahilyanagar,APMC Shevgaon,soybean,2025,1,4000.0,1.0
Maharashtra,Ahilyanagar,APMC Shevgaon,soybean,2025,2,3800.0,0.8
Maharashtra,Ahilyanagar,APMC Shevgaon,soybean,2025,4,,0.7
Maharashtra,Ahilyanagar,APMC Shevgaon,soybean,2025,5,3884.21,
Maharashtra,Ahilyanagar,APMC Shevgaon,soybean,2025,7,4100.0,
Maharashtra,Ahilyanagar,APMC Shevgaon,soybean,2025,9,4000.0,1.4
Maharashtra,Ahilyanagar,APMC Shevgaon,soybean,2026,4,,3.3
Maharashtra,Ahilyanagar,APMC Shevgaon,wheat,2019,2,2150.96,26.0
Maharashtra,Ahilyanagar,APMC Shevgaon,wheat,2019,4,1964.6,113.0
Maharashtra,Ahilyanagar,APMC Shevgaon,wheat,2019,6,1998.39,93.0
Maharashtra,Ahilyanagar,APMC Shevgaon,wheat,2019,8,2106.49,97.0
Maharashtra,Ahilyanagar,APMC Shevgaon,wheat,2019,10,2149.11,160.0
Maharashtra,Ahilyanagar,APMC Shevgaon,wheat,2019,12,2211.78,157.0
Maharashtra,Ahilyanagar,APMC Shevgaon,wheat,2020,1,2317.8,117.0
Maharashtra,Ahilyanagar,APMC Shevgaon,wheat,2020,2,2036.69,124.0
Maharashtra,Ahilyanagar,APMC Shevgaon,wheat,2020,3,1986.07,131.0
Maharashtra,Ahilyanagar,APMC Shevgaon,wheat,2020,4,1903.23,31.0
Maharashtra,Ahilyanagar,APMC Shevgaon,wheat,2020,5,1770.91,91.0
Maharashtra,Ahilyanagar,APMC Shevgaon,wheat,2020,6,1976.21,103.0
Maharashtra,Ahilyanagar,APMC Shevgaon,wheat,2020,7,1883.55,76.0
Maharashtra,Ahilyanagar,APMC Shevgaon,wheat,2020,8,1575.79,95.0
Maharashtra,Ahilyanagar,APMC Shevgaon,wheat,2020,9,1470.41,98.0
Maharashtra,Ahilyanagar,APMC Shevgaon,wheat,2020,10,1472.33,103.0
Maharashtra,Ahilyanagar,APMC Shevgaon,wheat,2020,11,1525.65,192.0
Maharashtra,Ahilyanagar,APMC Shevgaon,wheat,2020,12,1490.63,110.0
Maharashtra,Ahilyanagar,APMC Shevgaon,wheat,2021,1,1511.56,52.0
Maharashtra,Ahilyanagar,APMC Shevgaon,wheat,2021,2,1512.12,99.0
Maharashtra,Ahilyanagar,APMC Shevgaon,wheat,2021,3,1783.43,155.0
Maharashtra,Ahilyanagar,APMC Shevgaon,wheat,2021,4,1827.5,100.0
Maharashtra,Ahilyanagar,APMC Shevgaon,wheat,2021,5,1890.91,11.0
Maharashtra,Ahilyanagar,APMC Shevgaon,wheat,2021,6,1731.28,187.0
Maharashtra,Ahilyanagar,APMC Shevgaon,wheat,2021,7,1719.86,146.0
Maharashtra,Ahilyanagar,APMC Shevgaon,wheat,2021,8,1755.76,139.0
Maharashtra,Ahilyanagar,APMC Shevgaon,wheat,2021,9,1845.99,137.0
Maharashtra,Ahilyanagar,APMC Shevgaon,wheat,2021,10,1835.15,165.0
Maharashtra,Ahilyanagar,APMC Shevgaon,wheat,2021,11,2018.46,142.0
Maharashtra,Ahilyanagar,APMC Shevgaon,wheat,2021,12,2023.6,89.0
Maharashtra,Ahilyanagar,APMC Shevgaon,wheat,2022,1,2569.44,90.0
Maharashtra,Ahilyanagar,APMC Shevgaon,wheat,2022,2,2119.23,65.0
Maharashtra,Ahilyanagar,APMC Shevgaon,wheat,2022,3,2279.13,103.0
Maharashtra,Ahilyanagar,APMC Shevgaon,wheat,2022,4,2318.73,94.0
Maharashtra,Ahilyanagar,APMC Shevgaon,wheat,2022,5,2258.66,118.0
Maharashtra,Ahilyanagar,APMC Shevgaon,wheat,2022,6,2255.25,59.0
Maharashtra,Ahilyanagar,APMC Shevgaon,wheat,2022,7,2232.74,84.0
Maharashtra,Ahilyanagar,APMC Shevgaon,wheat,2022,8,2442.68,41.0
Maharashtra,Ahilyanagar,APMC Shevgaon,wheat,2022,9,2224.55,51.0
Maharashtra,Ahilyanagar,APMC Shevgaon,wheat,2022,10,2467.68,34.0
Maharashtra,Ahilyanagar,APMC Shevgaon,wheat,2022,11,2697.6,52.0
Maharashtra,Ahilyanagar,APMC Shevgaon,wheat,2022,12,2332.22,45.0
Maharashtra,Ahilyanagar,APMC Shevgaon,wheat,2023,1,2675.0,8.0
Maharashtra,Ahilyanagar,APMC Shevgaon,wheat,2023,2,2554.17,72.0
Maharashtra,Ahilyanagar,APMC Shevgaon,wheat,2023,3,2205.6,259.0
Maharashtra,Ahilyanagar,APMC Shevgaon,wheat,2023,4,2258.2,256.0
Maharashtra,Ahilyanagar,APMC Shevgaon,wheat,2023,5,2287.69,199.0
Maharashtra,Ahilyanagar,APMC Shevgaon,wheat,2023,6,2141.14,158.0
Maharashtra,Ahilyanagar,APMC Shevgaon,wheat,2023,8,2355.24,147.0
Maharashtra,Ahilyanagar,APMC Shevgaon,wheat,2023,9,2431.45,128.0
Maharashtra,Ahilyanagar,APMC Shevgaon,wheat,2023,10,2399.47,189.0
Maharashtra,Ahilyanagar,APMC Shevgaon,wheat,2023,11,2724.17,120.0
Maharashtra,Ahilyanagar,APMC Shevgaon,wheat,2023,12,2643.81,105.0
Maharashtra,Ahilyanagar,APMC Shevgaon,wheat,2024,1,2515.38,104.0
Maharashtra,Ahilyanagar,APMC Shevgaon,wheat,2024,2,2517.42,166.5
Maharashtra,Ahilyanagar,APMC Shevgaon,wheat,2024,3,2517.68,
Maharashtra,Ahilyanagar,APMC Shevgaon,wheat,2024,4,2354.28,415.7
Maharashtra,Ahilyanagar,APMC Shevgaon,wheat,2024,5,,131.9
Maharashtra,Ahilyanagar,APMC Shevgaon,wheat,2024,6,2808.41,68.7
Maharashtra,Ahilyanagar,APMC Shevgaon,wheat,2024,7,2689.4,73.1
Maharashtra,Ahilyanagar,APMC Shevgaon,wheat,2024,8,2783.16,90.9
Maharashtra,Ahilyanagar,APMC Shevgaon,wheat,2024,9,2869.08,386.1
Maharashtra,Ahilyanagar,APMC Shevgaon,wheat,2024,10,2818.17,61.1
Maharashtra,Ahilyanagar,APMC Shevgaon,wheat,2024,11,2995.89,
Maharashtra,Ahilyanagar,APMC Shevgaon,wheat,2024,12,3033.22,42.6
Maharashtra,Ahilyanagar,APMC Shevgaon,wheat,2025,1,,36.8
Maharashtra,Ahilyanagar,APMC Shevgaon,wheat,2025,2,2818.45,118.7
Maharashtra,Ahilyanagar,APMC Shevgaon,wheat,2025,3,,346.9
Maharashtra,Ahilyanagar,APMC Shevgaon,wheat,2025,4,2604.3,265.6
Maharashtra,Ahilyanagar,APMC Shevgaon,wheat,2025,5,2642.23,129.3
Maharashtra,Ahilyanagar,APMC Shevgaon,wheat,2025,6,2612.89,154.8
Maharashtra,Ahilyanagar,APMC Shevgaon,wheat,2025,7,2597.48,120.9
Maharashtra,Ahilyanagar,APMC Shevgaon,wheat,2025,8,2549.07,264.7
Maharashtra,Ahilyanagar,APMC Shevgaon,wheat,2025,9,2642.7,147.3
Maharashtra,Ahilyanagar,APMC Shevgaon,wheat,2025,10,2619.16,136.2
Maharashtra,Ahilyanagar,APMC Shevgaon,wheat,2025,11,2629.3,45.4
Maharashtra,Ahilyanagar,APMC Shevgaon,wheat,2025,12,2500.0,8.0
Maharashtra,Ahilyanagar,APMC Shevgaon,wheat,2026,1,2653.29,59.3
Maharashtra,Ahilyanagar,APMC Shevgaon,wheat,2026,2,2477.69,48.4
Maharashtra,Ahilyanagar,APMC Shevgaon,wheat,2026,3,2066.66,440.3
Maharashtra,Ahilyanagar,APMC Shevgaon,wheat,2026,4,2100.36,485.6
Maharashtra,Ahilyanagar,APMC Shevgaon,wheat,2026,5,2337.05,382.7
Maharashtra,Ahilyanagar,APMC Shevgaon,wheat,2026,6,2386.53,195.3
Maharashtra,Ahilyanagar,APMC Shevgaon,wheat,2026,7,2521.95,210.8
Maharashtra,Ahilyanagar,APMC Shevgaon,wheat,2026,8,2589.82,177.0
Maharashtra,Ahilyanagar,APMC Shevgaon,wheat,2026,9,2708.01,85.2
Maharashtra,Ahilyanagar,APMC Shrigonda,chickpea,2019,10,4433.33,3.0
Maharashtra,Ahilyanagar,APMC Shrigonda,chickpea,2019,12,4450.0,5.0
Maharashtra,Ahilyanagar,APMC Shrigonda,chickpea,2020,1,4500.0,1.0
Maharashtra,Ahilyanagar,APMC Shrigonda,chickpea,2020,3,4550.0,12.0
Maharashtra,Ahilyanagar,APMC Shrigonda,chickpea,2020,5,4682.14,49.0
Maharashtra,Ahilyanagar,APMC Shrigonda,chickpea,2020,6,4651.71,41.0
Maharashtra,Ahilyanagar,APMC Shrigonda,chickpea,2020,7,4542.28,57.0
Maharashtra,Ahilyanagar,APMC Shrigonda,chickpea,2020,8,4628.7,23.0
Maharashtra,Ahilyanagar,APMC Shrigonda,chickpea,2020,9,4650.0,3.0
Maharashtra,Ahilyanagar,APMC Shrigonda,chickpea,2020,10,4850.0,4.0
Maharashtra,Ahilyanagar,APMC Shrigonda,chickpea,2020,11,4721.43,14.0
Maharashtra,Ahilyanagar,APMC Shrigonda,chickpea,2020,12,4870.0,5.0
Maharashtra,Ahilyanagar,APMC Shrigonda,chickpea,2021,2,4909.62,13.0
Maharashtra,Ahilyanagar,APMC Shrigonda,chickpea,2021,3,4939.33,89.0
Maharashtra,Ahilyanagar,APMC Shrigonda,chickpea,2021,4,4937.14,35.0
Maharashtra,Ahilyanagar,APMC Shrigonda,chickpea,2021,5,4900.0,4.0
Maharashtra,Ahilyanagar,APMC Shrigonda,chickpea,2021,6,4941.51,53.0
Maharashtra,Ahilyanagar,APMC Shrigonda,chickpea,2021,7,4900.0,34.0
Maharashtra,Ahilyanagar,APMC Shrigonda,chickpea,2021,8,4910.0,10.0
Maharashtra,Ahilyanagar,APMC Shrigonda,chickpea,2021,9,4908.33,6.0
Maharashtra,Ahilyanagar,APMC Shrigonda,chickpea,2021,10,4925.0,4.0
Maharashtra,Ahilyanagar,APMC Shrigonda,chickpea,2021,11,4900.0,2.0
Maharashtra,Ahilyanagar,APMC Shrigonda,chickpea,2022,2,4925.0,4.0
Maharashtra,Ahilyanagar,APMC Shrigonda,chickpea,2022,3,4931.71,41.0
Maharashtra,Ahilyanagar,APMC Shrigonda,chickpea,2022,4,4945.0,34.0
Maharashtra,Ahilyanagar,APMC Shrigonda,chickpea,2022,5,4937.5,
Maharashtra,Ahilyanagar,APMC Shrigonda,chickpea,2022,6,5183.33,6.0
Maharashtra,Ahilyanagar,APMC Shrigonda,chickpea,2022,7,5253.33,
Maharashtra,Ahilyanagar,APMC Shrigonda,chickpea,2022,8,5230.0,
Maharashtra,Ahilyanagar,APMC Shrigonda,chickpea,2022,10,5236.67,3.0
Maharashtra,Ahilyanagar,APMC Shrigonda,chickpea,2022,12,5230.0,2.0
Maharashtra,Ahilyanagar,APMC Shrigonda,chickpea,2023,2,5230.0,1.0
Maharashtra,Ahilyanagar,APMC Shrigonda,chickpea,2023,3,5264.05,37.0
Maharashtra,Ahilyanagar,APMC Shrigonda,chickpea,2023,4,5291.21,33.0
Maharashtra,Ahilyanagar,APMC Shrigonda,chickpea,2023,5,5256.25,8.0
Maharashtra,Ahilyanagar,APMC Shrigonda,chickpea,2023,6,5230.0,1.0
Maharashtra,Ahilyanagar,APMC Shrigonda,chickpea,2023,7,5335.0,
Maharashtra,Ahilyanagar,APMC Shrigonda,chickpea,2023,8,5400.0,1.0
Maharashtra,Ahilyanagar,APMC Shrigonda,chickpea,2024,4,5500.0,3.2
Maharashtra,Ahilyanagar,APMC Shrigonda,chickpea,2024,5,5500.0,1.6
Maharashtra,Ahilyanagar,APMC Shrigonda,chickpea,2024,7,5400.0,1.4
Maharashtra,Ahilyanagar,APMC Shrigonda,chickpea,2024,9,6166.67,0.6
Maharashtra,Ahilyanagar,APMC Shrigonda,chickpea,2024,10,6000.0,0.1
Maharashtra,Ahilyanagar,APMC Shrigonda,chickpea,2025,2,5800.0,
Maharashtra,Ahilyanagar,APMC Shrigonda,chickpea,2025,3,5800.0,8.6
Maharashtra,Ahilyanagar,APMC Shrigonda,chickpea,2025,4,5653.33,6.0
Maharashtra,Ahilyanagar,APMC Shrigonda,chickpea,2025,6,,0.2
Maharashtra,Ahilyanagar,APMC Shrigonda,chickpea,2025,8,6000.0,0.4
Maharashtra,Ahilyanagar,APMC Shrigonda,chickpea,2026,3,,0.4
Maharashtra,Ahilyanagar,APMC Shrigonda,chickpea,2026,4,,0.8
Maharashtra,Ahilyanagar,APMC Shrigonda,chickpea,2026,6,,0.1
Maharashtra,Ahilyanagar,APMC Shrigonda,chickpea,2026,8,5500.0,0.1
Maharashtra,Ahilyanagar,APMC Shrigonda,cotton,2019,12,5269.74,1730.0
Maharashtra,Ahilyanagar,APMC Shrigonda,cotton,2020,1,5275.0,273.0
Maharashtra,Ahilyanagar,APMC Shrigonda,cotton,2021,12,7400.0,11.0
Maharashtra,Ahilyanagar,APMC Shrigonda,cotton,2022,11,8518.18,88.0
Maharashtra,Ahilyanagar,APMC Shrigonda,cotton,2022,12,8274.11,1205.0
Maharashtra,Ahilyanagar,APMC Shrigonda,cotton,2023,1,8162.5,556.0
Maharashtra,Ahilyanagar,APMC Shrigonda,cotton,2023,2,7710.45,550.0
Maharashtra,Ahilyanagar,APMC Shrigonda,cotton,2023,3,7769.21,190.0
Maharashtra,Ahilyanagar,APMC Shrigonda,cotton,2023,12,6873.37,861.0
Maharashtra,Ahilyanagar,APMC Shrigonda,groundnut,2020,12,,5.0
Maharashtra,Ahilyanagar,APMC Shrigonda,groundnut,2021,2,5300.0,3.0
Maharashtra,Ahilyanagar,APMC Shrigonda,groundnut,2021,4,5300.0,1.0
Maharashtra,Ahilyanagar,APMC Shrigonda,groundnut,2021,6,5336.32,38.0
Maharashtra,Ahilyanagar,APMC Shrigonda,groundnut,2021,8,5340.62,16.0
Maharashtra,Ahilyanagar,APMC Shrigonda,groundnut,2021,10,5300.0,3.0
Maharashtra,Ahilyanagar,APMC Shrigonda,groundnut,2021,11,,1.0
Maharashtra,Ahilyanagar,APMC Shrigonda,groundnut,2022,5,5700.0,1.0
Maharashtra,Ahilyanagar,APMC Shrigonda,groundnut,2022,6,5533.33,12.0
Maharashtra,Ahilyanagar,APMC Shrigonda,groundnut,2022,7,5935.71,7.0
Maharashtra,Ahilyanagar,APMC Shrigonda,groundnut,2022,8,5991.67,6.0
Maharashtra,Ahilyanagar,APMC Shrigonda,groundnut,2022,9,5850.0,1.0
Maharashtra,Ahilyanagar,APMC Shrigonda,groundnut,2022,10,5925.0,2.0
Maharashtra,Ahilyanagar,APMC Shrigonda,groundnut,2022,11,5850.0,1.0
Maharashtra,Ahilyanagar,APMC Shrigonda,groundnut,2023,5,5850.0,1.0
Maharashtra,Ahilyanagar,APMC Shrigonda,groundnut,2023,6,6257.14,7.0
Maharashtra,Ahilyanagar,APMC Shrigonda,groundnut,2023,7,6437.5,4.0
Maharashtra,Ahilyanagar,APMC Shrigonda,groundnut,2023,8,6377.0,1.0
Maharashtra,Ahilyanagar,APMC Shrigonda,groundnut,2023,9,6400.0,1.0
Maharashtra,Ahilyanagar,APMC Shrigonda,groundnut,2023,10,6400.0,3.0
Maharashtra,Ahilyanagar,APMC Shrigonda,groundnut,2024,4,6440.0,0.5
Maharashtra,Ahilyanagar,APMC Shrigonda,groundnut,2024,7,6500.0,0.7
Maharashtra,Ahilyanagar,APMC Shrigonda,groundnut,2024,9,6500.0,0.3
Maharashtra,Ahilyanagar,APMC Shrigonda,groundnut,2024,12,6800.0,0.2
Maharashtra,Ahilyanagar,APMC Shrigonda,groundnut,2025,2,6900.0,0.1
Maharashtra,Ahilyanagar,APMC Shrigonda,groundnut,2025,3,6900.0,0.3
Maharashtra,Ahilyanagar,APMC Shrigonda,groundnut,2025,4,6900.0,0.1
Maharashtra,Ahilyanagar,APMC Shrigonda,groundnut,2025,6,7400.0,0.2
Maharashtra,Ahilyanagar,APMC Shrigonda,groundnut,2025,7,7400.0,0.2
Maharashtra,Ahilyanagar,APMC Shrigonda,groundnut,2025,8,7500.0,0.2
Maharashtra,Ahilyanagar,APMC Shrigonda,groundnut,2026,8,5400.0,0.1
Maharashtra,Ahilyanagar,APMC Shrigonda,onion,2019,2,443.22,10693.0
Maharashtra,Ahilyanagar,APMC Shrigonda,onion,2019,4,582.95,440.0
Maharashtra,Ahilyanagar,APMC Shrigonda,onion,2020,2,671.71,806.0
Maharashtra,Ahilyanagar,APMC Shrigonda,onion,2020,3,1520.2,1260.0
Maharashtra,Ahilyanagar,APMC Shrigonda,onion,2020,5,523.57,1979.0
Maharashtra,Ahilyanagar,APMC Shrigonda,onion,2020,6,447.39,709.0
Maharashtra,Ahilyanagar,APMC Shrigonda,onion,2020,12,2000.0,73.0
Maharashtra,Ahilyanagar,APMC Shrigonda,onion,2021,1,2521.67,540.0
Maharashtra,Ahilyanagar,APMC Shrigonda,onion,2021,2,3509.47,570.0
Maharashtra,Ahilyanagar,APMC Shrigonda,onion,2021,3,1370.71,140.0
Maharashtra,Ahilyanagar,APMC Shrigonda,onion,2021,4,750.0,24.0
Maharashtra,Ahilyanagar,APMC Shrigonda,onion,2021,6,1210.71,28.0
Maharashtra,Ahilyanagar,APMC Shrigonda,onion,2021,12,2267.26,368.0
Maharashtra,Ahilyanagar,APMC Shrigonda,onion,2022,1,2045.41,872.0
Maharashtra,Ahilyanagar,APMC Shrigonda,onion,2022,2,2266.03,3783.0
Maharashtra,Ahilyanagar,APMC Shrigonda,onion,2022,3,1150.28,2534.0
Maharashtra,Ahilyanagar,APMC Shrigonda,onion,2022,4,486.75,83.0
Maharashtra,Ahilyanagar,APMC Shrigonda,onion,2022,5,559.04,166.0
Maharashtra,Ahilyanagar,APMC Shrigonda,onion,2022,6,847.37,76.0
Maharashtra,Ahilyanagar,APMC Shrigonda,onion,2022,7,1200.0,
Maharashtra,Ahilyanagar,APMC Shrigonda,onion,2022,8,1300.0,
Maharashtra,Ahilyanagar,APMC Shrigonda,onion,2022,9,700.0,10.0
Maharashtra,Ahilyanagar,APMC Shrigonda,onion,2023,1,1152.91,
Maharashtra,Ahilyanagar,APMC Shrigonda,onion,2023,2,748.57,
Maharashtra,Ahilyanagar,APMC Shrigonda,onion,2023,3,625.25,4636.0
Maharashtra,Ahilyanagar,APMC Shrigonda,onion,2023,4,487.61,3430.0
Maharashtra,Ahilyanagar,APMC Shrigonda,onion,2023,5,506.01,799.0
Maharashtra,Ahilyanagar,APMC Shrigonda,onion,2023,6,796.0,100.0
Maharashtra,Ahilyanagar,APMC Shrigonda,onion,2025,2,,1404.5
Maharashtra,Ahilyanagar,APMC Shrigonda,onion,2025,4,,62.3
Maharashtra,Ahilyanagar,APMC Shrigonda,onion,2025,6,1150.23,43.6
Maharashtra,Ahilyanagar,APMC Shrigonda,onion,2026,1,,436.9
Maharashtra,Ahilyanagar,APMC Shrigonda,onion,2026,2,,695.8
Maharashtra,Ahilyanagar,APMC Shrigonda,onion,2026,3,,381.7
Maharashtra,Ahilyanagar,APMC Shrigonda,onion,2026,4,,62.8
Maharashtra,Ahilyanagar,APMC Shrigonda,onion,2026,5,693.08,115.6
Maharashtra,Ahilyanagar,APMC Shrigonda,onion,2026,6,1000.0,9.5
Maharashtra,Ahilyanagar,APMC Shrigonda,pearl_millet,2019,10,2042.31,13.0
Maharashtra,Ahilyanagar,APMC Shrigonda,pearl_millet,2019,12,2083.39,146.0
Maharashtra,Ahilyanagar,APMC Shrigonda,pearl_millet,2020,1,2050.0,24.0
Maharashtra,Ahilyanagar,APMC Shrigonda,pearl_millet,2020,3,2069.23,13.0
Maharashtra,Ahilyanagar,APMC Shrigonda,pearl_millet,2020,5,2017.86,14.0
Maharashtra,Ahilyanagar,APMC Shrigonda,pearl_millet,2020,6,2025.0,28.0
Maharashtra,Ahilyanagar,APMC Shrigonda,pearl_millet,2020,7,2016.92,65.0
Maharashtra,Ahilyanagar,APMC Shrigonda,pearl_millet,2020,8,2006.43,35.0
Maharashtra,Ahilyanagar,APMC Shrigonda,pearl_millet,2020,9,2000.0,4.0
Maharashtra,Ahilyanagar,APMC Shrigonda,pearl_millet,2020,10,2061.9,21.0
Maharashtra,Ahilyanagar,APMC Shrigonda,pearl_millet,2020,11,2105.38,65.0
Maharashtra,Ahilyanagar,APMC Shrigonda,pearl_millet,2020,12,2179.89,87.0
Maharashtra,Ahilyanagar,APMC Shrigonda,pearl_millet,2021,1,2200.0,42.0
Maharashtra,Ahilyanagar,APMC Shrigonda,pearl_millet,2021,2,2196.67,90.0
Maharashtra,Ahilyanagar,APMC Shrigonda,pearl_millet,2021,3,2190.28,
Maharashtra,Ahilyanagar,APMC Shrigonda,pearl_millet,2021,4,2193.75,8.0
Maharashtra,Ahilyanagar,APMC Shrigonda,pearl_millet,2021,5,2200.0,1.0
Maharashtra,Ahilyanagar,APMC Shrigonda,pearl_millet,2021,6,2196.05,38.0
Maharashtra,Ahilyanagar,APMC Shrigonda,pearl_millet,2021,7,2200.0,43.0
Maharashtra,Ahilyanagar,APMC Shrigonda,pearl_millet,2021,8,2197.61,46.0
Maharashtra,Ahilyanagar,APMC Shrigonda,pearl_millet,2021,9,2199.83,58.0
Maharashtra,Ahilyanagar,APMC Shrigonda,pearl_millet,2021,10,2200.0,18.0
Maharashtra,Ahilyanagar,APMC Shrigonda,pearl_millet,2021,11,2200.0,21.0
Maharashtra,Ahilyanagar,APMC Shrigonda,pearl_millet,2021,12,2200.0,13.0
Maharashtra,Ahilyanagar,APMC Shrigonda,pearl_millet,2022,1,2200.0,8.0
Maharashtra,Ahilyanagar,APMC Shrigonda,pearl_millet,2022,2,2200.0,6.0
Maharashtra,Ahilyanagar,APMC Shrigonda,pearl_millet,2022,3,2200.0,7.0
Maharashtra,Ahilyanagar,APMC Shrigonda,pearl_millet,2022,4,2200.0,4.0
Maharashtra,Ahilyanagar,APMC Shrigonda,pearl_millet,2022,6,2316.67,6.0
Maharashtra,Ahilyanagar,APMC Shrigonda,pearl_millet,2022,7,2350.0,1.0
Maharashtra,Ahilyanagar,APMC Shrigonda,pearl_millet,2022,8,2400.0,3.0
Maharashtra,Ahilyanagar,APMC Shrigonda,pearl_millet,2022,9,2426.67,15.0
Maharashtra,Ahilyanagar,APMC Shrigonda,pearl_millet,2022,10,2384.78,23.0
Maharashtra,Ahilyanagar,APMC Shrigonda,pearl_millet,2022,11,2508.62,29.0
Maharashtra,Ahilyanagar,APMC Shrigonda,pearl_millet,2022,12,2404.76,21.0
Maharashtra,Ahilyanagar,APMC Shrigonda,pearl_millet,2023,1,2518.18,
Maharashtra,Ahilyanagar,APMC Shrigonda,pearl_millet,2023,2,2387.5,
Maharashtra,Ahilyanagar,APMC Shrigonda,pearl_millet,2023,3,2395.45,11.0
Maharashtra,Ahilyanagar,APMC Shrigonda,pearl_millet,2023,4,2400.0,2.0
Maharashtra,Ahilyanagar,APMC Shrigonda,pearl_millet,2023,5,2400.0,16.0
Maharashtra,Ahilyanagar,APMC Shrigonda,pearl_millet,2023,6,2466.67,3.0
Maharashtra,Ahilyanagar,APMC Shrigonda,pearl_millet,2023,8,2500.0,2.0
Maharashtra,Ahilyanagar,APMC Shrigonda,pearl_millet,2023,11,2566.67,3.0
Maharashtra,Ahilyanagar,APMC Shrigonda,pearl_millet,2023,12,2500.0,2.0
Maharashtra,Ahilyanagar,APMC Shrigonda,pearl_millet,2024,1,2662.5,
Maharashtra,Ahilyanagar,APMC Shrigonda,pearl_millet,2024,2,2800.0,1.0
Maharashtra,Ahilyanagar,APMC Shrigonda,pearl_millet,2024,4,2562.86,3.5
Maharashtra,Ahilyanagar,APMC Shrigonda,pearl_millet,2024,10,2800.0,1.0
Maharashtra,Ahilyanagar,APMC Shrigonda,pearl_millet,2024,11,,2.4
Maharashtra,Ahilyanagar,APMC Shrigonda,pearl_millet,2024,12,2861.54,2.6
Maharashtra,Ahilyanagar,APMC Shrigonda,pearl_millet,2025,1,,0.1
Maharashtra,Ahilyanagar,APMC Shrigonda,pearl_millet,2025,2,2859.09,2.2
Maharashtra,Ahilyanagar,APMC Shrigonda,pearl_millet,2025,3,2807.14,1.4
Maharashtra,Ahilyanagar,APMC Shrigonda,pearl_millet,2025,4,2866.67,2.1
Maharashtra,Ahilyanagar,APMC Shrigonda,pearl_millet,2025,5,2800.0,1.9
Maharashtra,Ahilyanagar,APMC Shrigonda,pearl_millet,2025,6,2900.0,1.5
Maharashtra,Ahilyanagar,APMC Shrigonda,pearl_millet,2025,7,2900.0,0.4
Maharashtra,Ahilyanagar,APMC Shrigonda,pearl_millet,2025,8,2900.0,8.0
Maharashtra,Ahilyanagar,APMC Shrigonda,pearl_millet,2025,9,2900.0,1.9
Maharashtra,Ahilyanagar,APMC Shrigonda,pearl_millet,2025,10,2900.0,2.0
Maharashtra,Ahilyanagar,APMC Shrigonda,pearl_millet,2025,12,2900.0,1.8
Maharashtra,Ahilyanagar,APMC Shrigonda,pearl_millet,2026,4,2850.0,0.6
Maharashtra,Ahilyanagar,APMC Shrigonda,pearl_millet,2026,8,2500.0,0.8
Maharashtra,Ahilyanagar,APMC Shrigonda,pigeon_pea,2019,12,5840.0,5.0
Maharashtra,Ahilyanagar,APMC Shrigonda,pigeon_pea,2020,1,5800.0,17.0
Maharashtra,Ahilyanagar,APMC Shrigonda,pigeon_pea,2020,3,5800.0,6.0
Maharashtra,Ahilyanagar,APMC Shrigonda,pigeon_pea,2020,5,5800.0,16.0
Maharashtra,Ahilyanagar,APMC Shrigonda,pigeon_pea,2020,6,5800.0,9.0
Maharashtra,Ahilyanagar,APMC Shrigonda,pigeon_pea,2020,7,5800.0,8.0
Maharashtra,Ahilyanagar,APMC Shrigonda,pigeon_pea,2020,8,5800.0,2.0
Maharashtra,Ahilyanagar,APMC Shrigonda,pigeon_pea,2020,12,6098.32,119.0
Maharashtra,Ahilyanagar,APMC Shrigonda,pigeon_pea,2021,1,6050.0,103.0
Maharashtra,Ahilyanagar,APMC Shrigonda,pigeon_pea,2021,2,6289.29,112.0
Maharashtra,Ahilyanagar,APMC Shrigonda,pigeon_pea,2021,3,6076.32,38.0
Maharashtra,Ahilyanagar,APMC Shrigonda,pigeon_pea,2021,4,6016.67,3.0
Maharashtra,Ahilyanagar,APMC Shrigonda,pigeon_pea,2021,6,6000.0,1.0
Maharashtra,Ahilyanagar,APMC Shrigonda,pigeon_pea,2021,8,6000.0,1.0
Maharashtra,Ahilyanagar,APMC Shrigonda,pigeon_pea,2021,12,6075.23,109.0
Maharashtra,Ahilyanagar,APMC Shrigonda,pigeon_pea,2022,1,6090.9,368.0
Maharashtra,Ahilyanagar,APMC Shrigonda,pigeon_pea,2022,2,6035.71,112.0
Maharashtra,Ahilyanagar,APMC Shrigonda,pigeon_pea,2022,3,6046.55,29.0
Maharashtra,Ahilyanagar,APMC Shrigonda,pigeon_pea,2022,4,6000.0,1.0
Maharashtra,Ahilyanagar,APMC Shrigonda,pigeon_pea,2022,5,6000.0,1.0
Maharashtra,Ahilyanagar,APMC Shrigonda,pigeon_pea,2022,12,6907.41,27.0
Maharashtra,Ahilyanagar,APMC Shrigonda,pigeon_pea,2023,1,6751.26,119.0
Maharashtra,Ahilyanagar,APMC Shrigonda,pigeon_pea,2023,2,6820.83,12.0
Maharashtra,Ahilyanagar,APMC Shrigonda,pigeon_pea,2023,3,6625.0,8.0
Maharashtra,Ahilyanagar,APMC Shrigonda,pigeon_pea,2023,4,6766.67,3.0
Maharashtra,Ahilyanagar,APMC Shrigonda,pigeon_pea,2023,12,8644.44,18.0
Maharashtra,Ahilyanagar,APMC Shrigonda,pigeon_pea,2024,1,8150.0,64.0
Maharashtra,Ahilyanagar,APMC Shrigonda,pigeon_pea,2024,2,9671.43,7.0
Maharashtra,Ahilyanagar,APMC Shrigonda,pigeon_pea,2024,4,9350.0,0.2
Maharashtra,Ahilyanagar,APMC Shrigonda,pigeon_pea,2024,5,8000.0,0.1
Maharashtra,Ahilyanagar,APMC Shrigonda,pigeon_pea,2024,7,8000.0,0.1
Maharashtra,Ahilyanagar,APMC Shrigonda,pigeon_pea,2025,1,7800.0,
Maharashtra,Ahilyanagar,APMC Shrigonda,pigeon_pea,2025,2,7730.93,19.4
Maharashtra,Ahilyanagar,APMC Shrigonda,pigeon_pea,2025,4,,2.7
Maharashtra,Ahilyanagar,APMC Shrigonda,pigeon_pea,2026,8,7500.0,0.1
Maharashtra,Ahilyanagar,APMC Shrigonda,sorghum,2019,10,2550.0,2.0
Maharashtra,Ahilyanagar,APMC Shrigonda,sorghum,2019,12,2562.5,12.0
Maharashtra,Ahilyanagar,APMC Shrigonda,sorghum,2020,1,2550.0,1.0
Maharashtra,Ahilyanagar,APMC Shrigonda,sorghum,2020,3,2626.67,15.0
Maharashtra,Ahilyanagar,APMC Shrigonda,sorghum,2020,5,3235.0,20.0
Maharashtra,Ahilyanagar,APMC Shrigonda,sorghum,2020,6,3112.9,31.0
Maharashtra,Ahilyanagar,APMC Shrigonda,sorghum,2020,7,2808.7,23.0
Maharashtra,Ahilyanagar,APMC Shrigonda,sorghum,2020,8,2777.5,20.0
Maharashtra,Ahilyanagar,APMC Shrigonda,sorghum,2020,9,2600.0,2.0
Maharashtra,Ahilyanagar,APMC Shrigonda,sorghum,2020,10,3300.0,3.0
Maharashtra,Ahilyanagar,APMC Shrigonda,sorghum,2020,11,2910.0,5.0
Maharashtra,Ahilyanagar,APMC Shrigonda,sorghum,2020,12,2690.91,11.0
Maharashtra,Ahilyanagar,APMC Shrigonda,sorghum,2021,1,2700.0,7.0
Maharashtra,Ahilyanagar,APMC Shrigonda,sorghum,2021,2,3384.79,72.0
Maharashtra,Ahilyanagar,APMC Shrigonda,sorghum,2021,3,3322.11,95.0
Maharashtra,Ahilyanagar,APMC Shrigonda,sorghum,2021,4,3100.0,9.0
Maharashtra,Ahilyanagar,APMC Shrigonda,sorghum,2021,6,3159.09,22.0
Maharashtra,Ahilyanagar,APMC Shrigonda,sorghum,2021,7,3050.0,14.0
Maharashtra,Ahilyanagar,APMC Shrigonda,sorghum,2021,8,2985.71,7.0
Maharashtra,Ahilyanagar,APMC Shrigonda,sorghum,2021,9,3091.67,6.0
Maharashtra,Ahilyanagar,APMC Shrigonda,sorghum,2021,10,2966.67,3.0
Maharashtra,Ahilyanagar,APMC Shrigonda,sorghum,2021,11,2750.0,1.0
Maharashtra,Ahilyanagar,APMC Shrigonda,sorghum,2021,12,2775.0,2.0
Maharashtra,Ahilyanagar,APMC Shrigonda,sorghum,2022,1,2875.0,2.0
Maharashtra,Ahilyanagar,APMC Shrigonda,sorghum,2022,2,3000.0,2.0
Maharashtra,Ahilyanagar,APMC Shrigonda,sorghum,2022,3,3040.38,52.0
Maharashtra,Ahilyanagar,APMC Shrigonda,sorghum,2022,4,2828.57,7.0
Maharashtra,Ahilyanagar,APMC Shrigonda,sorghum,2022,5,3050.0,
Maharashtra,Ahilyanagar,APMC Shrigonda,sorghum,2022,6,2900.0,2.0
Maharashtra,Ahilyanagar,APMC Shrigonda,sorghum,2022,7,3000.0,1.0
Maharashtra,Ahilyanagar,APMC Shrigonda,sorghum,2022,8,3000.0,1.0
Maharashtra,Ahilyanagar,APMC Shrigonda,sorghum,2022,9,3000.0,2.0
Maharashtra,Ahilyanagar,APMC Shrigonda,sorghum,2022,10,3000.0,2.0
Maharashtra,Ahilyanagar,APMC Shrigonda,sorghum,2023,1,3000.0,1.0
Maharashtra,Ahilyanagar,APMC Shrigonda,sorghum,2023,2,3000.0,1.0
Maharashtra,Ahilyanagar,APMC Shrigonda,sorghum,2023,3,3587.5,
Maharashtra,Ahilyanagar,APMC Shrigonda,sorghum,2023,4,3900.0,
Maharashtra,Ahilyanagar,APMC Shrigonda,sorghum,2023,5,3000.0,4.0
Maharashtra,Ahilyanagar,APMC Shrigonda,sorghum,2023,6,3125.0,2.0
Maharashtra,Ahilyanagar,APMC Shrigonda,sorghum,2023,7,3237.5,2.0
Maharashtra,Ahilyanagar,APMC Shrigonda,sorghum,2023,8,3250.0,1.0
Maharashtra,Ahilyanagar,APMC Shrigonda,sorghum,2024,1,4300.0,
Maharashtra,Ahilyanagar,APMC Shrigonda,sorghum,2024,2,3500.0,5.0
Maharashtra,Ahilyanagar,APMC Shrigonda,sorghum,2024,4,3410.71,2.8
Maharashtra,Ahilyanagar,APMC Shrigonda,sorghum,2024,12,3500.0,0.1
Maharashtra,Ahilyanagar,APMC Shrigonda,sorghum,2025,2,3542.86,0.7
Maharashtra,Ahilyanagar,APMC Shrigonda,sorghum,2025,3,,2.1
Maharashtra,Ahilyanagar,APMC Shrigonda,sorghum,2025,4,3600.0,1.6
Maharashtra,Ahilyanagar,APMC Shrigonda,sorghum,2025,5,3500.0,0.2
Maharashtra,Ahilyanagar,APMC Shrigonda,sorghum,2025,7,3900.0,0.3
Maharashtra,Ahilyanagar,APMC Shrigonda,sorghum,2025,8,4000.0,0.2
Maharashtra,Ahilyanagar,APMC Shrigonda,sorghum,2025,10,3900.0,0.4
Maharashtra,Ahilyanagar,APMC Shrigonda,sorghum,2025,12,3700.0,0.1
Maharashtra,Ahilyanagar,APMC Shrigonda,sorghum,2026,8,3900.0,0.3
Maharashtra,Ahilyanagar,APMC Shrigonda,soybean,2019,12,3750.0,13.0
Maharashtra,Ahilyanagar,APMC Shrigonda,soybean,2020,1,3750.0,7.0
Maharashtra,Ahilyanagar,APMC Shrigonda,soybean,2020,11,3900.0,1.0
Maharashtra,Ahilyanagar,APMC Shrigonda,soybean,2021,2,3900.0,1.0
Maharashtra,Ahilyanagar,APMC Shrigonda,soybean,2021,3,4700.0,2.0
Maharashtra,Ahilyanagar,APMC Shrigonda,soybean,2021,11,4000.0,1.0
Maharashtra,Ahilyanagar,APMC Shrigonda,soybean,2021,12,3950.0,3.0
Maharashtra,Ahilyanagar,APMC Shrigonda,soybean,2022,1,3925.0,4.0
Maharashtra,Ahilyanagar,APMC Shrigonda,soybean,2022,2,3900.0,1.0
Maharashtra,Ahilyanagar,APMC Shrigonda,soybean,2022,3,6800.0,1.0
Maharashtra,Ahilyanagar,APMC Shrigonda,soybean,2022,5,5666.67,3.0
Maharashtra,Ahilyanagar,APMC Shrigonda,soybean,2022,8,4300.0,1.0
Maharashtra,Ahilyanagar,APMC Shrigonda,soybean,2022,10,4666.67,3.0
Maharashtra,Ahilyanagar,APMC Shrigonda,soybean,2022,11,5350.0,14.0
Maharashtra,Ahilyanagar,APMC Shrigonda,soybean,2022,12,5273.08,26.0
Maharashtra,Ahilyanagar,APMC Shrigonda,soybean,2023,1,5000.0,4.0
Maharashtra,Ahilyanagar,APMC Shrigonda,soybean,2023,2,5037.5,4.0
Maharashtra,Ahilyanagar,APMC Shrigonda,soybean,2023,3,4566.67,3.0
Maharashtra,Ahilyanagar,APMC Shrigonda,soybean,2023,4,4975.0,2.0
Maharashtra,Ahilyanagar,APMC Shrigonda,soybean,2023,8,5100.0,3.0
Maharashtra,Ahilyanagar,APMC Shrigonda,soybean,2023,10,5000.0,1.0
Maharashtra,Ahilyanagar,APMC Shrigonda,soybean,2023,11,4850.0,6.0
Maharashtra,Ahilyanagar,APMC Shrigonda,soybean,2023,12,4795.45,11.0
Maharashtra,Ahilyanagar,APMC Shrigonda,soybean,2024,1,4900.0,4.0
Maharashtra,Ahilyanagar,APMC Shrigonda,soybean,2024,4,4700.0,0.1
Maharashtra,Ahilyanagar,APMC Shrigonda,soybean,2024,11,5200.0,
Maharashtra,Ahilyanagar,APMC Shrigonda,soybean,2024,12,5114.81,
Maharashtra,Ahilyanagar,APMC Shrigonda,soybean,2025,2,5000.0,0.2
Maharashtra,Ahilyanagar,APMC Shrigonda,soybean,2025,4,,0.9
Maharashtra,Ahilyanagar,APMC Shrigonda,soybean,2026,4,,0.1
Maharashtra,Ahilyanagar,APMC Shrigonda,wheat,2019,10,1925.0,32.0
Maharashtra,Ahilyanagar,APMC Shrigonda,wheat,2019,12,1898.53,85.0
Maharashtra,Ahilyanagar,APMC Shrigonda,wheat,2020,1,1892.5,20.0
Maharashtra,Ahilyanagar,APMC Shrigonda,wheat,2020,3,1932.14,28.0
Maharashtra,Ahilyanagar,APMC Shrigonda,wheat,2020,5,1930.33,122.0
Maharashtra,Ahilyanagar,APMC Shrigonda,wheat,2020,6,1897.88,92.0
Maharashtra,Ahilyanagar,APMC Shrigonda,wheat,2020,7,1897.34,122.0
Maharashtra,Ahilyanagar,APMC Shrigonda,wheat,2020,8,1917.81,80.0
Maharashtra,Ahilyanagar,APMC Shrigonda,wheat,2020,9,1875.0,9.0
Maharashtra,Ahilyanagar,APMC Shrigonda,wheat,2020,10,1990.0,25.0
Maharashtra,Ahilyanagar,APMC Shrigonda,wheat,2020,11,2028.12,80.0
Maharashtra,Ahilyanagar,APMC Shrigonda,wheat,2020,12,1971.79,117.0
Maharashtra,Ahilyanagar,APMC Shrigonda,wheat,2021,1,1999.15,59.0
Maharashtra,Ahilyanagar,APMC Shrigonda,wheat,2021,2,1996.41,138.0
Maharashtra,Ahilyanagar,APMC Shrigonda,wheat,2021,3,1998.78,344.0
Maharashtra,Ahilyanagar,APMC Shrigonda,wheat,2021,4,2000.0,95.0
Maharashtra,Ahilyanagar,APMC Shrigonda,wheat,2021,5,2000.0,7.0
Maharashtra,Ahilyanagar,APMC Shrigonda,wheat,2021,6,1995.93,91.0
Maharashtra,Ahilyanagar,APMC Shrigonda,wheat,2021,7,1996.37,73.0
Maharashtra,Ahilyanagar,APMC Shrigonda,wheat,2021,8,1991.84,57.0
Maharashtra,Ahilyanagar,APMC Shrigonda,wheat,2021,9,1990.0,51.0
Maharashtra,Ahilyanagar,APMC Shrigonda,wheat,2021,10,1989.24,46.0
Maharashtra,Ahilyanagar,APMC Shrigonda,wheat,2021,11,1992.79,43.0
Maharashtra,Ahilyanagar,APMC Shrigonda,wheat,2021,12,1989.19,31.0
Maharashtra,Ahilyanagar,APMC Shrigonda,wheat,2022,1,1982.86,21.0
Maharashtra,Ahilyanagar,APMC Shrigonda,wheat,2022,2,1979.84,32.0
Maharashtra,Ahilyanagar,APMC Shrigonda,wheat,2022,3,2234.17,84.0
Maharashtra,Ahilyanagar,APMC Shrigonda,wheat,2022,4,2287.1,62.0
Maharashtra,Ahilyanagar,APMC Shrigonda,wheat,2022,5,2201.67,30.0
Maharashtra,Ahilyanagar,APMC Shrigonda,wheat,2022,6,2121.43,14.0
Maharashtra,Ahilyanagar,APMC Shrigonda,wheat,2022,7,2113.85,13.0
Maharashtra,Ahilyanagar,APMC Shrigonda,wheat,2022,8,2260.0,10.0
Maharashtra,Ahilyanagar,APMC Shrigonda,wheat,2022,9,2341.67,6.0
Maharashtra,Ahilyanagar,APMC Shrigonda,wheat,2022,10,2289.29,14.0
Maharashtra,Ahilyanagar,APMC Shrigonda,wheat,2022,11,2373.91,23.0
Maharashtra,Ahilyanagar,APMC Shrigonda,wheat,2022,12,2510.87,23.0
Maharashtra,Ahilyanagar,APMC Shrigonda,wheat,2023,1,2516.67,6.0
Maharashtra,Ahilyanagar,APMC Shrigonda,wheat,2023,2,2404.55,22.0
Maharashtra,Ahilyanagar,APMC Shrigonda,wheat,2023,3,2215.94,251.0
Maharashtra,Ahilyanagar,APMC Shrigonda,wheat,2023,4,2276.61,171.0
Maharashtra,Ahilyanagar,APMC Shrigonda,wheat,2023,5,2295.65,46.0
Maharashtra,Ahilyanagar,APMC Shrigonda,wheat,2023,6,2250.0,12.0
Maharashtra,Ahilyanagar,APMC Shrigonda,wheat,2023,8,2330.0,10.0
Maharashtra,Ahilyanagar,APMC Shrigonda,wheat,2023,9,2300.0,6.0
Maharashtra,Ahilyanagar,APMC Shrigonda,wheat,2023,10,2242.0,25.0
Maharashtra,Ahilyanagar,APMC Shrigonda,wheat,2023,11,2344.44,18.0
Maharashtra,Ahilyanagar,APMC Shrigonda,wheat,2023,12,2452.27,22.0
Maharashtra,Ahilyanagar,APMC Shrigonda,wheat,2024,1,2629.41,17.0
Maharashtra,Ahilyanagar,APMC Shrigonda,wheat,2024,2,2563.64,11.0
Maharashtra,Ahilyanagar,APMC Shrigonda,wheat,2024,4,2542.93,18.4
Maharashtra,Ahilyanagar,APMC Shrigonda,wheat,2024,5,,2.1
Maharashtra,Ahilyanagar,APMC Shrigonda,wheat,2024,7,2600.0,7.6
Maharashtra,Ahilyanagar,APMC Shrigonda,wheat,2024,9,2498.18,5.5
Maharashtra,Ahilyanagar,APMC Shrigonda,wheat,2024,10,2700.0,2.1
Maharashtra,Ahilyanagar,APMC Shrigonda,wheat,2024,11,2600.0,
Maharashtra,Ahilyanagar,APMC Shrigonda,wheat,2024,12,2703.85,2.6
Maharashtra,Ahilyanagar,APMC Shrigonda,wheat,2025,2,2720.27,7.4
Maharashtra,Ahilyanagar,APMC Shrigonda,wheat,2025,3,,51.3
Maharashtra,Ahilyanagar,APMC Shrigonda,wheat,2025,4,2700.0,16.3
Maharashtra,Ahilyanagar,APMC Shrigonda,wheat,2025,5,2800.0,0.7
Maharashtra,Ahilyanagar,APMC Shrigonda,wheat,2025,6,2800.0,1.5
Maharashtra,Ahilyanagar,APMC Shrigonda,wheat,2025,7,2700.0,1.6
Maharashtra,Ahilyanagar,APMC Shrigonda,wheat,2025,8,2700.0,9.8
Maharashtra,Ahilyanagar,APMC Shrigonda,wheat,2025,9,2700.0,3.0
Maharashtra,Ahilyanagar,APMC Shrigonda,wheat,2025,10,2760.34,5.8
Maharashtra,Ahilyanagar,APMC Shrigonda,wheat,2025,12,2700.0,2.1
Maharashtra,Ahilyanagar,APMC Shrigonda,wheat,2026,3,2527.68,11.2
Maharashtra,Ahilyanagar,APMC Shrigonda,wheat,2026,4,2300.0,2.5
Maharashtra,Ahilyanagar,APMC Shrigonda,wheat,2026,6,2400.0,2.7
Maharashtra,Ahilyanagar,APMC Shrigonda,wheat,2026,8,2650.0,14.5
Maharashtra,Ahilyanagar,APMC Shrirampur,chickpea,2019,2,4166.76,21.0
Maharashtra,Ahilyanagar,APMC Shrirampur,chickpea,2019,4,4108.16,49.0
Maharashtra,Ahilyanagar,APMC Shrirampur,chickpea,2019,6,4036.0,30.0
Maharashtra,Ahilyanagar,APMC Shrirampur,chickpea,2019,8,3800.38,13.0
Maharashtra,Ahilyanagar,APMC Shrirampur,chickpea,2019,10,3763.71,31.0
Maharashtra,Ahilyanagar,APMC Shrirampur,chickpea,2019,12,3576.56,16.0
Maharashtra,Ahilyanagar,APMC Shrirampur,chickpea,2020,1,3656.25,8.0
Maharashtra,Ahilyanagar,APMC Shrirampur,chickpea,2020,2,3524.17,12.0
Maharashtra,Ahilyanagar,APMC Shrirampur,chickpea,2020,3,3284.91,53.0
Maharashtra,Ahilyanagar,APMC Shrirampur,chickpea,2020,4,3743.27,26.0
Maharashtra,Ahilyanagar,APMC Shrirampur,chickpea,2020,5,3700.0,51.0
Maharashtra,Ahilyanagar,APMC Shrirampur,chickpea,2020,6,3720.5,50.0
Maharashtra,Ahilyanagar,APMC Shrirampur,chickpea,2020,7,3767.74,31.0
Maharashtra,Ahilyanagar,APMC Shrirampur,chickpea,2020,8,3817.31,13.0
Maharashtra,Ahilyanagar,APMC Shrirampur,chickpea,2020,9,4067.31,13.0
Maharashtra,Ahilyanagar,APMC Shrirampur,chickpea,2020,10,4587.5,8.0
Maharashtra,Ahilyanagar,APMC Shrirampur,chickpea,2020,11,4227.5,10.0
Maharashtra,Ahilyanagar,APMC Shrirampur,chickpea,2020,12,3700.0,3.0
Maharashtra,Ahilyanagar,APMC Shrirampur,chickpea,2021,1,3900.0,1.0
Maharashtra,Ahilyanagar,APMC Shrirampur,chickpea,2021,2,4116.67,21.0
Maharashtra,Ahilyanagar,APMC Shrirampur,chickpea,2021,3,4542.81,73.0
Maharashtra,Ahilyanagar,APMC Shrirampur,chickpea,2021,4,4700.62,48.0
Maharashtra,Ahilyanagar,APMC Shrirampur,chickpea,2021,6,4392.19,64.0
Maharashtra,Ahilyanagar,APMC Shrirampur,chickpea,2021,7,4137.88,33.0
Maharashtra,Ahilyanagar,APMC Shrirampur,chickpea,2021,8,4398.75,40.0
Maharashtra,Ahilyanagar,APMC Shrirampur,chickpea,2021,9,4516.67,12.0
Maharashtra,Ahilyanagar,APMC Shrirampur,chickpea,2021,10,4213.16,19.0
Maharashtra,Ahilyanagar,APMC Shrirampur,chickpea,2021,11,4150.53,19.0
Maharashtra,Ahilyanagar,APMC Shrirampur,chickpea,2021,12,4248.44,8.0
Maharashtra,Ahilyanagar,APMC Shrirampur,chickpea,2022,1,3925.0,2.0
Maharashtra,Ahilyanagar,APMC Shrirampur,chickpea,2022,2,4391.67,30.0
Maharashtra,Ahilyanagar,APMC Shrirampur,chickpea,2022,3,4386.02,93.0
Maharashtra,Ahilyanagar,APMC Shrirampur,chickpea,2022,4,4374.22,32.0
Maharashtra,Ahilyanagar,APMC Shrirampur,chickpea,2022,5,4164.12,
Maharashtra,Ahilyanagar,APMC Shrirampur,chickpea,2022,6,3946.67,30.0
Maharashtra,Ahilyanagar,APMC Shrirampur,chickpea,2022,7,4041.67,
Maharashtra,Ahilyanagar,APMC Shrirampur,chickpea,2022,9,4000.0,2.0
Maharashtra,Ahilyanagar,APMC Shrirampur,chickpea,2022,10,3730.0,5.0
Maharashtra,Ahilyanagar,APMC Shrirampur,chickpea,2022,11,3888.89,9.0
Maharashtra,Ahilyanagar,APMC Shrirampur,chickpea,2022,12,4622.5,4.0
Maharashtra,Ahilyanagar,APMC Shrirampur,chickpea,2023,1,5150.0,1.0
Maharashtra,Ahilyanagar,APMC Shrirampur,chickpea,2023,2,4311.0,25.0
Maharashtra,Ahilyanagar,APMC Shrirampur,chickpea,2023,3,4301.32,38.0
Maharashtra,Ahilyanagar,APMC Shrirampur,chickpea,2023,4,4523.68,19.0
Maharashtra,Ahilyanagar,APMC Shrirampur,chickpea,2023,5,4500.0,12.0
Maharashtra,Ahilyanagar,APMC Shrirampur,chickpea,2023,6,4514.29,7.0
Maharashtra,Ahilyanagar,APMC Shrirampur,chickpea,2023,7,4362.5,
Maharashtra,Ahilyanagar,APMC Shrirampur,chickpea,2023,8,4500.0,1.0
Maharashtra,Ahilyanagar,APMC Shrirampur,chickpea,2023,10,4750.0,2.0
Maharashtra,Ahilyanagar,APMC Shrirampur,chickpea,2023,11,4800.0,1.0
Maharashtra,Ahilyanagar,APMC Shrirampur,chickpea,2024,2,5516.33,9.8
Maharashtra,Ahilyanagar,APMC Shrirampur,chickpea,2024,3,5333.08,
Maharashtra,Ahilyanagar,APMC Shrirampur,chickpea,2024,4,5538.69,8.4
Maharashtra,Ahilyanagar,APMC Shrirampur,chickpea,2024,5,5841.33,4.9
Maharashtra,Ahilyanagar,APMC Shrirampur,chickpea,2024,6,5781.82,2.2
Maharashtra,Ahilyanagar,APMC Shrirampur,chickpea,2024,7,5572.06,3.4
Maharashtra,Ahilyanagar,APMC Shrirampur,chickpea,2024,8,5981.25,2.4
Maharashtra,Ahilyanagar,APMC Shrirampur,chickpea,2024,9,5630.0,3.0
Maharashtra,Ahilyanagar,APMC Shrirampur,chickpea,2024,10,5463.64,1.1
Maharashtra,Ahilyanagar,APMC Shrirampur,chickpea,2025,1,5330.0,
Maharashtra,Ahilyanagar,APMC Shrirampur,chickpea,2025,2,5224.38,
Maharashtra,Ahilyanagar,APMC Shrirampur,chickpea,2025,3,5159.3,17.2
Maharashtra,Ahilyanagar,APMC Shrirampur,chickpea,2025,4,5360.48,10.5
Maharashtra,Ahilyanagar,APMC Shrirampur,chickpea,2025,6,,6.0
Maharashtra,Ahilyanagar,APMC Shrirampur,chickpea,2025,8,5246.15,1.3
Maharashtra,Ahilyanagar,APMC Shrirampur,chickpea,2025,9,5050.0,0.2
Maharashtra,Ahilyanagar,APMC Shrirampur,chickpea,2026,3,,21.9
Maharashtra,Ahilyanagar,APMC Shrirampur,chickpea,2026,4,,6.8
Maharashtra,Ahilyanagar,APMC Shrirampur,chickpea,2026,5,,11.6
Maharashtra,Ahilyanagar,APMC Shrirampur,chickpea,2026,6,,4.6
Maharashtra,Ahilyanagar,APMC Shrirampur,chickpea,2026,7,5056.25,2.4
Maharashtra,Ahilyanagar,APMC Shrirampur,chickpea,2026,8,5250.0,0.6
Maharashtra,Ahilyanagar,APMC Shrirampur,onion,2019,2,428.93,3474.0
Maharashtra,Ahilyanagar,APMC Shrirampur,onion,2019,4,710.89,12239.0
Maharashtra,Ahilyanagar,APMC Shrirampur,onion,2019,6,1071.59,15188.0
Maharashtra,Ahilyanagar,APMC Shrirampur,onion,2019,8,1352.62,12347.0
Maharashtra,Ahilyanagar,APMC Shrirampur,onion,2019,10,2567.52,6244.0
Maharashtra,Ahilyanagar,APMC Shrirampur,onion,2019,12,6160.26,78.0
Maharashtra,Ahilyanagar,APMC Shrirampur,onion,2020,1,3087.05,78.0
Maharashtra,Ahilyanagar,APMC Shrirampur,onion,2020,2,1559.55,419.0
Maharashtra,Ahilyanagar,APMC Shrirampur,onion,2020,3,1324.65,1211.0
Maharashtra,Ahilyanagar,APMC Shrirampur,onion,2020,4,550.0,35.0
Maharashtra,Ahilyanagar,APMC Shrirampur,onion,2020,5,431.69,2526.0
Maharashtra,Ahilyanagar,APMC Shrirampur,onion,2020,6,606.4,10170.0
Maharashtra,Ahilyanagar,APMC Shrirampur,onion,2020,7,596.65,9737.0
Maharashtra,Ahilyanagar,APMC Shrirampur,onion,2020,8,1005.14,7674.0
Maharashtra,Ahilyanagar,APMC Shrirampur,onion,2020,9,2281.81,10369.0
Maharashtra,Ahilyanagar,APMC Shrirampur,onion,2020,10,3171.29,2398.0
Maharashtra,Ahilyanagar,APMC Shrirampur,onion,2020,11,3522.51,4882.0
Maharashtra,Ahilyanagar,APMC Shrirampur,onion,2020,12,1736.63,3067.0
Maharashtra,Ahilyanagar,APMC Shrirampur,onion,2021,1,1582.38,227.0
Maharashtra,Ahilyanagar,APMC Shrirampur,onion,2021,2,2445.65,161.0
Maharashtra,Ahilyanagar,APMC Shrirampur,onion,2021,3,1071.8,1663.0
Maharashtra,Ahilyanagar,APMC Shrirampur,onion,2021,4,771.75,2020.0
Maharashtra,Ahilyanagar,APMC Shrirampur,onion,2021,5,941.92,755.0
Maharashtra,Ahilyanagar,APMC Shrirampur,onion,2021,6,1489.7,10974.0
Maharashtra,Ahilyanagar,APMC Shrirampur,onion,2021,7,1392.58,13542.0
Maharashtra,Ahilyanagar,APMC Shrirampur,onion,2021,8,1298.3,16714.0
Maharashtra,Ahilyanagar,APMC Shrirampur,onion,2021,9,1322.62,11946.0
Maharashtra,Ahilyanagar,APMC Shrirampur,onion,2021,10,2483.69,6923.0
Maharashtra,Ahilyanagar,APMC Shrirampur,onion,2021,11,1861.72,4507.0
Maharashtra,Ahilyanagar,APMC Shrirampur,onion,2021,12,1787.33,1255.0
Maharashtra,Ahilyanagar,APMC Shrirampur,onion,2022,1,1341.94,31.0
Maharashtra,Ahilyanagar,APMC Shrirampur,onion,2022,2,1250.0,16.0
Maharashtra,Ahilyanagar,APMC Shrirampur,onion,2022,3,823.22,745.0
Maharashtra,Ahilyanagar,APMC Shrirampur,onion,2022,4,722.05,2358.0
Maharashtra,Ahilyanagar,APMC Shrirampur,onion,2022,5,696.84,5038.0
Maharashtra,Ahilyanagar,APMC Shrirampur,onion,2022,6,1079.18,9000.0
Maharashtra,Ahilyanagar,APMC Shrirampur,onion,2022,7,884.74,
Maharashtra,Ahilyanagar,APMC Shrirampur,onion,2022,8,913.98,
Maharashtra,Ahilyanagar,APMC Shrirampur,onion,2022,9,896.92,8770.0
Maharashtra,Ahilyanagar,APMC Shrirampur,onion,2022,10,1389.93,7524.0
Maharashtra,Ahilyanagar,APMC Shrirampur,onion,2022,11,1456.57,3160.0
Maharashtra,Ahilyanagar,APMC Shrirampur,onion,2022,12,823.26,3158.0
Maharashtra,Ahilyanagar,APMC Shrirampur,onion,2023,1,700.0,
Maharashtra,Ahilyanagar,APMC Shrirampur,onion,2023,3,658.41,8620.0
Maharashtra,Ahilyanagar,APMC Shrirampur,onion,2023,4,597.96,3026.0
Maharashtra,Ahilyanagar,APMC Shrirampur,onion,2023,5,610.16,4652.0
Maharashtra,Ahilyanagar,APMC Shrirampur,onion,2023,6,694.88,12056.0
Maharashtra,Ahilyanagar,APMC Shrirampur,onion,2023,9,1897.75,
Maharashtra,Ahilyanagar,APMC Shrirampur,onion,2023,10,2603.23,
Maharashtra,Ahilyanagar,APMC Shrirampur,onion,2024,10,,2140.7
Maharashtra,Ahilyanagar,APMC Shrirampur,onion,2025,4,,2257.2
Maharashtra,Ahilyanagar,APMC Shrirampur,onion,2025,6,1445.22,7522.9
Maharashtra,Ahilyanagar,APMC Shrirampur,onion,2025,8,1388.35,11876.3
Maharashtra,Ahilyanagar,APMC Shrirampur,onion,2025,9,1211.71,10514.4
Maharashtra,Ahilyanagar,APMC Shrirampur,onion,2025,10,,7786.1
Maharashtra,Ahilyanagar,APMC Shrirampur,onion,2025,11,,4274.0
Maharashtra,Ahilyanagar,APMC Shrirampur,onion,2025,12,,960.6
Maharashtra,Ahilyanagar,APMC Shrirampur,onion,2026,1,,6.9
Maharashtra,Ahilyanagar,APMC Shrirampur,onion,2026,4,,1306.4
Maharashtra,Ahilyanagar,APMC Shrirampur,onion,2026,5,902.5,2375.6
Maharashtra,Ahilyanagar,APMC Shrirampur,onion,2026,6,1679.04,10947.0
Maharashtra,Ahilyanagar,APMC Shrirampur,onion,2026,7,2081.55,14470.6
Maharashtra,Ahilyanagar,APMC Shrirampur,onion,2026,8,2906.32,9907.8
Maharashtra,Ahilyanagar,APMC Shrirampur,onion,2026,9,3450.0,620.4
Maharashtra,Ahilyanagar,APMC Shrirampur,pearl_millet,2019,2,1661.0,1.0
Maharashtra,Ahilyanagar,APMC Shrirampur,pearl_millet,2019,8,1937.5,2.0
Maharashtra,Ahilyanagar,APMC Shrirampur,pearl_millet,2019,10,1680.45,33.0
Maharashtra,Ahilyanagar,APMC Shrirampur,pearl_millet,2019,12,1820.5,30.0
Maharashtra,Ahilyanagar,APMC Shrirampur,pearl_millet,2020,1,1732.41,27.0
Maharashtra,Ahilyanagar,APMC Shrirampur,pearl_millet,2020,2,1540.0,16.0
Maharashtra,Ahilyanagar,APMC Shrirampur,pearl_millet,2020,3,1467.6,10.0
Maharashtra,Ahilyanagar,APMC Shrirampur,pearl_millet,2020,4,1900.0,9.0
Maharashtra,Ahilyanagar,APMC Shrirampur,pearl_millet,2020,5,1545.0,5.0
Maharashtra,Ahilyanagar,APMC Shrirampur,pearl_millet,2020,6,1200.0,8.0
Maharashtra,Ahilyanagar,APMC Shrirampur,pearl_millet,2020,7,1228.85,13.0
Maharashtra,Ahilyanagar,APMC Shrirampur,pearl_millet,2020,8,1183.33,9.0
Maharashtra,Ahilyanagar,APMC Shrirampur,pearl_millet,2020,9,1053.5,10.0
Maharashtra,Ahilyanagar,APMC Shrirampur,pearl_millet,2020,10,1318.18,11.0
Maharashtra,Ahilyanagar,APMC Shrirampur,pearl_millet,2020,11,1220.0,15.0
Maharashtra,Ahilyanagar,APMC Shrirampur,pearl_millet,2020,12,1155.77,13.0
Maharashtra,Ahilyanagar,APMC Shrirampur,pearl_millet,2021,1,1075.0,7.0
Maharashtra,Ahilyanagar,APMC Shrirampur,pearl_millet,2021,2,1131.94,16.0
Maharashtra,Ahilyanagar,APMC Shrirampur,pearl_millet,2021,3,1091.88,
Maharashtra,Ahilyanagar,APMC Shrirampur,pearl_millet,2021,4,1512.5,4.0
Maharashtra,Ahilyanagar,APMC Shrirampur,pearl_millet,2021,6,1235.5,10.0
Maharashtra,Ahilyanagar,APMC Shrirampur,pearl_millet,2021,8,1300.0,1.0
Maharashtra,Ahilyanagar,APMC Shrirampur,pearl_millet,2021,9,1300.0,9.0
Maharashtra,Ahilyanagar,APMC Shrirampur,pearl_millet,2021,10,1291.67,3.0
Maharashtra,Ahilyanagar,APMC Shrirampur,pearl_millet,2021,11,1313.75,4.0
Maharashtra,Ahilyanagar,APMC Shrirampur,pearl_millet,2021,12,1100.0,1.0
Maharashtra,Ahilyanagar,APMC Shrirampur,pearl_millet,2022,2,1600.0,2.0
Maharashtra,Ahilyanagar,APMC Shrirampur,pearl_millet,2022,6,1712.5,4.0
Maharashtra,Ahilyanagar,APMC Shrirampur,pearl_millet,2022,10,1600.0,1.0
Maharashtra,Ahilyanagar,APMC Shrirampur,pearl_millet,2022,12,1800.0,1.0
Maharashtra,Ahilyanagar,APMC Shrirampur,pearl_millet,2023,4,2500.0,2.0
Maharashtra,Ahilyanagar,APMC Shrirampur,pearl_millet,2023,5,2345.45,22.0
Maharashtra,Ahilyanagar,APMC Shrirampur,pearl_millet,2023,6,2261.11,18.0
Maharashtra,Ahilyanagar,APMC Shrirampur,pearl_millet,2023,7,2200.0,1.0
Maharashtra,Ahilyanagar,APMC Shrirampur,pearl_millet,2023,8,2285.0,5.0
Maharashtra,Ahilyanagar,APMC Shrirampur,pearl_millet,2023,11,2350.0,2.0
Maharashtra,Ahilyanagar,APMC Shrirampur,pearl_millet,2023,12,2450.0,1.0
Maharashtra,Ahilyanagar,APMC Shrirampur,pearl_millet,2024,1,2266.67,
Maharashtra,Ahilyanagar,APMC Shrirampur,pearl_millet,2024,2,2498.98,4.9
Maharashtra,Ahilyanagar,APMC Shrirampur,pearl_millet,2024,4,2450.0,1.4
Maharashtra,Ahilyanagar,APMC Shrirampur,pearl_millet,2024,6,2225.0,3.0
Maharashtra,Ahilyanagar,APMC Shrirampur,pearl_millet,2024,8,2438.54,4.8
Maharashtra,Ahilyanagar,APMC Shrirampur,pearl_millet,2024,10,2450.0,1.8
Maharashtra,Ahilyanagar,APMC Shrirampur,pearl_millet,2024,11,,2.1
Maharashtra,Ahilyanagar,APMC Shrirampur,pearl_millet,2024,12,2471.43,0.7
Maharashtra,Ahilyanagar,APMC Shrirampur,pearl_millet,2025,1,,0.6
Maharashtra,Ahilyanagar,APMC Shrirampur,pearl_millet,2025,3,2412.5,0.8
Maharashtra,Ahilyanagar,APMC Shrirampur,pearl_millet,2025,4,2231.25,0.8
Maharashtra,Ahilyanagar,APMC Shrirampur,pearl_millet,2025,5,2382.1,8.1
Maharashtra,Ahilyanagar,APMC Shrirampur,pearl_millet,2025,6,2253.61,20.8
Maharashtra,Ahilyanagar,APMC Shrirampur,pearl_millet,2025,7,2146.61,5.9
Maharashtra,Ahilyanagar,APMC Shrirampur,pearl_millet,2025,8,2333.87,3.1
Maharashtra,Ahilyanagar,APMC Shrirampur,pearl_millet,2025,9,2602.86,6.5
Maharashtra,Ahilyanagar,APMC Shrirampur,pearl_millet,2025,10,2397.22,3.6
Maharashtra,Ahilyanagar,APMC Shrirampur,pearl_millet,2025,11,2390.71,1.4
Maharashtra,Ahilyanagar,APMC Shrirampur,pearl_millet,2025,12,2337.5,1.2
Maharashtra,Ahilyanagar,APMC Shrirampur,pearl_millet,2026,1,2700.0,0.7
Maharashtra,Ahilyanagar,APMC Shrirampur,pearl_millet,2026,2,2611.11,0.9
Maharashtra,Ahilyanagar,APMC Shrirampur,pearl_millet,2026,3,2400.0,0.2
Maharashtra,Ahilyanagar,APMC Shrirampur,pearl_millet,2026,4,2469.57,4.6
Maharashtra,Ahilyanagar,APMC Shrirampur,pearl_millet,2026,5,2470.0,6.5
Maharashtra,Ahilyanagar,APMC Shrirampur,pearl_millet,2026,6,2363.0,5.0
Maharashtra,Ahilyanagar,APMC Shrirampur,pearl_millet,2026,7,2050.0,0.2
Maharashtra,Ahilyanagar,APMC Shrirampur,pearl_millet,2026,8,2479.81,5.2
Maharashtra,Ahilyanagar,APMC Shrirampur,pearl_millet,2026,9,2350.0,0.4
Maharashtra,Ahilyanagar,APMC Shrirampur,pigeon_pea,2019,2,4375.0,2.0
Maharashtra,Ahilyanagar,APMC Shrirampur,pigeon_pea,2019,4,4051.0,1.0
Maharashtra,Ahilyanagar,APMC Shrirampur,pigeon_pea,2019,12,3025.0,1.0
Maharashtra,Ahilyanagar,APMC Shrirampur,pigeon_pea,2020,1,4260.2,5.0
Maharashtra,Ahilyanagar,APMC Shrirampur,pigeon_pea,2020,2,4133.33,3.0
Maharashtra,Ahilyanagar,APMC Shrirampur,pigeon_pea,2020,3,4040.0,5.0
Maharashtra,Ahilyanagar,APMC Shrirampur,pigeon_pea,2020,5,3803.12,8.0
Maharashtra,Ahilyanagar,APMC Shrirampur,pigeon_pea,2020,6,4116.67,3.0
Maharashtra,Ahilyanagar,APMC Shrirampur,pigeon_pea,2020,7,4275.33,3.0
Maharashtra,Ahilyanagar,APMC Shrirampur,pigeon_pea,2020,9,4175.0,1.0
Maharashtra,Ahilyanagar,APMC Shrirampur,pigeon_pea,2021,1,4928.57,14.0
Maharashtra,Ahilyanagar,APMC Shrirampur,pigeon_pea,2021,2,5312.5,20.0
Maharashtra,Ahilyanagar,APMC Shrirampur,pigeon_pea,2021,3,5231.25,8.0
Maharashtra,Ahilyanagar,APMC Shrirampur,pigeon_pea,2021,4,5600.0,1.0
Maharashtra,Ahilyanagar,APMC Shrirampur,pigeon_pea,2021,6,5450.0,2.0
Maharashtra,Ahilyanagar,APMC Shrirampur,pigeon_pea,2021,7,6010.0,2.0
Maharashtra,Ahilyanagar,APMC Shrirampur,pigeon_pea,2021,12,4900.0,2.0
Maharashtra,Ahilyanagar,APMC Shrirampur,pigeon_pea,2022,1,5179.17,6.0
Maharashtra,Ahilyanagar,APMC Shrirampur,pigeon_pea,2022,2,5492.86,14.0
Maharashtra,Ahilyanagar,APMC Shrirampur,pigeon_pea,2022,3,5181.82,11.0
Maharashtra,Ahilyanagar,APMC Shrirampur,pigeon_pea,2022,4,5350.0,2.0
Maharashtra,Ahilyanagar,APMC Shrirampur,pigeon_pea,2022,5,4950.0,1.0
Maharashtra,Ahilyanagar,APMC Shrirampur,pigeon_pea,2022,6,4600.0,1.0
Maharashtra,Ahilyanagar,APMC Shrirampur,pigeon_pea,2022,10,4500.0,1.0
Maharashtra,Ahilyanagar,APMC Shrirampur,pigeon_pea,2023,1,6108.33,6.0
Maharashtra,Ahilyanagar,APMC Shrirampur,pigeon_pea,2023,2,5870.0,5.0
Maharashtra,Ahilyanagar,APMC Shrirampur,pigeon_pea,2023,4,6000.0,1.0
Maharashtra,Ahilyanagar,APMC Shrirampur,pigeon_pea,2023,12,7500.0,1.0
Maharashtra,Ahilyanagar,APMC Shrirampur,pigeon_pea,2024,1,8300.0,1.0
Maharashtra,Ahilyanagar,APMC Shrirampur,pigeon_pea,2024,3,7388.89,0.9
Maharashtra,Ahilyanagar,APMC Shrirampur,pigeon_pea,2024,4,8205.0,1.0
Maharashtra,Ahilyanagar,APMC Shrirampur,pigeon_pea,2024,5,7700.0,0.3
Maharashtra,Ahilyanagar,APMC Shrirampur,pigeon_pea,2024,7,4300.0,0.1
Maharashtra,Ahilyanagar,APMC Shrirampur,pigeon_pea,2024,8,6000.0,0.1
Maharashtra,Ahilyanagar,APMC Shrirampur,pigeon_pea,2024,9,4000.0,0.1
Maharashtra,Ahilyanagar,APMC Shrirampur,pigeon_pea,2024,10,7200.0,0.1
Maharashtra,Ahilyanagar,APMC Shrirampur,pigeon_pea,2025,1,6102.72,
Maharashtra,Ahilyanagar,APMC Shrirampur,pigeon_pea,2025,2,6090.0,6.5
Maharashtra,Ahilyanagar,APMC Shrirampur,pigeon_pea,2025,4,,5.8
Maharashtra,Ahilyanagar,APMC Shrirampur,pigeon_pea,2025,6,,1.4
Maharashtra,Ahilyanagar,APMC Shrirampur,pigeon_pea,2025,9,5610.0,1.0
Maharashtra,Ahilyanagar,APMC Shrirampur,pigeon_pea,2026,1,,16.6
Maharashtra,Ahilyanagar,APMC Shrirampur,pigeon_pea,2026,2,,4.1
Maharashtra,Ahilyanagar,APMC Shrirampur,pigeon_pea,2026,3,,5.1
Maharashtra,Ahilyanagar,APMC Shrirampur,pigeon_pea,2026,4,,2.1
Maharashtra,Ahilyanagar,APMC Shrirampur,pigeon_pea,2026,5,,4.0
Maharashtra,Ahilyanagar,APMC Shrirampur,pigeon_pea,2026,7,,0.4
Maharashtra,Ahilyanagar,APMC Shrirampur,pigeon_pea,2026,8,5900.0,0.2
Maharashtra,Ahilyanagar,APMC Shrirampur,sorghum,2019,2,2804.17,6.0
Maharashtra,Ahilyanagar,APMC Shrirampur,sorghum,2019,6,3175.0,1.0
Maharashtra,Ahilyanagar,APMC Shrirampur,sorghum,2020,3,2732.41,27.0
Maharashtra,Ahilyanagar,APMC Shrirampur,sorghum,2020,4,3000.0,7.0
Maharashtra,Ahilyanagar,APMC Shrirampur,sorghum,2020,5,2596.2,5.0
Maharashtra,Ahilyanagar,APMC Shrirampur,sorghum,2020,6,2682.81,16.0
Maharashtra,Ahilyanagar,APMC Shrirampur,sorghum,2020,7,2314.29,7.0
Maharashtra,Ahilyanagar,APMC Shrirampur,sorghum,2020,8,2112.5,8.0
Maharashtra,Ahilyanagar,APMC Shrirampur,sorghum,2020,9,2025.0,8.0
Maharashtra,Ahilyanagar,APMC Shrirampur,sorghum,2020,10,1915.0,7.0
Maharashtra,Ahilyanagar,APMC Shrirampur,sorghum,2020,11,1780.0,5.0
Maharashtra,Ahilyanagar,APMC Shrirampur,sorghum,2020,12,1677.5,6.0
Maharashtra,Ahilyanagar,APMC Shrirampur,sorghum,2021,1,1537.5,2.0
Maharashtra,Ahilyanagar,APMC Shrirampur,sorghum,2021,2,1503.57,7.0
Maharashtra,Ahilyanagar,APMC Shrirampur,sorghum,2021,3,1553.57,7.0
Maharashtra,Ahilyanagar,APMC Shrirampur,sorghum,2021,4,1500.0,4.0
Maharashtra,Ahilyanagar,APMC Shrirampur,sorghum,2021,6,1347.12,17.0
Maharashtra,Ahilyanagar,APMC Shrirampur,sorghum,2021,7,1373.83,12.0
Maharashtra,Ahilyanagar,APMC Shrirampur,sorghum,2021,8,1295.0,8.0
Maharashtra,Ahilyanagar,APMC Shrirampur,sorghum,2021,9,1322.81,16.0
Maharashtra,Ahilyanagar,APMC Shrirampur,sorghum,2021,10,1316.67,3.0
Maharashtra,Ahilyanagar,APMC Shrirampur,sorghum,2021,11,1175.0,1.0
Maharashtra,Ahilyanagar,APMC Shrirampur,sorghum,2022,3,2402.17,6.0
Maharashtra,Ahilyanagar,APMC Shrirampur,sorghum,2022,4,2005.5,2.0
Maharashtra,Ahilyanagar,APMC Shrirampur,sorghum,2022,6,2000.0,4.0
Maharashtra,Ahilyanagar,APMC Shrirampur,sorghum,2022,9,2425.0,1.0
Maharashtra,Ahilyanagar,APMC Shrirampur,sorghum,2022,10,2627.5,2.0
Maharashtra,Ahilyanagar,APMC Shrirampur,sorghum,2022,11,2000.0,1.0
Maharashtra,Ahilyanagar,APMC Shrirampur,sorghum,2023,2,2150.0,1.0
Maharashtra,Ahilyanagar,APMC Shrirampur,sorghum,2023,3,2728.57,
Maharashtra,Ahilyanagar,APMC Shrirampur,sorghum,2023,5,2800.0,1.0
Maharashtra,Ahilyanagar,APMC Shrirampur,sorghum,2023,6,2200.0,1.0
Maharashtra,Ahilyanagar,APMC Shrirampur,sorghum,2024,2,2231.25,1.6
Maharashtra,Ahilyanagar,APMC Shrirampur,sorghum,2024,4,2163.33,1.5
Maharashtra,Ahilyanagar,APMC Shrirampur,sorghum,2024,6,2300.0,0.9
Maharashtra,Ahilyanagar,APMC Shrirampur,sorghum,2024,8,2048.68,1.9
Maharashtra,Ahilyanagar,APMC Shrirampur,sorghum,2024,10,2067.27,5.5
Maharashtra,Ahilyanagar,APMC Shrirampur,sorghum,2024,12,2126.0,2.5
Maharashtra,Ahilyanagar,APMC Shrirampur,sorghum,2025,1,,2.1
Maharashtra,Ahilyanagar,APMC Shrirampur,sorghum,2025,2,1938.64,2.2
Maharashtra,Ahilyanagar,APMC Shrirampur,sorghum,2025,3,,6.9
Maharashtra,Ahilyanagar,APMC Shrirampur,sorghum,2025,5,2165.79,1.9
Maharashtra,Ahilyanagar,APMC Shrirampur,sorghum,2025,6,2228.57,4.2
Maharashtra,Ahilyanagar,APMC Shrirampur,sorghum,2025,7,1990.48,2.1
Maharashtra,Ahilyanagar,APMC Shrirampur,sorghum,2025,8,2450.0,0.6
Maharashtra,Ahilyanagar,APMC Shrirampur,sorghum,2025,9,2000.0,0.2
Maharashtra,Ahilyanagar,APMC Shrirampur,sorghum,2026,1,2200.0,0.1
Maharashtra,Ahilyanagar,APMC Shrirampur,sorghum,2026,3,4000.0,0.2
Maharashtra,Ahilyanagar,APMC Shrirampur,sorghum,2026,4,3900.0,1.0
Maharashtra,Ahilyanagar,APMC Shrirampur,sorghum,2026,5,2450.0,0.3
Maharashtra,Ahilyanagar,APMC Shrirampur,sorghum,2026,6,4500.0,0.4
Maharashtra,Ahilyanagar,APMC Shrirampur,sorghum,2026,8,2500.0,0.3
Maharashtra,Ahilyanagar,APMC Shrirampur,sorghum,2026,9,2100.0,0.3
Maharashtra,Ahilyanagar,APMC Shrirampur,soybean,2019,2,3644.86,35.0
Maharashtra,Ahilyanagar,APMC Shrirampur,soybean,2019,4,3652.59,22.0
Maharashtra,Ahilyanagar,APMC Shrirampur,soybean,2019,6,3527.31,13.0
Maharashtra,Ahilyanagar,APMC Shrirampur,soybean,2019,8,3470.0,5.0
Maharashtra,Ahilyanagar,APMC Shrirampur,soybean,2019,10,3474.15,59.0
Maharashtra,Ahilyanagar,APMC Shrirampur,soybean,2019,12,3798.1,92.0
Maharashtra,Ahilyanagar,APMC Shrirampur,soybean,2020,1,3989.62,53.0
Maharashtra,Ahilyanagar,APMC Shrirampur,soybean,2020,2,3693.21,14.0
Maharashtra,Ahilyanagar,APMC Shrirampur,soybean,2020,3,3300.0,4.0
Maharashtra,Ahilyanagar,APMC Shrirampur,soybean,2020,4,3850.0,9.0
Maharashtra,Ahilyanagar,APMC Shrirampur,soybean,2020,5,3411.11,9.0
Maharashtra,Ahilyanagar,APMC Shrirampur,soybean,2020,6,3459.44,36.0
Maharashtra,Ahilyanagar,APMC Shrirampur,soybean,2020,7,3472.73,11.0
Maharashtra,Ahilyanagar,APMC Shrirampur,soybean,2020,8,3512.5,40.0
Maharashtra,Ahilyanagar,APMC Shrirampur,soybean,2020,9,3517.0,40.0
Maharashtra,Ahilyanagar,APMC Shrirampur,soybean,2020,10,3519.35,336.0
Maharashtra,Ahilyanagar,APMC Shrirampur,soybean,2020,11,3908.8,125.0
Maharashtra,Ahilyanagar,APMC Shrirampur,soybean,2020,12,3985.07,67.0
Maharashtra,Ahilyanagar,APMC Shrirampur,soybean,2021,1,4179.81,52.0
Maharashtra,Ahilyanagar,APMC Shrirampur,soybean,2021,2,4483.04,28.0
Maharashtra,Ahilyanagar,APMC Shrirampur,soybean,2021,3,5012.55,22.0
Maharashtra,Ahilyanagar,APMC Shrirampur,soybean,2021,4,5350.0,4.0
Maharashtra,Ahilyanagar,APMC Shrirampur,soybean,2021,6,6258.33,12.0
Maharashtra,Ahilyanagar,APMC Shrirampur,soybean,2021,7,6400.0,4.0
Maharashtra,Ahilyanagar,APMC Shrirampur,soybean,2021,8,8275.0,2.0
Maharashtra,Ahilyanagar,APMC Shrirampur,soybean,2021,9,5286.5,14.0
Maharashtra,Ahilyanagar,APMC Shrirampur,soybean,2021,10,4723.48,132.0
Maharashtra,Ahilyanagar,APMC Shrirampur,soybean,2021,11,5375.0,98.0
Maharashtra,Ahilyanagar,APMC Shrirampur,soybean,2021,12,6057.47,91.0
Maharashtra,Ahilyanagar,APMC Shrirampur,soybean,2022,1,6117.05,66.0
Maharashtra,Ahilyanagar,APMC Shrirampur,soybean,2022,2,6286.11,153.0
Maharashtra,Ahilyanagar,APMC Shrirampur,soybean,2022,3,6960.0,60.0
Maharashtra,Ahilyanagar,APMC Shrirampur,soybean,2022,4,7054.41,34.0
Maharashtra,Ahilyanagar,APMC Shrirampur,soybean,2022,5,6534.67,75.0
Maharashtra,Ahilyanagar,APMC Shrirampur,soybean,2022,6,5960.16,32.0
Maharashtra,Ahilyanagar,APMC Shrirampur,soybean,2022,7,5814.29,21.0
Maharashtra,Ahilyanagar,APMC Shrirampur,soybean,2022,8,5833.82,17.0
Maharashtra,Ahilyanagar,APMC Shrirampur,soybean,2022,9,4621.43,7.0
Maharashtra,Ahilyanagar,APMC Shrirampur,soybean,2022,10,4679.58,207.0
Maharashtra,Ahilyanagar,APMC Shrirampur,soybean,2022,11,5421.97,66.0
Maharashtra,Ahilyanagar,APMC Shrirampur,soybean,2022,12,5154.59,49.0
Maharashtra,Ahilyanagar,APMC Shrirampur,soybean,2023,1,4964.19,37.0
Maharashtra,Ahilyanagar,APMC Shrirampur,soybean,2023,2,4960.29,34.0
Maharashtra,Ahilyanagar,APMC Shrirampur,soybean,2023,3,4733.57,35.0
Maharashtra,Ahilyanagar,APMC Shrirampur,soybean,2023,4,4967.57,37.0
Maharashtra,Ahilyanagar,APMC Shrirampur,soybean,2023,5,4883.53,15.0
Maharashtra,Ahilyanagar,APMC Shrirampur,soybean,2023,6,4691.67,12.0
Maharashtra,Ahilyanagar,APMC Shrirampur,soybean,2023,7,4705.26,19.0
Maharashtra,Ahilyanagar,APMC Shrirampur,soybean,2023,8,4800.0,6.0
Maharashtra,Ahilyanagar,APMC Shrirampur,soybean,2023,9,4700.0,1.0
Maharashtra,Ahilyanagar,APMC Shrirampur,soybean,2023,10,4480.17,58.0
Maharashtra,Ahilyanagar,APMC Shrirampur,soybean,2023,11,4680.0,30.0
Maharashtra,Ahilyanagar,APMC Shrirampur,soybean,2023,12,4694.44,9.0
Maharashtra,Ahilyanagar,APMC Shrirampur,soybean,2024,1,4557.14,7.0
Maharashtra,Ahilyanagar,APMC Shrirampur,soybean,2024,2,4317.36,7.2
Maharashtra,Ahilyanagar,APMC Shrirampur,soybean,2024,3,4360.45,2.2
Maharashtra,Ahilyanagar,APMC Shrirampur,soybean,2024,4,4398.82,12.7
Maharashtra,Ahilyanagar,APMC Shrirampur,soybean,2024,5,4379.47,3.8
Maharashtra,Ahilyanagar,APMC Shrirampur,soybean,2024,6,4333.33,3.9
Maharashtra,Ahilyanagar,APMC Shrirampur,soybean,2024,7,4263.41,4.1
Maharashtra,Ahilyanagar,APMC Shrirampur,soybean,2024,8,4163.64,4.4
Maharashtra,Ahilyanagar,APMC Shrirampur,soybean,2024,11,4109.35,
Maharashtra,Ahilyanagar,APMC Shrirampur,soybean,2024,12,4031.68,
Maharashtra,Ahilyanagar,APMC Shrirampur,soybean,2025,1,3990.98,12.2
Maharashtra,Ahilyanagar,APMC Shrirampur,soybean,2025,2,3899.84,30.5
Maharashtra,Ahilyanagar,APMC Shrirampur,soybean,2025,4,,5.0
Maharashtra,Ahilyanagar,APMC Shrirampur,soybean,2025,5,4074.45,
Maharashtra,Ahilyanagar,APMC Shrirampur,soybean,2025,6,4100.88,5.7
Maharashtra,Ahilyanagar,APMC Shrirampur,soybean,2025,7,4083.64,
Maharashtra,Ahilyanagar,APMC Shrirampur,soybean,2025,8,4350.0,1.6
Maharashtra,Ahilyanagar,APMC Shrirampur,soybean,2025,9,4220.0,0.5
Maharashtra,Ahilyanagar,APMC Shrirampur,soybean,2026,3,,10.0
Maharashtra,Ahilyanagar,APMC Shrirampur,soybean,2026,4,,8.2
Maharashtra,Ahilyanagar,APMC Shrirampur,soybean,2026,5,,1.0
Maharashtra,Ahilyanagar,APMC Shrirampur,soybean,2026,6,,2.6
Maharashtra,Ahilyanagar,APMC Shrirampur,soybean,2026,7,,1.8
Maharashtra,Ahilyanagar,APMC Shrirampur,soybean,2026,8,5950.0,1.4
Maharashtra,Ahilyanagar,APMC Shrirampur,soybean,2026,9,5500.0,0.6
Maharashtra,Ahilyanagar,APMC Shrirampur,wheat,2019,2,2141.17,30.0
Maharashtra,Ahilyanagar,APMC Shrirampur,wheat,2019,4,2041.77,116.0
Maharashtra,Ahilyanagar,APMC Shrirampur,wheat,2019,6,1996.16,44.0
Maharashtra,Ahilyanagar,APMC Shrirampur,wheat,2019,8,2088.5,60.0
Maharashtra,Ahilyanagar,APMC Shrirampur,wheat,2019,10,2033.82,68.0
Maharashtra,Ahilyanagar,APMC Shrirampur,wheat,2019,12,2110.88,80.0
Maharashtra,Ahilyanagar,APMC Shrirampur,wheat,2020,1,2132.79,52.0
Maharashtra,Ahilyanagar,APMC Shrirampur,wheat,2020,2,2123.91,23.0
Maharashtra,Ahilyanagar,APMC Shrirampur,wheat,2020,3,1892.05,117.0
Maharashtra,Ahilyanagar,APMC Shrirampur,wheat,2020,4,1847.39,67.0
Maharashtra,Ahilyanagar,APMC Shrirampur,wheat,2020,5,1818.84,142.0
Maharashtra,Ahilyanagar,APMC Shrirampur,wheat,2020,6,1824.63,161.0
Maharashtra,Ahilyanagar,APMC Shrirampur,wheat,2020,7,1803.35,97.0
Maharashtra,Ahilyanagar,APMC Shrirampur,wheat,2020,8,1690.43,69.0
Maharashtra,Ahilyanagar,APMC Shrirampur,wheat,2020,9,1658.99,124.0
Maharashtra,Ahilyanagar,APMC Shrirampur,wheat,2020,10,1568.83,81.0
Maharashtra,Ahilyanagar,APMC Shrirampur,wheat,2020,11,1582.28,120.0
Maharashtra,Ahilyanagar,APMC Shrirampur,wheat,2020,12,1499.18,61.0
Maharashtra,Ahilyanagar,APMC Shrirampur,wheat,2021,1,1548.84,43.0
Maharashtra,Ahilyanagar,APMC Shrirampur,wheat,2021,2,1560.08,62.0
Maharashtra,Ahilyanagar,APMC Shrirampur,wheat,2021,3,1637.98,151.0
Maharashtra,Ahilyanagar,APMC Shrirampur,wheat,2021,4,1658.21,137.0
Maharashtra,Ahilyanagar,APMC Shrirampur,wheat,2021,6,1694.2,100.0
Maharashtra,Ahilyanagar,APMC Shrirampur,wheat,2021,7,1610.79,38.0
Maharashtra,Ahilyanagar,APMC Shrirampur,wheat,2021,8,1634.09,22.0
Maharashtra,Ahilyanagar,APMC Shrirampur,wheat,2021,9,1710.58,52.0
Maharashtra,Ahilyanagar,APMC Shrirampur,wheat,2021,10,1734.29,56.0
Maharashtra,Ahilyanagar,APMC Shrirampur,wheat,2021,11,1748.95,43.0
Maharashtra,Ahilyanagar,APMC Shrirampur,wheat,2021,12,1799.31,29.0
Maharashtra,Ahilyanagar,APMC Shrirampur,wheat,2022,1,1787.5,4.0
Maharashtra,Ahilyanagar,APMC Shrirampur,wheat,2022,2,1868.75,20.0
Maharashtra,Ahilyanagar,APMC Shrirampur,wheat,2022,3,2134.56,34.0
Maharashtra,Ahilyanagar,APMC Shrirampur,wheat,2022,4,2125.0,42.0
Maharashtra,Ahilyanagar,APMC Shrirampur,wheat,2022,5,2122.58,31.0
Maharashtra,Ahilyanagar,APMC Shrirampur,wheat,2022,6,2015.18,22.0
Maharashtra,Ahilyanagar,APMC Shrirampur,wheat,2022,7,2056.25,12.0
Maharashtra,Ahilyanagar,APMC Shrirampur,wheat,2022,8,2108.33,6.0
Maharashtra,Ahilyanagar,APMC Shrirampur,wheat,2022,9,2093.75,8.0
Maharashtra,Ahilyanagar,APMC Shrirampur,wheat,2022,10,2334.07,14.0
Maharashtra,Ahilyanagar,APMC Shrirampur,wheat,2022,11,2405.36,14.0
Maharashtra,Ahilyanagar,APMC Shrirampur,wheat,2022,12,2350.5,10.0
Maharashtra,Ahilyanagar,APMC Shrirampur,wheat,2023,1,2606.25,4.0
Maharashtra,Ahilyanagar,APMC Shrirampur,wheat,2023,2,2189.29,7.0
Maharashtra,Ahilyanagar,APMC Shrirampur,wheat,2023,3,2065.21,97.0
Maharashtra,Ahilyanagar,APMC Shrirampur,wheat,2023,4,2213.54,120.0
Maharashtra,Ahilyanagar,APMC Shrirampur,wheat,2023,5,2186.4,57.0
Maharashtra,Ahilyanagar,APMC Shrirampur,wheat,2023,6,2211.63,43.0
Maharashtra,Ahilyanagar,APMC Shrirampur,wheat,2023,8,2286.0,25.0
Maharashtra,Ahilyanagar,APMC Shrirampur,wheat,2023,9,2290.91,11.0
Maharashtra,Ahilyanagar,APMC Shrirampur,wheat,2023,10,2448.78,41.0
Maharashtra,Ahilyanagar,APMC Shrirampur,wheat,2023,11,2494.12,17.0
Maharashtra,Ahilyanagar,APMC Shrirampur,wheat,2023,12,2552.94,17.0
Maharashtra,Ahilyanagar,APMC Shrirampur,wheat,2024,1,2469.23,13.0
Maharashtra,Ahilyanagar,APMC Shrirampur,wheat,2024,2,2465.68,23.6
Maharashtra,Ahilyanagar,APMC Shrirampur,wheat,2024,3,2432.81,
Maharashtra,Ahilyanagar,APMC Shrirampur,wheat,2024,4,2439.18,27.5
Maharashtra,Ahilyanagar,APMC Shrirampur,wheat,2024,5,,19.2
Maharashtra,Ahilyanagar,APMC Shrirampur,wheat,2024,6,2474.26,6.8
Maharashtra,Ahilyanagar,APMC Shrirampur,wheat,2024,7,2492.0,2.5
Maharashtra,Ahilyanagar,APMC Shrirampur,wheat,2024,8,2508.65,10.4
Maharashtra,Ahilyanagar,APMC Shrirampur,wheat,2024,9,2571.88,17.6
Maharashtra,Ahilyanagar,APMC Shrirampur,wheat,2024,10,2648.95,17.2
Maharashtra,Ahilyanagar,APMC Shrirampur,wheat,2024,11,2716.15,
Maharashtra,Ahilyanagar,APMC Shrirampur,wheat,2024,12,2617.31,7.8
Maharashtra,Ahilyanagar,APMC Shrirampur,wheat,2025,1,,6.7
Maharashtra,Ahilyanagar,APMC Shrirampur,wheat,2025,2,2719.29,18.4
Maharashtra,Ahilyanagar,APMC Shrirampur,wheat,2025,3,,85.0
Maharashtra,Ahilyanagar,APMC Shrirampur,wheat,2025,4,2498.66,67.0
Maharashtra,Ahilyanagar,APMC Shrirampur,wheat,2025,5,2556.58,52.4
Maharashtra,Ahilyanagar,APMC Shrirampur,wheat,2025,6,2525.19,38.7
Maharashtra,Ahilyanagar,APMC Shrirampur,wheat,2025,7,2511.56,24.0
Maharashtra,Ahilyanagar,APMC Shrirampur,wheat,2025,8,2591.96,19.9
Maharashtra,Ahilyanagar,APMC Shrirampur,wheat,2025,9,2526.34,13.1
Maharashtra,Ahilyanagar,APMC Shrirampur,wheat,2025,10,2550.34,14.7
Maharashtra,Ahilyanagar,APMC Shrirampur,wheat,2025,11,2543.99,15.8
Maharashtra,Ahilyanagar,APMC Shrirampur,wheat,2025,12,2571.17,16.3
Maharashtra,Ahilyanagar,APMC Shrirampur,wheat,2026,1,2558.97,11.7
Maharashtra,Ahilyanagar,APMC Shrirampur,wheat,2026,2,2539.05,13.7
Maharashtra,Ahilyanagar,APMC Shrirampur,wheat,2026,3,2193.83,100.0
Maharashtra,Ahilyanagar,APMC Shrirampur,wheat,2026,4,2211.61,196.0
Maharashtra,Ahilyanagar,APMC Shrirampur,wheat,2026,5,2293.35,51.9
Maharashtra,Ahilyanagar,APMC Shrirampur,wheat,2026,6,2297.31,33.4
Maharashtra,Ahilyanagar,APMC Shrirampur,wheat,2026,7,2493.4,17.2
Maharashtra,Ahilyanagar,APMC Shrirampur,wheat,2026,8,2619.1,29.5
Maharashtra,Ahilyanagar,APMC Shrirampur,wheat,2026,9,2643.91,16.0
Maharashtra,Ahilyanagar,Karjat(Rashin),chickpea,2025,9,5058.82,1.7
Maharashtra,Ahilyanagar,Karjat(Rashin),chickpea,2026,3,,8.9
Maharashtra,Ahilyanagar,Karjat(Rashin),chickpea,2026,4,,3.5
Maharashtra,Ahilyanagar,Karjat(Rashin),chickpea,2026,5,,1.3
Maharashtra,Ahilyanagar,Karjat(Rashin),chickpea,2026,6,,2.1
Maharashtra,Ahilyanagar,Karjat(Rashin),chickpea,2026,7,5300.0,1.2
Maharashtra,Ahilyanagar,Karjat(Rashin),chickpea,2026,8,5300.0,0.4
Maharashtra,Ahilyanagar,Karjat(Rashin),chickpea,2026,9,5533.33,1.8
Maharashtra,Ahilyanagar,Karjat(Rashin),groundnut,2026,5,5500.0,0.2
Maharashtra,Ahilyanagar,Karjat(Rashin),groundnut,2026,6,5280.0,0.5
Maharashtra,Ahilyanagar,Karjat(Rashin),groundnut,2026,8,5500.0,0.1
Maharashtra,Ahilyanagar,Karjat(Rashin),groundnut,2026,9,5500.0,0.1
Maharashtra,Ahilyanagar,Karjat(Rashin),onion,2026,5,800.0,1.1
Maharashtra,Ahilyanagar,Karjat(Rashin),pearl_millet,2025,9,2508.84,14.0
Maharashtra,Ahilyanagar,Karjat(Rashin),pearl_millet,2025,10,2536.25,4.0
Maharashtra,Ahilyanagar,Karjat(Rashin),pearl_millet,2025,11,2781.25,1.6
Maharashtra,Ahilyanagar,Karjat(Rashin),pearl_millet,2025,12,2517.5,4.0
Maharashtra,Ahilyanagar,Karjat(Rashin),pearl_millet,2026,1,2500.0,0.6
Maharashtra,Ahilyanagar,Karjat(Rashin),pearl_millet,2026,4,2500.0,0.1
Maharashtra,Ahilyanagar,Karjat(Rashin),pearl_millet,2026,5,2500.0,0.1
Maharashtra,Ahilyanagar,Karjat(Rashin),pearl_millet,2026,6,2600.0,3.3
Maharashtra,Ahilyanagar,Karjat(Rashin),pearl_millet,2026,8,2700.0,0.4
Maharashtra,Ahilyanagar,Karjat(Rashin),pearl_millet,2026,9,2576.19,10.5
Maharashtra,Ahilyanagar,Karjat(Rashin),pigeon_pea,2025,9,5733.33,0.6
Maharashtra,Ahilyanagar,Karjat(Rashin),pigeon_pea,2026,1,,216.3
Maharashtra,Ahilyanagar,Karjat(Rashin),pigeon_pea,2026,2,,16.0
Maharashtra,Ahilyanagar,Karjat(Rashin),pigeon_pea,2026,3,,0.6
Maharashtra,Ahilyanagar,Karjat(Rashin),pigeon_pea,2026,4,,0.7
Maharashtra,Ahilyanagar,Karjat(Rashin),pigeon_pea,2026,5,,0.1
Maharashtra,Ahilyanagar,Karjat(Rashin),pigeon_pea,2026,6,,0.3
Maharashtra,Ahilyanagar,Karjat(Rashin),pigeon_pea,2026,7,,6.6
Maharashtra,Ahilyanagar,Karjat(Rashin),pigeon_pea,2026,9,7714.75,6.1
Maharashtra,Ahilyanagar,Karjat(Rashin),sorghum,2025,9,2510.2,9.8
Maharashtra,Ahilyanagar,Karjat(Rashin),sorghum,2025,10,2552.0,2.5
Maharashtra,Ahilyanagar,Karjat(Rashin),sorghum,2025,11,2500.0,0.1
Maharashtra,Ahilyanagar,Karjat(Rashin),sorghum,2025,12,2981.82,3.3
Maharashtra,Ahilyanagar,Karjat(Rashin),sorghum,2026,1,3272.73,4.4
Maharashtra,Ahilyanagar,Karjat(Rashin),sorghum,2026,2,3500.0,8.1
Maharashtra,Ahilyanagar,Karjat(Rashin),sorghum,2026,3,4882.08,21.2
Maharashtra,Ahilyanagar,Karjat(Rashin),sorghum,2026,4,4280.3,6.6
Maharashtra,Ahilyanagar,Karjat(Rashin),sorghum,2026,5,2880.95,2.1
Maharashtra,Ahilyanagar,Karjat(Rashin),sorghum,2026,6,4076.92,2.6
Maharashtra,Ahilyanagar,Karjat(Rashin),sorghum,2026,7,3866.67,0.3
Maharashtra,Ahilyanagar,Karjat(Rashin),sorghum,2026,8,3980.0,2.0
Maharashtra,Ahilyanagar,Karjat(Rashin),sorghum,2026,9,4238.46,2.6
Maharashtra,Ahilyanagar,Karjat(Rashin),wheat,2025,9,2369.9,20.6
Maharashtra,Ahilyanagar,Karjat(Rashin),wheat,2025,10,2413.43,16.2
Maharashtra,Ahilyanagar,Karjat(Rashin),wheat,2025,11,2517.91,6.7
Maharashtra,Ahilyanagar,Karjat(Rashin),wheat,2025,12,2455.88,6.8
Maharashtra,Ahilyanagar,Karjat(Rashin),wheat,2026,1,2464.52,3.1
Maharashtra,Ahilyanagar,Karjat(Rashin),wheat,2026,2,2630.39,10.2
Maharashtra,Ahilyanagar,Karjat(Rashin),wheat,2026,3,2403.93,30.5
Maharashtra,Ahilyanagar,Karjat(Rashin),wheat,2026,4,2297.01,16.7
Maharashtra,Ahilyanagar,Karjat(Rashin),wheat,2026,5,2302.34,12.8
Maharashtra,Ahilyanagar,Karjat(Rashin),wheat,2026,6,2304.14,16.9
Maharashtra,Ahilyanagar,Karjat(Rashin),wheat,2026,7,2315.38,9.1
Maharashtra,Ahilyanagar,Karjat(Rashin),wheat,2026,8,2399.47,22.6
Maharashtra,Ahilyanagar,Karjat(Rashin),wheat,2026,9,2417.05,25.8
Maharashtra,Ahilyanagar,Newasa(Ghodegaon),onion,2019,2,430.08,19264.0
Maharashtra,Ahilyanagar,Newasa(Ghodegaon),onion,2019,4,655.79,12163.0
Maharashtra,Ahilyanagar,Newasa(Ghodegaon),onion,2019,6,1091.96,35661.0
Maharashtra,Ahilyanagar,Newasa(Ghodegaon),onion,2019,8,1772.81,32342.0
Maharashtra,Ahilyanagar,Newasa(Ghodegaon),onion,2019,10,2861.66,8206.0
Maharashtra,Ahilyanagar,Newasa(Ghodegaon),onion,2019,12,4842.58,13443.0
Maharashtra,Ahilyanagar,Newasa(Ghodegaon),onion,2020,1,2958.59,25709.0
Maharashtra,Ahilyanagar,Newasa(Ghodegaon),onion,2020,2,1734.58,18576.0
Maharashtra,Ahilyanagar,Newasa(Ghodegaon),onion,2020,3,1429.68,9052.0
Maharashtra,Ahilyanagar,Newasa(Ghodegaon),onion,2020,6,646.66,15147.0
Maharashtra,Ahilyanagar,Newasa(Ghodegaon),onion,2020,7,637.52,29064.0
Maharashtra,Ahilyanagar,Newasa(Ghodegaon),onion,2020,8,898.4,26387.0
Maharashtra,Ahilyanagar,Newasa(Ghodegaon),onion,2020,9,2435.3,27569.0
Maharashtra,Ahilyanagar,Newasa(Ghodegaon),onion,2020,10,3652.33,9519.0
Maharashtra,Ahilyanagar,Newasa(Ghodegaon),onion,2020,11,3798.33,16307.0
Maharashtra,Ahilyanagar,Newasa(Ghodegaon),onion,2020,12,2621.24,14329.0
Maharashtra,Ahilyanagar,Newasa(Ghodegaon),onion,2021,1,2611.84,15257.0
Maharashtra,Ahilyanagar,Newasa(Ghodegaon),onion,2021,2,3014.59,11924.0
Maharashtra,Ahilyanagar,Newasa(Ghodegaon),onion,2021,3,1359.68,12628.0
Maharashtra,Ahilyanagar,Newasa(Ghodegaon),onion,2021,4,800.0,4714.0
Maharashtra,Ahilyanagar,Newasa(Ghodegaon),onion,2021,6,1597.62,29209.0
Maharashtra,Ahilyanagar,Newasa(Ghodegaon),onion,2021,7,1609.23,38902.0
Maharashtra,Ahilyanagar,Newasa(Ghodegaon),onion,2021,8,1522.19,47475.0
Maharashtra,Ahilyanagar,Newasa(Ghodegaon),onion,2021,9,1573.46,33894.0
Maharashtra,Ahilyanagar,Newasa(Ghodegaon),onion,2021,10,2834.73,30944.0
Maharashtra,Ahilyanagar,Newasa(Ghodegaon),onion,2021,11,2401.41,23357.0
Maharashtra,Ahilyanagar,Newasa(Ghodegaon),onion,2021,12,2583.28,20579.0
Maharashtra,Ahilyanagar,Newasa(Ghodegaon),onion,2022,1,2272.35,34773.0
Maharashtra,Ahilyanagar,Newasa(Ghodegaon),onion,2022,2,2238.19,25713.0
Maharashtra,Ahilyanagar,Newasa(Ghodegaon),onion,2022,3,1385.2,10770.0
Maharashtra,Ahilyanagar,Newasa(Ghodegaon),onion,2022,4,897.99,11682.0
Maharashtra,Ahilyanagar,Newasa(Ghodegaon),onion,2022,5,950.01,26730.0
Maharashtra,Ahilyanagar,Newasa(Ghodegaon),onion,2022,6,1192.5,42793.0
Maharashtra,Ahilyanagar,Newasa(Ghodegaon),onion,2022,7,1307.85,
Maharashtra,Ahilyanagar,Newasa(Ghodegaon),onion,2022,8,1203.99,
Maharashtra,Ahilyanagar,Newasa(Ghodegaon),onion,2022,9,1153.75,30808.0
Maharashtra,Ahilyanagar,Newasa(Ghodegaon),onion,2022,10,1644.59,46309.0
Maharashtra,Ahilyanagar,Newasa(Ghodegaon),onion,2022,11,1864.33,24171.0
Maharashtra,Ahilyanagar,Newasa(Ghodegaon),onion,2022,12,1710.43,24593.0
Maharashtra,Ahilyanagar,Newasa(Ghodegaon),onion,2023,1,1191.7,
Maharashtra,Ahilyanagar,Newasa(Ghodegaon),onion,2023,2,956.6,
Maharashtra,Ahilyanagar,Newasa(Ghodegaon),onion,2023,3,790.86,15671.0
Maharashtra,Ahilyanagar,Newasa(Ghodegaon),onion,2023,4,615.62,11749.0
Maharashtra,Ahilyanagar,Newasa(Ghodegaon),onion,2023,5,658.62,6627.0
Maharashtra,Ahilyanagar,Newasa(Ghodegaon),onion,2023,6,1009.46,32325.0
Maharashtra,Ahilyanagar,Newasa(Ghodegaon),onion,2023,9,1955.78,
Maharashtra,Ahilyanagar,Newasa(Ghodegaon),onion,2023,10,3069.17,
Maharashtra,Ahilyanagar,Newasa(Ghodegaon),onion,2024,10,,13702.1
Maharashtra,Ahilyanagar,Newasa(Ghodegaon),onion,2024,12,,31698.9
Maharashtra,Ahilyanagar,Newasa(Ghodegaon),onion,2025,2,,9459.1
Maharashtra,Ahilyanagar,Newasa(Ghodegaon),onion,2025,4,,7514.0
Maharashtra,Ahilyanagar,Newasa(Ghodegaon),onion,2025,6,1433.97,28740.4
Maharashtra,Ahilyanagar,Newasa(Ghodegaon),onion,2025,8,1273.2,42171.8
Maharashtra,Ahilyanagar,Newasa(Ghodegaon),onion,2025,9,957.23,40828.5
Maharashtra,Ahilyanagar,Newasa(Ghodegaon),onion,2025,10,,20154.8
Maharashtra,Ahilyanagar,Newasa(Ghodegaon),onion,2025,11,,23519.8
Maharashtra,Ahilyanagar,Newasa(Ghodegaon),onion,2025,12,,33275.4
Maharashtra,Ahilyanagar,Newasa(Ghodegaon),onion,2026,1,,31579.6
Maharashtra,Ahilyanagar,Newasa(Ghodegaon),onion,2026,2,,16474.5
Maharashtra,Ahilyanagar,Newasa(Ghodegaon),onion,2026,3,,5332.7
Maharashtra,Ahilyanagar,Newasa(Ghodegaon),onion,2026,4,,3162.4
Maharashtra,Ahilyanagar,Newasa(Ghodegaon),onion,2026,5,844.68,10929.2
Maharashtra,Ahilyanagar,Newasa(Ghodegaon),onion,2026,6,1464.39,41355.7
Maharashtra,Ahilyanagar,Newasa(Ghodegaon),onion,2026,7,1929.92,42516.0
Maharashtra,Ahilyanagar,Newasa(Ghodegaon),onion,2026,8,2724.27,34611.4
Maharashtra,Ahilyanagar,Newasa(Ghodegaon),onion,2026,9,4043.22,21275.0
Maharashtra,Ahilyanagar,"Omchatinya Multi State Agro Purpose Co-Op Society, Dist Ahilyanagar",chickpea,2023,7,4541.26,
Maharashtra,Ahilyanagar,"Omchatinya Multi State Agro Purpose Co-Op Society, Dist Ahilyanagar",chickpea,2023,8,4851.87,5.07
Maharashtra,Ahilyanagar,"Omchatinya Multi State Agro Purpose Co-Op Society, Dist Ahilyanagar",chickpea,2023,9,5147.79,1.36
Maharashtra,Ahilyanagar,"Omchatinya Multi State Agro Purpose Co-Op Society, Dist Ahilyanagar",chickpea,2023,10,5193.91,2.38
Maharashtra,Ahilyanagar,"Omchatinya Multi State Agro Purpose Co-Op Society, Dist Ahilyanagar",chickpea,2023,11,5486.32,1.06
Maharashtra,Ahilyanagar,"Omchatinya Multi State Agro Purpose Co-Op Society, Dist Ahilyanagar",chickpea,2024,3,5550.0,
Maharashtra,Ahilyanagar,"Omchatinya Multi State Agro Purpose Co-Op Society, Dist Ahilyanagar",chickpea,2024,4,5581.91,56.65
Maharashtra,Ahilyanagar,"Omchatinya Multi State Agro Purpose Co-Op Society, Dist Ahilyanagar",chickpea,2024,5,5782.29,14.5
Maharashtra,Ahilyanagar,"Omchatinya Multi State Agro Purpose Co-Op Society, Dist Ahilyanagar",chickpea,2024,6,6068.26,5.01
Maharashtra,Ahilyanagar,"Omchatinya Multi State Agro Purpose Co-Op Society, Dist Ahilyanagar",chickpea,2024,7,5895.49,2.66
Maharashtra,Ahilyanagar,"Omchatinya Multi State Agro Purpose Co-Op Society, Dist Ahilyanagar",chickpea,2024,8,6321.34,3.89
Maharashtra,Ahilyanagar,"Omchatinya Multi State Agro Purpose Co-Op Society, Dist Ahilyanagar",chickpea,2024,9,6784.7,4.38
Maharashtra,Ahilyanagar,"Omchatinya Multi State Agro Purpose Co-Op Society, Dist Ahilyanagar",chickpea,2024,10,6285.5,2.0
Maharashtra,Ahilyanagar,"Omchatinya Multi State Agro Purpose Co-Op Society, Dist Ahilyanagar",chickpea,2025,1,4688.42,
Maharashtra,Ahilyanagar,"Omchatinya Multi State Agro Purpose Co-Op Society, Dist Ahilyanagar",chickpea,2025,2,5319.09,
Maharashtra,Ahilyanagar,"Omchatinya Multi State Agro Purpose Co-Op Society, Dist Ahilyanagar",chickpea,2025,3,5102.51,10.35
Maharashtra,Ahilyanagar,"Omchatinya Multi State Agro Purpose Co-Op Society, Dist Ahilyanagar",chickpea,2025,4,5318.92,7.56
Maharashtra,Ahilyanagar,"Omchatinya Multi State Agro Purpose Co-Op Society, Dist Ahilyanagar",chickpea,2025,6,,3.35
Maharashtra,Ahilyanagar,"Omchatinya Multi State Agro Purpose Co-Op Society, Dist Ahilyanagar",chickpea,2025,8,5598.09,1.57
Maharashtra,Ahilyanagar,"Omchatinya Multi State Agro Purpose Co-Op Society, Dist Ahilyanagar",chickpea,2025,9,4726.15,0.65
Maharashtra,Ahilyanagar,"Omchatinya Multi State Agro Purpose Co-Op Society, Dist Ahilyanagar",chickpea,2026,3,,87.2
Maharashtra,Ahilyanagar,"Omchatinya Multi State Agro Purpose Co-Op Society, Dist Ahilyanagar",chickpea,2026,4,,6.45
Maharashtra,Ahilyanagar,"Omchatinya Multi State Agro Purpose Co-Op Society, Dist Ahilyanagar",chickpea,2026,5,,9.02
Maharashtra,Ahilyanagar,"Omchatinya Multi State Agro Purpose Co-Op Society, Dist Ahilyanagar",chickpea,2026,6,,4.46
Maharashtra,Ahilyanagar,"Omchatinya Multi State Agro Purpose Co-Op Society, Dist Ahilyanagar",chickpea,2026,7,5338.64,0.88
Maharashtra,Ahilyanagar,"Omchatinya Multi State Agro Purpose Co-Op Society, Dist Ahilyanagar",chickpea,2026,8,5676.12,2.01
Maharashtra,Ahilyanagar,"Omchatinya Multi State Agro Purpose Co-Op Society, Dist Ahilyanagar",chickpea,2026,9,5616.67,0.36
Maharashtra,Ahilyanagar,"Omchatinya Multi State Agro Purpose Co-Op Society, Dist Ahilyanagar",cotton,2023,11,7040.58,248.83
Maharashtra,Ahilyanagar,"Omchatinya Multi State Agro Purpose Co-Op Society, Dist Ahilyanagar",cotton,2024,10,6899.84,
Maharashtra,Ahilyanagar,"Omchatinya Multi State Agro Purpose Co-Op Society, Dist Ahilyanagar",cotton,2025,1,6396.18,
Maharashtra,Ahilyanagar,"Omchatinya Multi State Agro Purpose Co-Op Society, Dist Ahilyanagar",groundnut,2023,7,6185.66,9.45
Maharashtra,Ahilyanagar,"Omchatinya Multi State Agro Purpose Co-Op Society, Dist Ahilyanagar",groundnut,2023,8,6115.8,4.81
Maharashtra,Ahilyanagar,"Omchatinya Multi State Agro Purpose Co-Op Society, Dist Ahilyanagar",groundnut,2023,9,5268.51,2.89
Maharashtra,Ahilyanagar,"Omchatinya Multi State Agro Purpose Co-Op Society, Dist Ahilyanagar",groundnut,2023,10,5788.35,1.03
Maharashtra,Ahilyanagar,"Omchatinya Multi State Agro Purpose Co-Op Society, Dist Ahilyanagar",groundnut,2023,11,6358.43,0.89
Maharashtra,Ahilyanagar,"Omchatinya Multi State Agro Purpose Co-Op Society, Dist Ahilyanagar",groundnut,2024,4,4810.91,1.1
Maharashtra,Ahilyanagar,"Omchatinya Multi State Agro Purpose Co-Op Society, Dist Ahilyanagar",groundnut,2024,5,5354.86,1.75
Maharashtra,Ahilyanagar,"Omchatinya Multi State Agro Purpose Co-Op Society, Dist Ahilyanagar",groundnut,2024,6,5380.22,0.91
Maharashtra,Ahilyanagar,"Omchatinya Multi State Agro Purpose Co-Op Society, Dist Ahilyanagar",groundnut,2024,7,5034.99,3.43
Maharashtra,Ahilyanagar,"Omchatinya Multi State Agro Purpose Co-Op Society, Dist Ahilyanagar",groundnut,2024,8,5273.1,1.97
Maharashtra,Ahilyanagar,"Omchatinya Multi State Agro Purpose Co-Op Society, Dist Ahilyanagar",groundnut,2024,9,5590.05,1.96
Maharashtra,Ahilyanagar,"Omchatinya Multi State Agro Purpose Co-Op Society, Dist Ahilyanagar",groundnut,2024,10,3909.09,1.21
Maharashtra,Ahilyanagar,"Omchatinya Multi State Agro Purpose Co-Op Society, Dist Ahilyanagar",groundnut,2025,1,4000.0,0.1
Maharashtra,Ahilyanagar,"Omchatinya Multi State Agro Purpose Co-Op Society, Dist Ahilyanagar",groundnut,2025,4,3700.0,0.07
Maharashtra,Ahilyanagar,"Omchatinya Multi State Agro Purpose Co-Op Society, Dist Ahilyanagar",groundnut,2025,6,4887.5,0.4
Maharashtra,Ahilyanagar,"Omchatinya Multi State Agro Purpose Co-Op Society, Dist Ahilyanagar",groundnut,2025,7,4686.9,0.84
Maharashtra,Ahilyanagar,"Omchatinya Multi State Agro Purpose Co-Op Society, Dist Ahilyanagar",groundnut,2025,8,5060.25,1.61
Maharashtra,Ahilyanagar,"Omchatinya Multi State Agro Purpose Co-Op Society, Dist Ahilyanagar",groundnut,2026,1,4169.7,0.33
Maharashtra,Ahilyanagar,"Omchatinya Multi State Agro Purpose Co-Op Society, Dist Ahilyanagar",groundnut,2026,2,4714.29,0.07
Maharashtra,Ahilyanagar,"Omchatinya Multi State Agro Purpose Co-Op Society, Dist Ahilyanagar",groundnut,2026,3,5125.0,0.08
Maharashtra,Ahilyanagar,"Omchatinya Multi State Agro Purpose Co-Op Society, Dist Ahilyanagar",groundnut,2026,4,5000.0,0.05
Maharashtra,Ahilyanagar,"Omchatinya Multi State Agro Purpose Co-Op Society, Dist Ahilyanagar",groundnut,2026,5,6200.0,0.04
Maharashtra,Ahilyanagar,"Omchatinya Multi State Agro Purpose Co-Op Society, Dist Ahilyanagar",groundnut,2026,6,6386.73,0.98
Maharashtra,Ahilyanagar,"Omchatinya Multi State Agro Purpose Co-Op Society, Dist Ahilyanagar",groundnut,2026,7,6200.0,
Maharashtra,Ahilyanagar,"Omchatinya Multi State Agro Purpose Co-Op Society, Dist Ahilyanagar",groundnut,2026,8,6147.62,0.21
Maharashtra,Ahilyanagar,"Omchatinya Multi State Agro Purpose Co-Op Society, Dist Ahilyanagar",groundnut,2026,9,7000.0,0.29
Maharashtra,Ahilyanagar,"Omchatinya Multi State Agro Purpose Co-Op Society, Dist Ahilyanagar",onion,2023,9,1971.43,
Maharashtra,Ahilyanagar,"Omchatinya Multi State Agro Purpose Co-Op Society, Dist Ahilyanagar",onion,2023,10,2974.26,
Maharashtra,Ahilyanagar,"Omchatinya Multi State Agro Purpose Co-Op Society, Dist Ahilyanagar",onion,2024,10,,1699.89
Maharashtra,Ahilyanagar,"Omchatinya Multi State Agro Purpose Co-Op Society, Dist Ahilyanagar",onion,2024,12,,2225.0
Maharashtra,Ahilyanagar,"Omchatinya Multi State Agro Purpose Co-Op Society, Dist Ahilyanagar",onion,2025,2,,876.71
Maharashtra,Ahilyanagar,"Omchatinya Multi State Agro Purpose Co-Op Society, Dist Ahilyanagar",onion,2025,4,,464.04
Maharashtra,Ahilyanagar,"Omchatinya Multi State Agro Purpose Co-Op Society, Dist Ahilyanagar",onion,2025,6,1218.58,1341.23
Maharashtra,Ahilyanagar,"Omchatinya Multi State Agro Purpose Co-Op Society, Dist Ahilyanagar",onion,2025,8,1265.75,1979.7
Maharashtra,Ahilyanagar,"Omchatinya Multi State Agro Purpose Co-Op Society, Dist Ahilyanagar",onion,2025,9,998.35,1751.23
Maharashtra,Ahilyanagar,"Omchatinya Multi State Agro Purpose Co-Op Society, Dist Ahilyanagar",onion,2025,10,,1362.92
Maharashtra,Ahilyanagar,"Omchatinya Multi State Agro Purpose Co-Op Society, Dist Ahilyanagar",onion,2025,11,,536.1
Maharashtra,Ahilyanagar,"Omchatinya Multi State Agro Purpose Co-Op Society, Dist Ahilyanagar",onion,2025,12,,2757.19
Maharashtra,Ahilyanagar,"Omchatinya Multi State Agro Purpose Co-Op Society, Dist Ahilyanagar",onion,2026,1,,3504.73
Maharashtra,Ahilyanagar,"Omchatinya Multi State Agro Purpose Co-Op Society, Dist Ahilyanagar",onion,2026,2,,3260.83
Maharashtra,Ahilyanagar,"Omchatinya Multi State Agro Purpose Co-Op Society, Dist Ahilyanagar",onion,2026,3,,655.16
Maharashtra,Ahilyanagar,"Omchatinya Multi State Agro Purpose Co-Op Society, Dist Ahilyanagar",onion,2026,4,,652.53
Maharashtra,Ahilyanagar,"Omchatinya Multi State Agro Purpose Co-Op Society, Dist Ahilyanagar",onion,2026,5,733.56,1662.45
Maharashtra,Ahilyanagar,"Omchatinya Multi State Agro Purpose Co-Op Society, Dist Ahilyanagar",onion,2026,6,1484.2,1694.68
Maharashtra,Ahilyanagar,"Omchatinya Multi State Agro Purpose Co-Op Society, Dist Ahilyanagar",onion,2026,7,2004.18,4038.98
Maharashtra,Ahilyanagar,"Omchatinya Multi State Agro Purpose Co-Op Society, Dist Ahilyanagar",onion,2026,8,3011.12,4211.47
Maharashtra,Ahilyanagar,"Omchatinya Multi State Agro Purpose Co-Op Society, Dist Ahilyanagar",onion,2026,9,4032.58,3706.59
Maharashtra,Ahilyanagar,"Omchatinya Multi State Agro Purpose Co-Op Society, Dist Ahilyanagar",pearl_millet,2023,7,2338.6,4.56
Maharashtra,Ahilyanagar,"Omchatinya Multi State Agro Purpose Co-Op Society, Dist Ahilyanagar",pearl_millet,2023,8,2364.81,5.91
Maharashtra,Ahilyanagar,"Omchatinya Multi State Agro Purpose Co-Op Society, Dist Ahilyanagar",pearl_millet,2023,11,2484.6,13.64
Maharashtra,Ahilyanagar,"Omchatinya Multi State Agro Purpose Co-Op Society, Dist Ahilyanagar",pearl_millet,2024,4,2462.32,12.13
Maharashtra,Ahilyanagar,"Omchatinya Multi State Agro Purpose Co-Op Society, Dist Ahilyanagar",pearl_millet,2024,6,2349.27,4.1
Maharashtra,Ahilyanagar,"Omchatinya Multi State Agro Purpose Co-Op Society, Dist Ahilyanagar",pearl_millet,2024,8,2326.2,16.03
Maharashtra,Ahilyanagar,"Omchatinya Multi State Agro Purpose Co-Op Society, Dist Ahilyanagar",pearl_millet,2024,10,2366.2,9.69
Maharashtra,Ahilyanagar,"Omchatinya Multi State Agro Purpose Co-Op Society, Dist Ahilyanagar",pearl_millet,2024,11,,5.6
Maharashtra,Ahilyanagar,"Omchatinya Multi State Agro Purpose Co-Op Society, Dist Ahilyanagar",pearl_millet,2024,12,2708.89,8.55
Maharashtra,Ahilyanagar,"Omchatinya Multi State Agro Purpose Co-Op Society, Dist Ahilyanagar",pearl_millet,2025,1,,9.75
Maharashtra,Ahilyanagar,"Omchatinya Multi State Agro Purpose Co-Op Society, Dist Ahilyanagar",pearl_millet,2025,2,2661.61,6.89
Maharashtra,Ahilyanagar,"Omchatinya Multi State Agro Purpose Co-Op Society, Dist Ahilyanagar",pearl_millet,2025,3,2498.53,3.57
Maharashtra,Ahilyanagar,"Omchatinya Multi State Agro Purpose Co-Op Society, Dist Ahilyanagar",pearl_millet,2025,4,2457.49,1.67
Maharashtra,Ahilyanagar,"Omchatinya Multi State Agro Purpose Co-Op Society, Dist Ahilyanagar",pearl_millet,2025,5,2445.68,1.62
Maharashtra,Ahilyanagar,"Omchatinya Multi State Agro Purpose Co-Op Society, Dist Ahilyanagar",pearl_millet,2025,6,2372.84,1.62
Maharashtra,Ahilyanagar,"Omchatinya Multi State Agro Purpose Co-Op Society, Dist Ahilyanagar",pearl_millet,2025,7,2546.31,4.06
Maharashtra,Ahilyanagar,"Omchatinya Multi State Agro Purpose Co-Op Society, Dist Ahilyanagar",pearl_millet,2025,8,2491.08,6.67
Maharashtra,Ahilyanagar,"Omchatinya Multi State Agro Purpose Co-Op Society, Dist Ahilyanagar",pearl_millet,2025,9,2288.48,18.51
Maharashtra,Ahilyanagar,"Omchatinya Multi State Agro Purpose Co-Op Society, Dist Ahilyanagar",pearl_millet,2025,10,2287.03,15.0
Maharashtra,Ahilyanagar,"Omchatinya Multi State Agro Purpose Co-Op Society, Dist Ahilyanagar",pearl_millet,2025,11,2384.48,1.16
Maharashtra,Ahilyanagar,"Omchatinya Multi State Agro Purpose Co-Op Society, Dist Ahilyanagar",pearl_millet,2025,12,2290.0,4.5
Maharashtra,Ahilyanagar,"Omchatinya Multi State Agro Purpose Co-Op Society, Dist Ahilyanagar",pearl_millet,2026,1,2235.49,3.55
Maharashtra,Ahilyanagar,"Omchatinya Multi State Agro Purpose Co-Op Society, Dist Ahilyanagar",pearl_millet,2026,2,2246.39,1.66
Maharashtra,Ahilyanagar,"Omchatinya Multi State Agro Purpose Co-Op Society, Dist Ahilyanagar",pearl_millet,2026,3,2157.37,4.48
Maharashtra,Ahilyanagar,"Omchatinya Multi State Agro Purpose Co-Op Society, Dist Ahilyanagar",pearl_millet,2026,4,1950.91,3.28
Maharashtra,Ahilyanagar,"Omchatinya Multi State Agro Purpose Co-Op Society, Dist Ahilyanagar",pearl_millet,2026,5,2249.01,5.06
Maharashtra,Ahilyanagar,"Omchatinya Multi State Agro Purpose Co-Op Society, Dist Ahilyanagar",pearl_millet,2026,6,2686.23,3.63
Maharashtra,Ahilyanagar,"Omchatinya Multi State Agro Purpose Co-Op Society, Dist Ahilyanagar",pearl_millet,2026,7,2465.28,0.72
Maharashtra,Ahilyanagar,"Omchatinya Multi State Agro Purpose Co-Op Society, Dist Ahilyanagar",pearl_millet,2026,8,2152.98,1.26
Maharashtra,Ahilyanagar,"Omchatinya Multi State Agro Purpose Co-Op Society, Dist Ahilyanagar",pearl_millet,2026,9,2726.05,7.14
Maharashtra,Ahilyanagar,"Omchatinya Multi State Agro Purpose Co-Op Society, Dist Ahilyanagar",pigeon_pea,2023,7,7852.94,0.17
Maharashtra,Ahilyanagar,"Omchatinya Multi State Agro Purpose Co-Op Society, Dist Ahilyanagar",pigeon_pea,2023,8,9831.77,4.18
Maharashtra,Ahilyanagar,"Omchatinya Multi State Agro Purpose Co-Op Society, Dist Ahilyanagar",pigeon_pea,2023,9,10000.0,
Maharashtra,Ahilyanagar,"Omchatinya Multi State Agro Purpose Co-Op Society, Dist Ahilyanagar",pigeon_pea,2023,10,8777.78,0.18
Maharashtra,Ahilyanagar,"Omchatinya Multi State Agro Purpose Co-Op Society, Dist Ahilyanagar",pigeon_pea,2023,11,8240.0,0.1
Maharashtra,Ahilyanagar,"Omchatinya Multi State Agro Purpose Co-Op Society, Dist Ahilyanagar",pigeon_pea,2024,3,9500.0,0.38
Maharashtra,Ahilyanagar,"Omchatinya Multi State Agro Purpose Co-Op Society, Dist Ahilyanagar",pigeon_pea,2024,4,9716.61,10.9
Maharashtra,Ahilyanagar,"Omchatinya Multi State Agro Purpose Co-Op Society, Dist Ahilyanagar",pigeon_pea,2024,5,10278.28,2.67
Maharashtra,Ahilyanagar,"Omchatinya Multi State Agro Purpose Co-Op Society, Dist Ahilyanagar",pigeon_pea,2024,6,10337.82,1.19
Maharashtra,Ahilyanagar,"Omchatinya Multi State Agro Purpose Co-Op Society, Dist Ahilyanagar",pigeon_pea,2024,7,9746.88,0.96
Maharashtra,Ahilyanagar,"Omchatinya Multi State Agro Purpose Co-Op Society, Dist Ahilyanagar",pigeon_pea,2024,8,9319.67,0.61
Maharashtra,Ahilyanagar,"Omchatinya Multi State Agro Purpose Co-Op Society, Dist Ahilyanagar",pigeon_pea,2024,9,9396.55,1.45
Maharashtra,Ahilyanagar,"Omchatinya Multi State Agro Purpose Co-Op Society, Dist Ahilyanagar",pigeon_pea,2024,10,9016.95,0.59
Maharashtra,Ahilyanagar,"Omchatinya Multi State Agro Purpose Co-Op Society, Dist Ahilyanagar",pigeon_pea,2025,1,7163.17,
Maharashtra,Ahilyanagar,"Omchatinya Multi State Agro Purpose Co-Op Society, Dist Ahilyanagar",pigeon_pea,2025,2,7177.4,202.21
Maharashtra,Ahilyanagar,"Omchatinya Multi State Agro Purpose Co-Op Society, Dist Ahilyanagar",pigeon_pea,2025,4,,45.38
Maharashtra,Ahilyanagar,"Omchatinya Multi State Agro Purpose Co-Op Society, Dist Ahilyanagar",pigeon_pea,2025,6,,37.66
Maharashtra,Ahilyanagar,"Omchatinya Multi State Agro Purpose Co-Op Society, Dist Ahilyanagar",pigeon_pea,2025,8,,191.27
Maharashtra,Ahilyanagar,"Omchatinya Multi State Agro Purpose Co-Op Society, Dist Ahilyanagar",pigeon_pea,2025,9,5516.27,2.09
Maharashtra,Ahilyanagar,"Omchatinya Multi State Agro Purpose Co-Op Society, Dist Ahilyanagar",pigeon_pea,2026,1,,156.95
Maharashtra,Ahilyanagar,"Omchatinya Multi State Agro Purpose Co-Op Society, Dist Ahilyanagar",pigeon_pea,2026,2,,64.66
Maharashtra,Ahilyanagar,"Omchatinya Multi State Agro Purpose Co-Op Society, Dist Ahilyanagar",pigeon_pea,2026,3,,270.83
Maharashtra,Ahilyanagar,"Omchatinya Multi State Agro Purpose Co-Op Society, Dist Ahilyanagar",pigeon_pea,2026,4,,50.64
Maharashtra,Ahilyanagar,"Omchatinya Multi State Agro Purpose Co-Op Society, Dist Ahilyanagar",pigeon_pea,2026,5,,38.16
Maharashtra,Ahilyanagar,"Omchatinya Multi State Agro Purpose Co-Op Society, Dist Ahilyanagar",pigeon_pea,2026,6,,9.59
Maharashtra,Ahilyanagar,"Omchatinya Multi State Agro Purpose Co-Op Society, Dist Ahilyanagar",pigeon_pea,2026,7,,2.89
Maharashtra,Ahilyanagar,"Omchatinya Multi State Agro Purpose Co-Op Society, Dist Ahilyanagar",pigeon_pea,2026,9,6500.0,0.04
Maharashtra,Ahilyanagar,"Omchatinya Multi State Agro Purpose Co-Op Society, Dist Ahilyanagar",sorghum,2023,7,3649.71,3.48
Maharashtra,Ahilyanagar,"Omchatinya Multi State Agro Purpose Co-Op Society, Dist Ahilyanagar",sorghum,2023,8,2996.87,0.64
Maharashtra,Ahilyanagar,"Omchatinya Multi State Agro Purpose Co-Op Society, Dist Ahilyanagar",sorghum,2024,3,3200.0,
Maharashtra,Ahilyanagar,"Omchatinya Multi State Agro Purpose Co-Op Society, Dist Ahilyanagar",sorghum,2024,4,3179.93,52.41
Maharashtra,Ahilyanagar,"Omchatinya Multi State Agro Purpose Co-Op Society, Dist Ahilyanagar",sorghum,2024,6,2369.32,2.64
Maharashtra,Ahilyanagar,"Omchatinya Multi State Agro Purpose Co-Op Society, Dist Ahilyanagar",sorghum,2024,8,2569.72,1.09
Maharashtra,Ahilyanagar,"Omchatinya Multi State Agro Purpose Co-Op Society, Dist Ahilyanagar",sorghum,2024,10,2254.0,1.0
Maharashtra,Ahilyanagar,"Omchatinya Multi State Agro Purpose Co-Op Society, Dist Ahilyanagar",sorghum,2024,12,2469.39,0.98
Maharashtra,Ahilyanagar,"Omchatinya Multi State Agro Purpose Co-Op Society, Dist Ahilyanagar",sorghum,2025,1,,8.34
Maharashtra,Ahilyanagar,"Omchatinya Multi State Agro Purpose Co-Op Society, Dist Ahilyanagar",sorghum,2025,2,2102.58,4.85
Maharashtra,Ahilyanagar,"Omchatinya Multi State Agro Purpose Co-Op Society, Dist Ahilyanagar",sorghum,2025,3,,3.31
Maharashtra,Ahilyanagar,"Omchatinya Multi State Agro Purpose Co-Op Society, Dist Ahilyanagar",sorghum,2025,4,2884.89,1.39
Maharashtra,Ahilyanagar,"Omchatinya Multi State Agro Purpose Co-Op Society, Dist Ahilyanagar",sorghum,2025,5,1950.39,1.29
Maharashtra,Ahilyanagar,"Omchatinya Multi State Agro Purpose Co-Op Society, Dist Ahilyanagar",sorghum,2025,6,3187.5,0.48
Maharashtra,Ahilyanagar,"Omchatinya Multi State Agro Purpose Co-Op Society, Dist Ahilyanagar",sorghum,2025,7,1880.53,1.13
Maharashtra,Ahilyanagar,"Omchatinya Multi State Agro Purpose Co-Op Society, Dist Ahilyanagar",sorghum,2025,8,2235.54,1.21
Maharashtra,Ahilyanagar,"Omchatinya Multi State Agro Purpose Co-Op Society, Dist Ahilyanagar",sorghum,2025,9,2262.02,2.08
Maharashtra,Ahilyanagar,"Omchatinya Multi State Agro Purpose Co-Op Society, Dist Ahilyanagar",sorghum,2025,10,2669.57,0.69
Maharashtra,Ahilyanagar,"Omchatinya Multi State Agro Purpose Co-Op Society, Dist Ahilyanagar",sorghum,2025,12,4909.09,0.33
Maharashtra,Ahilyanagar,"Omchatinya Multi State Agro Purpose Co-Op Society, Dist Ahilyanagar",sorghum,2026,1,2000.0,0.06
Maharashtra,Ahilyanagar,"Omchatinya Multi State Agro Purpose Co-Op Society, Dist Ahilyanagar",sorghum,2026,3,5439.42,122.15
Maharashtra,Ahilyanagar,"Omchatinya Multi State Agro Purpose Co-Op Society, Dist Ahilyanagar",sorghum,2026,5,5084.19,5.25
Maharashtra,Ahilyanagar,"Omchatinya Multi State Agro Purpose Co-Op Society, Dist Ahilyanagar",sorghum,2026,6,4500.0,0.04
Maharashtra,Ahilyanagar,"Omchatinya Multi State Agro Purpose Co-Op Society, Dist Ahilyanagar",sorghum,2026,7,6000.0,3.84
Maharashtra,Ahilyanagar,"Omchatinya Multi State Agro Purpose Co-Op Society, Dist Ahilyanagar",sorghum,2026,8,1900.0,0.2
Maharashtra,Ahilyanagar,"Omchatinya Multi State Agro Purpose Co-Op Society, Dist Ahilyanagar",sorghum,2026,9,2200.0,0.06
Maharashtra,Ahilyanagar,"Omchatinya Multi State Agro Purpose Co-Op Society, Dist Ahilyanagar",soybean,2023,7,4794.46,25.54
Maharashtra,Ahilyanagar,"Omchatinya Multi State Agro Purpose Co-Op Society, Dist Ahilyanagar",soybean,2023,8,4717.84,6.84
Maharashtra,Ahilyanagar,"Omchatinya Multi State Agro Purpose Co-Op Society, Dist Ahilyanagar",soybean,2023,9,4779.97,11.96
Maharashtra,Ahilyanagar,"Omchatinya Multi State Agro Purpose Co-Op Society, Dist Ahilyanagar",soybean,2023,10,4488.23,147.03
Maharashtra,Ahilyanagar,"Omchatinya Multi State Agro Purpose Co-Op Society, Dist Ahilyanagar",soybean,2023,11,4904.11,94.94
Maharashtra,Ahilyanagar,"Omchatinya Multi State Agro Purpose Co-Op Society, Dist Ahilyanagar",soybean,2024,3,4400.0,2.23
Maharashtra,Ahilyanagar,"Omchatinya Multi State Agro Purpose Co-Op Society, Dist Ahilyanagar",soybean,2024,4,4525.48,32.12
Maharashtra,Ahilyanagar,"Omchatinya Multi State Agro Purpose Co-Op Society, Dist Ahilyanagar",soybean,2024,5,4452.22,22.33
Maharashtra,Ahilyanagar,"Omchatinya Multi State Agro Purpose Co-Op Society, Dist Ahilyanagar",soybean,2024,6,4463.07,12.05
Maharashtra,Ahilyanagar,"Omchatinya Multi State Agro Purpose Co-Op Society, Dist Ahilyanagar",soybean,2024,7,4326.08,2.09
Maharashtra,Ahilyanagar,"Omchatinya Multi State Agro Purpose Co-Op Society, Dist Ahilyanagar",soybean,2024,8,4178.34,3.07
Maharashtra,Ahilyanagar,"Omchatinya Multi State Agro Purpose Co-Op Society, Dist Ahilyanagar",soybean,2024,11,4159.54,
Maharashtra,Ahilyanagar,"Omchatinya Multi State Agro Purpose Co-Op Society, Dist Ahilyanagar",soybean,2024,12,4018.05,
Maharashtra,Ahilyanagar,"Omchatinya Multi State Agro Purpose Co-Op Society, Dist Ahilyanagar",soybean,2025,1,3912.37,10.75
Maharashtra,Ahilyanagar,"Omchatinya Multi State Agro Purpose Co-Op Society, Dist Ahilyanagar",soybean,2025,2,3923.65,11.5
Maharashtra,Ahilyanagar,"Omchatinya Multi State Agro Purpose Co-Op Society, Dist Ahilyanagar",soybean,2025,4,,8.43
Maharashtra,Ahilyanagar,"Omchatinya Multi State Agro Purpose Co-Op Society, Dist Ahilyanagar",soybean,2025,5,4278.73,
Maharashtra,Ahilyanagar,"Omchatinya Multi State Agro Purpose Co-Op Society, Dist Ahilyanagar",soybean,2025,6,4093.27,10.48
Maharashtra,Ahilyanagar,"Omchatinya Multi State Agro Purpose Co-Op Society, Dist Ahilyanagar",soybean,2025,7,3443.14,
Maharashtra,Ahilyanagar,"Omchatinya Multi State Agro Purpose Co-Op Society, Dist Ahilyanagar",soybean,2025,8,4278.26,2.53
Maharashtra,Ahilyanagar,"Omchatinya Multi State Agro Purpose Co-Op Society, Dist Ahilyanagar",soybean,2025,9,4297.41,1.83
Maharashtra,Ahilyanagar,"Omchatinya Multi State Agro Purpose Co-Op Society, Dist Ahilyanagar",soybean,2026,3,,0.06
Maharashtra,Ahilyanagar,"Omchatinya Multi State Agro Purpose Co-Op Society, Dist Ahilyanagar",soybean,2026,4,,2.35
Maharashtra,Ahilyanagar,"Omchatinya Multi State Agro Purpose Co-Op Society, Dist Ahilyanagar",soybean,2026,5,,2.52
Maharashtra,Ahilyanagar,"Omchatinya Multi State Agro Purpose Co-Op Society, Dist Ahilyanagar",soybean,2026,6,,0.19
Maharashtra,Ahilyanagar,"Omchatinya Multi State Agro Purpose Co-Op Society, Dist Ahilyanagar",soybean,2026,7,,0.19
Maharashtra,Ahilyanagar,"Omchatinya Multi State Agro Purpose Co-Op Society, Dist Ahilyanagar",soybean,2026,8,6000.0,0.03
Maharashtra,Ahilyanagar,"Omchatinya Multi State Agro Purpose Co-Op Society, Dist Ahilyanagar",wheat,2023,8,2431.48,9.64
Maharashtra,Ahilyanagar,"Omchatinya Multi State Agro Purpose Co-Op Society, Dist Ahilyanagar",wheat,2023,9,2341.55,6.98
Maharashtra,Ahilyanagar,"Omchatinya Multi State Agro Purpose Co-Op Society, Dist Ahilyanagar",wheat,2023,10,2616.49,18.31
Maharashtra,Ahilyanagar,"Omchatinya Multi State Agro Purpose Co-Op Society, Dist Ahilyanagar",wheat,2023,11,2717.28,34.09
Maharashtra,Ahilyanagar,"Omchatinya Multi State Agro Purpose Co-Op Society, Dist Ahilyanagar",wheat,2024,3,2700.0,
Maharashtra,Ahilyanagar,"Omchatinya Multi State Agro Purpose Co-Op Society, Dist Ahilyanagar",wheat,2024,4,2601.72,53.26
Maharashtra,Ahilyanagar,"Omchatinya Multi State Agro Purpose Co-Op Society, Dist Ahilyanagar",wheat,2024,5,,26.97
Maharashtra,Ahilyanagar,"Omchatinya Multi State Agro Purpose Co-Op Society, Dist Ahilyanagar",wheat,2024,6,2712.99,41.04
Maharashtra,Ahilyanagar,"Omchatinya Multi State Agro Purpose Co-Op Society, Dist Ahilyanagar",wheat,2024,7,2502.36,7.63
Maharashtra,Ahilyanagar,"Omchatinya Multi State Agro Purpose Co-Op Society, Dist Ahilyanagar",wheat,2024,8,2536.81,10.35
Maharashtra,Ahilyanagar,"Omchatinya Multi State Agro Purpose Co-Op Society, Dist Ahilyanagar",wheat,2024,9,2687.27,26.93
Maharashtra,Ahilyanagar,"Omchatinya Multi State Agro Purpose Co-Op Society, Dist Ahilyanagar",wheat,2024,10,2681.44,3.34
Maharashtra,Ahilyanagar,"Omchatinya Multi State Agro Purpose Co-Op Society, Dist Ahilyanagar",wheat,2024,11,2777.24,
Maharashtra,Ahilyanagar,"Omchatinya Multi State Agro Purpose Co-Op Society, Dist Ahilyanagar",wheat,2024,12,2865.73,3.37
Maharashtra,Ahilyanagar,"Omchatinya Multi State Agro Purpose Co-Op Society, Dist Ahilyanagar",wheat,2025,1,,6.91
Maharashtra,Ahilyanagar,"Omchatinya Multi State Agro Purpose Co-Op Society, Dist Ahilyanagar",wheat,2025,2,2877.33,31.94
Maharashtra,Ahilyanagar,"Omchatinya Multi State Agro Purpose Co-Op Society, Dist Ahilyanagar",wheat,2025,3,,44.34
Maharashtra,Ahilyanagar,"Omchatinya Multi State Agro Purpose Co-Op Society, Dist Ahilyanagar",wheat,2025,4,2650.54,27.09
Maharashtra,Ahilyanagar,"Omchatinya Multi State Agro Purpose Co-Op Society, Dist Ahilyanagar",wheat,2025,5,2658.16,22.99
Maharashtra,Ahilyanagar,"Omchatinya Multi State Agro Purpose Co-Op Society, Dist Ahilyanagar",wheat,2025,6,2830.63,42.63
Maharashtra,Ahilyanagar,"Omchatinya Multi State Agro Purpose Co-Op Society, Dist Ahilyanagar",wheat,2025,7,2604.4,14.56
Maharashtra,Ahilyanagar,"Omchatinya Multi State Agro Purpose Co-Op Society, Dist Ahilyanagar",wheat,2025,8,2624.66,5.96
Maharashtra,Ahilyanagar,"Omchatinya Multi State Agro Purpose Co-Op Society, Dist Ahilyanagar",wheat,2025,9,2604.68,11.96
Maharashtra,Ahilyanagar,"Omchatinya Multi State Agro Purpose Co-Op Society, Dist Ahilyanagar",wheat,2025,10,2503.0,9.83
Maharashtra,Ahilyanagar,"Omchatinya Multi State Agro Purpose Co-Op Society, Dist Ahilyanagar",wheat,2025,11,2479.08,2.82
Maharashtra,Ahilyanagar,"Omchatinya Multi State Agro Purpose Co-Op Society, Dist Ahilyanagar",wheat,2025,12,2630.29,6.93
Maharashtra,Ahilyanagar,"Omchatinya Multi State Agro Purpose Co-Op Society, Dist Ahilyanagar",wheat,2026,1,2747.42,9.49
Maharashtra,Ahilyanagar,"Omchatinya Multi State Agro Purpose Co-Op Society, Dist Ahilyanagar",wheat,2026,2,2590.24,24.08
Maharashtra,Ahilyanagar,"Omchatinya Multi State Agro Purpose Co-Op Society, Dist Ahilyanagar",wheat,2026,3,2398.38,87.92
Maharashtra,Ahilyanagar,"Omchatinya Multi State Agro Purpose Co-Op Society, Dist Ahilyanagar",wheat,2026,4,2269.18,25.78
Maharashtra,Ahilyanagar,"Omchatinya Multi State Agro Purpose Co-Op Society, Dist Ahilyanagar",wheat,2026,5,2371.2,60.8
Maharashtra,Ahilyanagar,"Omchatinya Multi State Agro Purpose Co-Op Society, Dist Ahilyanagar",wheat,2026,6,2368.82,29.19
Maharashtra,Ahilyanagar,"Omchatinya Multi State Agro Purpose Co-Op Society, Dist Ahilyanagar",wheat,2026,7,2462.31,14.3
Maharashtra,Ahilyanagar,"Omchatinya Multi State Agro Purpose Co-Op Society, Dist Ahilyanagar",wheat,2026,8,2587.86,23.92
Maharashtra,Ahilyanagar,"Omchatinya Multi State Agro Purpose Co-Op Society, Dist Ahilyanagar",wheat,2026,9,2581.48,16.44
Maharashtra,Ahilyanagar,"Prasanna Krushi Market, Tal Parnet, Dist Ahilyanagar",onion,2026,7,1581.04,215.61
Maharashtra,Ahilyanagar,"Prasanna Krushi Market, Tal Parnet, Dist Ahilyanagar",onion,2026,8,2207.96,340.43
Maharashtra,Ahilyanagar,"Prasanna Krushi Market, Tal Parnet, Dist Ahilyanagar",onion,2026,9,2792.59,135.21
Maharashtra,Ahilyanagar,Rahuri(Vambori),chickpea,2019,2,4177.31,13.0
Maharashtra,Ahilyanagar,Rahuri(Vambori),chickpea,2019,4,4308.16,45.0
Maharashtra,Ahilyanagar,Rahuri(Vambori),chickpea,2019,6,4142.04,23.0
Maharashtra,Ahilyanagar,Rahuri(Vambori),chickpea,2019,8,3848.56,9.0
Maharashtra,Ahilyanagar,Rahuri(Vambori),chickpea,2019,10,3795.46,13.0
Maharashtra,Ahilyanagar,Rahuri(Vambori),chickpea,2019,12,3581.88,8.0
Maharashtra,Ahilyanagar,Rahuri(Vambori),chickpea,2020,1,3276.25,4.0
Maharashtra,Ahilyanagar,Rahuri(Vambori),chickpea,2020,2,3262.73,33.0
Maharashtra,Ahilyanagar,Rahuri(Vambori),chickpea,2020,3,3445.15,13.0
Maharashtra,Ahilyanagar,Rahuri(Vambori),chickpea,2020,5,3726.25,8.0
Maharashtra,Ahilyanagar,Rahuri(Vambori),chickpea,2020,6,3561.2,20.0
Maharashtra,Ahilyanagar,Rahuri(Vambori),chickpea,2020,7,3500.06,16.0
Maharashtra,Ahilyanagar,Rahuri(Vambori),chickpea,2020,8,3506.33,6.0
Maharashtra,Ahilyanagar,Rahuri(Vambori),chickpea,2020,9,3938.67,6.0
Maharashtra,Ahilyanagar,Rahuri(Vambori),chickpea,2020,10,4608.0,4.0
Maharashtra,Ahilyanagar,Rahuri(Vambori),chickpea,2020,11,4612.75,4.0
Maharashtra,Ahilyanagar,Rahuri(Vambori),chickpea,2020,12,4388.75,4.0
Maharashtra,Ahilyanagar,Rahuri(Vambori),chickpea,2021,1,3100.0,2.0
Maharashtra,Ahilyanagar,Rahuri(Vambori),chickpea,2021,2,4404.8,5.0
Maharashtra,Ahilyanagar,Rahuri(Vambori),chickpea,2021,3,4641.61,23.0
Maharashtra,Ahilyanagar,Rahuri(Vambori),chickpea,2021,4,4772.0,16.0
Maharashtra,Ahilyanagar,Rahuri(Vambori),chickpea,2021,5,4750.0,1.0
Maharashtra,Ahilyanagar,Rahuri(Vambori),chickpea,2021,6,4130.57,14.0
Maharashtra,Ahilyanagar,Rahuri(Vambori),chickpea,2021,7,4281.33,6.0
Maharashtra,Ahilyanagar,Rahuri(Vambori),chickpea,2021,8,3930.0,1.0
Maharashtra,Ahilyanagar,Rahuri(Vambori),chickpea,2021,9,4142.93,14.0
Maharashtra,Ahilyanagar,Rahuri(Vambori),chickpea,2021,10,3925.0,3.0
Maharashtra,Ahilyanagar,Rahuri(Vambori),chickpea,2021,11,3300.0,1.0
Maharashtra,Ahilyanagar,Rahuri(Vambori),chickpea,2022,1,3166.67,3.0
Maharashtra,Ahilyanagar,Rahuri(Vambori),chickpea,2022,2,4398.6,5.0
Maharashtra,Ahilyanagar,Rahuri(Vambori),chickpea,2022,3,4308.78,18.0
Maharashtra,Ahilyanagar,Rahuri(Vambori),chickpea,2022,4,4402.88,17.0
Maharashtra,Ahilyanagar,Rahuri(Vambori),chickpea,2022,5,4175.08,
Maharashtra,Ahilyanagar,Rahuri(Vambori),chickpea,2022,6,3970.0,5.0
Maharashtra,Ahilyanagar,Rahuri(Vambori),chickpea,2022,8,3700.0,
Maharashtra,Ahilyanagar,Rahuri(Vambori),chickpea,2022,9,3350.0,1.0
Maharashtra,Ahilyanagar,Rahuri(Vambori),chickpea,2022,10,4150.0,2.0
Maharashtra,Ahilyanagar,Rahuri(Vambori),chickpea,2022,11,3100.0,1.0
Maharashtra,Ahilyanagar,Rahuri(Vambori),chickpea,2022,12,3500.0,1.0
Maharashtra,Ahilyanagar,Rahuri(Vambori),chickpea,2023,1,3300.0,1.0
Maharashtra,Ahilyanagar,Rahuri(Vambori),chickpea,2023,2,4340.95,22.0
Maharashtra,Ahilyanagar,Rahuri(Vambori),chickpea,2023,3,4423.12,8.0
Maharashtra,Ahilyanagar,Rahuri(Vambori),chickpea,2023,4,4480.89,100.0
Maharashtra,Ahilyanagar,Rahuri(Vambori),chickpea,2023,5,4600.0,6.0
Maharashtra,Ahilyanagar,Rahuri(Vambori),chickpea,2023,6,4528.67,3.0
Maharashtra,Ahilyanagar,Rahuri(Vambori),chickpea,2023,7,4300.0,
Maharashtra,Ahilyanagar,Rahuri(Vambori),chickpea,2023,8,4350.0,3.0
Maharashtra,Ahilyanagar,Rahuri(Vambori),chickpea,2023,10,5380.0,1.0
Maharashtra,Ahilyanagar,Rahuri(Vambori),chickpea,2023,11,5487.5,2.0
Maharashtra,Ahilyanagar,Rahuri(Vambori),chickpea,2024,1,5100.75,106.0
Maharashtra,Ahilyanagar,Rahuri(Vambori),chickpea,2024,2,5635.19,26.6
Maharashtra,Ahilyanagar,Rahuri(Vambori),chickpea,2024,3,5581.9,
Maharashtra,Ahilyanagar,Rahuri(Vambori),chickpea,2024,4,5373.31,12.5
Maharashtra,Ahilyanagar,Rahuri(Vambori),chickpea,2024,5,5874.93,16.0
Maharashtra,Ahilyanagar,Rahuri(Vambori),chickpea,2024,6,6133.98,5.2
Maharashtra,Ahilyanagar,Rahuri(Vambori),chickpea,2024,7,6698.61,3.1
Maharashtra,Ahilyanagar,Rahuri(Vambori),chickpea,2024,8,6602.97,3.9
Maharashtra,Ahilyanagar,Rahuri(Vambori),chickpea,2024,9,6583.0,1.3
Maharashtra,Ahilyanagar,Rahuri(Vambori),chickpea,2024,10,5950.94,4.8
Maharashtra,Ahilyanagar,Rahuri(Vambori),chickpea,2025,1,5675.35,
Maharashtra,Ahilyanagar,Rahuri(Vambori),chickpea,2025,2,5637.32,
Maharashtra,Ahilyanagar,Rahuri(Vambori),chickpea,2025,3,5197.5,6.2
Maharashtra,Ahilyanagar,Rahuri(Vambori),chickpea,2025,4,5398.84,6.2
Maharashtra,Ahilyanagar,Rahuri(Vambori),chickpea,2025,6,,1.7
Maharashtra,Ahilyanagar,Rahuri(Vambori),chickpea,2025,8,5580.33,3.3
Maharashtra,Ahilyanagar,Rahuri(Vambori),chickpea,2025,9,5069.25,1.2
Maharashtra,Ahilyanagar,Rahuri(Vambori),chickpea,2026,3,,5.3
Maharashtra,Ahilyanagar,Rahuri(Vambori),chickpea,2026,4,,8.5
Maharashtra,Ahilyanagar,Rahuri(Vambori),chickpea,2026,5,,3.6
Maharashtra,Ahilyanagar,Rahuri(Vambori),chickpea,2026,6,,1.2
Maharashtra,Ahilyanagar,Rahuri(Vambori),chickpea,2026,7,5270.25,0.8
Maharashtra,Ahilyanagar,Rahuri(Vambori),chickpea,2026,8,5857.14,0.7
Maharashtra,Ahilyanagar,Rahuri(Vambori),chickpea,2026,9,5518.71,0.7
Maharashtra,Ahilyanagar,Rahuri(Vambori),groundnut,2020,12,,2.0
Maharashtra,Ahilyanagar,Rahuri(Vambori),groundnut,2021,2,4041.83,6.0
Maharashtra,Ahilyanagar,Rahuri(Vambori),groundnut,2021,4,3600.0,3.0
Maharashtra,Ahilyanagar,Rahuri(Vambori),groundnut,2021,6,3838.0,4.0
Maharashtra,Ahilyanagar,Rahuri(Vambori),groundnut,2021,8,3813.25,4.0
Maharashtra,Ahilyanagar,Rahuri(Vambori),groundnut,2021,10,4201.0,1.0
Maharashtra,Ahilyanagar,Rahuri(Vambori),groundnut,2021,11,,1.0
Maharashtra,Ahilyanagar,Rahuri(Vambori),groundnut,2022,5,4200.0,1.0
Maharashtra,Ahilyanagar,Rahuri(Vambori),groundnut,2022,6,4351.0,2.0
Maharashtra,Ahilyanagar,Rahuri(Vambori),groundnut,2022,7,4600.0,1.0
Maharashtra,Ahilyanagar,Rahuri(Vambori),groundnut,2022,8,4500.0,2.0
Maharashtra,Ahilyanagar,Rahuri(Vambori),groundnut,2022,12,4615.0,1.0
Maharashtra,Ahilyanagar,Rahuri(Vambori),groundnut,2023,5,4200.0,1.0
Maharashtra,Ahilyanagar,Rahuri(Vambori),groundnut,2023,6,4887.5,2.0
Maharashtra,Ahilyanagar,Rahuri(Vambori),groundnut,2023,7,5200.0,1.0
Maharashtra,Ahilyanagar,Rahuri(Vambori),groundnut,2024,3,3725.93,2.7
Maharashtra,Ahilyanagar,Rahuri(Vambori),groundnut,2024,4,3400.0,1.5
Maharashtra,Ahilyanagar,Rahuri(Vambori),groundnut,2024,5,5021.64,1.1
Maharashtra,Ahilyanagar,Rahuri(Vambori),groundnut,2024,6,5141.24,1.7
Maharashtra,Ahilyanagar,Rahuri(Vambori),groundnut,2024,7,4625.0,0.4
Maharashtra,Ahilyanagar,Rahuri(Vambori),groundnut,2024,8,5555.0,0.1
Maharashtra,Ahilyanagar,Rahuri(Vambori),groundnut,2024,9,4250.0,0.4
Maharashtra,Ahilyanagar,Rahuri(Vambori),groundnut,2025,3,4500.0,0.1
Maharashtra,Ahilyanagar,Rahuri(Vambori),groundnut,2025,5,4051.0,0.1
Maharashtra,Ahilyanagar,Rahuri(Vambori),groundnut,2025,8,4200.5,0.4
Maharashtra,Ahilyanagar,Rahuri(Vambori),groundnut,2026,2,5000.0,0.1
Maharashtra,Ahilyanagar,Rahuri(Vambori),groundnut,2026,5,5166.67,0.3
Maharashtra,Ahilyanagar,Rahuri(Vambori),groundnut,2026,9,6500.0,0.1
Maharashtra,Ahilyanagar,Rahuri(Vambori),onion,2019,2,418.63,8454.0
Maharashtra,Ahilyanagar,Rahuri(Vambori),onion,2019,4,653.28,3221.0
Maharashtra,Ahilyanagar,Rahuri(Vambori),onion,2019,6,1143.59,6419.0
Maharashtra,Ahilyanagar,Rahuri(Vambori),onion,2019,8,1680.49,4932.0
Maharashtra,Ahilyanagar,Rahuri(Vambori),onion,2019,10,2637.05,2243.0
Maharashtra,Ahilyanagar,Rahuri(Vambori),onion,2019,12,5842.69,6255.0
Maharashtra,Ahilyanagar,Rahuri(Vambori),onion,2020,1,3084.69,8121.0
Maharashtra,Ahilyanagar,Rahuri(Vambori),onion,2020,2,1621.74,4747.0
Maharashtra,Ahilyanagar,Rahuri(Vambori),onion,2020,3,1449.7,1843.0
Maharashtra,Ahilyanagar,Rahuri(Vambori),onion,2020,5,350.0,90.0
Maharashtra,Ahilyanagar,Rahuri(Vambori),onion,2020,6,531.32,6666.0
Maharashtra,Ahilyanagar,Rahuri(Vambori),onion,2020,7,538.92,9061.0
Maharashtra,Ahilyanagar,Rahuri(Vambori),onion,2020,8,878.8,6131.0
Maharashtra,Ahilyanagar,Rahuri(Vambori),onion,2020,9,1820.19,2764.0
Maharashtra,Ahilyanagar,Rahuri(Vambori),onion,2020,10,3406.72,2665.0
Maharashtra,Ahilyanagar,Rahuri(Vambori),onion,2020,11,3224.15,4579.0
Maharashtra,Ahilyanagar,Rahuri(Vambori),onion,2020,12,2123.75,3640.0
Maharashtra,Ahilyanagar,Rahuri(Vambori),onion,2021,1,2308.14,4952.0
Maharashtra,Ahilyanagar,Rahuri(Vambori),onion,2021,2,3084.15,1918.0
Maharashtra,Ahilyanagar,Rahuri(Vambori),onion,2021,3,1230.57,2123.0
Maharashtra,Ahilyanagar,Rahuri(Vambori),onion,2021,4,827.95,2358.0
Maharashtra,Ahilyanagar,Rahuri(Vambori),onion,2021,5,600.0,197.0
Maharashtra,Ahilyanagar,Rahuri(Vambori),onion,2021,6,1144.6,7867.0
Maharashtra,Ahilyanagar,Rahuri(Vambori),onion,2021,7,1153.61,7531.0
Maharashtra,Ahilyanagar,Rahuri(Vambori),onion,2021,8,1160.27,5822.0
Maharashtra,Ahilyanagar,Rahuri(Vambori),onion,2021,9,1369.79,4955.0
Maharashtra,Ahilyanagar,Rahuri(Vambori),onion,2021,10,2384.0,5564.0
Maharashtra,Ahilyanagar,Rahuri(Vambori),onion,2021,11,1919.16,3632.0
Maharashtra,Ahilyanagar,Rahuri(Vambori),onion,2021,12,1660.31,8134.0
Maharashtra,Ahilyanagar,Rahuri(Vambori),onion,2022,1,1817.73,11676.0
Maharashtra,Ahilyanagar,Rahuri(Vambori),onion,2022,2,1782.3,7829.0
Maharashtra,Ahilyanagar,Rahuri(Vambori),onion,2022,3,852.61,3085.0
Maharashtra,Ahilyanagar,Rahuri(Vambori),onion,2022,4,654.09,1381.0
Maharashtra,Ahilyanagar,Rahuri(Vambori),onion,2022,5,610.82,2783.0
Maharashtra,Ahilyanagar,Rahuri(Vambori),onion,2022,6,928.47,7012.0
Maharashtra,Ahilyanagar,Rahuri(Vambori),onion,2022,7,948.16,
Maharashtra,Ahilyanagar,Rahuri(Vambori),onion,2022,8,920.25,
Maharashtra,Ahilyanagar,Rahuri(Vambori),onion,2022,9,900.56,6909.0
Maharashtra,Ahilyanagar,Rahuri(Vambori),onion,2022,10,1546.65,9686.0
Maharashtra,Ahilyanagar,Rahuri(Vambori),onion,2022,11,1554.74,7750.0
Maharashtra,Ahilyanagar,Rahuri(Vambori),onion,2022,12,1009.63,7754.0
Maharashtra,Ahilyanagar,Rahuri(Vambori),onion,2023,1,1039.16,
Maharashtra,Ahilyanagar,Rahuri(Vambori),onion,2023,2,700.86,
Maharashtra,Ahilyanagar,Rahuri(Vambori),onion,2023,3,628.11,4387.0
Maharashtra,Ahilyanagar,Rahuri(Vambori),onion,2023,4,483.9,1503.0
Maharashtra,Ahilyanagar,Rahuri(Vambori),onion,2023,5,460.74,2914.0
Maharashtra,Ahilyanagar,Rahuri(Vambori),onion,2023,6,662.71,7426.0
Maharashtra,Ahilyanagar,Rahuri(Vambori),onion,2023,9,1547.0,
Maharashtra,Ahilyanagar,Rahuri(Vambori),onion,2023,10,2290.58,
Maharashtra,Ahilyanagar,Rahuri(Vambori),onion,2024,10,,2356.4
Maharashtra,Ahilyanagar,Rahuri(Vambori),onion,2024,12,,9313.0
Maharashtra,Ahilyanagar,Rahuri(Vambori),onion,2025,2,,1703.7
Maharashtra,Ahilyanagar,Rahuri(Vambori),onion,2025,4,,1212.9
Maharashtra,Ahilyanagar,Rahuri(Vambori),onion,2025,6,1107.87,7062.8
Maharashtra,Ahilyanagar,Rahuri(Vambori),onion,2025,8,1138.79,7764.3
Maharashtra,Ahilyanagar,Rahuri(Vambori),onion,2025,9,989.12,6218.6
Maharashtra,Ahilyanagar,Rahuri(Vambori),onion,2025,10,,5128.0
Maharashtra,Ahilyanagar,Rahuri(Vambori),onion,2025,11,,8535.9
Maharashtra,Ahilyanagar,Rahuri(Vambori),onion,2025,12,,9341.9
Maharashtra,Ahilyanagar,Rahuri(Vambori),onion,2026,1,,13980.8
Maharashtra,Ahilyanagar,Rahuri(Vambori),onion,2026,2,,5471.4
Maharashtra,Ahilyanagar,Rahuri(Vambori),onion,2026,3,,1250.9
Maharashtra,Ahilyanagar,Rahuri(Vambori),onion,2026,4,,2042.8
Maharashtra,Ahilyanagar,Rahuri(Vambori),onion,2026,5,720.15,4826.1
Maharashtra,Ahilyanagar,Rahuri(Vambori),onion,2026,6,1340.35,10559.6
Maharashtra,Ahilyanagar,Rahuri(Vambori),onion,2026,7,1885.8,10855.5
Maharashtra,Ahilyanagar,Rahuri(Vambori),onion,2026,8,2714.12,8271.9
Maharashtra,Ahilyanagar,Rahuri(Vambori),onion,2026,9,3799.78,5021.9
Maharashtra,Ahilyanagar,Rahuri(Vambori),pearl_millet,2019,2,1950.5,2.0
Maharashtra,Ahilyanagar,Rahuri(Vambori),pearl_millet,2019,4,2188.62,8.0
Maharashtra,Ahilyanagar,Rahuri(Vambori),pearl_millet,2019,6,2113.0,2.0
Maharashtra,Ahilyanagar,Rahuri(Vambori),pearl_millet,2019,8,2180.45,22.0
Maharashtra,Ahilyanagar,Rahuri(Vambori),pearl_millet,2019,10,1967.52,103.0
Maharashtra,Ahilyanagar,Rahuri(Vambori),pearl_millet,2019,12,2124.14,112.0
Maharashtra,Ahilyanagar,Rahuri(Vambori),pearl_millet,2020,1,2031.73,84.0
Maharashtra,Ahilyanagar,Rahuri(Vambori),pearl_millet,2020,2,1897.52,75.0
Maharashtra,Ahilyanagar,Rahuri(Vambori),pearl_millet,2020,3,1623.13,23.0
Maharashtra,Ahilyanagar,Rahuri(Vambori),pearl_millet,2020,5,1357.17,6.0
Maharashtra,Ahilyanagar,Rahuri(Vambori),pearl_millet,2020,6,1302.36,25.0
Maharashtra,Ahilyanagar,Rahuri(Vambori),pearl_millet,2020,7,1251.93,29.0
Maharashtra,Ahilyanagar,Rahuri(Vambori),pearl_millet,2020,8,1076.88,41.0
Maharashtra,Ahilyanagar,Rahuri(Vambori),pearl_millet,2020,9,1042.22,18.0
Maharashtra,Ahilyanagar,Rahuri(Vambori),pearl_millet,2020,10,1200.03,29.0
Maharashtra,Ahilyanagar,Rahuri(Vambori),pearl_millet,2020,11,1321.28,71.0
Maharashtra,Ahilyanagar,Rahuri(Vambori),pearl_millet,2020,12,1268.55,69.0
Maharashtra,Ahilyanagar,Rahuri(Vambori),pearl_millet,2021,1,1183.07,45.0
Maharashtra,Ahilyanagar,Rahuri(Vambori),pearl_millet,2021,2,1226.19,53.0
Maharashtra,Ahilyanagar,Rahuri(Vambori),pearl_millet,2021,3,1224.86,
Maharashtra,Ahilyanagar,Rahuri(Vambori),pearl_millet,2021,4,1131.82,11.0
Maharashtra,Ahilyanagar,Rahuri(Vambori),pearl_millet,2021,5,1215.0,1.0
Maharashtra,Ahilyanagar,Rahuri(Vambori),pearl_millet,2021,6,1315.42,24.0
Maharashtra,Ahilyanagar,Rahuri(Vambori),pearl_millet,2021,7,1487.83,12.0
Maharashtra,Ahilyanagar,Rahuri(Vambori),pearl_millet,2021,8,1534.57,7.0
Maharashtra,Ahilyanagar,Rahuri(Vambori),pearl_millet,2021,9,1479.2,25.0
Maharashtra,Ahilyanagar,Rahuri(Vambori),pearl_millet,2021,10,1568.95,22.0
Maharashtra,Ahilyanagar,Rahuri(Vambori),pearl_millet,2021,11,1913.18,22.0
Maharashtra,Ahilyanagar,Rahuri(Vambori),pearl_millet,2021,12,2049.67,6.0
Maharashtra,Ahilyanagar,Rahuri(Vambori),pearl_millet,2022,1,2092.5,4.0
Maharashtra,Ahilyanagar,Rahuri(Vambori),pearl_millet,2022,2,2154.0,8.0
Maharashtra,Ahilyanagar,Rahuri(Vambori),pearl_millet,2022,3,2289.33,3.0
Maharashtra,Ahilyanagar,Rahuri(Vambori),pearl_millet,2022,4,1800.0,1.0
Maharashtra,Ahilyanagar,Rahuri(Vambori),pearl_millet,2022,6,2244.0,4.0
Maharashtra,Ahilyanagar,Rahuri(Vambori),pearl_millet,2022,7,2567.5,2.0
Maharashtra,Ahilyanagar,Rahuri(Vambori),pearl_millet,2022,8,2319.75,4.0
Maharashtra,Ahilyanagar,Rahuri(Vambori),pearl_millet,2022,9,2208.33,6.0
Maharashtra,Ahilyanagar,Rahuri(Vambori),pearl_millet,2022,10,2121.2,10.0
Maharashtra,Ahilyanagar,Rahuri(Vambori),pearl_millet,2022,11,1962.27,11.0
Maharashtra,Ahilyanagar,Rahuri(Vambori),pearl_millet,2022,12,2162.1,10.0
Maharashtra,Ahilyanagar,Rahuri(Vambori),pearl_millet,2023,1,2435.71,
Maharashtra,Ahilyanagar,Rahuri(Vambori),pearl_millet,2023,2,2263.0,
Maharashtra,Ahilyanagar,Rahuri(Vambori),pearl_millet,2023,3,1988.33,3.0
Maharashtra,Ahilyanagar,Rahuri(Vambori),pearl_millet,2023,4,2375.0,2.0
Maharashtra,Ahilyanagar,Rahuri(Vambori),pearl_millet,2023,5,2253.91,11.0
Maharashtra,Ahilyanagar,Rahuri(Vambori),pearl_millet,2023,6,2420.67,3.0
Maharashtra,Ahilyanagar,Rahuri(Vambori),pearl_millet,2023,7,2150.0,2.0
Maharashtra,Ahilyanagar,Rahuri(Vambori),pearl_millet,2023,8,2199.5,2.0
Maharashtra,Ahilyanagar,Rahuri(Vambori),pearl_millet,2023,11,2600.0,2.0
Maharashtra,Ahilyanagar,Rahuri(Vambori),pearl_millet,2023,12,2200.0,1.0
Maharashtra,Ahilyanagar,Rahuri(Vambori),pearl_millet,2024,1,2476.67,
Maharashtra,Ahilyanagar,Rahuri(Vambori),pearl_millet,2024,2,2377.0,3.0
Maharashtra,Ahilyanagar,Rahuri(Vambori),pearl_millet,2024,4,2452.81,3.2
Maharashtra,Ahilyanagar,Rahuri(Vambori),pearl_millet,2024,6,2388.55,7.7
Maharashtra,Ahilyanagar,Rahuri(Vambori),pearl_millet,2024,8,2494.4,16.0
Maharashtra,Ahilyanagar,Rahuri(Vambori),pearl_millet,2024,10,2326.75,7.3
Maharashtra,Ahilyanagar,Rahuri(Vambori),pearl_millet,2024,11,,2.9
Maharashtra,Ahilyanagar,Rahuri(Vambori),pearl_millet,2024,12,2713.44,5.2
Maharashtra,Ahilyanagar,Rahuri(Vambori),pearl_millet,2025,1,,2.9
Maharashtra,Ahilyanagar,Rahuri(Vambori),pearl_millet,2025,2,2674.81,4.8
Maharashtra,Ahilyanagar,Rahuri(Vambori),pearl_millet,2025,3,2650.15,3.4
Maharashtra,Ahilyanagar,Rahuri(Vambori),pearl_millet,2025,4,2438.0,2.8
Maharashtra,Ahilyanagar,Rahuri(Vambori),pearl_millet,2025,5,2304.17,4.6
Maharashtra,Ahilyanagar,Rahuri(Vambori),pearl_millet,2025,6,2171.59,22.2
Maharashtra,Ahilyanagar,Rahuri(Vambori),pearl_millet,2025,7,2165.74,2.7
Maharashtra,Ahilyanagar,Rahuri(Vambori),pearl_millet,2025,8,2583.28,4.6
Maharashtra,Ahilyanagar,Rahuri(Vambori),pearl_millet,2025,9,2562.32,7.5
Maharashtra,Ahilyanagar,Rahuri(Vambori),pearl_millet,2025,10,2440.38,22.2
Maharashtra,Ahilyanagar,Rahuri(Vambori),pearl_millet,2025,11,2384.52,11.9
Maharashtra,Ahilyanagar,Rahuri(Vambori),pearl_millet,2025,12,2197.48,6.5
Maharashtra,Ahilyanagar,Rahuri(Vambori),pearl_millet,2026,1,2054.68,6.5
Maharashtra,Ahilyanagar,Rahuri(Vambori),pearl_millet,2026,2,2263.23,3.9
Maharashtra,Ahilyanagar,Rahuri(Vambori),pearl_millet,2026,3,2376.45,2.0
Maharashtra,Ahilyanagar,Rahuri(Vambori),pearl_millet,2026,4,1966.91,1.1
Maharashtra,Ahilyanagar,Rahuri(Vambori),pearl_millet,2026,5,1943.21,2.8
Maharashtra,Ahilyanagar,Rahuri(Vambori),pearl_millet,2026,6,2331.12,8.2
Maharashtra,Ahilyanagar,Rahuri(Vambori),pearl_millet,2026,7,1994.95,2.1
Maharashtra,Ahilyanagar,Rahuri(Vambori),pearl_millet,2026,8,2033.25,1.2
Maharashtra,Ahilyanagar,Rahuri(Vambori),pearl_millet,2026,9,2429.13,2.3
Maharashtra,Ahilyanagar,Rahuri(Vambori),pigeon_pea,2019,2,4981.18,11.0
Maharashtra,Ahilyanagar,Rahuri(Vambori),pigeon_pea,2019,4,4403.0,5.0
Maharashtra,Ahilyanagar,Rahuri(Vambori),pigeon_pea,2019,12,4266.67,3.0
Maharashtra,Ahilyanagar,Rahuri(Vambori),pigeon_pea,2020,1,4336.64,44.0
Maharashtra,Ahilyanagar,Rahuri(Vambori),pigeon_pea,2020,2,4314.84,31.0
Maharashtra,Ahilyanagar,Rahuri(Vambori),pigeon_pea,2020,3,4333.0,1.0
Maharashtra,Ahilyanagar,Rahuri(Vambori),pigeon_pea,2020,5,4112.5,2.0
Maharashtra,Ahilyanagar,Rahuri(Vambori),pigeon_pea,2020,6,4526.0,1.0
Maharashtra,Ahilyanagar,Rahuri(Vambori),pigeon_pea,2020,7,3900.11,9.0
Maharashtra,Ahilyanagar,Rahuri(Vambori),pigeon_pea,2020,12,4734.07,61.0
Maharashtra,Ahilyanagar,Rahuri(Vambori),pigeon_pea,2021,1,5094.27,45.0
Maharashtra,Ahilyanagar,Rahuri(Vambori),pigeon_pea,2021,2,6084.76,42.0
Maharashtra,Ahilyanagar,Rahuri(Vambori),pigeon_pea,2021,3,6238.33,6.0
Maharashtra,Ahilyanagar,Rahuri(Vambori),pigeon_pea,2021,4,5518.5,8.0
Maharashtra,Ahilyanagar,Rahuri(Vambori),pigeon_pea,2021,6,5043.29,7.0
Maharashtra,Ahilyanagar,Rahuri(Vambori),pigeon_pea,2021,10,4166.67,3.0
Maharashtra,Ahilyanagar,Rahuri(Vambori),pigeon_pea,2021,11,5051.0,1.0
Maharashtra,Ahilyanagar,Rahuri(Vambori),pigeon_pea,2021,12,5070.26,19.0
Maharashtra,Ahilyanagar,Rahuri(Vambori),pigeon_pea,2022,1,5562.61,31.0
Maharashtra,Ahilyanagar,Rahuri(Vambori),pigeon_pea,2022,2,5639.65,23.0
Maharashtra,Ahilyanagar,Rahuri(Vambori),pigeon_pea,2022,3,5380.0,7.0
Maharashtra,Ahilyanagar,Rahuri(Vambori),pigeon_pea,2022,4,5483.33,3.0
Maharashtra,Ahilyanagar,Rahuri(Vambori),pigeon_pea,2022,5,5366.67,3.0
Maharashtra,Ahilyanagar,Rahuri(Vambori),pigeon_pea,2022,8,6440.0,1.0
Maharashtra,Ahilyanagar,Rahuri(Vambori),pigeon_pea,2022,9,5000.0,1.0
Maharashtra,Ahilyanagar,Rahuri(Vambori),pigeon_pea,2022,10,6701.0,1.0
Maharashtra,Ahilyanagar,Rahuri(Vambori),pigeon_pea,2022,12,6500.0,6.0
Maharashtra,Ahilyanagar,Rahuri(Vambori),pigeon_pea,2023,1,6462.66,32.0
Maharashtra,Ahilyanagar,Rahuri(Vambori),pigeon_pea,2023,2,6700.11,9.0
Maharashtra,Ahilyanagar,Rahuri(Vambori),pigeon_pea,2023,3,7353.71,7.0
Maharashtra,Ahilyanagar,Rahuri(Vambori),pigeon_pea,2023,5,8066.78,9.0
Maharashtra,Ahilyanagar,Rahuri(Vambori),pigeon_pea,2023,11,9300.0,1.0
Maharashtra,Ahilyanagar,Rahuri(Vambori),pigeon_pea,2023,12,8358.25,48.0
Maharashtra,Ahilyanagar,Rahuri(Vambori),pigeon_pea,2024,1,8249.38,77.0
Maharashtra,Ahilyanagar,Rahuri(Vambori),pigeon_pea,2024,2,9702.14,10.3
Maharashtra,Ahilyanagar,Rahuri(Vambori),pigeon_pea,2024,3,8924.08,5.9
Maharashtra,Ahilyanagar,Rahuri(Vambori),pigeon_pea,2024,4,8543.29,0.7
Maharashtra,Ahilyanagar,Rahuri(Vambori),pigeon_pea,2024,5,9151.22,4.1
Maharashtra,Ahilyanagar,Rahuri(Vambori),pigeon_pea,2024,6,10890.43,5.3
Maharashtra,Ahilyanagar,Rahuri(Vambori),pigeon_pea,2024,7,8933.33,1.2
Maharashtra,Ahilyanagar,Rahuri(Vambori),pigeon_pea,2024,8,7488.0,2.5
Maharashtra,Ahilyanagar,Rahuri(Vambori),pigeon_pea,2024,9,7700.0,0.2
Maharashtra,Ahilyanagar,Rahuri(Vambori),pigeon_pea,2025,1,6731.92,
Maharashtra,Ahilyanagar,Rahuri(Vambori),pigeon_pea,2025,2,6836.39,17.4
Maharashtra,Ahilyanagar,Rahuri(Vambori),pigeon_pea,2025,4,,13.0
Maharashtra,Ahilyanagar,Rahuri(Vambori),pigeon_pea,2025,6,,4.0
Maharashtra,Ahilyanagar,Rahuri(Vambori),pigeon_pea,2025,8,,3.8
Maharashtra,Ahilyanagar,Rahuri(Vambori),pigeon_pea,2025,9,6108.5,2.0
Maharashtra,Ahilyanagar,Rahuri(Vambori),pigeon_pea,2026,1,,56.8
Maharashtra,Ahilyanagar,Rahuri(Vambori),pigeon_pea,2026,2,,24.0
Maharashtra,Ahilyanagar,Rahuri(Vambori),pigeon_pea,2026,3,,14.7
Maharashtra,Ahilyanagar,Rahuri(Vambori),pigeon_pea,2026,4,,4.9
Maharashtra,Ahilyanagar,Rahuri(Vambori),pigeon_pea,2026,5,,10.7
Maharashtra,Ahilyanagar,Rahuri(Vambori),pigeon_pea,2026,6,,3.9
Maharashtra,Ahilyanagar,Rahuri(Vambori),pigeon_pea,2026,8,5427.5,0.2
Maharashtra,Ahilyanagar,Rahuri(Vambori),pigeon_pea,2026,9,8050.0,0.4
Maharashtra,Ahilyanagar,Rahuri(Vambori),sorghum,2019,2,2740.0,1.0
Maharashtra,Ahilyanagar,Rahuri(Vambori),sorghum,2019,4,3449.83,6.0
Maharashtra,Ahilyanagar,Rahuri(Vambori),sorghum,2019,6,2503.0,1.0
Maharashtra,Ahilyanagar,Rahuri(Vambori),sorghum,2020,1,2918.5,4.0
Maharashtra,Ahilyanagar,Rahuri(Vambori),sorghum,2020,2,2426.89,28.0
Maharashtra,Ahilyanagar,Rahuri(Vambori),sorghum,2020,3,2325.0,2.0
Maharashtra,Ahilyanagar,Rahuri(Vambori),sorghum,2020,5,2088.0,1.0
Maharashtra,Ahilyanagar,Rahuri(Vambori),sorghum,2020,6,1922.8,5.0
Maharashtra,Ahilyanagar,Rahuri(Vambori),sorghum,2020,7,1725.5,2.0
Maharashtra,Ahilyanagar,Rahuri(Vambori),sorghum,2020,8,1430.0,5.0
Maharashtra,Ahilyanagar,Rahuri(Vambori),sorghum,2020,9,2275.0,3.0
Maharashtra,Ahilyanagar,Rahuri(Vambori),sorghum,2020,10,1513.0,1.0
Maharashtra,Ahilyanagar,Rahuri(Vambori),sorghum,2020,11,1395.67,3.0
Maharashtra,Ahilyanagar,Rahuri(Vambori),sorghum,2020,12,1806.25,4.0
Maharashtra,Ahilyanagar,Rahuri(Vambori),sorghum,2021,1,2600.0,1.0
Maharashtra,Ahilyanagar,Rahuri(Vambori),sorghum,2021,2,1412.5,2.0
Maharashtra,Ahilyanagar,Rahuri(Vambori),sorghum,2021,3,2500.0,1.0
Maharashtra,Ahilyanagar,Rahuri(Vambori),sorghum,2021,4,1650.0,4.0
Maharashtra,Ahilyanagar,Rahuri(Vambori),sorghum,2021,6,1412.75,4.0
Maharashtra,Ahilyanagar,Rahuri(Vambori),sorghum,2021,7,1351.0,1.0
Maharashtra,Ahilyanagar,Rahuri(Vambori),sorghum,2021,8,1064.0,9.0
Maharashtra,Ahilyanagar,Rahuri(Vambori),sorghum,2021,9,1400.0,1.0
Maharashtra,Ahilyanagar,Rahuri(Vambori),sorghum,2021,10,1550.0,1.0
Maharashtra,Ahilyanagar,Rahuri(Vambori),sorghum,2022,3,1875.0,4.0
Maharashtra,Ahilyanagar,Rahuri(Vambori),sorghum,2022,4,2500.0,1.0
Maharashtra,Ahilyanagar,Rahuri(Vambori),sorghum,2022,5,1750.75,
Maharashtra,Ahilyanagar,Rahuri(Vambori),sorghum,2022,6,3583.12,8.0
Maharashtra,Ahilyanagar,Rahuri(Vambori),sorghum,2022,8,1741.67,6.0
Maharashtra,Ahilyanagar,Rahuri(Vambori),sorghum,2022,10,2200.0,1.0
Maharashtra,Ahilyanagar,Rahuri(Vambori),sorghum,2022,12,2000.0,1.0
Maharashtra,Ahilyanagar,Rahuri(Vambori),sorghum,2023,2,3000.0,2.0
Maharashtra,Ahilyanagar,Rahuri(Vambori),sorghum,2023,4,2092.56,
Maharashtra,Ahilyanagar,Rahuri(Vambori),sorghum,2023,6,2500.0,2.0
Maharashtra,Ahilyanagar,Rahuri(Vambori),sorghum,2023,7,2112.5,2.0
Maharashtra,Ahilyanagar,Rahuri(Vambori),sorghum,2023,8,2000.0,1.0
Maharashtra,Ahilyanagar,Rahuri(Vambori),sorghum,2024,2,2881.46,37.0
Maharashtra,Ahilyanagar,Rahuri(Vambori),sorghum,2024,3,2739.34,
Maharashtra,Ahilyanagar,Rahuri(Vambori),sorghum,2024,4,2151.22,4.1
Maharashtra,Ahilyanagar,Rahuri(Vambori),sorghum,2024,6,2106.89,4.4
Maharashtra,Ahilyanagar,Rahuri(Vambori),sorghum,2024,8,2326.21,8.2
Maharashtra,Ahilyanagar,Rahuri(Vambori),sorghum,2024,10,2077.95,5.6
Maharashtra,Ahilyanagar,Rahuri(Vambori),sorghum,2024,12,1992.61,2.3
Maharashtra,Ahilyanagar,Rahuri(Vambori),sorghum,2025,1,,4.5
Maharashtra,Ahilyanagar,Rahuri(Vambori),sorghum,2025,2,2144.0,4.1
Maharashtra,Ahilyanagar,Rahuri(Vambori),sorghum,2025,3,,0.9
Maharashtra,Ahilyanagar,Rahuri(Vambori),sorghum,2025,4,2258.44,1.6
Maharashtra,Ahilyanagar,Rahuri(Vambori),sorghum,2025,5,2038.62,6.8
Maharashtra,Ahilyanagar,Rahuri(Vambori),sorghum,2025,6,2990.25,0.8
Maharashtra,Ahilyanagar,Rahuri(Vambori),sorghum,2025,7,2153.83,0.6
Maharashtra,Ahilyanagar,Rahuri(Vambori),sorghum,2025,8,2537.5,0.8
Maharashtra,Ahilyanagar,Rahuri(Vambori),sorghum,2025,9,2275.0,0.4
Maharashtra,Ahilyanagar,Rahuri(Vambori),sorghum,2025,10,2267.0,0.6
Maharashtra,Ahilyanagar,Rahuri(Vambori),sorghum,2025,11,3076.0,0.1
Maharashtra,Ahilyanagar,Rahuri(Vambori),sorghum,2025,12,2882.59,1.7
Maharashtra,Ahilyanagar,Rahuri(Vambori),sorghum,2026,1,2608.67,0.3
Maharashtra,Ahilyanagar,Rahuri(Vambori),sorghum,2026,2,3050.5,0.2
Maharashtra,Ahilyanagar,Rahuri(Vambori),sorghum,2026,3,3388.25,0.4
Maharashtra,Ahilyanagar,Rahuri(Vambori),sorghum,2026,4,3238.38,2.4
Maharashtra,Ahilyanagar,Rahuri(Vambori),sorghum,2026,5,3542.31,1.3
Maharashtra,Ahilyanagar,Rahuri(Vambori),sorghum,2026,7,2387.5,0.2
Maharashtra,Ahilyanagar,Rahuri(Vambori),sorghum,2026,8,2841.83,0.6
Maharashtra,Ahilyanagar,Rahuri(Vambori),soybean,2019,2,3535.5,8.0
Maharashtra,Ahilyanagar,Rahuri(Vambori),soybean,2019,4,3522.62,40.0
Maharashtra,Ahilyanagar,Rahuri(Vambori),soybean,2019,6,3432.33,3.0
Maharashtra,Ahilyanagar,Rahuri(Vambori),soybean,2019,8,3385.83,6.0
Maharashtra,Ahilyanagar,Rahuri(Vambori),soybean,2019,10,3467.94,47.0
Maharashtra,Ahilyanagar,Rahuri(Vambori),soybean,2019,12,3941.43,21.0
Maharashtra,Ahilyanagar,Rahuri(Vambori),soybean,2020,1,4041.93,44.0
Maharashtra,Ahilyanagar,Rahuri(Vambori),soybean,2020,2,3794.55,29.0
Maharashtra,Ahilyanagar,Rahuri(Vambori),soybean,2020,3,3123.67,3.0
Maharashtra,Ahilyanagar,Rahuri(Vambori),soybean,2020,5,3575.5,2.0
Maharashtra,Ahilyanagar,Rahuri(Vambori),soybean,2020,6,3140.22,36.0
Maharashtra,Ahilyanagar,Rahuri(Vambori),soybean,2020,7,3309.75,20.0
Maharashtra,Ahilyanagar,Rahuri(Vambori),soybean,2020,8,3180.0,3.0
Maharashtra,Ahilyanagar,Rahuri(Vambori),soybean,2020,9,3481.0,3.0
Maharashtra,Ahilyanagar,Rahuri(Vambori),soybean,2020,10,3596.29,175.0
Maharashtra,Ahilyanagar,Rahuri(Vambori),soybean,2020,11,3927.8,74.0
Maharashtra,Ahilyanagar,Rahuri(Vambori),soybean,2020,12,3917.89,44.0
Maharashtra,Ahilyanagar,Rahuri(Vambori),soybean,2021,1,3973.5,20.0
Maharashtra,Ahilyanagar,Rahuri(Vambori),soybean,2021,2,4234.05,19.0
Maharashtra,Ahilyanagar,Rahuri(Vambori),soybean,2021,3,4750.29,14.0
Maharashtra,Ahilyanagar,Rahuri(Vambori),soybean,2021,4,6359.43,80.0
Maharashtra,Ahilyanagar,Rahuri(Vambori),soybean,2021,5,7200.0,4.0
Maharashtra,Ahilyanagar,Rahuri(Vambori),soybean,2021,6,6438.29,92.0
Maharashtra,Ahilyanagar,Rahuri(Vambori),soybean,2021,8,7100.0,43.0
Maharashtra,Ahilyanagar,Rahuri(Vambori),soybean,2021,9,5097.2,5.0
Maharashtra,Ahilyanagar,Rahuri(Vambori),soybean,2021,10,4719.32,157.0
Maharashtra,Ahilyanagar,Rahuri(Vambori),soybean,2021,11,5533.74,76.0
Maharashtra,Ahilyanagar,Rahuri(Vambori),soybean,2021,12,5773.6,90.0
Maharashtra,Ahilyanagar,Rahuri(Vambori),soybean,2022,1,5856.43,61.0
Maharashtra,Ahilyanagar,Rahuri(Vambori),soybean,2022,2,6021.68,60.0
Maharashtra,Ahilyanagar,Rahuri(Vambori),soybean,2022,3,6709.88,66.0
Maharashtra,Ahilyanagar,Rahuri(Vambori),soybean,2022,4,6802.66,71.0
Maharashtra,Ahilyanagar,Rahuri(Vambori),soybean,2022,5,5900.0,57.0
Maharashtra,Ahilyanagar,Rahuri(Vambori),soybean,2022,6,5775.29,17.0
Maharashtra,Ahilyanagar,Rahuri(Vambori),soybean,2022,7,5742.4,15.0
Maharashtra,Ahilyanagar,Rahuri(Vambori),soybean,2022,8,5242.13,31.0
Maharashtra,Ahilyanagar,Rahuri(Vambori),soybean,2022,9,4520.4,5.0
Maharashtra,Ahilyanagar,Rahuri(Vambori),soybean,2022,10,4595.64,120.0
Maharashtra,Ahilyanagar,Rahuri(Vambori),soybean,2022,11,4949.05,130.0
Maharashtra,Ahilyanagar,Rahuri(Vambori),soybean,2022,12,5125.8,49.0
Maharashtra,Ahilyanagar,Rahuri(Vambori),soybean,2023,1,5016.82,22.0
Maharashtra,Ahilyanagar,Rahuri(Vambori),soybean,2023,2,4463.28,53.0
Maharashtra,Ahilyanagar,Rahuri(Vambori),soybean,2023,3,4742.5,26.0
Maharashtra,Ahilyanagar,Rahuri(Vambori),soybean,2023,4,4650.55,49.0
Maharashtra,Ahilyanagar,Rahuri(Vambori),soybean,2023,5,4662.88,33.0
Maharashtra,Ahilyanagar,Rahuri(Vambori),soybean,2023,6,4428.07,14.0
Maharashtra,Ahilyanagar,Rahuri(Vambori),soybean,2023,7,4314.24,83.0
Maharashtra,Ahilyanagar,Rahuri(Vambori),soybean,2023,8,4605.08,13.0
Maharashtra,Ahilyanagar,Rahuri(Vambori),soybean,2023,9,4365.0,5.0
Maharashtra,Ahilyanagar,Rahuri(Vambori),soybean,2023,10,4399.78,86.0
Maharashtra,Ahilyanagar,Rahuri(Vambori),soybean,2023,11,4829.55,38.0
Maharashtra,Ahilyanagar,Rahuri(Vambori),soybean,2023,12,4389.7,23.0
Maharashtra,Ahilyanagar,Rahuri(Vambori),soybean,2024,1,4272.82,40.0
Maharashtra,Ahilyanagar,Rahuri(Vambori),soybean,2024,2,4058.01,43.3
Maharashtra,Ahilyanagar,Rahuri(Vambori),soybean,2024,3,4100.89,44.1
Maharashtra,Ahilyanagar,Rahuri(Vambori),soybean,2024,4,4196.43,6.9
Maharashtra,Ahilyanagar,Rahuri(Vambori),soybean,2024,5,3885.9,10.5
Maharashtra,Ahilyanagar,Rahuri(Vambori),soybean,2024,6,4202.77,3.9
Maharashtra,Ahilyanagar,Rahuri(Vambori),soybean,2024,7,4225.03,3.6
Maharashtra,Ahilyanagar,Rahuri(Vambori),soybean,2024,8,4003.68,67.9
Maharashtra,Ahilyanagar,Rahuri(Vambori),soybean,2024,11,3997.33,
Maharashtra,Ahilyanagar,Rahuri(Vambori),soybean,2024,12,3898.64,
Maharashtra,Ahilyanagar,Rahuri(Vambori),soybean,2025,1,3836.19,12.8
Maharashtra,Ahilyanagar,Rahuri(Vambori),soybean,2025,2,3518.52,11.4
Maharashtra,Ahilyanagar,Rahuri(Vambori),soybean,2025,4,,9.8
Maharashtra,Ahilyanagar,Rahuri(Vambori),soybean,2025,5,3741.59,
Maharashtra,Ahilyanagar,Rahuri(Vambori),soybean,2025,6,3875.03,3.7
Maharashtra,Ahilyanagar,Rahuri(Vambori),soybean,2025,7,3839.79,
Maharashtra,Ahilyanagar,Rahuri(Vambori),soybean,2025,8,4363.95,1.9
Maharashtra,Ahilyanagar,Rahuri(Vambori),soybean,2025,9,4252.04,9.1
Maharashtra,Ahilyanagar,Rahuri(Vambori),soybean,2026,3,,12.5
Maharashtra,Ahilyanagar,Rahuri(Vambori),soybean,2026,4,,33.9
Maharashtra,Ahilyanagar,Rahuri(Vambori),soybean,2026,5,,3.3
Maharashtra,Ahilyanagar,Rahuri(Vambori),soybean,2026,6,,2.6
Maharashtra,Ahilyanagar,Rahuri(Vambori),soybean,2026,7,,1.4
Maharashtra,Ahilyanagar,Rahuri(Vambori),soybean,2026,8,5840.0,74.6
Maharashtra,Ahilyanagar,Rahuri(Vambori),soybean,2026,9,4503.73,27.5
Maharashtra,Ahilyanagar,Rahuri(Vambori),wheat,2019,2,2064.83,29.0
Maharashtra,Ahilyanagar,Rahuri(Vambori),wheat,2019,4,2015.95,59.0
Maharashtra,Ahilyanagar,Rahuri(Vambori),wheat,2019,6,2025.33,36.0
Maharashtra,Ahilyanagar,Rahuri(Vambori),wheat,2019,8,2134.61,23.0
Maharashtra,Ahilyanagar,Rahuri(Vambori),wheat,2019,10,2085.47,60.0
Maharashtra,Ahilyanagar,Rahuri(Vambori),wheat,2019,12,2128.8,51.0
Maharashtra,Ahilyanagar,Rahuri(Vambori),wheat,2020,1,2269.92,61.0
Maharashtra,Ahilyanagar,Rahuri(Vambori),wheat,2020,2,2034.5,66.0
Maharashtra,Ahilyanagar,Rahuri(Vambori),wheat,2020,3,1811.56,36.0
Maharashtra,Ahilyanagar,Rahuri(Vambori),wheat,2020,5,1960.03,38.0
Maharashtra,Ahilyanagar,Rahuri(Vambori),wheat,2020,6,1879.67,40.0
Maharashtra,Ahilyanagar,Rahuri(Vambori),wheat,2020,7,1944.84,31.0
Maharashtra,Ahilyanagar,Rahuri(Vambori),wheat,2020,8,1837.9,68.0
Maharashtra,Ahilyanagar,Rahuri(Vambori),wheat,2020,9,1553.03,37.0
Maharashtra,Ahilyanagar,Rahuri(Vambori),wheat,2020,10,1485.6,52.0
Maharashtra,Ahilyanagar,Rahuri(Vambori),wheat,2020,11,1494.83,71.0
Maharashtra,Ahilyanagar,Rahuri(Vambori),wheat,2020,12,1410.26,80.0
Maharashtra,Ahilyanagar,Rahuri(Vambori),wheat,2021,1,1555.57,56.0
Maharashtra,Ahilyanagar,Rahuri(Vambori),wheat,2021,2,1536.86,58.0
Maharashtra,Ahilyanagar,Rahuri(Vambori),wheat,2021,3,1578.87,90.0
Maharashtra,Ahilyanagar,Rahuri(Vambori),wheat,2021,4,1602.5,48.0
Maharashtra,Ahilyanagar,Rahuri(Vambori),wheat,2021,5,1650.0,3.0
Maharashtra,Ahilyanagar,Rahuri(Vambori),wheat,2021,6,1613.9,40.0
Maharashtra,Ahilyanagar,Rahuri(Vambori),wheat,2021,7,1697.03,32.0
Maharashtra,Ahilyanagar,Rahuri(Vambori),wheat,2021,8,1633.45,11.0
Maharashtra,Ahilyanagar,Rahuri(Vambori),wheat,2021,9,1695.95,38.0
Maharashtra,Ahilyanagar,Rahuri(Vambori),wheat,2021,10,1711.1,30.0
Maharashtra,Ahilyanagar,Rahuri(Vambori),wheat,2021,11,1722.89,45.0
Maharashtra,Ahilyanagar,Rahuri(Vambori),wheat,2021,12,1844.93,27.0
Maharashtra,Ahilyanagar,Rahuri(Vambori),wheat,2022,1,1903.0,18.0
Maharashtra,Ahilyanagar,Rahuri(Vambori),wheat,2022,2,1920.56,16.0
Maharashtra,Ahilyanagar,Rahuri(Vambori),wheat,2022,3,2078.22,27.0
Maharashtra,Ahilyanagar,Rahuri(Vambori),wheat,2022,4,2278.18,49.0
Maharashtra,Ahilyanagar,Rahuri(Vambori),wheat,2022,5,2279.71,14.0
Maharashtra,Ahilyanagar,Rahuri(Vambori),wheat,2022,6,2074.1,10.0
Maharashtra,Ahilyanagar,Rahuri(Vambori),wheat,2022,7,2242.46,13.0
Maharashtra,Ahilyanagar,Rahuri(Vambori),wheat,2022,8,2354.44,18.0
Maharashtra,Ahilyanagar,Rahuri(Vambori),wheat,2022,9,2414.57,7.0
Maharashtra,Ahilyanagar,Rahuri(Vambori),wheat,2022,10,2353.44,18.0
Maharashtra,Ahilyanagar,Rahuri(Vambori),wheat,2022,11,2801.71,24.0
Maharashtra,Ahilyanagar,Rahuri(Vambori),wheat,2022,12,2657.15,13.0
Maharashtra,Ahilyanagar,Rahuri(Vambori),wheat,2023,1,2425.0,4.0
Maharashtra,Ahilyanagar,Rahuri(Vambori),wheat,2023,2,2285.71,41.0
Maharashtra,Ahilyanagar,Rahuri(Vambori),wheat,2023,3,2102.28,133.0
Maharashtra,Ahilyanagar,Rahuri(Vambori),wheat,2023,4,2095.46,110.0
Maharashtra,Ahilyanagar,Rahuri(Vambori),wheat,2023,5,2186.0,56.0
Maharashtra,Ahilyanagar,Rahuri(Vambori),wheat,2023,6,2224.63,46.0
Maharashtra,Ahilyanagar,Rahuri(Vambori),wheat,2023,8,2336.77,48.0
Maharashtra,Ahilyanagar,Rahuri(Vambori),wheat,2023,9,2426.57,21.0
Maharashtra,Ahilyanagar,Rahuri(Vambori),wheat,2023,10,2417.4,40.0
Maharashtra,Ahilyanagar,Rahuri(Vambori),wheat,2023,11,2643.3,43.0
Maharashtra,Ahilyanagar,Rahuri(Vambori),wheat,2023,12,2572.45,49.0
Maharashtra,Ahilyanagar,Rahuri(Vambori),wheat,2024,1,2549.47,60.0
Maharashtra,Ahilyanagar,Rahuri(Vambori),wheat,2024,2,2437.82,55.9
Maharashtra,Ahilyanagar,Rahuri(Vambori),wheat,2024,3,2398.83,
Maharashtra,Ahilyanagar,Rahuri(Vambori),wheat,2024,4,2469.97,28.6
Maharashtra,Ahilyanagar,Rahuri(Vambori),wheat,2024,5,,21.3
Maharashtra,Ahilyanagar,Rahuri(Vambori),wheat,2024,6,2539.76,7.4
Maharashtra,Ahilyanagar,Rahuri(Vambori),wheat,2024,7,2793.76,7.2
Maharashtra,Ahilyanagar,Rahuri(Vambori),wheat,2024,8,2720.06,17.9
Maharashtra,Ahilyanagar,Rahuri(Vambori),wheat,2024,9,2627.95,26.4
Maharashtra,Ahilyanagar,Rahuri(Vambori),wheat,2024,10,2752.61,7.9
Maharashtra,Ahilyanagar,Rahuri(Vambori),wheat,2024,11,2912.2,
Maharashtra,Ahilyanagar,Rahuri(Vambori),wheat,2024,12,2864.46,13.9
Maharashtra,Ahilyanagar,Rahuri(Vambori),wheat,2025,1,,27.1
Maharashtra,Ahilyanagar,Rahuri(Vambori),wheat,2025,2,2595.64,31.9
Maharashtra,Ahilyanagar,Rahuri(Vambori),wheat,2025,3,,83.2
Maharashtra,Ahilyanagar,Rahuri(Vambori),wheat,2025,4,2498.94,53.0
Maharashtra,Ahilyanagar,Rahuri(Vambori),wheat,2025,5,2521.58,20.1
Maharashtra,Ahilyanagar,Rahuri(Vambori),wheat,2025,6,2490.03,17.2
Maharashtra,Ahilyanagar,Rahuri(Vambori),wheat,2025,7,2547.57,10.0
Maharashtra,Ahilyanagar,Rahuri(Vambori),wheat,2025,8,2574.13,29.3
Maharashtra,Ahilyanagar,Rahuri(Vambori),wheat,2025,9,2532.67,41.9
Maharashtra,Ahilyanagar,Rahuri(Vambori),wheat,2025,10,2516.35,31.7
Maharashtra,Ahilyanagar,Rahuri(Vambori),wheat,2025,11,2585.63,21.3
Maharashtra,Ahilyanagar,Rahuri(Vambori),wheat,2025,12,2533.82,21.5
Maharashtra,Ahilyanagar,Rahuri(Vambori),wheat,2026,1,2727.16,20.7
Maharashtra,Ahilyanagar,Rahuri(Vambori),wheat,2026,2,2532.35,21.6
Maharashtra,Ahilyanagar,Rahuri(Vambori),wheat,2026,3,2141.97,83.1
Maharashtra,Ahilyanagar,Rahuri(Vambori),wheat,2026,4,2168.81,103.9
Maharashtra,Ahilyanagar,Rahuri(Vambori),wheat,2026,5,2313.05,65.1
Maharashtra,Ahilyanagar,Rahuri(Vambori),wheat,2026,6,2331.74,28.5
Maharashtra,Ahilyanagar,Rahuri(Vambori),wheat,2026,7,2573.8,37.8
Maharashtra,Ahilyanagar,Rahuri(Vambori),wheat,2026,8,2592.39,212.5
Maharashtra,Ahilyanagar,Rahuri(Vambori),wheat,2026,9,2718.78,30.0
Maharashtra,Ahilyanagar,Shevgaon(Bodhegaon),chickpea,2019,2,4333.33,21.0
Maharashtra,Ahilyanagar,Shevgaon(Bodhegaon),chickpea,2019,4,3850.0,6.0
Maharashtra,Ahilyanagar,Shevgaon(Bodhegaon),chickpea,2019,6,4000.0,3.0
Maharashtra,Ahilyanagar,Shevgaon(Bodhegaon),chickpea,2019,12,3200.0,1.0
Maharashtra,Ahilyanagar,Shevgaon(Bodhegaon),chickpea,2020,1,4000.0,3.0
Maharashtra,Ahilyanagar,Shevgaon(Bodhegaon),chickpea,2020,2,3620.0,15.0
Maharashtra,Ahilyanagar,Shevgaon(Bodhegaon),chickpea,2020,3,3455.79,95.0
Maharashtra,Ahilyanagar,Shevgaon(Bodhegaon),chickpea,2020,4,3700.0,1.0
Maharashtra,Ahilyanagar,Shevgaon(Bodhegaon),chickpea,2020,5,3827.78,18.0
Maharashtra,Ahilyanagar,Shevgaon(Bodhegaon),chickpea,2020,6,3875.0,16.0
Maharashtra,Ahilyanagar,Shevgaon(Bodhegaon),chickpea,2020,7,3783.33,6.0
Maharashtra,Ahilyanagar,Shevgaon(Bodhegaon),chickpea,2020,8,3600.0,2.0
Maharashtra,Ahilyanagar,Shevgaon(Bodhegaon),chickpea,2020,9,3700.0,2.0
Maharashtra,Ahilyanagar,Shevgaon(Bodhegaon),chickpea,2020,10,4300.0,3.0
Maharashtra,Ahilyanagar,Shevgaon(Bodhegaon),chickpea,2020,11,4366.67,6.0
Maharashtra,Ahilyanagar,Shevgaon(Bodhegaon),chickpea,2020,12,4200.0,5.0
Maharashtra,Ahilyanagar,Shevgaon(Bodhegaon),chickpea,2021,2,4345.45,11.0
Maharashtra,Ahilyanagar,Shevgaon(Bodhegaon),chickpea,2021,3,4552.86,35.0
Maharashtra,Ahilyanagar,Shevgaon(Bodhegaon),chickpea,2021,4,4787.5,32.0
Maharashtra,Ahilyanagar,Shevgaon(Bodhegaon),chickpea,2021,5,4675.0,4.0
Maharashtra,Ahilyanagar,Shevgaon(Bodhegaon),chickpea,2021,6,4491.3,23.0
Maharashtra,Ahilyanagar,Shevgaon(Bodhegaon),chickpea,2021,7,4200.0,6.0
Maharashtra,Ahilyanagar,Shevgaon(Bodhegaon),chickpea,2021,9,3500.0,2.0
Maharashtra,Ahilyanagar,Shevgaon(Bodhegaon),chickpea,2021,10,4071.43,7.0
Maharashtra,Ahilyanagar,Shevgaon(Bodhegaon),chickpea,2021,11,3850.0,10.0
Maharashtra,Ahilyanagar,Shevgaon(Bodhegaon),chickpea,2021,12,4500.0,3.0
Maharashtra,Ahilyanagar,Shevgaon(Bodhegaon),chickpea,2022,1,4500.0,1.0
Maharashtra,Ahilyanagar,Shevgaon(Bodhegaon),chickpea,2022,2,4500.0,3.0
Maharashtra,Ahilyanagar,Shevgaon(Bodhegaon),chickpea,2022,3,4516.67,3.0
Maharashtra,Ahilyanagar,Shevgaon(Bodhegaon),chickpea,2022,4,4488.89,9.0
Maharashtra,Ahilyanagar,Shevgaon(Bodhegaon),chickpea,2022,5,4473.33,
Maharashtra,Ahilyanagar,Shevgaon(Bodhegaon),chickpea,2022,6,4227.27,11.0
Maharashtra,Ahilyanagar,Shevgaon(Bodhegaon),chickpea,2022,7,4200.0,
Maharashtra,Ahilyanagar,Shevgaon(Bodhegaon),chickpea,2022,8,4600.0,
Maharashtra,Ahilyanagar,Shevgaon(Bodhegaon),chickpea,2022,10,3740.0,5.0
Maharashtra,Ahilyanagar,Shevgaon(Bodhegaon),chickpea,2022,11,4121.43,14.0
Maharashtra,Ahilyanagar,Shevgaon(Bodhegaon),chickpea,2022,12,4333.33,3.0
Maharashtra,Ahilyanagar,Shevgaon(Bodhegaon),chickpea,2023,1,4550.0,10.0
Maharashtra,Ahilyanagar,Shevgaon(Bodhegaon),chickpea,2023,2,4566.67,3.0
Maharashtra,Ahilyanagar,Shevgaon(Bodhegaon),chickpea,2023,3,4542.86,7.0
Maharashtra,Ahilyanagar,Shevgaon(Bodhegaon),chickpea,2023,4,4557.14,7.0
Maharashtra,Ahilyanagar,Shevgaon(Bodhegaon),chickpea,2023,5,4650.0,4.0
Maharashtra,Ahilyanagar,Shevgaon(Bodhegaon),chickpea,2023,6,4600.0,3.0
Maharashtra,Ahilyanagar,Shevgaon(Bodhegaon),chickpea,2023,7,4500.0,
Maharashtra,Ahilyanagar,Shevgaon(Bodhegaon),chickpea,2023,8,4500.0,1.0
Maharashtra,Ahilyanagar,Shevgaon(Bodhegaon),chickpea,2023,10,4209.52,21.0
Maharashtra,Ahilyanagar,Shevgaon(Bodhegaon),chickpea,2023,11,4475.0,4.0
Maharashtra,Ahilyanagar,Shevgaon(Bodhegaon),chickpea,2023,12,4000.0,1.0
Maharashtra,Ahilyanagar,Shevgaon(Bodhegaon),chickpea,2024,1,4200.0,1.0
Maharashtra,Ahilyanagar,Shevgaon(Bodhegaon),chickpea,2024,2,4616.28,4.3
Maharashtra,Ahilyanagar,Shevgaon(Bodhegaon),chickpea,2024,3,5398.39,
Maharashtra,Ahilyanagar,Shevgaon(Bodhegaon),chickpea,2024,4,5327.5,8.0
Maharashtra,Ahilyanagar,Shevgaon(Bodhegaon),chickpea,2024,5,5625.0,2.0
Maharashtra,Ahilyanagar,Shevgaon(Bodhegaon),chickpea,2024,6,5360.0,1.5
Maharashtra,Ahilyanagar,Shevgaon(Bodhegaon),chickpea,2024,7,4500.0,0.8
Maharashtra,Ahilyanagar,Shevgaon(Bodhegaon),chickpea,2024,8,6300.0,0.2
Maharashtra,Ahilyanagar,Shevgaon(Bodhegaon),chickpea,2024,10,3877.63,7.6
Maharashtra,Ahilyanagar,Shevgaon(Bodhegaon),chickpea,2025,2,5000.0,
Maharashtra,Ahilyanagar,Shevgaon(Bodhegaon),chickpea,2025,3,5074.47,4.7
Maharashtra,Ahilyanagar,Shevgaon(Bodhegaon),chickpea,2025,4,5225.0,1.2
Maharashtra,Ahilyanagar,Shevgaon(Bodhegaon),chickpea,2025,6,,0.9
Maharashtra,Ahilyanagar,Shevgaon(Bodhegaon),chickpea,2025,8,5000.0,0.5
Maharashtra,Ahilyanagar,Shevgaon(Bodhegaon),chickpea,2026,3,,3.8
Maharashtra,Ahilyanagar,Shevgaon(Bodhegaon),chickpea,2026,4,,4.4
Maharashtra,Ahilyanagar,Shevgaon(Bodhegaon),chickpea,2026,5,,2.8
Maharashtra,Ahilyanagar,Shevgaon(Bodhegaon),chickpea,2026,6,,0.3
Maharashtra,Ahilyanagar,Shevgaon(Bodhegaon),chickpea,2026,7,5500.0,0.3
Maharashtra,Ahilyanagar,Shevgaon(Bodhegaon),pearl_millet,2019,2,1300.0,1.0
Maharashtra,Ahilyanagar,Shevgaon(Bodhegaon),pearl_millet,2019,4,1500.0,2.0
Maharashtra,Ahilyanagar,Shevgaon(Bodhegaon),pearl_millet,2019,6,1600.0,1.0
Maharashtra,Ahilyanagar,Shevgaon(Bodhegaon),pearl_millet,2019,8,2000.0,2.0
Maharashtra,Ahilyanagar,Shevgaon(Bodhegaon),pearl_millet,2019,10,1530.0,10.0
Maharashtra,Ahilyanagar,Shevgaon(Bodhegaon),pearl_millet,2019,12,1621.37,62.0
Maharashtra,Ahilyanagar,Shevgaon(Bodhegaon),pearl_millet,2020,1,1630.0,70.0
Maharashtra,Ahilyanagar,Shevgaon(Bodhegaon),pearl_millet,2020,2,1505.41,74.0
Maharashtra,Ahilyanagar,Shevgaon(Bodhegaon),pearl_millet,2020,3,1400.0,41.0
Maharashtra,Ahilyanagar,Shevgaon(Bodhegaon),pearl_millet,2020,4,1600.0,1.0
Maharashtra,Ahilyanagar,Shevgaon(Bodhegaon),pearl_millet,2020,5,1511.36,44.0
Maharashtra,Ahilyanagar,Shevgaon(Bodhegaon),pearl_millet,2020,6,1298.11,53.0
Maharashtra,Ahilyanagar,Shevgaon(Bodhegaon),pearl_millet,2020,7,1100.0,52.0
Maharashtra,Ahilyanagar,Shevgaon(Bodhegaon),pearl_millet,2020,8,1007.14,42.0
Maharashtra,Ahilyanagar,Shevgaon(Bodhegaon),pearl_millet,2020,9,1022.22,117.0
Maharashtra,Ahilyanagar,Shevgaon(Bodhegaon),pearl_millet,2020,10,1111.11,81.0
Maharashtra,Ahilyanagar,Shevgaon(Bodhegaon),pearl_millet,2020,11,1206.25,96.0
Maharashtra,Ahilyanagar,Shevgaon(Bodhegaon),pearl_millet,2020,12,1239.11,124.0
Maharashtra,Ahilyanagar,Shevgaon(Bodhegaon),pearl_millet,2021,1,1206.71,41.0
Maharashtra,Ahilyanagar,Shevgaon(Bodhegaon),pearl_millet,2021,2,1188.14,59.0
Maharashtra,Ahilyanagar,Shevgaon(Bodhegaon),pearl_millet,2021,3,1237.5,
Maharashtra,Ahilyanagar,Shevgaon(Bodhegaon),pearl_millet,2021,4,1282.56,43.0
Maharashtra,Ahilyanagar,Shevgaon(Bodhegaon),pearl_millet,2021,5,1250.0,10.0
Maharashtra,Ahilyanagar,Shevgaon(Bodhegaon),pearl_millet,2021,6,1307.86,70.0
Maharashtra,Ahilyanagar,Shevgaon(Bodhegaon),pearl_millet,2021,7,1410.42,48.0
Maharashtra,Ahilyanagar,Shevgaon(Bodhegaon),pearl_millet,2021,8,1380.77,26.0
Maharashtra,Ahilyanagar,Shevgaon(Bodhegaon),pearl_millet,2021,9,1474.29,35.0
Maharashtra,Ahilyanagar,Shevgaon(Bodhegaon),pearl_millet,2021,10,1530.81,43.0
Maharashtra,Ahilyanagar,Shevgaon(Bodhegaon),pearl_millet,2021,11,1477.14,35.0
Maharashtra,Ahilyanagar,Shevgaon(Bodhegaon),pearl_millet,2021,12,1769.23,26.0
Maharashtra,Ahilyanagar,Shevgaon(Bodhegaon),pearl_millet,2022,1,1909.52,21.0
Maharashtra,Ahilyanagar,Shevgaon(Bodhegaon),pearl_millet,2022,2,1883.33,18.0
Maharashtra,Ahilyanagar,Shevgaon(Bodhegaon),pearl_millet,2022,3,1772.22,18.0
Maharashtra,Ahilyanagar,Shevgaon(Bodhegaon),pearl_millet,2022,4,2026.0,25.0
Maharashtra,Ahilyanagar,Shevgaon(Bodhegaon),pearl_millet,2022,6,1984.48,29.0
Maharashtra,Ahilyanagar,Shevgaon(Bodhegaon),pearl_millet,2022,7,2062.5,24.0
Maharashtra,Ahilyanagar,Shevgaon(Bodhegaon),pearl_millet,2022,8,2440.74,27.0
Maharashtra,Ahilyanagar,Shevgaon(Bodhegaon),pearl_millet,2022,9,2254.55,11.0
Maharashtra,Ahilyanagar,Shevgaon(Bodhegaon),pearl_millet,2022,10,2145.45,11.0
Maharashtra,Ahilyanagar,Shevgaon(Bodhegaon),pearl_millet,2022,11,2134.62,13.0
Maharashtra,Ahilyanagar,Shevgaon(Bodhegaon),pearl_millet,2022,12,2354.55,11.0
Maharashtra,Ahilyanagar,Shevgaon(Bodhegaon),pearl_millet,2023,1,2372.22,
Maharashtra,Ahilyanagar,Shevgaon(Bodhegaon),pearl_millet,2023,2,2542.86,
Maharashtra,Ahilyanagar,Shevgaon(Bodhegaon),pearl_millet,2023,3,2422.22,9.0
Maharashtra,Ahilyanagar,Shevgaon(Bodhegaon),pearl_millet,2023,4,2492.19,32.0
Maharashtra,Ahilyanagar,Shevgaon(Bodhegaon),pearl_millet,2023,5,2197.78,45.0
Maharashtra,Ahilyanagar,Shevgaon(Bodhegaon),pearl_millet,2023,6,2142.86,28.0
Maharashtra,Ahilyanagar,Shevgaon(Bodhegaon),pearl_millet,2023,7,2228.57,21.0
Maharashtra,Ahilyanagar,Shevgaon(Bodhegaon),pearl_millet,2023,8,2297.14,35.0
Maharashtra,Ahilyanagar,Shevgaon(Bodhegaon),pearl_millet,2023,11,2487.5,16.0
Maharashtra,Ahilyanagar,Shevgaon(Bodhegaon),pearl_millet,2023,12,2531.82,22.0
Maharashtra,Ahilyanagar,Shevgaon(Bodhegaon),pearl_millet,2024,1,2526.32,
Maharashtra,Ahilyanagar,Shevgaon(Bodhegaon),pearl_millet,2024,2,2490.91,8.8
Maharashtra,Ahilyanagar,Shevgaon(Bodhegaon),pearl_millet,2024,4,2464.94,23.1
Maharashtra,Ahilyanagar,Shevgaon(Bodhegaon),pearl_millet,2024,6,2229.02,25.5
Maharashtra,Ahilyanagar,Shevgaon(Bodhegaon),pearl_millet,2024,8,2219.71,27.4
Maharashtra,Ahilyanagar,Shevgaon(Bodhegaon),pearl_millet,2024,10,2251.63,36.7
Maharashtra,Ahilyanagar,Shevgaon(Bodhegaon),pearl_millet,2024,11,,29.8
Maharashtra,Ahilyanagar,Shevgaon(Bodhegaon),pearl_millet,2024,12,2603.08,21.1
Maharashtra,Ahilyanagar,Shevgaon(Bodhegaon),pearl_millet,2025,1,,11.4
Maharashtra,Ahilyanagar,Shevgaon(Bodhegaon),pearl_millet,2025,2,2710.87,9.2
Maharashtra,Ahilyanagar,Shevgaon(Bodhegaon),pearl_millet,2025,3,2583.6,25.0
Maharashtra,Ahilyanagar,Shevgaon(Bodhegaon),pearl_millet,2025,4,2469.65,28.5
Maharashtra,Ahilyanagar,Shevgaon(Bodhegaon),pearl_millet,2025,5,2335.03,45.0
Maharashtra,Ahilyanagar,Shevgaon(Bodhegaon),pearl_millet,2025,6,2180.34,42.6
Maharashtra,Ahilyanagar,Shevgaon(Bodhegaon),pearl_millet,2025,7,2309.23,23.3
Maharashtra,Ahilyanagar,Shevgaon(Bodhegaon),pearl_millet,2025,8,2402.75,21.8
Maharashtra,Ahilyanagar,Shevgaon(Bodhegaon),pearl_millet,2025,9,2400.91,27.6
Maharashtra,Ahilyanagar,Shevgaon(Bodhegaon),pearl_millet,2025,10,2388.12,40.4
Maharashtra,Ahilyanagar,Shevgaon(Bodhegaon),pearl_millet,2025,11,2405.37,24.2
Maharashtra,Ahilyanagar,Shevgaon(Bodhegaon),pearl_millet,2025,12,2469.66,23.4
Maharashtra,Ahilyanagar,Shevgaon(Bodhegaon),pearl_millet,2026,1,2549.64,13.9
Maharashtra,Ahilyanagar,Shevgaon(Bodhegaon),pearl_millet,2026,2,2302.44,4.1
Maharashtra,Ahilyanagar,Shevgaon(Bodhegaon),pearl_millet,2026,3,2462.07,5.8
Maharashtra,Ahilyanagar,Shevgaon(Bodhegaon),pearl_millet,2026,4,2289.67,27.1
Maharashtra,Ahilyanagar,Shevgaon(Bodhegaon),pearl_millet,2026,5,2180.17,53.2
Maharashtra,Ahilyanagar,Shevgaon(Bodhegaon),pearl_millet,2026,6,2282.63,33.1
Maharashtra,Ahilyanagar,Shevgaon(Bodhegaon),pearl_millet,2026,7,2394.04,21.8
Maharashtra,Ahilyanagar,Shevgaon(Bodhegaon),pearl_millet,2026,8,2459.04,26.0
Maharashtra,Ahilyanagar,Shevgaon(Bodhegaon),pearl_millet,2026,9,2532.92,12.0
Maharashtra,Ahilyanagar,Shevgaon(Bodhegaon),pigeon_pea,2019,2,5213.16,19.0
Maharashtra,Ahilyanagar,Shevgaon(Bodhegaon),pigeon_pea,2019,4,4800.0,1.0
Maharashtra,Ahilyanagar,Shevgaon(Bodhegaon),pigeon_pea,2019,12,4822.06,34.0
Maharashtra,Ahilyanagar,Shevgaon(Bodhegaon),pigeon_pea,2020,1,4406.1,164.0
Maharashtra,Ahilyanagar,Shevgaon(Bodhegaon),pigeon_pea,2020,2,4622.93,181.0
Maharashtra,Ahilyanagar,Shevgaon(Bodhegaon),pigeon_pea,2020,3,4526.32,57.0
Maharashtra,Ahilyanagar,Shevgaon(Bodhegaon),pigeon_pea,2020,4,5000.0,3.0
Maharashtra,Ahilyanagar,Shevgaon(Bodhegaon),pigeon_pea,2020,5,4900.0,2.0
Maharashtra,Ahilyanagar,Shevgaon(Bodhegaon),pigeon_pea,2020,6,4800.0,1.0
Maharashtra,Ahilyanagar,Shevgaon(Bodhegaon),pigeon_pea,2020,7,4800.0,1.0
Maharashtra,Ahilyanagar,Shevgaon(Bodhegaon),pigeon_pea,2020,12,4992.29,279.0
Maharashtra,Ahilyanagar,Shevgaon(Bodhegaon),pigeon_pea,2021,1,5328.57,189.0
Maharashtra,Ahilyanagar,Shevgaon(Bodhegaon),pigeon_pea,2021,2,6174.68,79.0
Maharashtra,Ahilyanagar,Shevgaon(Bodhegaon),pigeon_pea,2021,3,6323.08,26.0
Maharashtra,Ahilyanagar,Shevgaon(Bodhegaon),pigeon_pea,2021,4,6608.33,6.0
Maharashtra,Ahilyanagar,Shevgaon(Bodhegaon),pigeon_pea,2021,12,5514.04,57.0
Maharashtra,Ahilyanagar,Shevgaon(Bodhegaon),pigeon_pea,2022,1,5930.77,78.0
Maharashtra,Ahilyanagar,Shevgaon(Bodhegaon),pigeon_pea,2022,2,5954.9,51.0
Maharashtra,Ahilyanagar,Shevgaon(Bodhegaon),pigeon_pea,2022,3,5888.71,31.0
Maharashtra,Ahilyanagar,Shevgaon(Bodhegaon),pigeon_pea,2022,4,5839.74,39.0
Maharashtra,Ahilyanagar,Shevgaon(Bodhegaon),pigeon_pea,2022,5,5634.78,23.0
Maharashtra,Ahilyanagar,Shevgaon(Bodhegaon),pigeon_pea,2022,6,5515.38,13.0
Maharashtra,Ahilyanagar,Shevgaon(Bodhegaon),pigeon_pea,2022,8,6700.0,1.0
Maharashtra,Ahilyanagar,Shevgaon(Bodhegaon),pigeon_pea,2022,12,6602.5,40.0
Maharashtra,Ahilyanagar,Shevgaon(Bodhegaon),pigeon_pea,2023,1,6637.01,127.0
Maharashtra,Ahilyanagar,Shevgaon(Bodhegaon),pigeon_pea,2023,2,7068.42,38.0
Maharashtra,Ahilyanagar,Shevgaon(Bodhegaon),pigeon_pea,2023,3,7800.0,14.0
Maharashtra,Ahilyanagar,Shevgaon(Bodhegaon),pigeon_pea,2023,4,7900.0,2.0
Maharashtra,Ahilyanagar,Shevgaon(Bodhegaon),pigeon_pea,2023,12,8208.33,24.0
Maharashtra,Ahilyanagar,Shevgaon(Bodhegaon),pigeon_pea,2024,1,8463.57,129.0
Maharashtra,Ahilyanagar,Shevgaon(Bodhegaon),pigeon_pea,2024,2,9555.17,29.0
Maharashtra,Ahilyanagar,Shevgaon(Bodhegaon),pigeon_pea,2024,3,8664.36,10.1
Maharashtra,Ahilyanagar,Shevgaon(Bodhegaon),pigeon_pea,2024,4,10157.89,15.2
Maharashtra,Ahilyanagar,Shevgaon(Bodhegaon),pigeon_pea,2024,5,10219.18,7.3
Maharashtra,Ahilyanagar,Shevgaon(Bodhegaon),pigeon_pea,2024,6,9093.75,4.8
Maharashtra,Ahilyanagar,Shevgaon(Bodhegaon),pigeon_pea,2025,1,6883.38,
Maharashtra,Ahilyanagar,Shevgaon(Bodhegaon),pigeon_pea,2025,2,6921.7,71.9
Maharashtra,Ahilyanagar,Shevgaon(Bodhegaon),pigeon_pea,2025,4,,19.9
Maharashtra,Ahilyanagar,Shevgaon(Bodhegaon),pigeon_pea,2025,6,,4.6
Maharashtra,Ahilyanagar,Shevgaon(Bodhegaon),pigeon_pea,2025,8,,1.8
Maharashtra,Ahilyanagar,Shevgaon(Bodhegaon),pigeon_pea,2026,1,,77.4
Maharashtra,Ahilyanagar,Shevgaon(Bodhegaon),pigeon_pea,2026,2,,28.7
Maharashtra,Ahilyanagar,Shevgaon(Bodhegaon),pigeon_pea,2026,3,,20.2
Maharashtra,Ahilyanagar,Shevgaon(Bodhegaon),pigeon_pea,2026,4,,10.1
Maharashtra,Ahilyanagar,Shevgaon(Bodhegaon),pigeon_pea,2026,5,,3.8
Maharashtra,Ahilyanagar,Shevgaon(Bodhegaon),pigeon_pea,2026,7,,1.3
Maharashtra,Ahilyanagar,Shevgaon(Bodhegaon),sorghum,2019,2,2534.62,65.0
Maharashtra,Ahilyanagar,Shevgaon(Bodhegaon),sorghum,2019,4,2726.32,19.0
Maharashtra,Ahilyanagar,Shevgaon(Bodhegaon),sorghum,2019,6,2734.21,19.0
Maharashtra,Ahilyanagar,Shevgaon(Bodhegaon),sorghum,2019,8,2744.44,27.0
Maharashtra,Ahilyanagar,Shevgaon(Bodhegaon),sorghum,2019,10,2729.41,17.0
Maharashtra,Ahilyanagar,Shevgaon(Bodhegaon),sorghum,2019,12,3183.33,6.0
Maharashtra,Ahilyanagar,Shevgaon(Bodhegaon),sorghum,2020,1,3100.0,13.0
Maharashtra,Ahilyanagar,Shevgaon(Bodhegaon),sorghum,2020,2,2772.92,48.0
Maharashtra,Ahilyanagar,Shevgaon(Bodhegaon),sorghum,2020,3,1867.27,110.0
Maharashtra,Ahilyanagar,Shevgaon(Bodhegaon),sorghum,2020,4,1700.0,1.0
Maharashtra,Ahilyanagar,Shevgaon(Bodhegaon),sorghum,2020,5,2035.23,88.0
Maharashtra,Ahilyanagar,Shevgaon(Bodhegaon),sorghum,2020,6,2291.98,81.0
Maharashtra,Ahilyanagar,Shevgaon(Bodhegaon),sorghum,2020,7,2165.08,63.0
Maharashtra,Ahilyanagar,Shevgaon(Bodhegaon),sorghum,2020,8,2036.84,38.0
Maharashtra,Ahilyanagar,Shevgaon(Bodhegaon),sorghum,2020,9,1759.32,59.0
Maharashtra,Ahilyanagar,Shevgaon(Bodhegaon),sorghum,2020,10,1728.38,37.0
Maharashtra,Ahilyanagar,Shevgaon(Bodhegaon),sorghum,2020,11,1736.21,29.0
Maharashtra,Ahilyanagar,Shevgaon(Bodhegaon),sorghum,2020,12,1743.18,44.0
Maharashtra,Ahilyanagar,Shevgaon(Bodhegaon),sorghum,2021,1,1665.0,20.0
Maharashtra,Ahilyanagar,Shevgaon(Bodhegaon),sorghum,2021,2,1629.17,24.0
Maharashtra,Ahilyanagar,Shevgaon(Bodhegaon),sorghum,2021,3,1507.14,21.0
Maharashtra,Ahilyanagar,Shevgaon(Bodhegaon),sorghum,2021,4,1585.71,14.0
Maharashtra,Ahilyanagar,Shevgaon(Bodhegaon),sorghum,2021,6,1435.0,10.0
Maharashtra,Ahilyanagar,Shevgaon(Bodhegaon),sorghum,2021,7,1385.71,7.0
Maharashtra,Ahilyanagar,Shevgaon(Bodhegaon),sorghum,2021,8,1407.14,14.0
Maharashtra,Ahilyanagar,Shevgaon(Bodhegaon),sorghum,2021,9,1520.0,10.0
Maharashtra,Ahilyanagar,Shevgaon(Bodhegaon),sorghum,2021,10,1477.27,11.0
Maharashtra,Ahilyanagar,Shevgaon(Bodhegaon),sorghum,2021,11,1428.57,7.0
Maharashtra,Ahilyanagar,Shevgaon(Bodhegaon),sorghum,2021,12,1485.71,7.0
Maharashtra,Ahilyanagar,Shevgaon(Bodhegaon),sorghum,2022,1,1575.0,4.0
Maharashtra,Ahilyanagar,Shevgaon(Bodhegaon),sorghum,2022,2,1560.0,5.0
Maharashtra,Ahilyanagar,Shevgaon(Bodhegaon),sorghum,2022,3,1700.0,6.0
Maharashtra,Ahilyanagar,Shevgaon(Bodhegaon),sorghum,2022,4,1900.0,6.0
Maharashtra,Ahilyanagar,Shevgaon(Bodhegaon),sorghum,2022,5,2225.0,
Maharashtra,Ahilyanagar,Shevgaon(Bodhegaon),sorghum,2022,6,2050.0,2.0
Maharashtra,Ahilyanagar,Shevgaon(Bodhegaon),sorghum,2022,7,2050.0,2.0
Maharashtra,Ahilyanagar,Shevgaon(Bodhegaon),sorghum,2022,8,2366.67,3.0
Maharashtra,Ahilyanagar,Shevgaon(Bodhegaon),sorghum,2022,10,2033.33,3.0
Maharashtra,Ahilyanagar,Shevgaon(Bodhegaon),sorghum,2022,11,2500.0,1.0
Maharashtra,Ahilyanagar,Shevgaon(Bodhegaon),sorghum,2023,2,3325.0,2.0
Maharashtra,Ahilyanagar,Shevgaon(Bodhegaon),sorghum,2023,3,2800.0,
Maharashtra,Ahilyanagar,Shevgaon(Bodhegaon),sorghum,2023,4,2885.71,
Maharashtra,Ahilyanagar,Shevgaon(Bodhegaon),sorghum,2023,5,2500.0,5.0
Maharashtra,Ahilyanagar,Shevgaon(Bodhegaon),sorghum,2023,6,3000.0,2.0
Maharashtra,Ahilyanagar,Shevgaon(Bodhegaon),sorghum,2023,7,2733.33,3.0
Maharashtra,Ahilyanagar,Shevgaon(Bodhegaon),sorghum,2023,8,2937.5,4.0
Maharashtra,Ahilyanagar,Shevgaon(Bodhegaon),sorghum,2024,2,2733.33,3.0
Maharashtra,Ahilyanagar,Shevgaon(Bodhegaon),sorghum,2024,3,2721.15,
Maharashtra,Ahilyanagar,Shevgaon(Bodhegaon),sorghum,2024,4,2708.96,6.7
Maharashtra,Ahilyanagar,Shevgaon(Bodhegaon),sorghum,2024,6,2164.96,11.7
Maharashtra,Ahilyanagar,Shevgaon(Bodhegaon),sorghum,2024,8,2129.29,16.9
Maharashtra,Ahilyanagar,Shevgaon(Bodhegaon),sorghum,2024,10,2044.54,11.9
Maharashtra,Ahilyanagar,Shevgaon(Bodhegaon),sorghum,2024,12,2014.81,8.1
Maharashtra,Ahilyanagar,Shevgaon(Bodhegaon),sorghum,2025,1,,4.9
Maharashtra,Ahilyanagar,Shevgaon(Bodhegaon),sorghum,2025,2,1889.47,3.8
Maharashtra,Ahilyanagar,Shevgaon(Bodhegaon),sorghum,2025,3,,6.8
Maharashtra,Ahilyanagar,Shevgaon(Bodhegaon),sorghum,2025,4,2204.29,14.0
Maharashtra,Ahilyanagar,Shevgaon(Bodhegaon),sorghum,2025,5,2161.73,17.9
Maharashtra,Ahilyanagar,Shevgaon(Bodhegaon),sorghum,2025,6,2054.43,7.9
Maharashtra,Ahilyanagar,Shevgaon(Bodhegaon),sorghum,2025,7,2057.93,8.2
Maharashtra,Ahilyanagar,Shevgaon(Bodhegaon),sorghum,2025,8,2243.33,3.0
Maharashtra,Ahilyanagar,Shevgaon(Bodhegaon),sorghum,2025,9,2102.04,4.9
Maharashtra,Ahilyanagar,Shevgaon(Bodhegaon),sorghum,2025,10,2037.84,3.7
Maharashtra,Ahilyanagar,Shevgaon(Bodhegaon),sorghum,2025,11,2263.64,4.4
Maharashtra,Ahilyanagar,Shevgaon(Bodhegaon),sorghum,2025,12,2276.92,2.6
Maharashtra,Ahilyanagar,Shevgaon(Bodhegaon),sorghum,2026,1,2274.07,2.7
Maharashtra,Ahilyanagar,Shevgaon(Bodhegaon),sorghum,2026,2,2245.45,1.1
Maharashtra,Ahilyanagar,Shevgaon(Bodhegaon),sorghum,2026,3,2366.67,5.1
Maharashtra,Ahilyanagar,Shevgaon(Bodhegaon),sorghum,2026,4,2378.21,23.4
Maharashtra,Ahilyanagar,Shevgaon(Bodhegaon),sorghum,2026,5,2015.71,26.1
Maharashtra,Ahilyanagar,Shevgaon(Bodhegaon),sorghum,2026,6,2097.67,8.6
Maharashtra,Ahilyanagar,Shevgaon(Bodhegaon),sorghum,2026,7,2304.03,6.2
Maharashtra,Ahilyanagar,Shevgaon(Bodhegaon),sorghum,2026,8,2240.38,2.6
Maharashtra,Ahilyanagar,Shevgaon(Bodhegaon),sorghum,2026,9,2420.69,2.9
Maharashtra,Ahilyanagar,Shevgaon(Bodhegaon),soybean,2022,11,4200.0,1.0
Maharashtra,Ahilyanagar,Shevgaon(Bodhegaon),soybean,2023,10,4300.0,1.0
Maharashtra,Ahilyanagar,Shevgaon(Bodhegaon),wheat,2019,2,2136.36,11.0
Maharashtra,Ahilyanagar,Shevgaon(Bodhegaon),wheat,2019,4,1923.44,32.0
Maharashtra,Ahilyanagar,Shevgaon(Bodhegaon),wheat,2019,6,2114.0,25.0
Maharashtra,Ahilyanagar,Shevgaon(Bodhegaon),wheat,2019,8,2018.42,19.0
Maharashtra,Ahilyanagar,Shevgaon(Bodhegaon),wheat,2019,10,2040.62,32.0
Maharashtra,Ahilyanagar,Shevgaon(Bodhegaon),wheat,2019,12,2255.77,26.0
Maharashtra,Ahilyanagar,Shevgaon(Bodhegaon),wheat,2020,1,2213.16,19.0
Maharashtra,Ahilyanagar,Shevgaon(Bodhegaon),wheat,2020,2,2229.03,31.0
Maharashtra,Ahilyanagar,Shevgaon(Bodhegaon),wheat,2020,3,1778.57,28.0
Maharashtra,Ahilyanagar,Shevgaon(Bodhegaon),wheat,2020,4,1600.0,2.0
Maharashtra,Ahilyanagar,Shevgaon(Bodhegaon),wheat,2020,5,1704.65,43.0
Maharashtra,Ahilyanagar,Shevgaon(Bodhegaon),wheat,2020,6,1836.76,34.0
Maharashtra,Ahilyanagar,Shevgaon(Bodhegaon),wheat,2020,7,1915.22,46.0
Maharashtra,Ahilyanagar,Shevgaon(Bodhegaon),wheat,2020,8,1834.62,26.0
Maharashtra,Ahilyanagar,Shevgaon(Bodhegaon),wheat,2020,9,1769.85,68.0
Maharashtra,Ahilyanagar,Shevgaon(Bodhegaon),wheat,2020,10,1663.16,38.0
Maharashtra,Ahilyanagar,Shevgaon(Bodhegaon),wheat,2020,11,1609.52,63.0
Maharashtra,Ahilyanagar,Shevgaon(Bodhegaon),wheat,2020,12,1574.29,70.0
Maharashtra,Ahilyanagar,Shevgaon(Bodhegaon),wheat,2021,1,1507.14,42.0
Maharashtra,Ahilyanagar,Shevgaon(Bodhegaon),wheat,2021,2,1505.56,54.0
Maharashtra,Ahilyanagar,Shevgaon(Bodhegaon),wheat,2021,3,1739.73,73.0
Maharashtra,Ahilyanagar,Shevgaon(Bodhegaon),wheat,2021,4,1877.61,67.0
Maharashtra,Ahilyanagar,Shevgaon(Bodhegaon),wheat,2021,5,1762.5,4.0
Maharashtra,Ahilyanagar,Shevgaon(Bodhegaon),wheat,2021,6,1647.83,46.0
Maharashtra,Ahilyanagar,Shevgaon(Bodhegaon),wheat,2021,7,1624.14,29.0
Maharashtra,Ahilyanagar,Shevgaon(Bodhegaon),wheat,2021,8,1642.86,14.0
Maharashtra,Ahilyanagar,Shevgaon(Bodhegaon),wheat,2021,9,1600.0,21.0
Maharashtra,Ahilyanagar,Shevgaon(Bodhegaon),wheat,2021,10,1682.86,35.0
Maharashtra,Ahilyanagar,Shevgaon(Bodhegaon),wheat,2021,11,1794.59,37.0
Maharashtra,Ahilyanagar,Shevgaon(Bodhegaon),wheat,2021,12,1854.76,21.0
Maharashtra,Ahilyanagar,Shevgaon(Bodhegaon),wheat,2022,1,1935.0,20.0
Maharashtra,Ahilyanagar,Shevgaon(Bodhegaon),wheat,2022,2,1916.67,21.0
Maharashtra,Ahilyanagar,Shevgaon(Bodhegaon),wheat,2022,3,2081.62,34.0
Maharashtra,Ahilyanagar,Shevgaon(Bodhegaon),wheat,2022,4,2258.06,31.0
Maharashtra,Ahilyanagar,Shevgaon(Bodhegaon),wheat,2022,5,2312.5,20.0
Maharashtra,Ahilyanagar,Shevgaon(Bodhegaon),wheat,2022,6,2162.5,8.0
Maharashtra,Ahilyanagar,Shevgaon(Bodhegaon),wheat,2022,7,2125.0,4.0
Maharashtra,Ahilyanagar,Shevgaon(Bodhegaon),wheat,2022,8,2381.25,8.0
Maharashtra,Ahilyanagar,Shevgaon(Bodhegaon),wheat,2022,9,2054.55,11.0
Maharashtra,Ahilyanagar,Shevgaon(Bodhegaon),wheat,2022,10,2187.5,8.0
Maharashtra,Ahilyanagar,Shevgaon(Bodhegaon),wheat,2022,11,2580.0,5.0
Maharashtra,Ahilyanagar,Shevgaon(Bodhegaon),wheat,2022,12,2662.5,8.0
Maharashtra,Ahilyanagar,Shevgaon(Bodhegaon),wheat,2023,1,2800.0,1.0
Maharashtra,Ahilyanagar,Shevgaon(Bodhegaon),wheat,2023,2,2476.92,13.0
Maharashtra,Ahilyanagar,Shevgaon(Bodhegaon),wheat,2023,3,2120.59,34.0
Maharashtra,Ahilyanagar,Shevgaon(Bodhegaon),wheat,2023,4,2256.25,32.0
Maharashtra,Ahilyanagar,Shevgaon(Bodhegaon),wheat,2023,5,2255.17,29.0
Maharashtra,Ahilyanagar,Shevgaon(Bodhegaon),wheat,2023,6,2279.41,34.0
Maharashtra,Ahilyanagar,Shevgaon(Bodhegaon),wheat,2023,8,2441.46,41.0
Maharashtra,Ahilyanagar,Shevgaon(Bodhegaon),wheat,2023,9,2446.43,28.0
Maharashtra,Ahilyanagar,Shevgaon(Bodhegaon),wheat,2023,10,2488.46,39.0
Maharashtra,Ahilyanagar,Shevgaon(Bodhegaon),wheat,2023,11,2596.15,13.0
Maharashtra,Ahilyanagar,Shevgaon(Bodhegaon),wheat,2023,12,2609.52,21.0
Maharashtra,Ahilyanagar,Shevgaon(Bodhegaon),wheat,2024,1,2592.31,26.0
Maharashtra,Ahilyanagar,Shevgaon(Bodhegaon),wheat,2024,2,2580.95,21.0
Maharashtra,Ahilyanagar,Shevgaon(Bodhegaon),wheat,2024,3,2508.08,
Maharashtra,Ahilyanagar,Shevgaon(Bodhegaon),wheat,2024,4,2469.17,38.6
Maharashtra,Ahilyanagar,Shevgaon(Bodhegaon),wheat,2024,5,,28.4
Maharashtra,Ahilyanagar,Shevgaon(Bodhegaon),wheat,2024,6,2534.16,20.2
Maharashtra,Ahilyanagar,Shevgaon(Bodhegaon),wheat,2024,7,2580.98,16.3
Maharashtra,Ahilyanagar,Shevgaon(Bodhegaon),wheat,2024,8,2629.26,18.8
Maharashtra,Ahilyanagar,Shevgaon(Bodhegaon),wheat,2024,9,2504.66,19.3
Maharashtra,Ahilyanagar,Shevgaon(Bodhegaon),wheat,2024,10,2586.48,19.6
Maharashtra,Ahilyanagar,Shevgaon(Bodhegaon),wheat,2024,11,2650.34,
Maharashtra,Ahilyanagar,Shevgaon(Bodhegaon),wheat,2024,12,2844.27,19.2
Maharashtra,Ahilyanagar,Shevgaon(Bodhegaon),wheat,2025,1,,12.3
Maharashtra,Ahilyanagar,Shevgaon(Bodhegaon),wheat,2025,2,2812.4,25.8
Maharashtra,Ahilyanagar,Shevgaon(Bodhegaon),wheat,2025,3,,65.3
Maharashtra,Ahilyanagar,Shevgaon(Bodhegaon),wheat,2025,4,2478.8,57.9
Maharashtra,Ahilyanagar,Shevgaon(Bodhegaon),wheat,2025,5,2471.37,45.4
Maharashtra,Ahilyanagar,Shevgaon(Bodhegaon),wheat,2025,6,2482.65,41.2
Maharashtra,Ahilyanagar,Shevgaon(Bodhegaon),wheat,2025,7,2514.73,33.6
Maharashtra,Ahilyanagar,Shevgaon(Bodhegaon),wheat,2025,8,2592.82,38.3
Maharashtra,Ahilyanagar,Shevgaon(Bodhegaon),wheat,2025,9,2541.51,53.6
Maharashtra,Ahilyanagar,Shevgaon(Bodhegaon),wheat,2025,10,2473.77,57.0
Maharashtra,Ahilyanagar,Shevgaon(Bodhegaon),wheat,2025,11,2508.31,38.5
Maharashtra,Ahilyanagar,Shevgaon(Bodhegaon),wheat,2025,12,2518.9,33.6
Maharashtra,Ahilyanagar,Shevgaon(Bodhegaon),wheat,2026,1,2558.63,19.7
Maharashtra,Ahilyanagar,Shevgaon(Bodhegaon),wheat,2026,2,2591.46,288.8
Maharashtra,Ahilyanagar,Shevgaon(Bodhegaon),wheat,2026,3,2111.02,89.8
Maharashtra,Ahilyanagar,Shevgaon(Bodhegaon),wheat,2026,4,2076.01,145.7
Maharashtra,Ahilyanagar,Shevgaon(Bodhegaon),wheat,2026,5,2173.6,125.0
Maharashtra,Ahilyanagar,Shevgaon(Bodhegaon),wheat,2026,6,2269.12,90.1
Maharashtra,Ahilyanagar,Shevgaon(Bodhegaon),wheat,2026,7,2395.76,47.2
Maharashtra,Ahilyanagar,Shevgaon(Bodhegaon),wheat,2026,8,2576.84,65.1
Maharashtra,Ahilyanagar,Shevgaon(Bodhegaon),wheat,2026,9,2648.67,37.7
Maharashtra,Ahilyanagar,"Shree Sairaj Krushi Market, Dist Ahilyanagar",onion,2023,9,1510.65,
Maharashtra,Ahilyanagar,"Shree Sairaj Krushi Market, Dist Ahilyanagar",onion,2023,10,2437.5,
Maharashtra,Ahilyanagar,"Shree Sairaj Krushi Market, Dist Ahilyanagar",onion,2024,10,,24.5
Maharashtra,Ahilyanagar,"Shree Sairaj Krushi Market, Dist Ahilyanagar",onion,2024,12,,330.38
Maharashtra,Ahilyanagar,"Shree Sairaj Krushi Market, Dist Ahilyanagar",onion,2025,2,,242.32
Maharashtra,Ahilyanagar,"Shree Sairaj Krushi Market, Dist Ahilyanagar",onion,2025,4,,229.42
Maharashtra,Ahilyanagar,"Shree Sairaj Krushi Market, Dist Ahilyanagar",onion,2025,6,1164.78,893.25
Maharashtra,Ahilyanagar,"Shree Sairaj Krushi Market, Dist Ahilyanagar",onion,2025,8,1118.86,100.49
Maharashtra,Ahilyanagar,"Shree Sairaj Krushi Market, Dist Ahilyanagar",onion,2025,9,827.41,467.81
Maharashtra,Ahilyanagar,"Shree Sairaj Krushi Market, Dist Ahilyanagar",onion,2025,10,,287.9
Maharashtra,Ahilyanagar,"Shree Sairaj Krushi Market, Dist Ahilyanagar",onion,2025,11,,75.39
Maharashtra,Ahilyanagar,"Shree Sairaj Krushi Market, Dist Ahilyanagar",onion,2025,12,,22.07
Maharashtra,Ahilyanagar,"Shree Sairaj Krushi Market, Dist Ahilyanagar",onion,2026,1,,302.12
Maharashtra,Ahilyanagar,"Shree Sairaj Krushi Market, Dist Ahilyanagar",onion,2026,2,,299.61
Maharashtra,Ahilyanagar,"Shree Sairaj Krushi Market, Dist Ahilyanagar",onion,2026,3,,424.23
Maharashtra,Ahilyanagar,"Shree Sairaj Krushi Market, Dist Ahilyanagar",onion,2026,4,,207.26
Maharashtra,Ahilyanagar,"Shree Sairaj Krushi Market, Dist Ahilyanagar",onion,2026,5,838.86,1059.37
Maharashtra,Ahilyanagar,"Shree Sairaj Krushi Market, Dist Ahilyanagar",onion,2026,6,1353.41,418.76
Maharashtra,Ahilyanagar,"Shree Sairaj Krushi Market, Dist Ahilyanagar",onion,2026,7,1460.61,798.1
Maharashtra,Ahilyanagar,"Shree Sairaj Krushi Market, Dist Ahilyanagar",onion,2026,8,2195.16,859.04
Maharashtra,Ahilyanagar,"Shree Sairaj Krushi Market, Dist Ahilyanagar",onion,2026,9,2845.95,613.17
Maharashtra,Ahilyanagar,Shrigonda(Ghogargaon),chickpea,2021,6,4910.0,15.0
Maharashtra,Ahilyanagar,Shrigonda(Ghogargaon),chickpea,2021,7,4900.0,3.0
Maharashtra,Ahilyanagar,Shrigonda(Ghogargaon),chickpea,2022,3,4920.69,29.0
Maharashtra,Ahilyanagar,Shrigonda(Ghogargaon),chickpea,2022,4,4929.29,7.0
Maharashtra,Ahilyanagar,Shrigonda(Ghogargaon),chickpea,2022,5,4928.57,
Maharashtra,Ahilyanagar,Shrigonda(Ghogargaon),chickpea,2023,5,5230.0,1.0
Maharashtra,Ahilyanagar,Shrigonda(Ghogargaon),chickpea,2024,2,5800.0,2.0
Maharashtra,Ahilyanagar,Shrigonda(Ghogargaon),chickpea,2024,3,5362.77,
Maharashtra,Ahilyanagar,Shrigonda(Ghogargaon),chickpea,2025,3,5900.0,1.0
Maharashtra,Ahilyanagar,Shrigonda(Ghogargaon),onion,2019,2,415.02,1055.0
Maharashtra,Ahilyanagar,Shrigonda(Ghogargaon),onion,2019,4,560.31,228.0
Maharashtra,Ahilyanagar,Shrigonda(Ghogargaon),onion,2019,6,807.05,638.0
Maharashtra,Ahilyanagar,Shrigonda(Ghogargaon),onion,2019,8,1255.86,324.0
Maharashtra,Ahilyanagar,Shrigonda(Ghogargaon),onion,2019,10,1999.48,192.0
Maharashtra,Ahilyanagar,Shrigonda(Ghogargaon),pearl_millet,2023,7,2500.0,1.0
Maharashtra,Ahilyanagar,Shrigonda(Ghogargaon),pearl_millet,2023,11,2500.0,1.0
Maharashtra,Ahilyanagar,Shrigonda(Ghogargaon),pearl_millet,2023,12,2535.83,6.0
Maharashtra,Ahilyanagar,Shrigonda(Ghogargaon),pigeon_pea,2021,1,6050.0,99.0
Maharashtra,Ahilyanagar,Shrigonda(Ghogargaon),pigeon_pea,2021,2,6169.85,68.0
Maharashtra,Ahilyanagar,Shrigonda(Ghogargaon),pigeon_pea,2021,3,6100.0,12.0
Maharashtra,Ahilyanagar,Shrigonda(Ghogargaon),pigeon_pea,2021,12,6027.27,11.0
Maharashtra,Ahilyanagar,Shrigonda(Ghogargaon),pigeon_pea,2022,1,6127.69,65.0
Maharashtra,Ahilyanagar,Shrigonda(Ghogargaon),pigeon_pea,2022,2,6058.49,53.0
Maharashtra,Ahilyanagar,Shrigonda(Ghogargaon),pigeon_pea,2022,3,6038.71,31.0
Maharashtra,Ahilyanagar,Shrigonda(Ghogargaon),pigeon_pea,2022,5,6000.0,2.0
Maharashtra,Ahilyanagar,Shrigonda(Ghogargaon),pigeon_pea,2023,1,6800.0,4.0
Maharashtra,Ahilyanagar,Shrigonda(Ghogargaon),pigeon_pea,2023,2,6811.54,26.0
Maharashtra,Ahilyanagar,Shrigonda(Ghogargaon),pigeon_pea,2024,2,10000.0,2.0
Maharashtra,Ahilyanagar,Shrigonda(Ghogargaon),pigeon_pea,2024,3,9700.0,0.7
Maharashtra,Ahilyanagar,Shrigonda(Ghogargaon),pigeon_pea,2025,1,7800.0,
Maharashtra,Ahilyanagar,Shrigonda(Ghogargaon),pigeon_pea,2025,2,7700.0,0.8
Maharashtra,Ahilyanagar,Shrigonda(Ghogargaon),pigeon_pea,2025,4,,0.8
Maharashtra,Ahilyanagar,Shrigonda(Ghogargaon),pigeon_pea,2025,6,,0.1
Maharashtra,Ahilyanagar,Shrigonda(Ghogargaon),sorghum,2021,1,2700.0,3.0
Maharashtra,Ahilyanagar,Shrigonda(Ghogargaon),sorghum,2024,2,3500.0,0.3
Maharashtra,Ahilyanagar,Shrigonda(Ghogargaon),soybean,2022,11,5500.0,4.0
Maharashtra,Ahilyanagar,Shrigonda(Ghogargaon),soybean,2022,12,5200.0,12.0
Maharashtra,Ahilyanagar,Shrigonda(Ghogargaon),soybean,2023,2,5125.0,2.0
Maharashtra,Ahilyanagar,Shrigonda(Ghogargaon),soybean,2024,11,5100.0,
Maharashtra,Ahilyanagar,Shrigonda(Ghogargaon),wheat,2020,9,1900.0,27.0
Maharashtra,Ahilyanagar,Shrigonda(Ghogargaon),wheat,2021,1,2000.0,9.0
Maharashtra,Ahilyanagar,Shrigonda(Ghogargaon),wheat,2021,3,1990.0,34.0
Maharashtra,Ahilyanagar,Shrigonda(Ghogargaon),wheat,2021,4,1998.95,19.0
Maharashtra,Ahilyanagar,Shrigonda(Ghogargaon),wheat,2021,6,1993.09,47.0
Maharashtra,Ahilyanagar,Shrigonda(Ghogargaon),wheat,2021,7,1997.5,28.0
Maharashtra,Ahilyanagar,Shrigonda(Ghogargaon),wheat,2021,8,1990.25,20.0
Maharashtra,Ahilyanagar,Shrigonda(Ghogargaon),wheat,2021,9,1990.0,38.0
Maharashtra,Ahilyanagar,Shrigonda(Ghogargaon),wheat,2021,10,1988.8,54.0
Maharashtra,Ahilyanagar,Shrigonda(Ghogargaon),wheat,2021,11,1989.24,33.0
Maharashtra,Ahilyanagar,Shrigonda(Ghogargaon),wheat,2021,12,1986.37,95.0
Maharashtra,Ahilyanagar,Shrigonda(Ghogargaon),wheat,2022,1,1985.93,43.0
Maharashtra,Ahilyanagar,Shrigonda(Ghogargaon),wheat,2022,2,1984.35,54.0
Maharashtra,Ahilyanagar,Shrigonda(Ghogargaon),wheat,2022,3,2005.79,76.0
Maharashtra,Ahilyanagar,Shrigonda(Ghogargaon),wheat,2022,4,2223.08,13.0
Maharashtra,Ahilyanagar,Shrigonda(Ghogargaon),wheat,2022,5,2050.0,7.0
Maharashtra,Ahilyanagar,Shrigonda(Ghogargaon),wheat,2022,6,2000.0,1.0
Maharashtra,Ahilyanagar,Shrigonda(Ghogargaon),wheat,2022,10,2265.62,16.0
Maharashtra,Ahilyanagar,Shrigonda(Ghogargaon),wheat,2022,11,2246.49,57.0
Maharashtra,Ahilyanagar,Shrigonda(Ghogargaon),wheat,2022,12,2447.06,17.0
Maharashtra,Ahilyanagar,Shrigonda(Ghogargaon),wheat,2023,1,2266.67,3.0
Maharashtra,Ahilyanagar,Shrigonda(Ghogargaon),wheat,2023,2,2440.0,5.0
Maharashtra,Ahilyanagar,Shrigonda(Ghogargaon),wheat,2023,3,2220.0,10.0
Maharashtra,Ahilyanagar,Shrigonda(Ghogargaon),wheat,2023,4,2294.44,18.0
Maharashtra,Ahilyanagar,Shrigonda(Ghogargaon),wheat,2023,5,2258.33,6.0
Maharashtra,Ahilyanagar,Shrigonda(Ghogargaon),wheat,2023,12,2361.9,21.0
Maharashtra,Ahilyanagar,Shrigonda(Ghogargaon),wheat,2024,1,2750.0,3.0
Maharashtra,Ahilyanagar,Shrigonda(Ghogargaon),wheat,2024,2,2366.67,3.0
Maharashtra,Ahilyanagar,Shrigonda(Ghogargaon),wheat,2024,3,2400.0,
Maharashtra,Ahilyanagar,Shrigonda(Ghogargaon),wheat,2024,8,2300.0,1.6
Maharashtra,Ahilyanagar,Shrigonda(Ghogargaon),wheat,2024,10,2566.02,10.3
Maharashtra,Ahilyanagar,Shrigonda(Ghogargaon),wheat,2024,11,2600.0,
Maharashtra,Ahilyanagar,Shrigonda(Ghogargaon),wheat,2024,12,2800.0,6.6
Maharashtra,Ahilyanagar,Shrigonda(Ghogargaon),wheat,2025,1,,0.7
Maharashtra,Ahilyanagar,Shrigonda(Ghogargaon),wheat,2025,3,,2.4
Maharashtra,Ahilyanagar,Shrigonda(Ghogargaon),wheat,2025,4,2800.0,0.3
Maharashtra,Ahilyanagar,Shrigonda(Ghogargaon),wheat,2025,7,2700.0,0.3
Maharashtra,Ahilyanagar,Shrirampur(Belapur),chickpea,2019,4,3775.0,4.0
Maharashtra,Ahilyanagar,Shrirampur(Belapur),chickpea,2019,8,4050.0,2.0
Maharashtra,Ahilyanagar,Shrirampur(Belapur),chickpea,2019,10,3600.0,1.0
Maharashtra,Ahilyanagar,Shrirampur(Belapur),chickpea,2019,12,3250.0,1.0
Maharashtra,Ahilyanagar,Shrirampur(Belapur),chickpea,2020,1,3500.0,2.0
Maharashtra,Ahilyanagar,Shrirampur(Belapur),chickpea,2020,2,3483.33,9.0
Maharashtra,Ahilyanagar,Shrirampur(Belapur),chickpea,2020,3,3525.0,6.0
Maharashtra,Ahilyanagar,Shrirampur(Belapur),chickpea,2020,6,3450.0,2.0
Maharashtra,Ahilyanagar,Shrirampur(Belapur),chickpea,2021,1,4150.0,1.0
Maharashtra,Ahilyanagar,Shrirampur(Belapur),chickpea,2021,2,4150.0,6.0
Maharashtra,Ahilyanagar,Shrirampur(Belapur),chickpea,2021,3,4540.91,11.0
Maharashtra,Ahilyanagar,Shrirampur(Belapur),chickpea,2021,4,5350.0,2.0
Maharashtra,Ahilyanagar,Shrirampur(Belapur),chickpea,2021,6,4250.0,1.0
Maharashtra,Ahilyanagar,Shrirampur(Belapur),chickpea,2021,7,4090.0,5.0
Maharashtra,Ahilyanagar,Shrirampur(Belapur),chickpea,2021,9,4400.0,3.0
Maharashtra,Ahilyanagar,Shrirampur(Belapur),chickpea,2021,10,4000.0,3.0
Maharashtra,Ahilyanagar,Shrirampur(Belapur),chickpea,2021,11,3925.0,1.0
Maharashtra,Ahilyanagar,Shrirampur(Belapur),chickpea,2022,2,4200.0,4.0
Maharashtra,Ahilyanagar,Shrirampur(Belapur),chickpea,2022,3,4250.0,4.0
Maharashtra,Ahilyanagar,Shrirampur(Belapur),chickpea,2022,4,4200.0,1.0
Maharashtra,Ahilyanagar,Shrirampur(Belapur),chickpea,2022,5,4200.0,
Maharashtra,Ahilyanagar,Shrirampur(Belapur),chickpea,2022,10,3850.0,4.0
Maharashtra,Ahilyanagar,Shrirampur(Belapur),chickpea,2022,11,3800.0,3.0
Maharashtra,Ahilyanagar,Shrirampur(Belapur),chickpea,2023,2,4342.86,7.0
Maharashtra,Ahilyanagar,Shrirampur(Belapur),chickpea,2023,3,4412.5,12.0
Maharashtra,Ahilyanagar,Shrirampur(Belapur),chickpea,2023,4,4533.33,3.0
Maharashtra,Ahilyanagar,Shrirampur(Belapur),chickpea,2023,5,4400.0,1.0
Maharashtra,Ahilyanagar,Shrirampur(Belapur),chickpea,2024,3,5386.39,
Maharashtra,Ahilyanagar,Shrirampur(Belapur),chickpea,2025,2,5335.29,
Maharashtra,Ahilyanagar,Shrirampur(Belapur),chickpea,2025,8,4800.0,0.4
Maharashtra,Ahilyanagar,Shrirampur(Belapur),chickpea,2026,6,,1.5
Maharashtra,Ahilyanagar,Shrirampur(Belapur),pearl_millet,2019,10,1500.0,3.0
Maharashtra,Ahilyanagar,Shrirampur(Belapur),pearl_millet,2019,12,1483.33,3.0
Maharashtra,Ahilyanagar,Shrirampur(Belapur),pearl_millet,2020,1,1450.0,3.0
Maharashtra,Ahilyanagar,Shrirampur(Belapur),pearl_millet,2020,2,1400.0,1.0
Maharashtra,Ahilyanagar,Shrirampur(Belapur),pearl_millet,2020,6,1400.0,2.0
Maharashtra,Ahilyanagar,Shrirampur(Belapur),pearl_millet,2020,9,1250.0,1.0
Maharashtra,Ahilyanagar,Shrirampur(Belapur),pearl_millet,2020,10,1250.0,1.0
Maharashtra,Ahilyanagar,Shrirampur(Belapur),pearl_millet,2020,11,1200.0,1.0
Maharashtra,Ahilyanagar,Shrirampur(Belapur),pearl_millet,2020,12,1250.0,1.0
Maharashtra,Ahilyanagar,Shrirampur(Belapur),pearl_millet,2021,1,1050.0,1.0
Maharashtra,Ahilyanagar,Shrirampur(Belapur),pearl_millet,2021,4,1125.0,3.0
Maharashtra,Ahilyanagar,Shrirampur(Belapur),pearl_millet,2021,11,1150.0,1.0
Maharashtra,Ahilyanagar,Shrirampur(Belapur),pearl_millet,2022,3,1400.0,1.0
Maharashtra,Ahilyanagar,Shrirampur(Belapur),pearl_millet,2022,11,1900.0,1.0
Maharashtra,Ahilyanagar,Shrirampur(Belapur),pearl_millet,2025,5,2000.0,3.2
Maharashtra,Ahilyanagar,Shrirampur(Belapur),pigeon_pea,2020,6,4000.0,1.0
Maharashtra,Ahilyanagar,Shrirampur(Belapur),pigeon_pea,2021,1,4850.0,1.0
Maharashtra,Ahilyanagar,Shrirampur(Belapur),pigeon_pea,2021,3,5800.0,1.0
Maharashtra,Ahilyanagar,Shrirampur(Belapur),pigeon_pea,2021,12,4650.0,1.0
Maharashtra,Ahilyanagar,Shrirampur(Belapur),pigeon_pea,2022,1,5000.0,1.0
Maharashtra,Ahilyanagar,Shrirampur(Belapur),sorghum,2021,6,1780.0,5.0
Maharashtra,Ahilyanagar,Shrirampur(Belapur),sorghum,2021,9,2350.0,1.0
Maharashtra,Ahilyanagar,Shrirampur(Belapur),sorghum,2021,10,1100.0,1.0
Maharashtra,Ahilyanagar,Shrirampur(Belapur),soybean,2019,2,3630.0,5.0
Maharashtra,Ahilyanagar,Shrirampur(Belapur),soybean,2019,10,3103.23,31.0
Maharashtra,Ahilyanagar,Shrirampur(Belapur),soybean,2019,12,3909.26,27.0
Maharashtra,Ahilyanagar,Shrirampur(Belapur),soybean,2020,1,3990.0,25.0
Maharashtra,Ahilyanagar,Shrirampur(Belapur),soybean,2020,2,3590.91,11.0
Maharashtra,Ahilyanagar,Shrirampur(Belapur),soybean,2020,3,3700.0,1.0
Maharashtra,Ahilyanagar,Shrirampur(Belapur),soybean,2020,6,3450.0,2.0
Maharashtra,Ahilyanagar,Shrirampur(Belapur),soybean,2020,7,3300.0,4.0
Maharashtra,Ahilyanagar,Shrirampur(Belapur),soybean,2020,9,2975.0,8.0
Maharashtra,Ahilyanagar,Shrirampur(Belapur),soybean,2020,10,3403.05,131.0
Maharashtra,Ahilyanagar,Shrirampur(Belapur),soybean,2020,11,3850.0,12.0
Maharashtra,Ahilyanagar,Shrirampur(Belapur),soybean,2020,12,4027.78,18.0
Maharashtra,Ahilyanagar,Shrirampur(Belapur),soybean,2021,2,4510.0,10.0
Maharashtra,Ahilyanagar,Shrirampur(Belapur),soybean,2021,3,4728.57,7.0
Maharashtra,Ahilyanagar,Shrirampur(Belapur),soybean,2021,4,6816.67,3.0
Maharashtra,Ahilyanagar,Shrirampur(Belapur),soybean,2021,6,6175.0,4.0
Maharashtra,Ahilyanagar,Shrirampur(Belapur),soybean,2021,7,5500.0,1.0
Maharashtra,Ahilyanagar,Shrirampur(Belapur),soybean,2021,9,5137.5,12.0
Maharashtra,Ahilyanagar,Shrirampur(Belapur),soybean,2021,10,4566.18,68.0
Maharashtra,Ahilyanagar,Shrirampur(Belapur),soybean,2021,11,5579.41,17.0
Maharashtra,Ahilyanagar,Shrirampur(Belapur),soybean,2021,12,5772.0,25.0
Maharashtra,Ahilyanagar,Shrirampur(Belapur),soybean,2022,1,5738.1,21.0
Maharashtra,Ahilyanagar,Shrirampur(Belapur),soybean,2022,2,5876.0,25.0
Maharashtra,Ahilyanagar,Shrirampur(Belapur),soybean,2022,3,5975.0,4.0
Maharashtra,Ahilyanagar,Shrirampur(Belapur),soybean,2022,4,6900.0,3.0
Maharashtra,Ahilyanagar,Shrirampur(Belapur),soybean,2022,5,6000.0,4.0
Maharashtra,Ahilyanagar,Shrirampur(Belapur),soybean,2022,6,5933.33,3.0
Maharashtra,Ahilyanagar,Shrirampur(Belapur),soybean,2022,7,5766.67,3.0
Maharashtra,Ahilyanagar,Shrirampur(Belapur),soybean,2022,9,4200.0,5.0
Maharashtra,Ahilyanagar,Shrirampur(Belapur),soybean,2022,10,4494.37,71.0
Maharashtra,Ahilyanagar,Shrirampur(Belapur),soybean,2022,11,5035.71,49.0
Maharashtra,Ahilyanagar,Shrirampur(Belapur),soybean,2022,12,5061.25,40.0
Maharashtra,Ahilyanagar,Shrirampur(Belapur),soybean,2023,1,4993.75,16.0
Maharashtra,Ahilyanagar,Shrirampur(Belapur),soybean,2023,2,4904.17,36.0
Maharashtra,Ahilyanagar,Shrirampur(Belapur),soybean,2023,3,4750.0,4.0
Maharashtra,Ahilyanagar,Shrirampur(Belapur),soybean,2023,4,4780.0,15.0
Maharashtra,Ahilyanagar,Shrirampur(Belapur),soybean,2023,5,4716.67,6.0
Maharashtra,Ahilyanagar,Shrirampur(Belapur),soybean,2023,7,4700.0,1.0
Maharashtra,Ahilyanagar,Shrirampur(Belapur),soybean,2023,10,4229.9,97.0
Maharashtra,Ahilyanagar,Shrirampur(Belapur),soybean,2023,11,4272.73,11.0
Maharashtra,Ahilyanagar,Shrirampur(Belapur),soybean,2023,12,4650.0,4.0
Maharashtra,Ahilyanagar,Shrirampur(Belapur),soybean,2024,11,3957.38,
Maharashtra,Ahilyanagar,Shrirampur(Belapur),soybean,2024,12,4000.0,
Maharashtra,Ahilyanagar,Shrirampur(Belapur),soybean,2025,1,3500.0,2.0
Maharashtra,Ahilyanagar,Shrirampur(Belapur),soybean,2025,5,4000.0,
Maharashtra,Ahilyanagar,Shrirampur(Belapur),soybean,2025,7,4000.0,
Maharashtra,Ahilyanagar,Shrirampur(Belapur),soybean,2025,9,3635.48,3.1
Maharashtra,Ahilyanagar,Shrirampur(Belapur),soybean,2026,4,,2.7
Maharashtra,Ahilyanagar,Shrirampur(Belapur),soybean,2026,6,,0.7
Maharashtra,Ahilyanagar,Shrirampur(Belapur),soybean,2026,9,4500.0,0.9
Maharashtra,Ahilyanagar,Shrirampur(Belapur),wheat,2019,2,2000.0,6.0
Maharashtra,Ahilyanagar,Shrirampur(Belapur),wheat,2019,4,1879.81,52.0
Maharashtra,Ahilyanagar,Shrirampur(Belapur),wheat,2019,6,1862.5,8.0
Maharashtra,Ahilyanagar,Shrirampur(Belapur),wheat,2019,8,1950.0,5.0
Maharashtra,Ahilyanagar,Shrirampur(Belapur),wheat,2019,10,1900.0,46.0
Maharashtra,Ahilyanagar,Shrirampur(Belapur),wheat,2019,12,1922.37,38.0
Maharashtra,Ahilyanagar,Shrirampur(Belapur),wheat,2020,1,1916.67,42.0
Maharashtra,Ahilyanagar,Shrirampur(Belapur),wheat,2020,2,1921.43,35.0
Maharashtra,Ahilyanagar,Shrirampur(Belapur),wheat,2020,3,1847.22,36.0
Maharashtra,Ahilyanagar,Shrirampur(Belapur),wheat,2020,5,1800.0,7.0
Maharashtra,Ahilyanagar,Shrirampur(Belapur),wheat,2020,6,1791.96,56.0
Maharashtra,Ahilyanagar,Shrirampur(Belapur),wheat,2020,7,1672.73,22.0
Maharashtra,Ahilyanagar,Shrirampur(Belapur),wheat,2020,8,1666.67,30.0
Maharashtra,Ahilyanagar,Shrirampur(Belapur),wheat,2020,9,1584.26,54.0
Maharashtra,Ahilyanagar,Shrirampur(Belapur),wheat,2020,10,1562.2,41.0
Maharashtra,Ahilyanagar,Shrirampur(Belapur),wheat,2020,11,1554.48,67.0
Maharashtra,Ahilyanagar,Shrirampur(Belapur),wheat,2020,12,1561.11,27.0
Maharashtra,Ahilyanagar,Shrirampur(Belapur),wheat,2021,1,1590.96,47.0
Maharashtra,Ahilyanagar,Shrirampur(Belapur),wheat,2021,2,1550.0,2.0
Maharashtra,Ahilyanagar,Shrirampur(Belapur),wheat,2021,3,1643.18,44.0
Maharashtra,Ahilyanagar,Shrirampur(Belapur),wheat,2021,4,1655.15,34.0
Maharashtra,Ahilyanagar,Shrirampur(Belapur),wheat,2021,6,26.11,1498.0
Maharashtra,Ahilyanagar,Shrirampur(Belapur),wheat,2021,7,1564.58,12.0
Maharashtra,Ahilyanagar,Shrirampur(Belapur),wheat,2021,8,1700.0,1.0
Maharashtra,Ahilyanagar,Shrirampur(Belapur),wheat,2021,9,1550.0,2.0
Maharashtra,Ahilyanagar,Shrirampur(Belapur),wheat,2021,10,1604.55,11.0
Maharashtra,Ahilyanagar,Shrirampur(Belapur),wheat,2021,11,1436.36,11.0
Maharashtra,Ahilyanagar,Shrirampur(Belapur),wheat,2021,12,1609.38,8.0
Maharashtra,Ahilyanagar,Shrirampur(Belapur),wheat,2022,1,1616.67,3.0
Maharashtra,Ahilyanagar,Shrirampur(Belapur),wheat,2022,2,1600.0,5.0
Maharashtra,Ahilyanagar,Shrirampur(Belapur),wheat,2022,3,1785.71,7.0
Maharashtra,Ahilyanagar,Shrirampur(Belapur),wheat,2022,4,1850.0,10.0
Maharashtra,Ahilyanagar,Shrirampur(Belapur),wheat,2022,5,1850.0,40.0
Maharashtra,Ahilyanagar,Shrirampur(Belapur),wheat,2022,6,1864.29,28.0
Maharashtra,Ahilyanagar,Shrirampur(Belapur),wheat,2022,7,1896.43,28.0
Maharashtra,Ahilyanagar,Shrirampur(Belapur),wheat,2022,8,2033.33,9.0
Maharashtra,Ahilyanagar,Shrirampur(Belapur),wheat,2022,9,2083.33,6.0
Maharashtra,Ahilyanagar,Shrirampur(Belapur),wheat,2022,10,2095.24,21.0
Maharashtra,Ahilyanagar,Shrirampur(Belapur),wheat,2022,11,2234.09,22.0
Maharashtra,Ahilyanagar,Shrirampur(Belapur),wheat,2022,12,2254.55,11.0
Maharashtra,Ahilyanagar,Shrirampur(Belapur),wheat,2023,1,2383.33,3.0
Maharashtra,Ahilyanagar,Shrirampur(Belapur),wheat,2023,2,2100.0,2.0
Maharashtra,Ahilyanagar,Shrirampur(Belapur),wheat,2023,3,2001.13,177.0
Maharashtra,Ahilyanagar,Shrirampur(Belapur),wheat,2023,4,2025.29,170.0
Maharashtra,Ahilyanagar,Shrirampur(Belapur),wheat,2023,5,2051.61,62.0
Maharashtra,Ahilyanagar,Shrirampur(Belapur),wheat,2023,6,1965.12,43.0
Maharashtra,Ahilyanagar,Shrirampur(Belapur),wheat,2023,8,2183.33,12.0
Maharashtra,Ahilyanagar,Shrirampur(Belapur),wheat,2023,9,2200.0,1.0
Maharashtra,Ahilyanagar,Shrirampur(Belapur),wheat,2023,10,2270.27,37.0
Maharashtra,Ahilyanagar,Shrirampur(Belapur),wheat,2023,11,2368.18,22.0
Maharashtra,Ahilyanagar,Shrirampur(Belapur),wheat,2023,12,2341.67,24.0
Maharashtra,Ahilyanagar,Shrirampur(Belapur),wheat,2024,1,2388.89,9.0
Maharashtra,Ahilyanagar,Shrirampur(Belapur),wheat,2024,3,2315.16,
Maharashtra,Ahilyanagar,Shrirampur(Belapur),wheat,2024,5,,2.1
Maharashtra,Ahilyanagar,Shrirampur(Belapur),wheat,2024,7,2300.0,0.9
Maharashtra,Ahilyanagar,Shrirampur(Belapur),wheat,2024,8,2281.31,10.7
Maharashtra,Ahilyanagar,Shrirampur(Belapur),wheat,2024,9,2354.87,15.4
Maharashtra,Ahilyanagar,Shrirampur(Belapur),wheat,2024,10,2338.58,30.2
Maharashtra,Ahilyanagar,Shrirampur(Belapur),wheat,2024,11,2390.48,
Maharashtra,Ahilyanagar,Shrirampur(Belapur),wheat,2024,12,2400.0,11.9
Maharashtra,Ahilyanagar,Shrirampur(Belapur),wheat,2025,1,,10.6
Maharashtra,Ahilyanagar,Shrirampur(Belapur),wheat,2025,3,,39.4
Maharashtra,Ahilyanagar,Shrirampur(Belapur),wheat,2025,4,2445.69,11.6
Maharashtra,Ahilyanagar,Shrirampur(Belapur),wheat,2025,5,2402.66,62.1
Maharashtra,Ahilyanagar,Shrirampur(Belapur),wheat,2025,6,2400.0,53.1
Maharashtra,Ahilyanagar,Shrirampur(Belapur),wheat,2025,7,2400.0,12.7
Maharashtra,Ahilyanagar,Shrirampur(Belapur),wheat,2025,8,2400.0,13.7
Maharashtra,Ahilyanagar,Shrirampur(Belapur),wheat,2025,9,2400.0,18.7
Maharashtra,Ahilyanagar,Shrirampur(Belapur),wheat,2025,10,2400.0,13.3
Maharashtra,Ahilyanagar,Shrirampur(Belapur),wheat,2025,11,2400.0,2.1
Maharashtra,Ahilyanagar,Shrirampur(Belapur),wheat,2025,12,2400.0,4.7
Maharashtra,Ahilyanagar,Shrirampur(Belapur),wheat,2026,2,2314.29,2.1
Maharashtra,Ahilyanagar,Shrirampur(Belapur),wheat,2026,3,2189.53,34.4
Maharashtra,Ahilyanagar,Shrirampur(Belapur),wheat,2026,4,2106.91,36.9
Maharashtra,Ahilyanagar,Shrirampur(Belapur),wheat,2026,5,2215.19,39.5
Maharashtra,Ahilyanagar,Shrirampur(Belapur),wheat,2026,6,2170.1,29.6
Maharashtra,Ahilyanagar,Shrirampur(Belapur),wheat,2026,7,2237.85,46.1
Maharashtra,Ahilyanagar,Shrirampur(Belapur),wheat,2026,8,2267.13,64.8
Maharashtra,Ahilyanagar,Shrirampur(Belapur),wheat,2026,9,2358.54,56.8
Maharashtra,Pune,APMC Baramati,chickpea,2019,4,4050.0,23.0
Maharashtra,Pune,APMC Baramati,chickpea,2020,2,3787.5,24.0
Maharashtra,Pune,APMC Baramati,chickpea,2020,3,3585.25,93.0
Maharashtra,Pune,APMC Baramati,chickpea,2020,5,3746.28,46.0
Maharashtra,Pune,APMC Baramati,chickpea,2020,6,4122.03,104.0
Maharashtra,Pune,APMC Baramati,chickpea,2020,7,3902.78,83.0
Maharashtra,Pune,APMC Baramati,chickpea,2020,8,4080.78,51.0
Maharashtra,Pune,APMC Baramati,chickpea,2021,2,4700.0,2.0
Maharashtra,Pune,APMC Baramati,chickpea,2025,1,6179.23,4.0
Maharashtra,Pune,APMC Baramati,chickpea,2025,2,5489.36,68.0
Maharashtra,Pune,APMC Baramati,chickpea,2025,3,5529.87,165.2
Maharashtra,Pune,APMC Baramati,chickpea,2025,4,5413.66,291.3
Maharashtra,Pune,APMC Baramati,chickpea,2025,5,5711.08,164.3
Maharashtra,Pune,APMC Baramati,chickpea,2025,6,5748.63,62.1
Maharashtra,Pune,APMC Baramati,chickpea,2025,7,5700.0,15.2
Maharashtra,Pune,APMC Baramati,chickpea,2025,8,5671.28,33.8
Maharashtra,Pune,APMC Baramati,chickpea,2025,9,5715.56,54.0
Maharashtra,Pune,APMC Baramati,chickpea,2025,10,5680.0,6.0
Maharashtra,Pune,APMC Baramati,chickpea,2025,11,5175.34,7.3
Maharashtra,Pune,APMC Baramati,chickpea,2025,12,5078.61,10.4
Maharashtra,Pune,APMC Baramati,chickpea,2026,1,5158.82,3.4
Maharashtra,Pune,APMC Baramati,chickpea,2026,2,4958.89,33.2
Maharashtra,Pune,APMC Baramati,chickpea,2026,3,4923.15,60.7
Maharashtra,Pune,APMC Baramati,chickpea,2026,4,5106.56,179.7
Maharashtra,Pune,APMC Baramati,chickpea,2026,5,5439.52,128.1
Maharashtra,Pune,APMC Baramati,chickpea,2026,6,5728.65,72.4
Maharashtra,Pune,APMC Baramati,chickpea,2026,7,5910.23,55.7
Maharashtra,Pune,APMC Baramati,chickpea,2026,8,6083.82,48.7
Maharashtra,Pune,APMC Baramati,chickpea,2026,9,6314.74,25.0
Maharashtra,Pune,APMC Baramati,cotton,2022,11,8434.29,28.0
Maharashtra,Pune,APMC Baramati,cotton,2022,12,7872.03,31.0
Maharashtra,Pune,APMC Baramati,cotton,2023,1,7350.33,3.0
Maharashtra,Pune,APMC Baramati,cotton,2023,2,7561.25,8.0
Maharashtra,Pune,APMC Baramati,cotton,2023,3,7278.8,5.0
Maharashtra,Pune,APMC Baramati,cotton,2023,4,7112.5,8.0
Maharashtra,Pune,APMC Baramati,cotton,2023,5,6830.67,9.0
Maharashtra,Pune,APMC Baramati,cotton,2023,6,7051.0,1.0
Maharashtra,Pune,APMC Baramati,cotton,2023,11,6730.6,5.0
Maharashtra,Pune,APMC Baramati,cotton,2023,12,6554.0,9.0
Maharashtra,Pune,APMC Baramati,cotton,2024,1,5375.0,4.0
Maharashtra,Pune,APMC Baramati,cotton,2024,2,6700.0,2.0
Maharashtra,Pune,APMC Baramati,cotton,2024,11,6828.25,11.8
Maharashtra,Pune,APMC Baramati,cotton,2024,12,6575.55,15.0
Maharashtra,Pune,APMC Baramati,cotton,2025,1,6036.07,5.8
Maharashtra,Pune,APMC Baramati,cotton,2025,2,5883.33,1.8
Maharashtra,Pune,APMC Baramati,cotton,2025,3,5800.0,0.4
Maharashtra,Pune,APMC Baramati,cotton,2025,4,5336.36,1.1
Maharashtra,Pune,APMC Baramati,cotton,2025,5,4551.0,0.1
Maharashtra,Pune,APMC Baramati,cotton,2025,12,5883.5,0.6
Maharashtra,Pune,APMC Baramati,cotton,2026,1,6300.0,0.1
Maharashtra,Pune,APMC Baramati,cotton,2026,2,5000.0,0.1
Maharashtra,Pune,APMC Baramati,groundnut,2019,2,3700.0,4.0
Maharashtra,Pune,APMC Baramati,groundnut,2019,6,5300.5,4.0
Maharashtra,Pune,APMC Baramati,groundnut,2019,8,6151.0,1.0
Maharashtra,Pune,APMC Baramati,groundnut,2019,10,5700.0,1.0
Maharashtra,Pune,APMC Baramati,groundnut,2020,2,3400.0,1.0
Maharashtra,Pune,APMC Baramati,groundnut,2020,5,4812.5,8.0
Maharashtra,Pune,APMC Baramati,groundnut,2020,6,4952.81,37.0
Maharashtra,Pune,APMC Baramati,groundnut,2020,7,4891.09,44.0
Maharashtra,Pune,APMC Baramati,groundnut,2020,8,4662.5,24.0
Maharashtra,Pune,APMC Baramati,groundnut,2020,9,3642.86,7.0
Maharashtra,Pune,APMC Baramati,groundnut,2020,10,3490.0,5.0
Maharashtra,Pune,APMC Baramati,groundnut,2020,11,3900.0,2.0
Maharashtra,Pune,APMC Baramati,groundnut,2020,12,4281.0,1.0
Maharashtra,Pune,APMC Baramati,groundnut,2021,1,4510.4,10.0
Maharashtra,Pune,APMC Baramati,groundnut,2021,2,4958.2,5.0
Maharashtra,Pune,APMC Baramati,groundnut,2021,5,5300.0,2.0
Maharashtra,Pune,APMC Baramati,groundnut,2021,6,4693.72,36.0
Maharashtra,Pune,APMC Baramati,groundnut,2021,7,4471.79,28.0
Maharashtra,Pune,APMC Baramati,groundnut,2021,8,4991.11,27.0
Maharashtra,Pune,APMC Baramati,groundnut,2021,9,5075.06,16.0
Maharashtra,Pune,APMC Baramati,groundnut,2021,10,5308.89,9.0
Maharashtra,Pune,APMC Baramati,groundnut,2021,11,4946.0,6.0
Maharashtra,Pune,APMC Baramati,groundnut,2021,12,4575.0,4.0
Maharashtra,Pune,APMC Baramati,groundnut,2022,1,5180.5,2.0
Maharashtra,Pune,APMC Baramati,groundnut,2022,2,4734.0,3.0
Maharashtra,Pune,APMC Baramati,groundnut,2022,3,5275.5,2.0
Maharashtra,Pune,APMC Baramati,groundnut,2022,4,5521.0,1.0
Maharashtra,Pune,APMC Baramati,groundnut,2022,5,5933.67,
Maharashtra,Pune,APMC Baramati,groundnut,2022,6,5248.71,
Maharashtra,Pune,APMC Baramati,groundnut,2022,7,5462.75,8.0
Maharashtra,Pune,APMC Baramati,groundnut,2022,8,5713.27,11.0
Maharashtra,Pune,APMC Baramati,groundnut,2022,9,5794.38,8.0
Maharashtra,Pune,APMC Baramati,groundnut,2022,10,6020.2,5.0
Maharashtra,Pune,APMC Baramati,groundnut,2022,11,5740.25,
Maharashtra,Pune,APMC Baramati,groundnut,2023,1,5503.33,
Maharashtra,Pune,APMC Baramati,groundnut,2023,2,5033.67,
Maharashtra,Pune,APMC Baramati,groundnut,2023,4,5591.0,1.0
Maharashtra,Pune,APMC Baramati,groundnut,2023,6,,15.0
Maharashtra,Pune,APMC Baramati,groundnut,2023,8,6688.89,9.0
Maharashtra,Pune,APMC Baramati,groundnut,2023,10,6187.75,4.0
Maharashtra,Pune,APMC Baramati,groundnut,2024,3,,0.7
Maharashtra,Pune,APMC Baramati,groundnut,2024,6,5140.33,2.1
Maharashtra,Pune,APMC Baramati,groundnut,2024,7,5815.79,1.9
Maharashtra,Pune,APMC Baramati,groundnut,2024,8,5448.05,2.2
Maharashtra,Pune,APMC Baramati,groundnut,2024,9,5525.75,0.4
Maharashtra,Pune,APMC Baramati,groundnut,2024,10,5559.55,1.1
Maharashtra,Pune,APMC Baramati,groundnut,2024,11,4715.38,1.3
Maharashtra,Pune,APMC Baramati,groundnut,2024,12,5756.11,0.9
Maharashtra,Pune,APMC Baramati,groundnut,2025,1,4857.5,1.4
Maharashtra,Pune,APMC Baramati,groundnut,2025,2,5100.0,0.2
Maharashtra,Pune,APMC Baramati,groundnut,2025,3,5236.36,1.1
Maharashtra,Pune,APMC Baramati,groundnut,2025,4,4622.22,0.9
Maharashtra,Pune,APMC Baramati,groundnut,2025,5,4840.8,1.0
Maharashtra,Pune,APMC Baramati,groundnut,2025,6,5366.23,5.3
Maharashtra,Pune,APMC Baramati,groundnut,2025,7,4888.61,7.9
Maharashtra,Pune,APMC Baramati,groundnut,2025,8,4428.78,13.4
Maharashtra,Pune,APMC Baramati,groundnut,2025,9,4921.84,5.1
Maharashtra,Pune,APMC Baramati,groundnut,2025,10,4000.0,0.4
Maharashtra,Pune,APMC Baramati,groundnut,2025,12,4089.11,0.9
Maharashtra,Pune,APMC Baramati,groundnut,2026,1,4788.24,1.7
Maharashtra,Pune,APMC Baramati,groundnut,2026,2,4972.33,0.9
Maharashtra,Pune,APMC Baramati,groundnut,2026,3,5171.43,0.7
Maharashtra,Pune,APMC Baramati,groundnut,2026,4,4039.89,0.9
Maharashtra,Pune,APMC Baramati,groundnut,2026,5,4700.0,0.3
Maharashtra,Pune,APMC Baramati,groundnut,2026,6,7095.24,2.1
Maharashtra,Pune,APMC Baramati,groundnut,2026,7,7181.79,1.9
Maharashtra,Pune,APMC Baramati,groundnut,2026,8,6741.53,1.7
Maharashtra,Pune,APMC Baramati,groundnut,2026,9,7527.27,2.2
Maharashtra,Pune,APMC Baramati,maize,2019,2,2047.27,88.0
Maharashtra,Pune,APMC Baramati,maize,2019,4,2195.26,80.0
Maharashtra,Pune,APMC Baramati,maize,2019,6,2121.75,89.0
Maharashtra,Pune,APMC Baramati,maize,2019,8,2349.42,25.0
Maharashtra,Pune,APMC Baramati,maize,2019,10,2205.77,26.0
Maharashtra,Pune,APMC Baramati,maize,2019,12,1906.57,187.0
Maharashtra,Pune,APMC Baramati,maize,2020,1,2047.45,129.0
Maharashtra,Pune,APMC Baramati,maize,2020,2,2018.08,175.0
Maharashtra,Pune,APMC Baramati,maize,2020,3,1970.65,92.0
Maharashtra,Pune,APMC Baramati,maize,2020,5,1406.03,160.0
Maharashtra,Pune,APMC Baramati,maize,2020,6,1518.05,291.0
Maharashtra,Pune,APMC Baramati,maize,2020,7,1319.22,121.0
Maharashtra,Pune,APMC Baramati,maize,2020,8,1248.63,109.0
Maharashtra,Pune,APMC Baramati,maize,2020,9,1311.35,131.0
Maharashtra,Pune,APMC Baramati,maize,2020,10,1281.82,635.0
Maharashtra,Pune,APMC Baramati,maize,2020,11,1367.76,1053.0
Maharashtra,Pune,APMC Baramati,maize,2020,12,1404.38,518.0
Maharashtra,Pune,APMC Baramati,maize,2021,1,1398.47,156.0
Maharashtra,Pune,APMC Baramati,maize,2021,2,1516.46,240.0
Maharashtra,Pune,APMC Baramati,maize,2021,3,1507.02,144.0
Maharashtra,Pune,APMC Baramati,maize,2021,4,1493.12,116.0
Maharashtra,Pune,APMC Baramati,maize,2021,5,1764.0,
Maharashtra,Pune,APMC Baramati,maize,2021,6,1798.34,185.0
Maharashtra,Pune,APMC Baramati,maize,2021,7,1798.54,156.0
Maharashtra,Pune,APMC Baramati,maize,2021,8,1899.42,114.0
Maharashtra,Pune,APMC Baramati,maize,2021,10,1762.97,813.0
Maharashtra,Pune,APMC Baramati,maize,2021,11,1776.82,879.0
Maharashtra,Pune,APMC Baramati,maize,2021,12,1805.84,843.0
Maharashtra,Pune,APMC Baramati,maize,2022,1,1874.97,451.0
Maharashtra,Pune,APMC Baramati,maize,2022,2,1953.2,416.0
Maharashtra,Pune,APMC Baramati,maize,2022,3,2198.68,160.0
Maharashtra,Pune,APMC Baramati,maize,2022,4,2214.38,274.0
Maharashtra,Pune,APMC Baramati,maize,2022,5,2193.36,234.0
Maharashtra,Pune,APMC Baramati,maize,2022,6,2295.69,72.0
Maharashtra,Pune,APMC Baramati,maize,2022,7,2265.14,
Maharashtra,Pune,APMC Baramati,maize,2022,8,2480.43,
Maharashtra,Pune,APMC Baramati,maize,2022,9,2431.56,78.0
Maharashtra,Pune,APMC Baramati,maize,2022,10,2153.88,949.0
Maharashtra,Pune,APMC Baramati,maize,2023,1,2184.77,290.0
Maharashtra,Pune,APMC Baramati,maize,2023,2,2182.47,310.0
Maharashtra,Pune,APMC Baramati,maize,2023,3,2219.46,
Maharashtra,Pune,APMC Baramati,maize,2023,4,2103.42,507.0
Maharashtra,Pune,APMC Baramati,maize,2023,6,,460.0
Maharashtra,Pune,APMC Baramati,maize,2023,8,2160.23,363.0
Maharashtra,Pune,APMC Baramati,maize,2023,10,2202.63,389.0
Maharashtra,Pune,APMC Baramati,maize,2023,12,2184.16,977.0
Maharashtra,Pune,APMC Baramati,maize,2024,1,,740.0
Maharashtra,Pune,APMC Baramati,maize,2024,2,2208.91,507.8
Maharashtra,Pune,APMC Baramati,maize,2024,3,,224.7
Maharashtra,Pune,APMC Baramati,maize,2024,4,2147.07,159.9
Maharashtra,Pune,APMC Baramati,maize,2024,5,,233.5
Maharashtra,Pune,APMC Baramati,maize,2024,6,2398.51,48.7
Maharashtra,Pune,APMC Baramati,maize,2024,7,2587.73,34.1
Maharashtra,Pune,APMC Baramati,maize,2024,8,2564.33,62.2
Maharashtra,Pune,APMC Baramati,maize,2024,9,2623.74,111.7
Maharashtra,Pune,APMC Baramati,maize,2024,10,2319.2,507.9
Maharashtra,Pune,APMC Baramati,maize,2024,11,2211.9,1791.4
Maharashtra,Pune,APMC Baramati,maize,2024,12,2304.61,927.8
Maharashtra,Pune,APMC Baramati,maize,2025,1,2276.42,681.0
Maharashtra,Pune,APMC Baramati,maize,2025,2,2246.89,263.2
Maharashtra,Pune,APMC Baramati,maize,2025,3,2238.29,185.5
Maharashtra,Pune,APMC Baramati,maize,2025,4,2235.78,198.1
Maharashtra,Pune,APMC Baramati,maize,2025,5,2225.97,206.2
Maharashtra,Pune,APMC Baramati,maize,2025,6,2291.22,177.6
Maharashtra,Pune,APMC Baramati,maize,2025,7,2362.82,34.4
Maharashtra,Pune,APMC Baramati,maize,2025,8,2394.41,37.3
Maharashtra,Pune,APMC Baramati,maize,2025,9,2315.69,71.5
Maharashtra,Pune,APMC Baramati,maize,2025,10,1808.86,803.5
Maharashtra,Pune,APMC Baramati,maize,2025,11,1761.0,479.0
Maharashtra,Pune,APMC Baramati,maize,2025,12,1853.38,826.4
Maharashtra,Pune,APMC Baramati,maize,2026,1,1856.99,489.0
Maharashtra,Pune,APMC Baramati,maize,2026,2,1752.62,274.8
Maharashtra,Pune,APMC Baramati,maize,2026,3,1690.55,118.6
Maharashtra,Pune,APMC Baramati,maize,2026,4,1836.36,213.9
Maharashtra,Pune,APMC Baramati,maize,2026,5,2014.37,384.1
Maharashtra,Pune,APMC Baramati,maize,2026,6,2181.47,154.1
Maharashtra,Pune,APMC Baramati,maize,2026,7,2354.09,50.4
Maharashtra,Pune,APMC Baramati,maize,2026,8,2440.67,36.1
Maharashtra,Pune,APMC Baramati,maize,2026,9,2535.83,81.3
Maharashtra,Pune,APMC Baramati,onion,2023,5,602.64,417.0
Maharashtra,Pune,APMC Baramati,onion,2023,6,921.68,535.0
Maharashtra,Pune,APMC Baramati,onion,2023,7,1203.58,
Maharashtra,Pune,APMC Baramati,onion,2023,8,1704.68,
Maharashtra,Pune,APMC Baramati,onion,2023,9,1675.58,434.0
Maharashtra,Pune,APMC Baramati,onion,2023,10,2479.96,564.0
Maharashtra,Pune,APMC Baramati,onion,2023,11,2970.56,
Maharashtra,Pune,APMC Baramati,onion,2023,12,2474.45,
Maharashtra,Pune,APMC Baramati,onion,2024,1,1517.06,
Maharashtra,Pune,APMC Baramati,onion,2024,2,1152.37,
Maharashtra,Pune,APMC Baramati,onion,2024,3,1154.29,834.8
Maharashtra,Pune,APMC Baramati,onion,2024,4,1047.82,592.9
Maharashtra,Pune,APMC Baramati,onion,2024,6,,732.3
Maharashtra,Pune,APMC Baramati,onion,2024,8,2720.69,592.5
Maharashtra,Pune,APMC Baramati,onion,2024,10,3363.92,922.9
Maharashtra,Pune,APMC Baramati,onion,2024,12,3596.34,455.9
Maharashtra,Pune,APMC Baramati,onion,2025,2,2142.23,781.6
Maharashtra,Pune,APMC Baramati,onion,2025,3,,417.2
Maharashtra,Pune,APMC Baramati,pearl_millet,2019,10,2100.0,9.0
Maharashtra,Pune,APMC Baramati,pearl_millet,2020,2,1807.25,20.0
Maharashtra,Pune,APMC Baramati,pearl_millet,2020,3,2055.2,25.0
Maharashtra,Pune,APMC Baramati,pearl_millet,2020,5,1595.38,8.0
Maharashtra,Pune,APMC Baramati,pearl_millet,2020,6,1910.0,45.0
Maharashtra,Pune,APMC Baramati,pearl_millet,2020,7,1643.15,26.0
Maharashtra,Pune,APMC Baramati,pearl_millet,2020,8,1465.64,42.0
Maharashtra,Pune,APMC Baramati,pearl_millet,2021,6,1511.0,10.0
Maharashtra,Pune,APMC Baramati,pearl_millet,2022,1,2000.0,4.0
Maharashtra,Pune,APMC Baramati,pearl_millet,2022,7,2300.0,2.0
Maharashtra,Pune,APMC Baramati,pearl_millet,2025,1,2624.32,
Maharashtra,Pune,APMC Baramati,pearl_millet,2025,2,2622.53,110.5
Maharashtra,Pune,APMC Baramati,pearl_millet,2025,3,,58.1
Maharashtra,Pune,APMC Baramati,pearl_millet,2025,4,2638.88,94.9
Maharashtra,Pune,APMC Baramati,pearl_millet,2025,5,,55.7
Maharashtra,Pune,APMC Baramati,pearl_millet,2025,6,2787.72,197.7
Maharashtra,Pune,APMC Baramati,pearl_millet,2025,7,2788.45,49.8
Maharashtra,Pune,APMC Baramati,pearl_millet,2025,8,2838.32,117.8
Maharashtra,Pune,APMC Baramati,pearl_millet,2025,9,2812.24,470.6
Maharashtra,Pune,APMC Baramati,pearl_millet,2025,10,2945.8,163.2
Maharashtra,Pune,APMC Baramati,pearl_millet,2025,11,2833.95,75.4
Maharashtra,Pune,APMC Baramati,pearl_millet,2025,12,2785.81,114.8
Maharashtra,Pune,APMC Baramati,pearl_millet,2026,1,2799.21,82.0
Maharashtra,Pune,APMC Baramati,pearl_millet,2026,2,2845.7,52.6
Maharashtra,Pune,APMC Baramati,pearl_millet,2026,3,2833.67,29.7
Maharashtra,Pune,APMC Baramati,pearl_millet,2026,4,2766.67,42.6
Maharashtra,Pune,APMC Baramati,pearl_millet,2026,5,2614.55,33.6
Maharashtra,Pune,APMC Baramati,pearl_millet,2026,6,2776.0,39.7
Maharashtra,Pune,APMC Baramati,pearl_millet,2026,7,2789.42,22.4
Maharashtra,Pune,APMC Baramati,pearl_millet,2026,8,2854.27,41.7
Maharashtra,Pune,APMC Baramati,pearl_millet,2026,9,2744.13,54.5
Maharashtra,Pune,APMC Baramati,pigeon_pea,2019,2,4576.0,9.0
Maharashtra,Pune,APMC Baramati,pigeon_pea,2019,4,4314.29,7.0
Maharashtra,Pune,APMC Baramati,pigeon_pea,2019,6,4766.67,3.0
Maharashtra,Pune,APMC Baramati,pigeon_pea,2019,8,5000.0,2.0
Maharashtra,Pune,APMC Baramati,pigeon_pea,2020,1,4390.18,11.0
Maharashtra,Pune,APMC Baramati,pigeon_pea,2020,2,4310.0,11.0
Maharashtra,Pune,APMC Baramati,pigeon_pea,2020,3,4222.56,9.0
Maharashtra,Pune,APMC Baramati,pigeon_pea,2020,5,4262.44,9.0
Maharashtra,Pune,APMC Baramati,pigeon_pea,2020,6,4291.71,7.0
Maharashtra,Pune,APMC Baramati,pigeon_pea,2020,7,4098.0,8.0
Maharashtra,Pune,APMC Baramati,pigeon_pea,2020,8,4440.2,5.0
Maharashtra,Pune,APMC Baramati,pigeon_pea,2020,12,4800.0,7.0
Maharashtra,Pune,APMC Baramati,pigeon_pea,2021,4,5500.0,4.0
Maharashtra,Pune,APMC Baramati,pigeon_pea,2021,6,4744.44,9.0
Maharashtra,Pune,APMC Baramati,pigeon_pea,2021,7,4250.0,
Maharashtra,Pune,APMC Baramati,pigeon_pea,2021,8,6033.33,3.0
Maharashtra,Pune,APMC Baramati,pigeon_pea,2022,3,,1.0
Maharashtra,Pune,APMC Baramati,pigeon_pea,2022,4,4759.0,5.0
Maharashtra,Pune,APMC Baramati,pigeon_pea,2022,5,,1.0
Maharashtra,Pune,APMC Baramati,pigeon_pea,2022,6,4750.0,2.0
Maharashtra,Pune,APMC Baramati,pigeon_pea,2022,8,5300.0,1.0
Maharashtra,Pune,APMC Baramati,pigeon_pea,2022,9,5700.0,2.0
Maharashtra,Pune,APMC Baramati,pigeon_pea,2022,10,4400.0,1.0
Maharashtra,Pune,APMC Baramati,pigeon_pea,2022,11,5400.0,2.0
Maharashtra,Pune,APMC Baramati,pigeon_pea,2023,3,7250.0,6.0
Maharashtra,Pune,APMC Baramati,pigeon_pea,2023,4,7150.33,3.0
Maharashtra,Pune,APMC Baramati,pigeon_pea,2023,5,7800.0,2.0
Maharashtra,Pune,APMC Baramati,pigeon_pea,2023,6,8101.0,1.0
Maharashtra,Pune,APMC Baramati,pigeon_pea,2023,7,4151.0,1.0
Maharashtra,Pune,APMC Baramati,pigeon_pea,2023,8,4600.0,1.0
Maharashtra,Pune,APMC Baramati,pigeon_pea,2023,10,9451.0,1.0
Maharashtra,Pune,APMC Baramati,pigeon_pea,2023,11,6100.0,1.0
Maharashtra,Pune,APMC Baramati,pigeon_pea,2024,3,8355.56,2.7
Maharashtra,Pune,APMC Baramati,pigeon_pea,2024,4,7843.14,2.1
Maharashtra,Pune,APMC Baramati,pigeon_pea,2024,5,9450.0,1.2
Maharashtra,Pune,APMC Baramati,pigeon_pea,2024,7,9108.67,0.6
Maharashtra,Pune,APMC Baramati,pigeon_pea,2024,8,7993.33,1.5
Maharashtra,Pune,APMC Baramati,pigeon_pea,2024,9,7600.0,0.3
Maharashtra,Pune,APMC Baramati,pigeon_pea,2024,10,6768.75,0.8
Maharashtra,Pune,APMC Baramati,pigeon_pea,2024,12,7500.0,0.5
Maharashtra,Pune,APMC Baramati,pigeon_pea,2025,5,6251.0,0.1
Maharashtra,Pune,APMC Baramati,pigeon_pea,2025,6,6038.89,10.8
Maharashtra,Pune,APMC Baramati,pigeon_pea,2025,7,5695.14,1.4
Maharashtra,Pune,APMC Baramati,pigeon_pea,2025,8,4000.0,0.1
Maharashtra,Pune,APMC Baramati,pigeon_pea,2025,9,5517.24,2.9
Maharashtra,Pune,APMC Baramati,pigeon_pea,2025,10,5275.0,0.4
Maharashtra,Pune,APMC Baramati,pigeon_pea,2025,11,5811.76,1.7
Maharashtra,Pune,APMC Baramati,pigeon_pea,2025,12,6748.97,50.2
Maharashtra,Pune,APMC Baramati,pigeon_pea,2026,1,6970.75,150.1
Maharashtra,Pune,APMC Baramati,pigeon_pea,2026,2,7492.79,52.4
Maharashtra,Pune,APMC Baramati,pigeon_pea,2026,3,6919.17,6.0
Maharashtra,Pune,APMC Baramati,pigeon_pea,2026,4,6913.79,12.5
Maharashtra,Pune,APMC Baramati,pigeon_pea,2026,5,6319.38,13.0
Maharashtra,Pune,APMC Baramati,pigeon_pea,2026,6,6358.5,8.6
Maharashtra,Pune,APMC Baramati,pigeon_pea,2026,7,6696.93,4.5
Maharashtra,Pune,APMC Baramati,pigeon_pea,2026,8,6264.04,11.4
Maharashtra,Pune,APMC Baramati,pigeon_pea,2026,9,7136.65,2.6
Maharashtra,Pune,APMC Baramati,sorghum,2020,2,3231.11,90.0
Maharashtra,Pune,APMC Baramati,sorghum,2020,3,3110.04,269.0
Maharashtra,Pune,APMC Baramati,sorghum,2020,5,3499.45,105.0
Maharashtra,Pune,APMC Baramati,sorghum,2020,6,3191.58,202.0
Maharashtra,Pune,APMC Baramati,sorghum,2020,7,3316.03,69.0
Maharashtra,Pune,APMC Baramati,sorghum,2020,8,2941.38,87.0
Maharashtra,Pune,APMC Baramati,sorghum,2022,7,2450.0,36.0
Maharashtra,Pune,APMC Baramati,sorghum,2022,8,2600.0,51.0
Maharashtra,Pune,APMC Baramati,sorghum,2025,2,3550.0,64.8
Maharashtra,Pune,APMC Baramati,sorghum,2025,3,3495.45,829.5
Maharashtra,Pune,APMC Baramati,sorghum,2025,4,3541.62,519.8
Maharashtra,Pune,APMC Baramati,sorghum,2025,5,3515.56,
Maharashtra,Pune,APMC Baramati,sorghum,2025,8,3750.0,20.3
Maharashtra,Pune,APMC Baramati,sorghum,2025,9,3777.08,165.1
Maharashtra,Pune,APMC Baramati,sorghum,2025,10,,114.7
Maharashtra,Pune,APMC Baramati,sorghum,2025,11,,49.0
Maharashtra,Pune,APMC Baramati,sorghum,2025,12,,98.2
Maharashtra,Pune,APMC Baramati,sorghum,2026,1,,96.1
Maharashtra,Pune,APMC Baramati,sorghum,2026,2,,164.1
Maharashtra,Pune,APMC Baramati,sorghum,2026,3,4008.92,300.3
Maharashtra,Pune,APMC Baramati,sorghum,2026,4,3775.12,242.8
Maharashtra,Pune,APMC Baramati,sorghum,2026,5,3497.09,189.2
Maharashtra,Pune,APMC Baramati,sorghum,2026,6,3805.79,158.1
Maharashtra,Pune,APMC Baramati,sorghum,2026,7,3828.49,130.0
Maharashtra,Pune,APMC Baramati,sorghum,2026,8,3915.05,155.4
Maharashtra,Pune,APMC Baramati,sorghum,2026,9,3946.47,113.4
Maharashtra,Pune,APMC Baramati,soybean,2019,2,3616.28,86.0
Maharashtra,Pune,APMC Baramati,soybean,2019,4,3611.0,
Maharashtra,Pune,APMC Baramati,soybean,2019,6,3547.5,6.0
Maharashtra,Pune,APMC Baramati,soybean,2019,8,3400.0,1.0
Maharashtra,Pune,APMC Baramati,soybean,2019,10,3330.0,35.0
Maharashtra,Pune,APMC Baramati,soybean,2019,12,3868.05,247.0
Maharashtra,Pune,APMC Baramati,soybean,2020,1,4099.23,84.0
Maharashtra,Pune,APMC Baramati,soybean,2020,2,3880.0,26.0
Maharashtra,Pune,APMC Baramati,soybean,2020,3,3450.0,
Maharashtra,Pune,APMC Baramati,soybean,2020,5,3480.4,10.0
Maharashtra,Pune,APMC Baramati,soybean,2020,6,3380.07,30.0
Maharashtra,Pune,APMC Baramati,soybean,2020,7,3363.25,4.0
Maharashtra,Pune,APMC Baramati,soybean,2020,8,3576.22,9.0
Maharashtra,Pune,APMC Baramati,soybean,2020,9,3591.33,9.0
Maharashtra,Pune,APMC Baramati,soybean,2020,10,3766.69,526.0
Maharashtra,Pune,APMC Baramati,soybean,2020,11,3990.62,416.0
Maharashtra,Pune,APMC Baramati,soybean,2020,12,4154.19,148.0
Maharashtra,Pune,APMC Baramati,soybean,2021,1,4340.44,64.0
Maharashtra,Pune,APMC Baramati,soybean,2021,2,4615.29,56.0
Maharashtra,Pune,APMC Baramati,soybean,2021,3,5102.26,31.0
Maharashtra,Pune,APMC Baramati,soybean,2021,4,6333.33,15.0
Maharashtra,Pune,APMC Baramati,soybean,2021,5,6827.03,37.0
Maharashtra,Pune,APMC Baramati,soybean,2021,6,6819.89,122.0
Maharashtra,Pune,APMC Baramati,soybean,2021,7,7289.53,
Maharashtra,Pune,APMC Baramati,soybean,2021,8,8264.71,17.0
Maharashtra,Pune,APMC Baramati,soybean,2021,10,5261.62,702.0
Maharashtra,Pune,APMC Baramati,soybean,2021,12,6281.21,460.0
Maharashtra,Pune,APMC Baramati,soybean,2022,2,6304.85,309.0
Maharashtra,Pune,APMC Baramati,soybean,2022,4,7144.96,247.0
Maharashtra,Pune,APMC Baramati,soybean,2022,5,,544.0
Maharashtra,Pune,APMC Baramati,soybean,2022,6,6150.73,296.0
Maharashtra,Pune,APMC Baramati,soybean,2022,7,,138.0
Maharashtra,Pune,APMC Baramati,soybean,2022,8,5834.79,109.0
Maharashtra,Pune,APMC Baramati,soybean,2022,9,4932.85,65.0
Maharashtra,Pune,APMC Baramati,soybean,2022,10,4889.44,212.0
Maharashtra,Pune,APMC Baramati,soybean,2022,11,5383.34,673.0
Maharashtra,Pune,APMC Baramati,soybean,2022,12,5347.13,239.0
Maharashtra,Pune,APMC Baramati,soybean,2023,1,5258.63,131.0
Maharashtra,Pune,APMC Baramati,soybean,2023,2,5211.95,136.0
Maharashtra,Pune,APMC Baramati,soybean,2023,3,5031.62,136.0
Maharashtra,Pune,APMC Baramati,soybean,2023,4,5041.27,85.0
Maharashtra,Pune,APMC Baramati,soybean,2023,5,4880.12,171.0
Maharashtra,Pune,APMC Baramati,soybean,2023,6,4872.69,104.0
Maharashtra,Pune,APMC Baramati,soybean,2023,7,4812.75,75.0
Maharashtra,Pune,APMC Baramati,soybean,2023,8,4531.67,21.0
Maharashtra,Pune,APMC Baramati,soybean,2023,9,4705.23,26.0
Maharashtra,Pune,APMC Baramati,soybean,2023,10,4535.71,175.0
Maharashtra,Pune,APMC Baramati,soybean,2023,11,4949.07,246.0
Maharashtra,Pune,APMC Baramati,soybean,2023,12,4774.34,47.0
Maharashtra,Pune,APMC Baramati,soybean,2024,1,4576.15,39.0
Maharashtra,Pune,APMC Baramati,soybean,2024,2,4384.68,73.0
Maharashtra,Pune,APMC Baramati,soybean,2024,3,4303.34,36.8
Maharashtra,Pune,APMC Baramati,soybean,2024,5,4421.0,3.8
Maharashtra,Pune,APMC Baramati,soybean,2024,6,4344.18,8.8
Maharashtra,Pune,APMC Baramati,soybean,2024,7,4295.33,21.5
Maharashtra,Pune,APMC Baramati,soybean,2024,8,4221.29,39.6
Maharashtra,Pune,APMC Baramati,soybean,2024,9,4405.04,18.0
Maharashtra,Pune,APMC Baramati,soybean,2024,10,4305.25,231.5
Maharashtra,Pune,APMC Baramati,soybean,2024,11,4141.31,229.8
Maharashtra,Pune,APMC Baramati,soybean,2024,12,4062.06,225.1
Maharashtra,Pune,APMC Baramati,soybean,2025,1,4082.55,192.7
Maharashtra,Pune,APMC Baramati,soybean,2025,2,3976.9,45.6
Maharashtra,Pune,APMC Baramati,soybean,2025,3,3924.61,45.1
Maharashtra,Pune,APMC Baramati,soybean,2025,4,4265.77,62.2
Maharashtra,Pune,APMC Baramati,soybean,2025,5,4263.5,17.6
Maharashtra,Pune,APMC Baramati,soybean,2025,6,4206.89,43.0
Maharashtra,Pune,APMC Baramati,soybean,2025,7,4245.3,30.3
Maharashtra,Pune,APMC Baramati,soybean,2025,8,4592.96,57.1
Maharashtra,Pune,APMC Baramati,soybean,2025,9,4219.38,40.3
Maharashtra,Pune,APMC Baramati,soybean,2025,10,4269.69,111.5
Maharashtra,Pune,APMC Baramati,soybean,2025,11,4445.24,105.0
Maharashtra,Pune,APMC Baramati,soybean,2025,12,4498.49,119.0
Maharashtra,Pune,APMC Baramati,soybean,2026,1,5073.56,63.0
Maharashtra,Pune,APMC Baramati,soybean,2026,2,5237.51,51.9
Maharashtra,Pune,APMC Baramati,soybean,2026,3,5282.03,26.5
Maharashtra,Pune,APMC Baramati,soybean,2026,4,5485.65,17.0
Maharashtra,Pune,APMC Baramati,soybean,2026,5,7231.59,29.2
Maharashtra,Pune,APMC Baramati,soybean,2026,6,6617.57,10.0
Maharashtra,Pune,APMC Baramati,soybean,2026,7,7078.97,
Maharashtra,Pune,APMC Baramati,soybean,2026,8,6792.92,11.3
Maharashtra,Pune,APMC Baramati,soybean,2026,9,5606.48,21.4
Maharashtra,Pune,APMC Baramati,wheat,2019,2,2070.64,57.0
Maharashtra,Pune,APMC Baramati,wheat,2019,4,2049.9,234.0
Maharashtra,Pune,APMC Baramati,wheat,2019,6,2042.17,114.0
Maharashtra,Pune,APMC Baramati,wheat,2019,8,2128.4,173.0
Maharashtra,Pune,APMC Baramati,wheat,2019,10,2110.42,150.0
Maharashtra,Pune,APMC Baramati,wheat,2019,12,2183.71,165.0
Maharashtra,Pune,APMC Baramati,wheat,2020,1,2244.71,148.0
Maharashtra,Pune,APMC Baramati,wheat,2020,2,2092.14,102.0
Maharashtra,Pune,APMC Baramati,wheat,2020,3,1856.72,124.0
Maharashtra,Pune,APMC Baramati,wheat,2020,5,1933.28,96.0
Maharashtra,Pune,APMC Baramati,wheat,2020,6,1820.59,233.0
Maharashtra,Pune,APMC Baramati,wheat,2020,7,1818.25,175.0
Maharashtra,Pune,APMC Baramati,wheat,2020,8,1688.67,199.0
Maharashtra,Pune,APMC Baramati,wheat,2020,9,1534.63,134.0
Maharashtra,Pune,APMC Baramati,wheat,2020,10,1591.48,216.0
Maharashtra,Pune,APMC Baramati,wheat,2020,11,1711.01,227.0
Maharashtra,Pune,APMC Baramati,wheat,2020,12,1632.25,122.0
Maharashtra,Pune,APMC Baramati,wheat,2021,1,1832.56,310.0
Maharashtra,Pune,APMC Baramati,wheat,2021,2,1768.22,445.0
Maharashtra,Pune,APMC Baramati,wheat,2021,3,1797.42,497.0
Maharashtra,Pune,APMC Baramati,wheat,2021,4,1798.47,511.0
Maharashtra,Pune,APMC Baramati,wheat,2021,5,1859.49,337.0
Maharashtra,Pune,APMC Baramati,wheat,2021,6,1767.5,589.0
Maharashtra,Pune,APMC Baramati,wheat,2021,7,1766.21,690.0
Maharashtra,Pune,APMC Baramati,wheat,2021,8,1772.82,665.0
Maharashtra,Pune,APMC Baramati,wheat,2021,9,1829.18,733.0
Maharashtra,Pune,APMC Baramati,wheat,2021,10,1848.71,796.0
Maharashtra,Pune,APMC Baramati,wheat,2021,11,1899.2,614.0
Maharashtra,Pune,APMC Baramati,wheat,2021,12,1998.41,610.0
Maharashtra,Pune,APMC Baramati,wheat,2022,1,2081.11,551.0
Maharashtra,Pune,APMC Baramati,wheat,2022,2,1997.35,493.0
Maharashtra,Pune,APMC Baramati,wheat,2022,3,2192.56,
Maharashtra,Pune,APMC Baramati,wheat,2022,4,2209.47,759.0
Maharashtra,Pune,APMC Baramati,wheat,2022,5,2246.59,474.0
Maharashtra,Pune,APMC Baramati,wheat,2022,6,2162.4,242.0
Maharashtra,Pune,APMC Baramati,wheat,2022,7,,189.0
Maharashtra,Pune,APMC Baramati,wheat,2022,8,2502.9,268.0
Maharashtra,Pune,APMC Baramati,wheat,2022,9,2405.83,188.0
Maharashtra,Pune,APMC Baramati,wheat,2022,10,2392.95,177.0
Maharashtra,Pune,APMC Baramati,wheat,2022,11,2679.34,149.0
Maharashtra,Pune,APMC Baramati,wheat,2022,12,2724.42,199.0
Maharashtra,Pune,APMC Baramati,wheat,2023,1,2796.42,121.0
Maharashtra,Pune,APMC Baramati,wheat,2023,2,2508.56,245.0
Maharashtra,Pune,APMC Baramati,wheat,2023,3,2423.5,670.0
Maharashtra,Pune,APMC Baramati,wheat,2023,4,2610.06,1058.0
Maharashtra,Pune,APMC Baramati,wheat,2023,5,2272.85,469.0
Maharashtra,Pune,APMC Baramati,wheat,2023,6,2271.3,427.0
Maharashtra,Pune,APMC Baramati,wheat,2023,7,2326.03,318.0
Maharashtra,Pune,APMC Baramati,wheat,2023,8,2426.13,474.0
Maharashtra,Pune,APMC Baramati,wheat,2023,9,2472.88,153.0
Maharashtra,Pune,APMC Baramati,wheat,2023,10,2481.58,406.0
Maharashtra,Pune,APMC Baramati,wheat,2023,11,2578.18,292.0
Maharashtra,Pune,APMC Baramati,wheat,2023,12,2508.15,304.0
Maharashtra,Pune,APMC Baramati,wheat,2024,1,2551.34,281.0
Maharashtra,Pune,APMC Baramati,wheat,2024,2,2582.56,370.2
Maharashtra,Pune,APMC Baramati,wheat,2024,3,2664.69,591.7
Maharashtra,Pune,APMC Baramati,wheat,2024,4,2642.27,495.8
Maharashtra,Pune,APMC Baramati,wheat,2024,5,2655.83,257.8
Maharashtra,Pune,APMC Baramati,wheat,2024,6,2541.91,97.1
Maharashtra,Pune,APMC Baramati,wheat,2024,7,2617.47,109.3
Maharashtra,Pune,APMC Baramati,wheat,2024,8,2683.73,173.8
Maharashtra,Pune,APMC Baramati,wheat,2024,9,2765.57,178.5
Maharashtra,Pune,APMC Baramati,wheat,2024,10,2874.21,189.6
Maharashtra,Pune,APMC Baramati,wheat,2024,11,2903.29,179.6
Maharashtra,Pune,APMC Baramati,wheat,2024,12,2889.36,248.8
Maharashtra,Pune,APMC Baramati,wheat,2025,1,3027.6,299.6
Maharashtra,Pune,APMC Baramati,wheat,2025,2,2935.06,329.9
Maharashtra,Pune,APMC Baramati,wheat,2025,3,2639.78,833.4
Maharashtra,Pune,APMC Baramati,wheat,2025,4,2660.07,645.1
Maharashtra,Pune,APMC Baramati,wheat,2025,5,2602.52,404.2
Maharashtra,Pune,APMC Baramati,wheat,2025,6,2590.81,439.0
Maharashtra,Pune,APMC Baramati,wheat,2025,7,2601.85,218.1
Maharashtra,Pune,APMC Baramati,wheat,2025,8,2681.85,247.5
Maharashtra,Pune,APMC Baramati,wheat,2025,9,2621.05,476.9
Maharashtra,Pune,APMC Baramati,wheat,2025,10,2646.92,233.4
Maharashtra,Pune,APMC Baramati,wheat,2025,11,2655.73,100.3
Maharashtra,Pune,APMC Baramati,wheat,2025,12,2690.7,282.1
Maharashtra,Pune,APMC Baramati,wheat,2026,1,2709.91,156.8
Maharashtra,Pune,APMC Baramati,wheat,2026,2,2469.29,272.8
Maharashtra,Pune,APMC Baramati,wheat,2026,3,2350.19,354.4
Maharashtra,Pune,APMC Baramati,wheat,2026,4,2351.99,1378.4
Maharashtra,Pune,APMC Baramati,wheat,2026,5,2464.69,1167.0
Maharashtra,Pune,APMC Baramati,wheat,2026,6,2443.79,843.8
Maharashtra,Pune,APMC Baramati,wheat,2026,7,2607.83,888.3
Maharashtra,Pune,APMC Baramati,wheat,2026,8,2621.77,871.5
Maharashtra,Pune,APMC Baramati,wheat,2026,9,2684.75,726.3
Maharashtra,Pune,APMC Dound,chickpea,2019,2,4200.0,1.0
Maharashtra,Pune,APMC Dound,chickpea,2019,4,4121.43,21.0
Maharashtra,Pune,APMC Dound,chickpea,2019,6,4058.5,6.0
Maharashtra,Pune,APMC Dound,chickpea,2019,8,3983.33,12.0
Maharashtra,Pune,APMC Dound,chickpea,2019,10,3819.75,8.0
Maharashtra,Pune,APMC Dound,chickpea,2019,12,3950.0,2.0
Maharashtra,Pune,APMC Dound,chickpea,2020,1,3712.5,2.0
Maharashtra,Pune,APMC Dound,chickpea,2020,2,3833.33,3.0
Maharashtra,Pune,APMC Dound,chickpea,2020,3,3525.5,2.0
Maharashtra,Pune,APMC Dound,chickpea,2020,5,3861.0,1.0
Maharashtra,Pune,APMC Dound,chickpea,2020,6,4350.33,3.0
Maharashtra,Pune,APMC Dound,chickpea,2020,7,4000.0,3.0
Maharashtra,Pune,APMC Dound,chickpea,2020,9,3675.0,4.0
Maharashtra,Pune,APMC Dound,chickpea,2020,10,4883.67,3.0
Maharashtra,Pune,APMC Dound,chickpea,2020,11,3900.0,3.0
Maharashtra,Pune,APMC Dound,chickpea,2021,2,4000.0,1.0
Maharashtra,Pune,APMC Dound,chickpea,2021,3,4366.67,3.0
Maharashtra,Pune,APMC Dound,chickpea,2021,4,4685.71,7.0
Maharashtra,Pune,APMC Dound,chickpea,2021,5,4693.29,7.0
Maharashtra,Pune,APMC Dound,chickpea,2021,6,4200.0,6.0
Maharashtra,Pune,APMC Dound,chickpea,2021,7,4087.5,4.0
Maharashtra,Pune,APMC Dound,chickpea,2021,8,4000.0,4.0
Maharashtra,Pune,APMC Dound,chickpea,2021,9,4300.33,3.0
Maharashtra,Pune,APMC Dound,chickpea,2021,10,4866.67,6.0
Maharashtra,Pune,APMC Dound,chickpea,2022,1,4550.0,1.0
Maharashtra,Pune,APMC Dound,chickpea,2022,2,4925.5,2.0
Maharashtra,Pune,APMC Dound,chickpea,2022,3,4237.5,2.0
Maharashtra,Pune,APMC Dound,chickpea,2022,4,4336.29,7.0
Maharashtra,Pune,APMC Dound,chickpea,2022,5,4233.33,3.0
Maharashtra,Pune,APMC Dound,chickpea,2022,6,4100.0,5.0
Maharashtra,Pune,APMC Dound,chickpea,2022,7,4387.5,2.0
Maharashtra,Pune,APMC Dound,chickpea,2022,8,4675.0,4.0
Maharashtra,Pune,APMC Dound,chickpea,2022,12,4366.67,3.0
Maharashtra,Pune,APMC Dound,chickpea,2023,3,4751.0,2.0
Maharashtra,Pune,APMC Dound,chickpea,2023,4,4500.0,2.0
Maharashtra,Pune,APMC Dound,chickpea,2023,5,4400.0,2.0
Maharashtra,Pune,APMC Dound,chickpea,2023,6,5316.83,6.0
Maharashtra,Pune,APMC Dound,chickpea,2023,7,4251.0,1.0
Maharashtra,Pune,APMC Dound,chickpea,2023,8,4550.0,2.0
Maharashtra,Pune,APMC Dound,chickpea,2023,9,5725.5,1.0
Maharashtra,Pune,APMC Dound,chickpea,2023,10,4800.0,1.0
Maharashtra,Pune,APMC Dound,chickpea,2023,11,4500.0,3.0
Maharashtra,Pune,APMC Dound,chickpea,2024,2,5822.91,1.1
Maharashtra,Pune,APMC Dound,chickpea,2024,3,5271.88,1.6
Maharashtra,Pune,APMC Dound,chickpea,2024,4,5727.08,1.3
Maharashtra,Pune,APMC Dound,chickpea,2024,5,5666.94,1.8
Maharashtra,Pune,APMC Dound,chickpea,2024,6,5945.64,2.2
Maharashtra,Pune,APMC Dound,chickpea,2024,7,6181.63,2.7
Maharashtra,Pune,APMC Dound,chickpea,2024,8,6426.1,1.0
Maharashtra,Pune,APMC Dound,chickpea,2024,9,5625.0,1.2
Maharashtra,Pune,APMC Dound,chickpea,2024,10,6854.82,1.1
Maharashtra,Pune,APMC Dound,chickpea,2024,11,4000.0,0.1
Maharashtra,Pune,APMC Dound,chickpea,2024,12,4322.22,0.9
Maharashtra,Pune,APMC Dound,chickpea,2025,1,4036.11,1.8
Maharashtra,Pune,APMC Dound,chickpea,2025,3,3300.0,0.2
Maharashtra,Pune,APMC Dound,chickpea,2025,4,5425.53,4.7
Maharashtra,Pune,APMC Dound,chickpea,2025,5,5305.6,2.0
Maharashtra,Pune,APMC Dound,chickpea,2025,6,5261.8,0.5
Maharashtra,Pune,APMC Dound,chickpea,2025,7,4791.11,0.9
Maharashtra,Pune,APMC Dound,chickpea,2025,8,5318.75,1.0
Maharashtra,Pune,APMC Dound,chickpea,2025,9,4617.33,0.3
Maharashtra,Pune,APMC Dound,chickpea,2025,10,4000.0,0.2
Maharashtra,Pune,APMC Dound,chickpea,2025,11,4000.0,0.1
Maharashtra,Pune,APMC Dound,chickpea,2026,1,4600.0,0.1
Maharashtra,Pune,APMC Dound,chickpea,2026,2,4000.0,0.1
Maharashtra,Pune,APMC Dound,chickpea,2026,3,4900.0,9.3
Maharashtra,Pune,APMC Dound,chickpea,2026,6,4607.69,1.3
Maharashtra,Pune,APMC Dound,chickpea,2026,7,5400.0,0.1
Maharashtra,Pune,APMC Dound,chickpea,2026,8,5800.0,0.2
Maharashtra,Pune,APMC Dound,chickpea,2026,9,5100.0,0.2
Maharashtra,Pune,APMC Dound,maize,2019,6,2083.33,3.0
Maharashtra,Pune,APMC Dound,maize,2019,12,1797.05,11.0
Maharashtra,Pune,APMC Dound,maize,2020,1,1782.91,11.0
Maharashtra,Pune,APMC Dound,maize,2020,2,1844.38,8.0
Maharashtra,Pune,APMC Dound,maize,2020,3,1560.4,5.0
Maharashtra,Pune,APMC Dound,maize,2020,5,1900.0,1.0
Maharashtra,Pune,APMC Dound,maize,2020,6,1318.5,4.0
Maharashtra,Pune,APMC Dound,maize,2020,7,1323.07,7.0
Maharashtra,Pune,APMC Dound,maize,2020,8,1294.25,4.0
Maharashtra,Pune,APMC Dound,maize,2020,9,1141.0,2.0
Maharashtra,Pune,APMC Dound,maize,2020,10,1100.0,1.0
Maharashtra,Pune,APMC Dound,maize,2020,11,1308.43,7.0
Maharashtra,Pune,APMC Dound,maize,2020,12,1250.0,1.0
Maharashtra,Pune,APMC Dound,maize,2021,1,1332.0,4.0
Maharashtra,Pune,APMC Dound,maize,2021,2,1370.0,5.0
Maharashtra,Pune,APMC Dound,maize,2021,4,1312.75,4.0
Maharashtra,Pune,APMC Dound,maize,2021,6,1400.0,1.0
Maharashtra,Pune,APMC Dound,maize,2021,8,1850.0,1.0
Maharashtra,Pune,APMC Dound,maize,2021,10,1718.56,18.0
Maharashtra,Pune,APMC Dound,maize,2021,11,1693.0,9.0
Maharashtra,Pune,APMC Dound,maize,2021,12,1750.0,3.0
Maharashtra,Pune,APMC Dound,maize,2022,4,2250.0,1.0
Maharashtra,Pune,APMC Dound,maize,2022,5,2299.0,2.0
Maharashtra,Pune,APMC Dound,maize,2022,6,2200.0,1.0
Maharashtra,Pune,APMC Dound,maize,2022,8,2400.0,
Maharashtra,Pune,APMC Dound,maize,2022,10,2043.75,8.0
Maharashtra,Pune,APMC Dound,maize,2023,1,2130.0,6.0
Maharashtra,Pune,APMC Dound,maize,2023,3,2300.0,
Maharashtra,Pune,APMC Dound,maize,2023,4,2333.33,3.0
Maharashtra,Pune,APMC Dound,maize,2023,6,,13.0
Maharashtra,Pune,APMC Dound,maize,2023,8,2000.0,2.0
Maharashtra,Pune,APMC Dound,maize,2023,10,2212.5,4.0
Maharashtra,Pune,APMC Dound,maize,2023,12,2140.4,5.0
Maharashtra,Pune,APMC Dound,maize,2024,1,,3.0
Maharashtra,Pune,APMC Dound,maize,2024,2,2200.0,0.4
Maharashtra,Pune,APMC Dound,maize,2024,3,,3.1
Maharashtra,Pune,APMC Dound,maize,2024,4,2131.25,0.4
Maharashtra,Pune,APMC Dound,maize,2024,5,,1.3
Maharashtra,Pune,APMC Dound,maize,2024,6,2175.5,1.6
Maharashtra,Pune,APMC Dound,maize,2024,7,1975.0,1.2
Maharashtra,Pune,APMC Dound,maize,2024,8,2416.67,1.2
Maharashtra,Pune,APMC Dound,maize,2024,9,2066.67,0.3
Maharashtra,Pune,APMC Dound,maize,2024,10,2207.14,0.7
Maharashtra,Pune,APMC Dound,maize,2024,11,2073.61,3.6
Maharashtra,Pune,APMC Dound,maize,2024,12,2029.17,1.2
Maharashtra,Pune,APMC Dound,maize,2025,1,2408.33,0.6
Maharashtra,Pune,APMC Dound,maize,2025,2,2200.11,0.9
Maharashtra,Pune,APMC Dound,maize,2025,3,2170.0,1.0
Maharashtra,Pune,APMC Dound,maize,2025,4,2796.67,1.2
Maharashtra,Pune,APMC Dound,maize,2025,5,2110.0,1.5
Maharashtra,Pune,APMC Dound,maize,2025,6,2080.25,2.0
Maharashtra,Pune,APMC Dound,maize,2025,7,2007.14,1.4
Maharashtra,Pune,APMC Dound,maize,2025,8,2200.0,0.4
Maharashtra,Pune,APMC Dound,maize,2025,9,2202.17,2.3
Maharashtra,Pune,APMC Dound,maize,2025,10,2055.41,4.1
Maharashtra,Pune,APMC Dound,maize,2025,11,1719.27,4.8
Maharashtra,Pune,APMC Dound,maize,2025,12,1713.1,2.1
Maharashtra,Pune,APMC Dound,maize,2026,1,2758.4,0.5
Maharashtra,Pune,APMC Dound,maize,2026,2,1692.86,0.7
Maharashtra,Pune,APMC Dound,maize,2026,3,1750.0,2.8
Maharashtra,Pune,APMC Dound,maize,2026,6,1865.0,2.5
Maharashtra,Pune,APMC Dound,maize,2026,7,2100.5,0.2
Maharashtra,Pune,APMC Dound,maize,2026,8,2250.0,0.5
Maharashtra,Pune,APMC Dound,onion,2019,2,413.48,89.0
Maharashtra,Pune,APMC Dound,pearl_millet,2019,2,1800.0,1.0
Maharashtra,Pune,APMC Dound,pearl_millet,2019,4,2250.0,2.0
Maharashtra,Pune,APMC Dound,pearl_millet,2019,6,2275.0,3.0
Maharashtra,Pune,APMC Dound,pearl_millet,2019,8,2484.67,3.0
Maharashtra,Pune,APMC Dound,pearl_millet,2019,10,1988.0,25.0
Maharashtra,Pune,APMC Dound,pearl_millet,2019,12,2104.38,29.0
Maharashtra,Pune,APMC Dound,pearl_millet,2020,1,2078.57,28.0
Maharashtra,Pune,APMC Dound,pearl_millet,2020,2,1931.25,16.0
Maharashtra,Pune,APMC Dound,pearl_millet,2020,3,1971.43,7.0
Maharashtra,Pune,APMC Dound,pearl_millet,2020,4,1886.0,2.0
Maharashtra,Pune,APMC Dound,pearl_millet,2020,5,2060.0,5.0
Maharashtra,Pune,APMC Dound,pearl_millet,2020,6,1994.25,8.0
Maharashtra,Pune,APMC Dound,pearl_millet,2020,7,1441.38,8.0
Maharashtra,Pune,APMC Dound,pearl_millet,2020,8,1369.39,18.0
Maharashtra,Pune,APMC Dound,pearl_millet,2020,9,1378.85,26.0
Maharashtra,Pune,APMC Dound,pearl_millet,2020,10,1350.06,17.0
Maharashtra,Pune,APMC Dound,pearl_millet,2020,11,1435.71,21.0
Maharashtra,Pune,APMC Dound,pearl_millet,2020,12,1407.89,19.0
Maharashtra,Pune,APMC Dound,pearl_millet,2021,1,1450.14,21.0
Maharashtra,Pune,APMC Dound,pearl_millet,2021,2,1481.1,21.0
Maharashtra,Pune,APMC Dound,pearl_millet,2021,3,1623.44,16.0
Maharashtra,Pune,APMC Dound,pearl_millet,2021,4,1644.44,9.0
Maharashtra,Pune,APMC Dound,pearl_millet,2021,5,1590.25,4.0
Maharashtra,Pune,APMC Dound,pearl_millet,2021,6,1439.29,7.0
Maharashtra,Pune,APMC Dound,pearl_millet,2021,7,1587.92,12.0
Maharashtra,Pune,APMC Dound,pearl_millet,2021,8,1577.08,13.0
Maharashtra,Pune,APMC Dound,pearl_millet,2021,9,1573.88,26.0
Maharashtra,Pune,APMC Dound,pearl_millet,2021,10,1685.0,10.0
Maharashtra,Pune,APMC Dound,pearl_millet,2021,11,1928.92,13.0
Maharashtra,Pune,APMC Dound,pearl_millet,2021,12,1965.86,7.0
Maharashtra,Pune,APMC Dound,pearl_millet,2022,1,1857.14,7.0
Maharashtra,Pune,APMC Dound,pearl_millet,2022,2,2075.33,3.0
Maharashtra,Pune,APMC Dound,pearl_millet,2022,3,1954.55,11.0
Maharashtra,Pune,APMC Dound,pearl_millet,2022,4,2362.5,8.0
Maharashtra,Pune,APMC Dound,pearl_millet,2022,5,2300.0,2.0
Maharashtra,Pune,APMC Dound,pearl_millet,2022,6,2300.0,4.0
Maharashtra,Pune,APMC Dound,pearl_millet,2022,7,1850.12,8.0
Maharashtra,Pune,APMC Dound,pearl_millet,2022,8,2450.0,6.0
Maharashtra,Pune,APMC Dound,pearl_millet,2022,9,2275.0,8.0
Maharashtra,Pune,APMC Dound,pearl_millet,2022,10,1809.69,13.0
Maharashtra,Pune,APMC Dound,pearl_millet,2022,11,2045.64,22.0
Maharashtra,Pune,APMC Dound,pearl_millet,2022,12,1664.25,20.0
Maharashtra,Pune,APMC Dound,pearl_millet,2023,1,2094.29,7.0
Maharashtra,Pune,APMC Dound,pearl_millet,2023,2,1975.0,8.0
Maharashtra,Pune,APMC Dound,pearl_millet,2023,3,2213.64,
Maharashtra,Pune,APMC Dound,pearl_millet,2023,4,2166.67,
Maharashtra,Pune,APMC Dound,pearl_millet,2023,5,2133.33,6.0
Maharashtra,Pune,APMC Dound,pearl_millet,2023,6,2116.67,3.0
Maharashtra,Pune,APMC Dound,pearl_millet,2023,7,2033.33,3.0
Maharashtra,Pune,APMC Dound,pearl_millet,2023,8,2108.33,3.0
Maharashtra,Pune,APMC Dound,pearl_millet,2023,9,2235.5,8.0
Maharashtra,Pune,APMC Dound,pearl_millet,2023,10,2278.12,8.0
Maharashtra,Pune,APMC Dound,pearl_millet,2023,11,2282.14,7.0
Maharashtra,Pune,APMC Dound,pearl_millet,2023,12,2451.0,6.0
Maharashtra,Pune,APMC Dound,pearl_millet,2024,1,2575.0,
Maharashtra,Pune,APMC Dound,pearl_millet,2024,2,2520.4,
Maharashtra,Pune,APMC Dound,pearl_millet,2024,3,2406.65,
Maharashtra,Pune,APMC Dound,pearl_millet,2024,4,2503.47,1.9
Maharashtra,Pune,APMC Dound,pearl_millet,2024,5,2466.46,
Maharashtra,Pune,APMC Dound,pearl_millet,2024,6,2250.58,7.3
Maharashtra,Pune,APMC Dound,pearl_millet,2024,7,2275.83,7.2
Maharashtra,Pune,APMC Dound,pearl_millet,2024,8,2349.8,10.1
Maharashtra,Pune,APMC Dound,pearl_millet,2024,9,2429.99,8.5
Maharashtra,Pune,APMC Dound,pearl_millet,2024,10,2454.8,12.5
Maharashtra,Pune,APMC Dound,pearl_millet,2024,11,2675.51,4.9
Maharashtra,Pune,APMC Dound,pearl_millet,2024,12,2705.5,10.0
Maharashtra,Pune,APMC Dound,pearl_millet,2025,1,2628.95,
Maharashtra,Pune,APMC Dound,pearl_millet,2025,2,2489.29,3.5
Maharashtra,Pune,APMC Dound,pearl_millet,2025,3,,2.9
Maharashtra,Pune,APMC Dound,pearl_millet,2025,4,2449.43,4.4
Maharashtra,Pune,APMC Dound,pearl_millet,2025,5,,0.9
Maharashtra,Pune,APMC Dound,pearl_millet,2025,6,2132.16,4.1
Maharashtra,Pune,APMC Dound,pearl_millet,2025,7,2620.73,2.2
Maharashtra,Pune,APMC Dound,pearl_millet,2025,8,2345.27,3.0
Maharashtra,Pune,APMC Dound,pearl_millet,2025,9,2558.74,10.3
Maharashtra,Pune,APMC Dound,pearl_millet,2025,10,2698.49,15.8
Maharashtra,Pune,APMC Dound,pearl_millet,2025,11,2488.55,8.3
Maharashtra,Pune,APMC Dound,pearl_millet,2025,12,2666.67,0.6
Maharashtra,Pune,APMC Dound,pearl_millet,2026,1,2529.41,1.7
Maharashtra,Pune,APMC Dound,pearl_millet,2026,2,2400.0,1.5
Maharashtra,Pune,APMC Dound,pearl_millet,2026,3,2833.59,12.8
Maharashtra,Pune,APMC Dound,pearl_millet,2026,6,2014.37,1.6
Maharashtra,Pune,APMC Dound,pearl_millet,2026,7,2350.5,0.2
Maharashtra,Pune,APMC Dound,pearl_millet,2026,8,2351.0,0.5
Maharashtra,Pune,APMC Dound,pearl_millet,2026,9,2725.0,0.2
Maharashtra,Pune,APMC Dound,pigeon_pea,2020,3,4300.0,1.0
Maharashtra,Pune,APMC Dound,pigeon_pea,2020,11,3881.5,
Maharashtra,Pune,APMC Dound,pigeon_pea,2020,12,4000.0,3.0
Maharashtra,Pune,APMC Dound,pigeon_pea,2021,2,,3.0
Maharashtra,Pune,APMC Dound,pigeon_pea,2021,3,5900.0,1.0
Maharashtra,Pune,APMC Dound,pigeon_pea,2021,5,5801.0,1.0
Maharashtra,Pune,APMC Dound,pigeon_pea,2021,12,4900.0,2.0
Maharashtra,Pune,APMC Dound,pigeon_pea,2022,1,,2.0
Maharashtra,Pune,APMC Dound,pigeon_pea,2022,7,5400.0,1.0
Maharashtra,Pune,APMC Dound,pigeon_pea,2023,2,6750.0,1.0
Maharashtra,Pune,APMC Dound,pigeon_pea,2024,1,8400.0,1.0
Maharashtra,Pune,APMC Dound,pigeon_pea,2024,2,6700.0,0.1
Maharashtra,Pune,APMC Dound,pigeon_pea,2024,4,7400.0,0.1
Maharashtra,Pune,APMC Dound,pigeon_pea,2024,6,7200.0,0.1
Maharashtra,Pune,APMC Dound,pigeon_pea,2024,12,6750.0,0.4
Maharashtra,Pune,APMC Dound,pigeon_pea,2025,1,5950.0,0.4
Maharashtra,Pune,APMC Dound,pigeon_pea,2025,3,6050.0,0.2
Maharashtra,Pune,APMC Dound,pigeon_pea,2025,4,5100.0,0.1
Maharashtra,Pune,APMC Dound,pigeon_pea,2025,6,5600.0,0.2
Maharashtra,Pune,APMC Dound,pigeon_pea,2026,1,6266.67,0.9
Maharashtra,Pune,APMC Dound,pigeon_pea,2026,2,7200.0,1.2
Maharashtra,Pune,APMC Dound,pigeon_pea,2026,3,6700.0,3.7
Maharashtra,Pune,APMC Dound,sorghum,2019,2,2900.0,5.0
Maharashtra,Pune,APMC Dound,sorghum,2019,4,3700.0,15.0
Maharashtra,Pune,APMC Dound,sorghum,2019,6,2566.67,3.0
Maharashtra,Pune,APMC Dound,sorghum,2019,8,3300.0,6.0
Maharashtra,Pune,APMC Dound,sorghum,2019,10,3000.0,2.0
Maharashtra,Pune,APMC Dound,sorghum,2019,12,3283.44,9.0
Maharashtra,Pune,APMC Dound,sorghum,2020,1,3392.0,6.0
Maharashtra,Pune,APMC Dound,sorghum,2020,2,2700.0,8.0
Maharashtra,Pune,APMC Dound,sorghum,2020,3,2633.33,3.0
Maharashtra,Pune,APMC Dound,sorghum,2020,4,4000.0,2.0
Maharashtra,Pune,APMC Dound,sorghum,2020,6,2563.25,4.0
Maharashtra,Pune,APMC Dound,sorghum,2020,7,3000.0,4.0
Maharashtra,Pune,APMC Dound,sorghum,2020,8,2275.0,4.0
Maharashtra,Pune,APMC Dound,sorghum,2020,9,2333.33,3.0
Maharashtra,Pune,APMC Dound,sorghum,2021,2,1400.0,4.0
Maharashtra,Pune,APMC Dound,sorghum,2021,3,2583.33,6.0
Maharashtra,Pune,APMC Dound,sorghum,2021,4,1870.0,10.0
Maharashtra,Pune,APMC Dound,sorghum,2021,5,1866.67,9.0
Maharashtra,Pune,APMC Dound,sorghum,2021,6,1825.0,15.0
Maharashtra,Pune,APMC Dound,sorghum,2021,7,1601.33,12.0
Maharashtra,Pune,APMC Dound,sorghum,2021,8,1402.0,10.0
Maharashtra,Pune,APMC Dound,sorghum,2021,9,1417.46,13.0
Maharashtra,Pune,APMC Dound,sorghum,2021,10,1512.5,20.0
Maharashtra,Pune,APMC Dound,sorghum,2021,11,1470.83,6.0
Maharashtra,Pune,APMC Dound,sorghum,2021,12,1472.5,6.0
Maharashtra,Pune,APMC Dound,sorghum,2022,1,1537.0,5.0
Maharashtra,Pune,APMC Dound,sorghum,2022,2,1605.0,5.0
Maharashtra,Pune,APMC Dound,sorghum,2022,3,1818.18,11.0
Maharashtra,Pune,APMC Dound,sorghum,2022,5,1675.0,3.0
Maharashtra,Pune,APMC Dound,sorghum,2022,6,1568.75,16.0
Maharashtra,Pune,APMC Dound,sorghum,2022,7,1650.56,18.0
Maharashtra,Pune,APMC Dound,sorghum,2022,8,1776.78,9.0
Maharashtra,Pune,APMC Dound,sorghum,2022,9,1535.71,7.0
Maharashtra,Pune,APMC Dound,sorghum,2022,10,1460.0,5.0
Maharashtra,Pune,APMC Dound,sorghum,2023,3,3500.0,5.0
Maharashtra,Pune,APMC Dound,sorghum,2023,5,3325.0,4.0
Maharashtra,Pune,APMC Dound,sorghum,2023,6,3270.0,5.0
Maharashtra,Pune,APMC Dound,sorghum,2023,8,3700.0,1.0
Maharashtra,Pune,APMC Dound,sorghum,2024,2,2700.0,0.6
Maharashtra,Pune,APMC Dound,sorghum,2024,3,3199.04,5.2
Maharashtra,Pune,APMC Dound,sorghum,2024,4,3638.1,2.1
Maharashtra,Pune,APMC Dound,sorghum,2024,5,2569.73,4.1
Maharashtra,Pune,APMC Dound,sorghum,2024,6,2705.56,1.8
Maharashtra,Pune,APMC Dound,sorghum,2024,7,2461.54,1.3
Maharashtra,Pune,APMC Dound,sorghum,2024,8,2017.0,0.3
Maharashtra,Pune,APMC Dound,sorghum,2024,9,2137.75,0.8
Maharashtra,Pune,APMC Dound,sorghum,2024,10,3509.17,0.6
Maharashtra,Pune,APMC Dound,sorghum,2024,11,1933.33,0.3
Maharashtra,Pune,APMC Dound,sorghum,2024,12,2581.25,0.4
Maharashtra,Pune,APMC Dound,sorghum,2025,1,2330.0,1.0
Maharashtra,Pune,APMC Dound,sorghum,2025,2,2070.33,0.3
Maharashtra,Pune,APMC Dound,sorghum,2025,3,2450.0,0.2
Maharashtra,Pune,APMC Dound,sorghum,2025,4,2462.85,2.0
Maharashtra,Pune,APMC Dound,sorghum,2025,5,2657.14,
Maharashtra,Pune,APMC Dound,sorghum,2025,6,2900.0,0.1
Maharashtra,Pune,APMC Dound,sorghum,2025,7,2525.0,0.1
Maharashtra,Pune,APMC Dound,sorghum,2025,10,,0.2
Maharashtra,Pune,APMC Dound,sorghum,2026,3,3900.0,30.3
Maharashtra,Pune,APMC Dound,sorghum,2026,6,2800.0,0.7
Maharashtra,Pune,APMC Dound,sorghum,2026,7,3220.2,0.5
Maharashtra,Pune,APMC Dound,sorghum,2026,9,2010.0,0.1
Maharashtra,Pune,APMC Dound,soybean,2021,2,4200.0,1.0
Maharashtra,Pune,APMC Dound,wheat,2019,2,2069.09,44.0
Maharashtra,Pune,APMC Dound,wheat,2019,4,1922.27,348.0
Maharashtra,Pune,APMC Dound,wheat,2019,6,1954.84,91.0
Maharashtra,Pune,APMC Dound,wheat,2019,8,2075.31,134.0
Maharashtra,Pune,APMC Dound,wheat,2019,10,2057.31,150.0
Maharashtra,Pune,APMC Dound,wheat,2019,12,2099.59,184.0
Maharashtra,Pune,APMC Dound,wheat,2020,1,2183.51,188.0
Maharashtra,Pune,APMC Dound,wheat,2020,2,2111.76,153.0
Maharashtra,Pune,APMC Dound,wheat,2020,3,1935.61,139.0
Maharashtra,Pune,APMC Dound,wheat,2020,4,1837.72,167.0
Maharashtra,Pune,APMC Dound,wheat,2020,5,1790.09,58.0
Maharashtra,Pune,APMC Dound,wheat,2020,6,1850.53,94.0
Maharashtra,Pune,APMC Dound,wheat,2020,7,1774.52,104.0
Maharashtra,Pune,APMC Dound,wheat,2020,8,1675.31,113.0
Maharashtra,Pune,APMC Dound,wheat,2020,9,1549.42,130.0
Maharashtra,Pune,APMC Dound,wheat,2020,10,1552.09,69.0
Maharashtra,Pune,APMC Dound,wheat,2020,11,1582.92,144.0
Maharashtra,Pune,APMC Dound,wheat,2020,12,1566.79,106.0
Maharashtra,Pune,APMC Dound,wheat,2021,1,1765.25,100.0
Maharashtra,Pune,APMC Dound,wheat,2021,2,1700.35,85.0
Maharashtra,Pune,APMC Dound,wheat,2021,3,1801.74,167.0
Maharashtra,Pune,APMC Dound,wheat,2021,4,1771.96,225.0
Maharashtra,Pune,APMC Dound,wheat,2021,5,1776.1,114.0
Maharashtra,Pune,APMC Dound,wheat,2021,6,1706.4,86.0
Maharashtra,Pune,APMC Dound,wheat,2021,7,1688.41,104.0
Maharashtra,Pune,APMC Dound,wheat,2021,8,1723.79,103.0
Maharashtra,Pune,APMC Dound,wheat,2021,9,1768.2,114.0
Maharashtra,Pune,APMC Dound,wheat,2021,10,1776.1,118.0
Maharashtra,Pune,APMC Dound,wheat,2021,11,1826.11,113.0
Maharashtra,Pune,APMC Dound,wheat,2021,12,1843.6,125.0
Maharashtra,Pune,APMC Dound,wheat,2022,1,1894.14,58.0
Maharashtra,Pune,APMC Dound,wheat,2022,2,1910.89,73.0
Maharashtra,Pune,APMC Dound,wheat,2022,3,2074.55,
Maharashtra,Pune,APMC Dound,wheat,2022,4,2201.77,113.0
Maharashtra,Pune,APMC Dound,wheat,2022,5,2184.21,57.0
Maharashtra,Pune,APMC Dound,wheat,2022,6,2141.22,37.0
Maharashtra,Pune,APMC Dound,wheat,2022,7,,48.0
Maharashtra,Pune,APMC Dound,wheat,2022,8,2313.24,34.0
Maharashtra,Pune,APMC Dound,wheat,2022,9,2257.36,14.0
Maharashtra,Pune,APMC Dound,wheat,2022,10,2366.0,25.0
Maharashtra,Pune,APMC Dound,wheat,2022,11,2540.19,27.0
Maharashtra,Pune,APMC Dound,wheat,2022,12,2524.58,24.0
Maharashtra,Pune,APMC Dound,wheat,2023,1,2699.0,21.0
Maharashtra,Pune,APMC Dound,wheat,2023,2,2552.63,19.0
Maharashtra,Pune,APMC Dound,wheat,2023,3,2254.66,220.0
Maharashtra,Pune,APMC Dound,wheat,2023,4,2305.46,293.0
Maharashtra,Pune,APMC Dound,wheat,2023,5,2262.96,81.0
Maharashtra,Pune,APMC Dound,wheat,2023,6,2314.89,47.0
Maharashtra,Pune,APMC Dound,wheat,2023,7,2328.34,67.0
Maharashtra,Pune,APMC Dound,wheat,2023,8,2426.73,62.0
Maharashtra,Pune,APMC Dound,wheat,2023,9,2406.67,45.0
Maharashtra,Pune,APMC Dound,wheat,2023,10,2505.0,80.0
Maharashtra,Pune,APMC Dound,wheat,2023,11,2628.19,43.0
Maharashtra,Pune,APMC Dound,wheat,2023,12,2571.43,49.0
Maharashtra,Pune,APMC Dound,wheat,2024,1,2618.55,62.0
Maharashtra,Pune,APMC Dound,wheat,2024,2,2593.24,37.0
Maharashtra,Pune,APMC Dound,wheat,2024,3,2647.9,181.0
Maharashtra,Pune,APMC Dound,wheat,2024,4,2719.37,72.8
Maharashtra,Pune,APMC Dound,wheat,2024,5,2755.9,55.1
Maharashtra,Pune,APMC Dound,wheat,2024,6,2715.98,24.1
Maharashtra,Pune,APMC Dound,wheat,2024,7,2655.46,46.7
Maharashtra,Pune,APMC Dound,wheat,2024,8,2705.65,20.3
Maharashtra,Pune,APMC Dound,wheat,2024,9,2768.91,37.4
Maharashtra,Pune,APMC Dound,wheat,2024,10,2787.29,18.1
Maharashtra,Pune,APMC Dound,wheat,2024,11,2792.43,15.2
Maharashtra,Pune,APMC Dound,wheat,2024,12,2846.27,20.1
Maharashtra,Pune,APMC Dound,wheat,2025,1,2878.91,23.0
Maharashtra,Pune,APMC Dound,wheat,2025,2,2901.69,11.8
Maharashtra,Pune,APMC Dound,wheat,2025,3,2722.33,89.1
Maharashtra,Pune,APMC Dound,wheat,2025,4,2736.42,137.0
Maharashtra,Pune,APMC Dound,wheat,2025,5,2680.35,45.8
Maharashtra,Pune,APMC Dound,wheat,2025,6,2500.21,31.3
Maharashtra,Pune,APMC Dound,wheat,2025,7,2521.84,27.7
Maharashtra,Pune,APMC Dound,wheat,2025,8,2612.6,35.8
Maharashtra,Pune,APMC Dound,wheat,2025,9,2566.91,13.6
Maharashtra,Pune,APMC Dound,wheat,2025,10,2609.58,40.3
Maharashtra,Pune,APMC Dound,wheat,2025,11,2617.96,12.3
Maharashtra,Pune,APMC Dound,wheat,2025,12,2670.0,5.0
Maharashtra,Pune,APMC Dound,wheat,2026,1,2742.97,12.8
Maharashtra,Pune,APMC Dound,wheat,2026,2,2646.94,9.8
Maharashtra,Pune,APMC Dound,wheat,2026,3,2473.36,88.4
Maharashtra,Pune,APMC Dound,wheat,2026,5,2300.0,1.5
Maharashtra,Pune,APMC Dound,wheat,2026,6,2375.07,54.8
Maharashtra,Pune,APMC Dound,wheat,2026,7,2526.66,42.2
Maharashtra,Pune,APMC Dound,wheat,2026,8,2594.6,21.0
Maharashtra,Pune,APMC Dound,wheat,2026,9,2580.45,13.3
Maharashtra,Pune,APMC Indapur,chickpea,2020,3,3351.0,2.0
Maharashtra,Pune,APMC Indapur,chickpea,2020,5,3611.0,2.0
Maharashtra,Pune,APMC Indapur,chickpea,2021,2,4351.0,1.0
Maharashtra,Pune,APMC Indapur,chickpea,2021,5,4651.0,4.0
Maharashtra,Pune,APMC Indapur,chickpea,2021,6,4534.0,12.0
Maharashtra,Pune,APMC Indapur,chickpea,2022,3,4334.23,22.0
Maharashtra,Pune,APMC Indapur,chickpea,2022,4,4526.66,48.0
Maharashtra,Pune,APMC Indapur,chickpea,2022,6,4000.0,1.0
Maharashtra,Pune,APMC Indapur,chickpea,2022,8,4250.0,2.0
Maharashtra,Pune,APMC Indapur,chickpea,2022,9,3874.4,5.0
Maharashtra,Pune,APMC Indapur,chickpea,2022,10,4055.5,2.0
Maharashtra,Pune,APMC Indapur,chickpea,2022,11,4175.5,2.0
Maharashtra,Pune,APMC Indapur,chickpea,2023,3,4165.1,10.0
Maharashtra,Pune,APMC Indapur,chickpea,2024,4,5300.0,5.2
Maharashtra,Pune,APMC Indapur,chickpea,2024,11,5800.0,0.2
Maharashtra,Pune,APMC Indapur,chickpea,2025,3,5000.0,16.4
Maharashtra,Pune,APMC Indapur,chickpea,2025,4,5000.0,1.0
Maharashtra,Pune,APMC Indapur,chickpea,2026,5,4800.0,5.0
Maharashtra,Pune,APMC Indapur,chickpea,2026,8,5317.65,3.4
Maharashtra,Pune,APMC Indapur,chickpea,2026,9,5052.38,2.1
Maharashtra,Pune,APMC Indapur,groundnut,2020,5,4875.0,13.0
Maharashtra,Pune,APMC Indapur,groundnut,2021,1,4000.0,1.0
Maharashtra,Pune,APMC Indapur,groundnut,2021,5,4900.0,16.0
Maharashtra,Pune,APMC Indapur,groundnut,2021,6,4700.0,21.0
Maharashtra,Pune,APMC Indapur,groundnut,2022,3,5100.0,1.0
Maharashtra,Pune,APMC Indapur,groundnut,2022,8,5608.86,7.0
Maharashtra,Pune,APMC Indapur,groundnut,2022,9,6300.0,2.0
Maharashtra,Pune,APMC Indapur,groundnut,2022,10,5767.0,3.0
Maharashtra,Pune,APMC Indapur,groundnut,2022,11,5400.0,
Maharashtra,Pune,APMC Indapur,groundnut,2022,12,2088.41,
Maharashtra,Pune,APMC Indapur,groundnut,2023,1,4500.0,
Maharashtra,Pune,APMC Indapur,groundnut,2025,4,5000.0,0.1
Maharashtra,Pune,APMC Indapur,groundnut,2026,5,6000.0,0.5
Maharashtra,Pune,APMC Indapur,groundnut,2026,8,6226.67,1.5
Maharashtra,Pune,APMC Indapur,groundnut,2026,9,7400.0,0.5
Maharashtra,Pune,APMC Indapur,maize,2020,3,1621.0,49.0
Maharashtra,Pune,APMC Indapur,maize,2020,5,1315.93,282.0
Maharashtra,Pune,APMC Indapur,maize,2021,5,1661.0,
Maharashtra,Pune,APMC Indapur,maize,2021,6,1718.56,95.0
Maharashtra,Pune,APMC Indapur,maize,2021,11,1751.0,500.0
Maharashtra,Pune,APMC Indapur,maize,2022,2,1926.89,226.0
Maharashtra,Pune,APMC Indapur,maize,2022,3,2181.64,245.0
Maharashtra,Pune,APMC Indapur,maize,2022,4,2356.36,473.0
Maharashtra,Pune,APMC Indapur,maize,2022,6,2151.0,18.0
Maharashtra,Pune,APMC Indapur,maize,2022,8,2423.54,
Maharashtra,Pune,APMC Indapur,maize,2022,9,2393.51,63.0
Maharashtra,Pune,APMC Indapur,maize,2022,10,2187.16,713.0
Maharashtra,Pune,APMC Indapur,maize,2023,1,2225.88,123.0
Maharashtra,Pune,APMC Indapur,maize,2023,2,2205.65,167.0
Maharashtra,Pune,APMC Indapur,maize,2023,3,2208.11,
Maharashtra,Pune,APMC Indapur,maize,2023,12,2100.0,267.0
Maharashtra,Pune,APMC Indapur,maize,2024,2,2181.0,65.0
Maharashtra,Pune,APMC Indapur,maize,2024,4,2151.0,121.3
Maharashtra,Pune,APMC Indapur,maize,2024,11,2081.0,690.5
Maharashtra,Pune,APMC Indapur,maize,2025,3,2225.5,86.6
Maharashtra,Pune,APMC Indapur,maize,2025,4,2225.0,114.4
Maharashtra,Pune,APMC Indapur,maize,2026,5,1751.0,212.4
Maharashtra,Pune,APMC Indapur,maize,2026,8,2335.54,16.6
Maharashtra,Pune,APMC Indapur,maize,2026,9,2500.0,3.8
Maharashtra,Pune,APMC Indapur,onion,2019,4,559.51,268.0
Maharashtra,Pune,APMC Indapur,onion,2019,6,1200.0,54.0
Maharashtra,Pune,APMC Indapur,onion,2019,12,3249.85,331.0
Maharashtra,Pune,APMC Indapur,onion,2020,1,2335.06,693.0
Maharashtra,Pune,APMC Indapur,onion,2020,2,1711.45,1118.0
Maharashtra,Pune,APMC Indapur,onion,2020,3,1406.93,1198.0
Maharashtra,Pune,APMC Indapur,onion,2020,4,977.33,344.0
Maharashtra,Pune,APMC Indapur,onion,2020,5,427.34,256.0
Maharashtra,Pune,APMC Indapur,onion,2020,6,445.89,304.0
Maharashtra,Pune,APMC Indapur,onion,2020,7,475.17,143.0
Maharashtra,Pune,APMC Indapur,onion,2020,8,625.89,253.0
Maharashtra,Pune,APMC Indapur,onion,2020,9,1025.0,56.0
Maharashtra,Pune,APMC Indapur,onion,2021,1,2000.0,37.0
Maharashtra,Pune,APMC Indapur,onion,2021,2,3383.87,124.0
Maharashtra,Pune,APMC Indapur,onion,2021,4,700.0,75.0
Maharashtra,Pune,APMC Indapur,onion,2021,5,656.98,315.0
Maharashtra,Pune,APMC Indapur,onion,2021,6,956.73,323.0
Maharashtra,Pune,APMC Indapur,onion,2021,11,1500.0,24.0
Maharashtra,Pune,APMC Indapur,onion,2022,3,800.0,52.0
Maharashtra,Pune,APMC Indapur,onion,2022,4,465.27,203.0
Maharashtra,Pune,APMC Indapur,onion,2022,5,450.0,79.0
Maharashtra,Pune,APMC Indapur,onion,2022,6,584.76,164.0
Maharashtra,Pune,APMC Indapur,onion,2022,7,668.75,132.0
Maharashtra,Pune,APMC Indapur,onion,2022,8,700.0,25.0
Maharashtra,Pune,APMC Indapur,onion,2022,9,511.0,25.0
Maharashtra,Pune,APMC Indapur,onion,2022,10,1316.67,72.0
Maharashtra,Pune,APMC Indapur,onion,2022,11,1224.04,104.0
Maharashtra,Pune,APMC Indapur,onion,2022,12,1031.48,54.0
Maharashtra,Pune,APMC Indapur,onion,2023,1,1104.09,171.0
Maharashtra,Pune,APMC Indapur,onion,2023,2,772.83,161.0
Maharashtra,Pune,APMC Indapur,onion,2023,3,682.03,64.0
Maharashtra,Pune,APMC Indapur,onion,2023,6,649.62,106.0
Maharashtra,Pune,APMC Indapur,onion,2023,8,2200.0,
Maharashtra,Pune,APMC Indapur,onion,2023,9,1457.89,38.0
Maharashtra,Pune,APMC Indapur,onion,2023,10,1740.74,27.0
Maharashtra,Pune,APMC Indapur,onion,2023,11,2100.0,
Maharashtra,Pune,APMC Indapur,onion,2023,12,2136.84,
Maharashtra,Pune,APMC Indapur,onion,2024,2,1112.07,
Maharashtra,Pune,APMC Indapur,onion,2024,3,1300.0,24.8
Maharashtra,Pune,APMC Indapur,onion,2024,4,837.78,598.8
Maharashtra,Pune,APMC Indapur,onion,2024,6,,93.4
Maharashtra,Pune,APMC Indapur,onion,2024,8,2633.9,17.7
Maharashtra,Pune,APMC Indapur,onion,2024,10,2000.0,24.9
Maharashtra,Pune,APMC Indapur,onion,2024,12,1835.89,49.6
Maharashtra,Pune,APMC Indapur,onion,2025,3,,139.1
Maharashtra,Pune,APMC Indapur,onion,2025,4,1026.7,67.8
Maharashtra,Pune,APMC Indapur,onion,2025,5,,289.0
Maharashtra,Pune,APMC Indapur,onion,2025,6,749.22,631.6
Maharashtra,Pune,APMC Indapur,onion,2025,7,667.73,31.3
Maharashtra,Pune,APMC Indapur,onion,2025,8,1008.2,157.4
Maharashtra,Pune,APMC Indapur,onion,2025,9,1028.35,39.5
Maharashtra,Pune,APMC Indapur,onion,2025,10,959.79,254.9
Maharashtra,Pune,APMC Indapur,onion,2025,11,1083.93,70.3
Maharashtra,Pune,APMC Indapur,onion,2025,12,900.0,48.7
Maharashtra,Pune,APMC Indapur,onion,2026,2,737.72,238.6
Maharashtra,Pune,APMC Indapur,onion,2026,3,700.0,134.7
Maharashtra,Pune,APMC Indapur,onion,2026,4,472.32,67.2
Maharashtra,Pune,APMC Indapur,onion,2026,5,538.26,487.2
Maharashtra,Pune,APMC Indapur,onion,2026,6,1056.22,40.2
Maharashtra,Pune,APMC Indapur,onion,2026,7,1190.21,139.9
Maharashtra,Pune,APMC Indapur,onion,2026,8,1656.61,124.0
Maharashtra,Pune,APMC Indapur,onion,2026,9,2348.17,46.5
Maharashtra,Pune,APMC Indapur,pearl_millet,2020,5,1651.0,2.0
Maharashtra,Pune,APMC Indapur,pearl_millet,2021,1,1400.0,3.0
Maharashtra,Pune,APMC Indapur,pearl_millet,2021,5,1651.0,3.0
Maharashtra,Pune,APMC Indapur,pearl_millet,2021,6,1600.0,1.0
Maharashtra,Pune,APMC Indapur,pearl_millet,2022,6,1811.0,2.0
Maharashtra,Pune,APMC Indapur,pearl_millet,2022,8,2225.0,4.0
Maharashtra,Pune,APMC Indapur,pearl_millet,2022,10,2200.0,3.0
Maharashtra,Pune,APMC Indapur,pearl_millet,2022,11,2325.5,2.0
Maharashtra,Pune,APMC Indapur,pearl_millet,2023,12,2551.0,1.0
Maharashtra,Pune,APMC Indapur,pearl_millet,2024,4,2500.0,5.7
Maharashtra,Pune,APMC Indapur,pearl_millet,2024,11,2200.0,0.1
Maharashtra,Pune,APMC Indapur,pearl_millet,2025,3,,1.2
Maharashtra,Pune,APMC Indapur,pearl_millet,2025,4,2700.0,0.5
Maharashtra,Pune,APMC Indapur,pearl_millet,2026,5,1800.0,0.1
Maharashtra,Pune,APMC Indapur,pearl_millet,2026,8,2250.0,0.6
Maharashtra,Pune,APMC Indapur,pigeon_pea,2020,3,4451.0,2.0
Maharashtra,Pune,APMC Indapur,pigeon_pea,2020,5,4400.0,1.0
Maharashtra,Pune,APMC Indapur,pigeon_pea,2022,3,,8.0
Maharashtra,Pune,APMC Indapur,pigeon_pea,2022,4,5487.75,4.0
Maharashtra,Pune,APMC Indapur,pigeon_pea,2023,1,6336.36,11.0
Maharashtra,Pune,APMC Indapur,pigeon_pea,2023,2,6160.0,5.0
Maharashtra,Pune,APMC Indapur,pigeon_pea,2023,12,9031.0,2.0
Maharashtra,Pune,APMC Indapur,pigeon_pea,2025,3,4700.0,14.0
Maharashtra,Pune,APMC Indapur,pigeon_pea,2025,4,6500.0,0.8
Maharashtra,Pune,APMC Indapur,pigeon_pea,2026,9,8100.0,0.1
Maharashtra,Pune,APMC Indapur,sorghum,2020,3,2615.3,30.0
Maharashtra,Pune,APMC Indapur,sorghum,2020,5,2900.0,15.0
Maharashtra,Pune,APMC Indapur,sorghum,2021,1,1955.56,18.0
Maharashtra,Pune,APMC Indapur,sorghum,2021,2,1758.82,17.0
Maharashtra,Pune,APMC Indapur,sorghum,2021,4,2550.0,783.0
Maharashtra,Pune,APMC Indapur,sorghum,2021,5,2364.88,168.0
Maharashtra,Pune,APMC Indapur,sorghum,2021,6,2049.68,97.0
Maharashtra,Pune,APMC Indapur,sorghum,2022,3,2227.44,400.0
Maharashtra,Pune,APMC Indapur,sorghum,2022,4,2256.42,354.0
Maharashtra,Pune,APMC Indapur,sorghum,2022,6,2300.0,3.0
Maharashtra,Pune,APMC Indapur,sorghum,2022,8,2562.58,26.0
Maharashtra,Pune,APMC Indapur,sorghum,2022,9,2667.0,6.0
Maharashtra,Pune,APMC Indapur,sorghum,2022,10,2895.73,11.0
Maharashtra,Pune,APMC Indapur,sorghum,2022,11,4078.71,7.0
Maharashtra,Pune,APMC Indapur,sorghum,2022,12,2700.0,1.0
Maharashtra,Pune,APMC Indapur,sorghum,2023,1,3900.0,1.0
Maharashtra,Pune,APMC Indapur,sorghum,2023,2,3865.65,20.0
Maharashtra,Pune,APMC Indapur,sorghum,2023,3,3624.21,96.0
Maharashtra,Pune,APMC Indapur,sorghum,2023,12,5751.0,2.0
Maharashtra,Pune,APMC Indapur,sorghum,2024,2,2800.0,33.0
Maharashtra,Pune,APMC Indapur,sorghum,2024,4,2700.0,35.6
Maharashtra,Pune,APMC Indapur,sorghum,2025,3,3125.5,101.4
Maharashtra,Pune,APMC Indapur,sorghum,2025,4,3150.0,60.7
Maharashtra,Pune,APMC Indapur,sorghum,2026,5,2836.73,19.6
Maharashtra,Pune,APMC Indapur,sorghum,2026,8,3049.89,5.3
Maharashtra,Pune,APMC Indapur,sorghum,2026,9,3600.0,1.7
Maharashtra,Pune,APMC Indapur,soybean,2022,6,6251.0,1.0
Maharashtra,Pune,APMC Indapur,soybean,2022,10,4800.0,3.0
Maharashtra,Pune,APMC Indapur,soybean,2022,11,5016.67,6.0
Maharashtra,Pune,APMC Indapur,soybean,2022,12,5075.5,2.0
Maharashtra,Pune,APMC Indapur,soybean,2023,1,5000.0,3.0
Maharashtra,Pune,APMC Indapur,soybean,2023,2,4783.67,3.0
Maharashtra,Pune,APMC Indapur,soybean,2023,3,4800.0,1.0
Maharashtra,Pune,APMC Indapur,soybean,2024,12,3800.0,0.1
Maharashtra,Pune,APMC Indapur,soybean,2026,8,6000.0,0.4
Maharashtra,Pune,APMC Indapur,wheat,2020,3,2200.0,7.0
Maharashtra,Pune,APMC Indapur,wheat,2020,5,2000.0,10.0
Maharashtra,Pune,APMC Indapur,wheat,2021,1,1800.0,4.0
Maharashtra,Pune,APMC Indapur,wheat,2021,5,1745.83,24.0
Maharashtra,Pune,APMC Indapur,wheat,2021,6,1851.0,11.0
Maharashtra,Pune,APMC Indapur,wheat,2022,3,2042.77,
Maharashtra,Pune,APMC Indapur,wheat,2022,4,2256.73,75.0
Maharashtra,Pune,APMC Indapur,wheat,2022,6,1851.0,1.0
Maharashtra,Pune,APMC Indapur,wheat,2022,8,2003.36,11.0
Maharashtra,Pune,APMC Indapur,wheat,2022,9,1957.12,8.0
Maharashtra,Pune,APMC Indapur,wheat,2022,10,2261.91,11.0
Maharashtra,Pune,APMC Indapur,wheat,2022,11,2484.12,8.0
Maharashtra,Pune,APMC Indapur,wheat,2022,12,2450.0,2.0
Maharashtra,Pune,APMC Indapur,wheat,2023,1,2400.0,5.0
Maharashtra,Pune,APMC Indapur,wheat,2023,2,2450.78,9.0
Maharashtra,Pune,APMC Indapur,wheat,2023,3,2547.72,100.0
Maharashtra,Pune,APMC Indapur,wheat,2023,12,2900.0,1.0
Maharashtra,Pune,APMC Indapur,wheat,2024,2,2700.0,10.0
Maharashtra,Pune,APMC Indapur,wheat,2024,4,2551.0,4.7
Maharashtra,Pune,APMC Indapur,wheat,2024,11,2800.0,1.7
Maharashtra,Pune,APMC Indapur,wheat,2025,3,2600.0,62.0
Maharashtra,Pune,APMC Indapur,wheat,2025,4,2650.0,15.7
Maharashtra,Pune,APMC Indapur,wheat,2026,5,2504.88,24.6
Maharashtra,Pune,APMC Indapur,wheat,2026,8,2533.47,47.5
Maharashtra,Pune,APMC Indapur,wheat,2026,9,2514.55,6.2
Maharashtra,Pune,APMC Junnar,onion,2019,2,570.59,850.0
Maharashtra,Pune,APMC Junnar,onion,2019,4,800.18,1831.0
Maharashtra,Pune,APMC Junnar,onion,2019,6,1468.3,4095.0
Maharashtra,Pune,APMC Junnar,onion,2019,8,1943.94,6689.0
Maharashtra,Pune,APMC Junnar,onion,2019,10,2900.9,3340.0
Maharashtra,Pune,APMC Junnar,onion,2019,12,6963.77,69.0
Maharashtra,Pune,APMC Junnar,onion,2020,1,3329.97,297.0
Maharashtra,Pune,APMC Junnar,onion,2020,2,1872.48,825.0
Maharashtra,Pune,APMC Junnar,onion,2020,3,1500.0,889.0
Maharashtra,Pune,APMC Junnar,onion,2020,5,981.82,132.0
Maharashtra,Pune,APMC Junnar,onion,2020,6,888.72,2389.0
Maharashtra,Pune,APMC Junnar,onion,2020,7,816.72,3400.0
Maharashtra,Pune,APMC Junnar,onion,2020,8,1086.75,6149.0
Maharashtra,Pune,APMC Junnar,onion,2020,9,2948.76,5480.0
Maharashtra,Pune,APMC Junnar,onion,2020,10,3689.58,1862.0
Maharashtra,Pune,APMC Junnar,onion,2020,11,4300.26,3104.0
Maharashtra,Pune,APMC Junnar,onion,2020,12,2243.85,1211.0
Maharashtra,Pune,APMC Junnar,onion,2021,1,1991.78,146.0
Maharashtra,Pune,APMC Junnar,onion,2021,2,2521.71,700.0
Maharashtra,Pune,APMC Junnar,onion,2021,3,1513.5,689.0
Maharashtra,Pune,APMC Junnar,onion,2021,4,947.49,499.0
Maharashtra,Pune,APMC Junnar,onion,2021,5,1312.75,1914.0
Maharashtra,Pune,APMC Junnar,onion,2021,6,1822.45,4076.0
Maharashtra,Pune,APMC Junnar,onion,2021,7,1793.2,5089.0
Maharashtra,Pune,APMC Junnar,onion,2021,8,1398.27,6523.0
Maharashtra,Pune,APMC Junnar,onion,2021,9,1675.49,4088.0
Maharashtra,Pune,APMC Junnar,onion,2021,10,2410.38,4006.0
Maharashtra,Pune,APMC Junnar,onion,2021,11,1881.38,2653.0
Maharashtra,Pune,APMC Junnar,onion,2021,12,2204.27,703.0
Maharashtra,Pune,APMC Junnar,onion,2022,1,1977.44,328.0
Maharashtra,Pune,APMC Junnar,onion,2022,2,1808.8,591.0
Maharashtra,Pune,APMC Junnar,onion,2022,3,1086.4,1834.0
Maharashtra,Pune,APMC Junnar,onion,2022,4,922.83,552.0
Maharashtra,Pune,APMC Junnar,onion,2022,5,955.04,1489.0
Maharashtra,Pune,APMC Junnar,onion,2022,6,1417.55,2666.0
Maharashtra,Pune,APMC Junnar,onion,2022,7,1329.45,3514.0
Maharashtra,Pune,APMC Junnar,onion,2022,8,1380.17,3746.0
Maharashtra,Pune,APMC Junnar,onion,2022,9,1194.17,3806.0
Maharashtra,Pune,APMC Junnar,onion,2022,10,1916.47,5823.0
Maharashtra,Pune,APMC Junnar,onion,2022,11,2143.26,3296.0
Maharashtra,Pune,APMC Junnar,onion,2022,12,1480.88,2809.0
Maharashtra,Pune,APMC Junnar,onion,2023,1,1558.39,483.0
Maharashtra,Pune,APMC Junnar,onion,2023,2,968.78,221.0
Maharashtra,Pune,APMC Junnar,onion,2023,3,928.75,607.0
Maharashtra,Pune,APMC Junnar,onion,2023,4,826.22,942.0
Maharashtra,Pune,APMC Junnar,onion,2023,5,947.78,2232.0
Maharashtra,Pune,APMC Junnar,onion,2023,6,1208.64,3841.0
Maharashtra,Pune,APMC Junnar,onion,2023,7,1632.45,
Maharashtra,Pune,APMC Junnar,onion,2023,8,1809.88,
Maharashtra,Pune,APMC Junnar,onion,2023,9,1742.49,4420.0
Maharashtra,Pune,APMC Junnar,onion,2023,10,2649.87,7190.0
Maharashtra,Pune,APMC Junnar,onion,2023,11,3534.67,
Maharashtra,Pune,APMC Junnar,onion,2023,12,2776.5,
Maharashtra,Pune,APMC Junnar,onion,2024,1,1195.45,
Maharashtra,Pune,APMC Junnar,onion,2024,2,1165.69,
Maharashtra,Pune,APMC Junnar,onion,2024,3,1173.57,1269.5
Maharashtra,Pune,APMC Junnar,onion,2024,4,1263.66,905.7
Maharashtra,Pune,APMC Junnar,onion,2024,6,,2327.4
Maharashtra,Pune,APMC Junnar,onion,2024,8,3474.55,1823.1
Maharashtra,Pune,APMC Junnar,onion,2024,10,4316.99,881.8
Maharashtra,Pune,APMC Junnar,onion,2024,12,3272.33,153.6
Maharashtra,Pune,APMC Junnar,onion,2025,2,2227.96,306.1
Maharashtra,Pune,APMC Junnar,onion,2025,3,,221.1
Maharashtra,Pune,APMC Junnar,onion,2025,4,1041.26,387.8
Maharashtra,Pune,APMC Junnar,onion,2025,5,,1467.5
Maharashtra,Pune,APMC Junnar,onion,2025,6,1564.35,2991.0
Maharashtra,Pune,APMC Junnar,onion,2025,7,1389.68,1880.5
Maharashtra,Pune,APMC Junnar,onion,2025,8,1389.25,3127.9
Maharashtra,Pune,APMC Junnar,onion,2025,9,1052.74,2967.0
Maharashtra,Pune,APMC Junnar,onion,2025,10,1612.33,1612.8
Maharashtra,Pune,APMC Junnar,onion,2025,11,1218.5,1619.3
Maharashtra,Pune,APMC Junnar,onion,2025,12,1745.8,2171.8
Maharashtra,Pune,APMC Junnar,onion,2026,1,1623.19,390.2
Maharashtra,Pune,APMC Junnar,onion,2026,2,1205.8,211.9
Maharashtra,Pune,APMC Junnar,onion,2026,3,971.87,366.9
Maharashtra,Pune,APMC Junnar,onion,2026,4,816.19,657.9
Maharashtra,Pune,APMC Junnar,onion,2026,5,1003.23,962.7
Maharashtra,Pune,APMC Junnar,onion,2026,6,1719.67,3242.7
Maharashtra,Pune,APMC Junnar,onion,2026,7,2215.37,5603.3
Maharashtra,Pune,APMC Junnar,onion,2026,8,2903.74,5906.9
Maharashtra,Pune,APMC Junnar,onion,2026,9,4350.51,5771.0
Maharashtra,Pune,APMC Khed,onion,2026,6,1636.36,5.5
Maharashtra,Pune,APMC Khed,onion,2026,7,1696.23,61.0
Maharashtra,Pune,APMC Khed,onion,2026,8,2234.36,71.6
Maharashtra,Pune,APMC Khed,onion,2026,9,3415.82,45.5
Maharashtra,Pune,APMC Manchar,onion,2019,2,480.0,14657.0
Maharashtra,Pune,APMC Manchar,onion,2019,4,658.9,7885.0
Maharashtra,Pune,APMC Manchar,onion,2019,6,1124.82,4473.0
Maharashtra,Pune,APMC Manchar,onion,2019,8,1456.73,6932.0
Maharashtra,Pune,APMC Manchar,onion,2019,10,2307.73,2534.0
Maharashtra,Pune,APMC Manchar,onion,2019,12,5521.98,970.0
Maharashtra,Pune,APMC Manchar,onion,2020,1,2749.2,5621.0
Maharashtra,Pune,APMC Manchar,onion,2020,2,1844.25,11095.0
Maharashtra,Pune,APMC Manchar,onion,2020,3,1387.71,2518.0
Maharashtra,Pune,APMC Manchar,onion,2020,4,825.0,22.0
Maharashtra,Pune,APMC Manchar,onion,2020,5,706.43,909.0
Maharashtra,Pune,APMC Manchar,onion,2020,6,728.02,3746.0
Maharashtra,Pune,APMC Manchar,onion,2020,7,675.75,5405.0
Maharashtra,Pune,APMC Manchar,onion,2020,8,1006.5,8127.0
Maharashtra,Pune,APMC Manchar,onion,2020,9,1727.93,2066.0
Maharashtra,Pune,APMC Manchar,onion,2020,10,3059.54,1640.0
Maharashtra,Pune,APMC Manchar,onion,2020,11,3738.8,2072.0
Maharashtra,Pune,APMC Manchar,onion,2020,12,2056.87,1618.0
Maharashtra,Pune,APMC Manchar,onion,2021,1,2242.32,3167.0
Maharashtra,Pune,APMC Manchar,onion,2021,2,2415.91,2912.0
Maharashtra,Pune,APMC Manchar,onion,2021,3,1398.52,2471.0
Maharashtra,Pune,APMC Manchar,onion,2021,4,1019.57,1755.0
Maharashtra,Pune,APMC Manchar,onion,2021,5,962.9,3677.0
Maharashtra,Pune,APMC Manchar,onion,2021,6,1547.86,6822.0
Maharashtra,Pune,APMC Manchar,onion,2021,7,1449.76,5278.0
Maharashtra,Pune,APMC Manchar,onion,2021,8,1363.58,6445.0
Maharashtra,Pune,APMC Manchar,onion,2021,9,1468.91,8285.0
Maharashtra,Pune,APMC Manchar,onion,2021,10,2432.29,4471.0
Maharashtra,Pune,APMC Manchar,onion,2021,11,2016.64,4587.0
Maharashtra,Pune,APMC Manchar,onion,2021,12,2251.6,2649.0
Maharashtra,Pune,APMC Manchar,onion,2022,1,1909.94,2947.0
Maharashtra,Pune,APMC Manchar,onion,2022,2,1875.72,6137.0
Maharashtra,Pune,APMC Manchar,onion,2022,3,1478.37,8719.0
Maharashtra,Pune,APMC Manchar,onion,2022,4,968.01,3429.0
Maharashtra,Pune,APMC Manchar,onion,2022,5,1107.14,4601.0
Maharashtra,Pune,APMC Manchar,onion,2022,6,1515.56,4378.0
Maharashtra,Pune,APMC Manchar,onion,2022,7,1293.23,3193.0
Maharashtra,Pune,APMC Manchar,onion,2022,8,1386.28,7069.0
Maharashtra,Pune,APMC Manchar,onion,2022,9,1372.56,5345.0
Maharashtra,Pune,APMC Manchar,onion,2022,10,2303.03,13143.0
Maharashtra,Pune,APMC Manchar,onion,2022,11,2262.78,7671.0
Maharashtra,Pune,APMC Manchar,onion,2022,12,1352.55,5253.0
Maharashtra,Pune,APMC Manchar,onion,2023,1,1438.74,2756.0
Maharashtra,Pune,APMC Manchar,onion,2023,2,1041.21,10564.0
Maharashtra,Pune,APMC Manchar,onion,2023,3,998.68,29068.0
Maharashtra,Pune,APMC Manchar,onion,2023,4,875.21,4302.0
Maharashtra,Pune,APMC Manchar,onion,2023,5,827.57,8488.0
Maharashtra,Pune,APMC Manchar,onion,2023,6,1441.35,7707.0
Maharashtra,Pune,APMC Manchar,onion,2023,7,1660.34,
Maharashtra,Pune,APMC Manchar,onion,2023,8,2032.33,
Maharashtra,Pune,APMC Manchar,onion,2023,9,2201.65,10050.0
Maharashtra,Pune,APMC Manchar,onion,2023,10,3406.77,14144.0
Maharashtra,Pune,APMC Manchar,onion,2023,11,3711.9,
Maharashtra,Pune,APMC Manchar,onion,2023,12,2115.72,
Maharashtra,Pune,APMC Manchar,onion,2024,1,1719.87,
Maharashtra,Pune,APMC Manchar,onion,2024,2,1597.9,
Maharashtra,Pune,APMC Manchar,onion,2024,3,1468.88,14331.8
Maharashtra,Pune,APMC Manchar,onion,2024,4,1341.74,5322.4
Maharashtra,Pune,APMC Manchar,onion,2024,6,,3214.4
Maharashtra,Pune,APMC Manchar,onion,2024,8,3427.55,9064.3
Maharashtra,Pune,APMC Manchar,onion,2024,10,4377.8,4563.0
Maharashtra,Pune,APMC Manchar,onion,2024,12,2142.93,10670.7
Maharashtra,Pune,APMC Manchar,onion,2025,2,2811.79,10949.0
Maharashtra,Pune,APMC Manchar,onion,2025,3,,8359.8
Maharashtra,Pune,APMC Manchar,onion,2025,4,1404.36,3485.9
Maharashtra,Pune,APMC Manchar,onion,2025,5,,3548.9
Maharashtra,Pune,APMC Manchar,onion,2025,6,1891.51,6191.7
Maharashtra,Pune,APMC Manchar,onion,2025,7,1716.5,5379.4
Maharashtra,Pune,APMC Manchar,onion,2025,8,1636.65,8304.0
Maharashtra,Pune,APMC Manchar,onion,2025,9,1471.73,8860.1
Maharashtra,Pune,APMC Manchar,onion,2025,10,1552.33,7025.0
Maharashtra,Pune,APMC Manchar,onion,2025,11,1797.33,7996.5
Maharashtra,Pune,APMC Manchar,onion,2025,12,2300.03,6800.5
Maharashtra,Pune,APMC Manchar,onion,2026,1,1945.51,13223.2
Maharashtra,Pune,APMC Manchar,onion,2026,2,1450.05,18161.2
Maharashtra,Pune,APMC Manchar,onion,2026,3,1227.46,9588.4
Maharashtra,Pune,APMC Manchar,onion,2026,4,1093.64,6549.2
Maharashtra,Pune,APMC Manchar,onion,2026,5,1213.21,10022.0
Maharashtra,Pune,APMC Manchar,onion,2026,6,1944.97,10207.4
Maharashtra,Pune,APMC Manchar,onion,2026,7,2439.22,12058.6
Maharashtra,Pune,APMC Manchar,onion,2026,8,3586.56,17439.1
Maharashtra,Pune,APMC Manchar,onion,2026,9,4708.22,12701.1
Maharashtra,Pune,APMC Nira,onion,2024,2,925.0,
Maharashtra,Pune,APMC Nira,sorghum,2022,2,2300.0,7.0
Maharashtra,Pune,APMC Pune,chickpea,2019,2,5700.0,7.0
Maharashtra,Pune,APMC Pune,chickpea,2019,8,5328.12,16.0
Maharashtra,Pune,APMC Pune,chickpea,2019,10,5294.74,19.0
Maharashtra,Pune,APMC Pune,chickpea,2019,12,5360.0,25.0
Maharashtra,Pune,APMC Pune,chickpea,2020,1,5196.15,26.0
Maharashtra,Pune,APMC Pune,chickpea,2020,2,5038.64,22.0
Maharashtra,Pune,APMC Pune,chickpea,2020,3,4876.67,15.0
Maharashtra,Pune,APMC Pune,chickpea,2020,4,5400.0,4.0
Maharashtra,Pune,APMC Pune,chickpea,2020,5,5066.67,9.0
Maharashtra,Pune,APMC Pune,chickpea,2020,6,5063.64,11.0
Maharashtra,Pune,APMC Pune,chickpea,2020,7,5121.15,26.0
Maharashtra,Pune,APMC Pune,chickpea,2020,8,5345.83,36.0
Maharashtra,Pune,APMC Pune,chickpea,2020,9,5786.76,34.0
Maharashtra,Pune,APMC Pune,chickpea,2020,10,6138.71,31.0
Maharashtra,Pune,APMC Pune,chickpea,2020,11,6143.02,43.0
Maharashtra,Pune,APMC Pune,chickpea,2020,12,5914.58,48.0
Maharashtra,Pune,APMC Pune,chickpea,2021,1,5636.84,38.0
Maharashtra,Pune,APMC Pune,chickpea,2021,2,5485.71,42.0
Maharashtra,Pune,APMC Pune,chickpea,2021,3,5732.14,56.0
Maharashtra,Pune,APMC Pune,chickpea,2021,4,5888.57,70.0
Maharashtra,Pune,APMC Pune,chickpea,2021,5,5990.48,63.0
Maharashtra,Pune,APMC Pune,chickpea,2021,6,5728.85,78.0
Maharashtra,Pune,APMC Pune,chickpea,2021,7,5563.46,78.0
Maharashtra,Pune,APMC Pune,chickpea,2021,8,5744.0,75.0
Maharashtra,Pune,APMC Pune,chickpea,2021,9,6040.38,78.0
Maharashtra,Pune,APMC Pune,chickpea,2021,10,6104.27,82.0
Maharashtra,Pune,APMC Pune,chickpea,2021,11,5982.91,79.0
Maharashtra,Pune,APMC Pune,chickpea,2021,12,5803.85,78.0
Maharashtra,Pune,APMC Pune,chickpea,2022,1,5770.71,70.0
Maharashtra,Pune,APMC Pune,chickpea,2022,2,5735.42,72.0
Maharashtra,Pune,APMC Pune,chickpea,2022,3,5620.12,84.0
Maharashtra,Pune,APMC Pune,chickpea,2022,4,5637.93,87.0
Maharashtra,Pune,APMC Pune,chickpea,2022,5,5291.17,81.0
Maharashtra,Pune,APMC Pune,chickpea,2022,6,5350.0,70.0
Maharashtra,Pune,APMC Pune,chickpea,2022,7,5427.0,75.0
Maharashtra,Pune,APMC Pune,chickpea,2022,8,5602.25,89.0
Maharashtra,Pune,APMC Pune,chickpea,2022,9,5487.5,76.0
Maharashtra,Pune,APMC Pune,chickpea,2022,10,5516.46,79.0
Maharashtra,Pune,APMC Pune,chickpea,2022,11,5532.86,70.0
Maharashtra,Pune,APMC Pune,chickpea,2022,12,5632.79,61.0
Maharashtra,Pune,APMC Pune,chickpea,2023,1,5624.53,53.0
Maharashtra,Pune,APMC Pune,chickpea,2023,2,5617.61,88.0
Maharashtra,Pune,APMC Pune,chickpea,2023,3,5571.81,94.0
Maharashtra,Pune,APMC Pune,chickpea,2023,4,5602.69,93.0
Maharashtra,Pune,APMC Pune,chickpea,2023,5,5644.74,95.0
Maharashtra,Pune,APMC Pune,chickpea,2023,6,5708.25,97.0
Maharashtra,Pune,APMC Pune,chickpea,2023,7,5777.91,86.0
Maharashtra,Pune,APMC Pune,chickpea,2023,8,5906.59,91.0
Maharashtra,Pune,APMC Pune,chickpea,2023,9,6270.2,99.0
Maharashtra,Pune,APMC Pune,chickpea,2023,10,6661.62,99.0
Maharashtra,Pune,APMC Pune,chickpea,2023,11,6996.91,97.0
Maharashtra,Pune,APMC Pune,chickpea,2023,12,7023.91,92.0
Maharashtra,Pune,APMC Pune,chickpea,2024,1,6724.07,108.0
Maharashtra,Pune,APMC Pune,chickpea,2024,2,6847.81,95.8
Maharashtra,Pune,APMC Pune,chickpea,2024,3,6729.84,105.9
Maharashtra,Pune,APMC Pune,chickpea,2024,4,6807.97,77.2
Maharashtra,Pune,APMC Pune,chickpea,2024,5,6983.48,103.8
Maharashtra,Pune,APMC Pune,chickpea,2024,6,7115.34,108.1
Maharashtra,Pune,APMC Pune,chickpea,2024,7,7393.4,108.4
Maharashtra,Pune,APMC Pune,chickpea,2024,8,7543.8,104.9
Maharashtra,Pune,APMC Pune,chickpea,2024,9,7647.78,99.3
Maharashtra,Pune,APMC Pune,chickpea,2024,10,7778.39,106.9
Maharashtra,Pune,APMC Pune,chickpea,2024,11,7799.25,86.8
Maharashtra,Pune,APMC Pune,chickpea,2024,12,7983.38,108.6
Maharashtra,Pune,APMC Pune,chickpea,2025,1,7961.38,73.4
Maharashtra,Pune,APMC Pune,chickpea,2025,2,7873.31,87.5
Maharashtra,Pune,APMC Pune,chickpea,2025,3,7788.18,106.6
Maharashtra,Pune,APMC Pune,chickpea,2025,4,7686.21,108.8
Maharashtra,Pune,APMC Pune,chickpea,2025,5,8076.94,100.6
Maharashtra,Pune,APMC Pune,chickpea,2025,6,8203.37,100.9
Maharashtra,Pune,APMC Pune,chickpea,2025,7,8155.3,97.1
Maharashtra,Pune,APMC Pune,chickpea,2025,8,7958.31,93.3
Maharashtra,Pune,APMC Pune,chickpea,2025,9,7972.61,85.6
Maharashtra,Pune,APMC Pune,chickpea,2025,10,7951.91,91.5
Maharashtra,Pune,APMC Pune,chickpea,2025,11,7699.89,93.4
Maharashtra,Pune,APMC Pune,chickpea,2025,12,7216.57,101.4
Maharashtra,Pune,APMC Pune,chickpea,2026,1,7137.25,91.8
Maharashtra,Pune,APMC Pune,chickpea,2026,2,6733.81,90.8
Maharashtra,Pune,APMC Pune,chickpea,2026,3,6536.29,110.5
Maharashtra,Pune,APMC Pune,chickpea,2026,4,6597.84,108.7
Maharashtra,Pune,APMC Pune,chickpea,2026,5,6349.4,107.6
Maharashtra,Pune,APMC Pune,chickpea,2026,6,6458.71,121.1
Maharashtra,Pune,APMC Pune,chickpea,2026,7,6703.25,121.6
Maharashtra,Pune,APMC Pune,chickpea,2026,8,6774.67,112.9
Maharashtra,Pune,APMC Pune,chickpea,2026,9,6800.18,113.2
Maharashtra,Pune,APMC Pune,groundnut,2026,5,4000.0,17.1
Maharashtra,Pune,APMC Pune,maize,2019,8,2648.21,14.0
Maharashtra,Pune,APMC Pune,maize,2020,7,1887.5,2.0
Maharashtra,Pune,APMC Pune,maize,2020,8,1879.17,6.0
Maharashtra,Pune,APMC Pune,maize,2020,9,1866.67,3.0
Maharashtra,Pune,APMC Pune,maize,2020,10,1850.0,3.0
Maharashtra,Pune,APMC Pune,maize,2020,11,1875.0,2.0
Maharashtra,Pune,APMC Pune,maize,2020,12,2016.67,3.0
Maharashtra,Pune,APMC Pune,maize,2021,2,2031.25,4.0
Maharashtra,Pune,APMC Pune,maize,2021,3,2056.39,18.0
Maharashtra,Pune,APMC Pune,maize,2021,4,2085.95,21.0
Maharashtra,Pune,APMC Pune,maize,2021,5,2100.0,
Maharashtra,Pune,APMC Pune,maize,2021,6,2223.33,15.0
Maharashtra,Pune,APMC Pune,maize,2021,7,2310.0,5.0
Maharashtra,Pune,APMC Pune,maize,2021,8,2391.67,6.0
Maharashtra,Pune,APMC Pune,maize,2021,10,2233.33,3.0
Maharashtra,Pune,APMC Pune,maize,2021,11,2225.0,2.0
Maharashtra,Pune,APMC Pune,maize,2021,12,2030.0,5.0
Maharashtra,Pune,APMC Pune,maize,2022,1,2060.0,5.0
Maharashtra,Pune,APMC Pune,maize,2022,2,2162.5,4.0
Maharashtra,Pune,APMC Pune,maize,2022,3,2442.86,7.0
Maharashtra,Pune,APMC Pune,maize,2022,4,2487.5,8.0
Maharashtra,Pune,APMC Pune,maize,2022,5,2491.67,6.0
Maharashtra,Pune,APMC Pune,maize,2022,6,2500.0,2.0
Maharashtra,Pune,APMC Pune,maize,2022,8,2750.0,
Maharashtra,Pune,APMC Pune,maize,2022,10,2700.0,3.0
Maharashtra,Pune,APMC Pune,maize,2023,3,2500.0,
Maharashtra,Pune,APMC Pune,maize,2023,10,2450.0,1.0
Maharashtra,Pune,APMC Pune,maize,2023,12,2600.0,1.0
Maharashtra,Pune,APMC Pune,maize,2024,1,,1.0
Maharashtra,Pune,APMC Pune,maize,2024,2,2566.67,0.6
Maharashtra,Pune,APMC Pune,maize,2024,3,,7.8
Maharashtra,Pune,APMC Pune,maize,2024,4,2554.72,5.3
Maharashtra,Pune,APMC Pune,maize,2024,5,,8.5
Maharashtra,Pune,APMC Pune,maize,2024,6,2665.13,7.6
Maharashtra,Pune,APMC Pune,maize,2024,7,2736.62,7.1
Maharashtra,Pune,APMC Pune,maize,2024,8,2794.29,7.0
Maharashtra,Pune,APMC Pune,maize,2024,9,2911.11,7.2
Maharashtra,Pune,APMC Pune,maize,2024,10,3117.76,7.6
Maharashtra,Pune,APMC Pune,maize,2024,11,3036.67,6.0
Maharashtra,Pune,APMC Pune,maize,2024,12,2535.81,7.4
Maharashtra,Pune,APMC Pune,maize,2025,1,2507.0,5.0
Maharashtra,Pune,APMC Pune,maize,2025,2,2511.29,6.2
Maharashtra,Pune,APMC Pune,maize,2025,3,2532.47,7.7
Maharashtra,Pune,APMC Pune,maize,2025,4,2510.13,7.9
Maharashtra,Pune,APMC Pune,maize,2025,5,2531.06,6.6
Maharashtra,Pune,APMC Pune,maize,2025,6,2611.94,6.7
Maharashtra,Pune,APMC Pune,maize,2025,7,2555.56,6.3
Maharashtra,Pune,APMC Pune,maize,2025,8,2555.83,6.0
Maharashtra,Pune,APMC Pune,maize,2025,9,2582.2,5.9
Maharashtra,Pune,APMC Pune,maize,2025,10,2554.84,6.2
Maharashtra,Pune,APMC Pune,maize,2025,11,2553.19,4.7
Maharashtra,Pune,APMC Pune,maize,2025,12,2631.58,5.7
Maharashtra,Pune,APMC Pune,maize,2026,1,2671.32,6.8
Maharashtra,Pune,APMC Pune,maize,2026,2,2723.15,5.4
Maharashtra,Pune,APMC Pune,maize,2026,3,2595.07,7.1
Maharashtra,Pune,APMC Pune,maize,2026,4,2632.26,6.2
Maharashtra,Pune,APMC Pune,maize,2026,5,2664.19,7.4
Maharashtra,Pune,APMC Pune,maize,2026,6,2575.74,6.8
Maharashtra,Pune,APMC Pune,maize,2026,7,2722.3,7.4
Maharashtra,Pune,APMC Pune,maize,2026,8,2678.08,7.3
Maharashtra,Pune,APMC Pune,maize,2026,9,2822.67,7.5
Maharashtra,Pune,APMC Pune,onion,2019,2,363.78,38974.0
Maharashtra,Pune,APMC Pune,onion,2019,4,594.27,37700.0
Maharashtra,Pune,APMC Pune,onion,2019,6,1169.15,24696.0
Maharashtra,Pune,APMC Pune,onion,2019,8,1798.43,28601.0
Maharashtra,Pune,APMC Pune,onion,2019,10,1820.01,25836.0
Maharashtra,Pune,APMC Pune,onion,2019,12,4829.39,34476.0
Maharashtra,Pune,APMC Pune,onion,2020,1,2735.13,54117.0
Maharashtra,Pune,APMC Pune,onion,2020,2,1719.22,59501.0
Maharashtra,Pune,APMC Pune,onion,2020,3,1244.22,36486.0
Maharashtra,Pune,APMC Pune,onion,2020,4,1285.71,2239.0
Maharashtra,Pune,APMC Pune,onion,2020,5,950.0,204.0
Maharashtra,Pune,APMC Pune,onion,2020,6,672.17,9397.0
Maharashtra,Pune,APMC Pune,onion,2020,7,674.68,9640.0
Maharashtra,Pune,APMC Pune,onion,2020,8,974.07,14040.0
Maharashtra,Pune,APMC Pune,onion,2020,9,1952.46,20868.0
Maharashtra,Pune,APMC Pune,onion,2020,10,2660.6,10011.0
Maharashtra,Pune,APMC Pune,onion,2020,11,2968.04,21317.0
Maharashtra,Pune,APMC Pune,onion,2020,12,1939.5,30065.0
Maharashtra,Pune,APMC Pune,onion,2021,1,2107.88,28579.0
Maharashtra,Pune,APMC Pune,onion,2021,2,2679.05,31499.0
Maharashtra,Pune,APMC Pune,onion,2021,3,1275.26,25133.0
Maharashtra,Pune,APMC Pune,onion,2021,4,834.65,21319.0
Maharashtra,Pune,APMC Pune,onion,2021,5,1013.12,16869.0
Maharashtra,Pune,APMC Pune,onion,2021,6,1371.13,21047.0
Maharashtra,Pune,APMC Pune,onion,2021,7,1330.46,15845.0
Maharashtra,Pune,APMC Pune,onion,2021,8,1242.54,12209.0
Maharashtra,Pune,APMC Pune,onion,2021,9,1278.14,16835.0
Maharashtra,Pune,APMC Pune,onion,2021,10,2024.22,30531.0
Maharashtra,Pune,APMC Pune,onion,2021,11,1745.8,32208.0
Maharashtra,Pune,APMC Pune,onion,2021,12,1881.81,34975.0
Maharashtra,Pune,APMC Pune,onion,2022,1,1796.77,34570.0
Maharashtra,Pune,APMC Pune,onion,2022,2,1657.01,37834.0
Maharashtra,Pune,APMC Pune,onion,2022,3,1030.57,41311.0
Maharashtra,Pune,APMC Pune,onion,2022,4,798.9,22455.0
Maharashtra,Pune,APMC Pune,onion,2022,5,790.0,20866.0
Maharashtra,Pune,APMC Pune,onion,2022,6,1108.92,16897.0
Maharashtra,Pune,APMC Pune,onion,2022,7,1085.04,18556.0
Maharashtra,Pune,APMC Pune,onion,2022,8,1017.81,19011.0
Maharashtra,Pune,APMC Pune,onion,2022,9,1071.71,16665.0
Maharashtra,Pune,APMC Pune,onion,2022,10,1533.41,22410.0
Maharashtra,Pune,APMC Pune,onion,2022,11,1627.71,24785.0
Maharashtra,Pune,APMC Pune,onion,2022,12,1107.8,28027.0
Maharashtra,Pune,APMC Pune,onion,2023,1,1167.28,24345.0
Maharashtra,Pune,APMC Pune,onion,2023,2,830.57,29027.0
Maharashtra,Pune,APMC Pune,onion,2023,3,755.11,40050.0
Maharashtra,Pune,APMC Pune,onion,2023,4,633.17,36082.0
Maharashtra,Pune,APMC Pune,onion,2023,5,750.6,34202.0
Maharashtra,Pune,APMC Pune,onion,2023,6,956.58,25119.0
Maharashtra,Pune,APMC Pune,onion,2023,7,1183.09,
Maharashtra,Pune,APMC Pune,onion,2023,8,1555.75,
Maharashtra,Pune,APMC Pune,onion,2023,9,1635.3,26579.0
Maharashtra,Pune,APMC Pune,onion,2023,10,2538.68,31876.0
Maharashtra,Pune,APMC Pune,onion,2023,11,3377.22,
Maharashtra,Pune,APMC Pune,onion,2023,12,2419.64,
Maharashtra,Pune,APMC Pune,onion,2024,1,1328.9,
Maharashtra,Pune,APMC Pune,onion,2024,2,1155.16,
Maharashtra,Pune,APMC Pune,onion,2024,3,1137.76,44138.6
Maharashtra,Pune,APMC Pune,onion,2024,4,1050.19,24111.0
Maharashtra,Pune,APMC Pune,onion,2024,6,,23822.3
Maharashtra,Pune,APMC Pune,onion,2024,8,2820.56,23208.0
Maharashtra,Pune,APMC Pune,onion,2024,10,3347.43,28099.3
Maharashtra,Pune,APMC Pune,onion,2024,12,3357.16,36099.7
Maharashtra,Pune,APMC Pune,onion,2025,2,2112.63,33393.4
Maharashtra,Pune,APMC Pune,onion,2025,3,,34182.0
Maharashtra,Pune,APMC Pune,onion,2025,4,1096.33,24261.8
Maharashtra,Pune,APMC Pune,onion,2025,5,,23432.1
Maharashtra,Pune,APMC Pune,onion,2025,6,1192.63,19112.0
Maharashtra,Pune,APMC Pune,onion,2025,7,1497.26,17764.3
Maharashtra,Pune,APMC Pune,onion,2025,8,1121.45,23096.9
Maharashtra,Pune,APMC Pune,onion,2025,9,1401.86,24500.1
Maharashtra,Pune,APMC Pune,onion,2025,10,1007.44,25562.3
Maharashtra,Pune,APMC Pune,onion,2025,11,1113.33,28758.8
Maharashtra,Pune,APMC Pune,onion,2025,12,1386.6,29067.4
Maharashtra,Pune,APMC Pune,onion,2026,1,1198.15,34793.0
Maharashtra,Pune,APMC Pune,onion,2026,2,958.86,37512.1
Maharashtra,Pune,APMC Pune,onion,2026,3,867.63,33363.0
Maharashtra,Pune,APMC Pune,onion,2026,4,839.42,24777.7
Maharashtra,Pune,APMC Pune,onion,2026,5,929.25,21990.3
Maharashtra,Pune,APMC Pune,onion,2026,6,1363.81,24265.3
Maharashtra,Pune,APMC Pune,onion,2026,7,1794.89,19799.2
Maharashtra,Pune,APMC Pune,onion,2026,8,2306.88,24283.7
Maharashtra,Pune,APMC Pune,onion,2026,9,2922.37,17362.1
Maharashtra,Pune,APMC Pune,pearl_millet,2020,7,2595.83,12.0
Maharashtra,Pune,APMC Pune,pearl_millet,2020,8,2398.08,52.0
Maharashtra,Pune,APMC Pune,pearl_millet,2020,9,2433.62,58.0
Maharashtra,Pune,APMC Pune,pearl_millet,2020,10,2340.7,43.0
Maharashtra,Pune,APMC Pune,pearl_millet,2020,11,2369.26,61.0
Maharashtra,Pune,APMC Pune,pearl_millet,2020,12,2496.18,72.0
Maharashtra,Pune,APMC Pune,pearl_millet,2021,1,2500.0,60.0
Maharashtra,Pune,APMC Pune,pearl_millet,2021,2,2602.44,82.0
Maharashtra,Pune,APMC Pune,pearl_millet,2021,3,2615.77,130.0
Maharashtra,Pune,APMC Pune,pearl_millet,2021,4,2602.98,252.0
Maharashtra,Pune,APMC Pune,pearl_millet,2021,5,2585.11,262.0
Maharashtra,Pune,APMC Pune,pearl_millet,2021,6,2602.97,354.0
Maharashtra,Pune,APMC Pune,pearl_millet,2021,7,2559.89,359.0
Maharashtra,Pune,APMC Pune,pearl_millet,2021,8,2596.61,384.0
Maharashtra,Pune,APMC Pune,pearl_millet,2021,9,2642.22,418.0
Maharashtra,Pune,APMC Pune,pearl_millet,2021,10,2532.96,427.0
Maharashtra,Pune,APMC Pune,pearl_millet,2021,11,2601.16,519.0
Maharashtra,Pune,APMC Pune,pearl_millet,2021,12,2896.0,562.0
Maharashtra,Pune,APMC Pune,pearl_millet,2022,1,2985.7,591.0
Maharashtra,Pune,APMC Pune,pearl_millet,2022,2,3011.17,676.0
Maharashtra,Pune,APMC Pune,pearl_millet,2022,3,3041.26,881.0
Maharashtra,Pune,APMC Pune,pearl_millet,2022,4,3107.65,908.0
Maharashtra,Pune,APMC Pune,pearl_millet,2022,5,3029.42,741.0
Maharashtra,Pune,APMC Pune,pearl_millet,2022,6,2989.23,751.0
Maharashtra,Pune,APMC Pune,pearl_millet,2022,7,3021.71,844.0
Maharashtra,Pune,APMC Pune,pearl_millet,2022,8,3149.21,794.0
Maharashtra,Pune,APMC Pune,pearl_millet,2022,9,3170.12,584.0
Maharashtra,Pune,APMC Pune,pearl_millet,2022,10,3031.02,814.0
Maharashtra,Pune,APMC Pune,pearl_millet,2022,11,3260.53,845.0
Maharashtra,Pune,APMC Pune,pearl_millet,2022,12,3192.09,727.0
Maharashtra,Pune,APMC Pune,pearl_millet,2023,1,3259.4,617.0
Maharashtra,Pune,APMC Pune,pearl_millet,2023,2,3202.9,1173.0
Maharashtra,Pune,APMC Pune,pearl_millet,2023,3,3152.14,
Maharashtra,Pune,APMC Pune,pearl_millet,2023,4,3022.31,
Maharashtra,Pune,APMC Pune,pearl_millet,2023,5,3039.63,1119.0
Maharashtra,Pune,APMC Pune,pearl_millet,2023,6,3092.65,980.0
Maharashtra,Pune,APMC Pune,pearl_millet,2023,7,3188.95,932.0
Maharashtra,Pune,APMC Pune,pearl_millet,2023,8,3261.67,840.0
Maharashtra,Pune,APMC Pune,pearl_millet,2023,9,3309.74,862.0
Maharashtra,Pune,APMC Pune,pearl_millet,2023,10,3346.26,910.0
Maharashtra,Pune,APMC Pune,pearl_millet,2023,11,3443.97,921.0
Maharashtra,Pune,APMC Pune,pearl_millet,2023,12,3517.7,901.0
Maharashtra,Pune,APMC Pune,pearl_millet,2024,1,3516.81,
Maharashtra,Pune,APMC Pune,pearl_millet,2024,2,3476.65,
Maharashtra,Pune,APMC Pune,pearl_millet,2024,3,3171.36,
Maharashtra,Pune,APMC Pune,pearl_millet,2024,4,3071.8,753.2
Maharashtra,Pune,APMC Pune,pearl_millet,2024,5,2904.58,
Maharashtra,Pune,APMC Pune,pearl_millet,2024,6,3056.29,1047.0
Maharashtra,Pune,APMC Pune,pearl_millet,2024,7,3224.06,1145.7
Maharashtra,Pune,APMC Pune,pearl_millet,2024,8,3427.97,1087.0
Maharashtra,Pune,APMC Pune,pearl_millet,2024,9,3475.58,1015.2
Maharashtra,Pune,APMC Pune,pearl_millet,2024,10,3432.7,1034.6
Maharashtra,Pune,APMC Pune,pearl_millet,2024,11,3574.74,878.1
Maharashtra,Pune,APMC Pune,pearl_millet,2024,12,3542.5,1154.4
Maharashtra,Pune,APMC Pune,pearl_millet,2025,1,3751.22,
Maharashtra,Pune,APMC Pune,pearl_millet,2025,2,3544.58,963.7
Maharashtra,Pune,APMC Pune,pearl_millet,2025,3,,1047.6
Maharashtra,Pune,APMC Pune,pearl_millet,2025,4,3106.39,1032.9
Maharashtra,Pune,APMC Pune,pearl_millet,2025,5,,1093.5
Maharashtra,Pune,APMC Pune,pearl_millet,2025,6,3331.96,1134.8
Maharashtra,Pune,APMC Pune,pearl_millet,2025,7,3411.99,1075.7
Maharashtra,Pune,APMC Pune,pearl_millet,2025,8,3485.01,1022.7
Maharashtra,Pune,APMC Pune,pearl_millet,2025,9,3389.8,1008.6
Maharashtra,Pune,APMC Pune,pearl_millet,2025,10,3439.99,948.7
Maharashtra,Pune,APMC Pune,pearl_millet,2025,11,3630.01,1068.6
Maharashtra,Pune,APMC Pune,pearl_millet,2025,12,3947.84,1102.9
Maharashtra,Pune,APMC Pune,pearl_millet,2026,1,3845.31,999.5
Maharashtra,Pune,APMC Pune,pearl_millet,2026,2,3845.71,1035.3
Maharashtra,Pune,APMC Pune,pearl_millet,2026,3,3901.96,1277.8
Maharashtra,Pune,APMC Pune,pearl_millet,2026,4,3645.12,1252.4
Maharashtra,Pune,APMC Pune,pearl_millet,2026,5,3419.52,1313.1
Maharashtra,Pune,APMC Pune,pearl_millet,2026,6,3576.32,1415.9
Maharashtra,Pune,APMC Pune,pearl_millet,2026,7,3572.27,1560.8
Maharashtra,Pune,APMC Pune,pearl_millet,2026,8,3702.76,1446.2
Maharashtra,Pune,APMC Pune,pearl_millet,2026,9,3512.99,1499.9
Maharashtra,Pune,APMC Pune,sorghum,2019,2,3950.0,29.0
Maharashtra,Pune,APMC Pune,sorghum,2019,8,4476.05,119.0
Maharashtra,Pune,APMC Pune,sorghum,2019,10,4482.5,40.0
Maharashtra,Pune,APMC Pune,sorghum,2019,12,4724.38,80.0
Maharashtra,Pune,APMC Pune,sorghum,2020,1,4727.91,86.0
Maharashtra,Pune,APMC Pune,sorghum,2020,2,4611.63,86.0
Maharashtra,Pune,APMC Pune,sorghum,2020,3,4615.7,86.0
Maharashtra,Pune,APMC Pune,sorghum,2020,4,4750.0,16.0
Maharashtra,Pune,APMC Pune,sorghum,2020,5,4732.61,46.0
Maharashtra,Pune,APMC Pune,sorghum,2020,6,4773.98,123.0
Maharashtra,Pune,APMC Pune,sorghum,2020,7,4752.42,269.0
Maharashtra,Pune,APMC Pune,sorghum,2020,8,4721.54,390.0
Maharashtra,Pune,APMC Pune,sorghum,2020,9,4529.34,351.0
Maharashtra,Pune,APMC Pune,sorghum,2020,10,4748.67,226.0
Maharashtra,Pune,APMC Pune,sorghum,2020,11,4873.37,368.0
Maharashtra,Pune,APMC Pune,sorghum,2020,12,4771.25,320.0
Maharashtra,Pune,APMC Pune,sorghum,2021,1,4678.95,266.0
Maharashtra,Pune,APMC Pune,sorghum,2021,2,4748.98,295.0
Maharashtra,Pune,APMC Pune,sorghum,2021,3,4791.29,373.0
Maharashtra,Pune,APMC Pune,sorghum,2021,4,4773.3,440.0
Maharashtra,Pune,APMC Pune,sorghum,2021,5,4828.44,443.0
Maharashtra,Pune,APMC Pune,sorghum,2021,6,4643.3,575.0
Maharashtra,Pune,APMC Pune,sorghum,2021,7,4485.89,652.0
Maharashtra,Pune,APMC Pune,sorghum,2021,8,4187.1,694.0
Maharashtra,Pune,APMC Pune,sorghum,2021,9,4123.1,738.0
Maharashtra,Pune,APMC Pune,sorghum,2021,10,4042.43,786.0
Maharashtra,Pune,APMC Pune,sorghum,2021,11,4086.68,882.0
Maharashtra,Pune,APMC Pune,sorghum,2021,12,4154.79,1022.0
Maharashtra,Pune,APMC Pune,sorghum,2022,1,4140.13,978.0
Maharashtra,Pune,APMC Pune,sorghum,2022,2,4246.25,1013.0
Maharashtra,Pune,APMC Pune,sorghum,2022,3,4429.83,1299.0
Maharashtra,Pune,APMC Pune,sorghum,2022,4,4526.13,1372.0
Maharashtra,Pune,APMC Pune,sorghum,2022,5,4440.99,1210.0
Maharashtra,Pune,APMC Pune,sorghum,2022,6,4382.81,1422.0
Maharashtra,Pune,APMC Pune,sorghum,2022,7,4401.24,1529.0
Maharashtra,Pune,APMC Pune,sorghum,2022,8,4377.25,1611.0
Maharashtra,Pune,APMC Pune,sorghum,2022,9,4400.2,1222.0
Maharashtra,Pune,APMC Pune,sorghum,2022,10,4486.58,1356.0
Maharashtra,Pune,APMC Pune,sorghum,2022,11,5071.61,1196.0
Maharashtra,Pune,APMC Pune,sorghum,2022,12,5263.06,1064.0
Maharashtra,Pune,APMC Pune,sorghum,2023,1,5234.93,949.0
Maharashtra,Pune,APMC Pune,sorghum,2023,2,5177.95,1755.0
Maharashtra,Pune,APMC Pune,sorghum,2023,3,4963.94,1729.0
Maharashtra,Pune,APMC Pune,sorghum,2023,4,4901.81,1742.0
Maharashtra,Pune,APMC Pune,sorghum,2023,5,4623.92,1712.0
Maharashtra,Pune,APMC Pune,sorghum,2023,6,4950.83,1696.0
Maharashtra,Pune,APMC Pune,sorghum,2023,7,5117.25,1684.0
Maharashtra,Pune,APMC Pune,sorghum,2023,8,5675.33,1585.0
Maharashtra,Pune,APMC Pune,sorghum,2023,9,5987.53,1544.0
Maharashtra,Pune,APMC Pune,sorghum,2023,10,5991.03,1595.0
Maharashtra,Pune,APMC Pune,sorghum,2023,11,6253.55,1562.0
Maharashtra,Pune,APMC Pune,sorghum,2023,12,6448.87,133.0
Maharashtra,Pune,APMC Pune,sorghum,2024,1,6238.51,1140.0
Maharashtra,Pune,APMC Pune,sorghum,2024,2,5529.49,1533.6
Maharashtra,Pune,APMC Pune,sorghum,2024,3,4790.58,1756.5
Maharashtra,Pune,APMC Pune,sorghum,2024,4,4361.78,1242.6
Maharashtra,Pune,APMC Pune,sorghum,2024,5,5036.31,1737.7
Maharashtra,Pune,APMC Pune,sorghum,2024,6,5106.31,1756.7
Maharashtra,Pune,APMC Pune,sorghum,2024,7,5272.42,1924.9
Maharashtra,Pune,APMC Pune,sorghum,2024,8,5377.13,1851.1
Maharashtra,Pune,APMC Pune,sorghum,2024,9,5394.06,1745.7
Maharashtra,Pune,APMC Pune,sorghum,2024,10,4821.12,1787.8
Maharashtra,Pune,APMC Pune,sorghum,2024,11,4665.23,1441.8
Maharashtra,Pune,APMC Pune,sorghum,2024,12,5099.61,1840.2
Maharashtra,Pune,APMC Pune,sorghum,2025,1,4903.18,1284.1
Maharashtra,Pune,APMC Pune,sorghum,2025,2,5034.07,1636.0
Maharashtra,Pune,APMC Pune,sorghum,2025,3,4913.03,1913.5
Maharashtra,Pune,APMC Pune,sorghum,2025,4,4869.84,1977.1
Maharashtra,Pune,APMC Pune,sorghum,2025,5,5332.86,
Maharashtra,Pune,APMC Pune,sorghum,2025,6,5557.63,1926.7
Maharashtra,Pune,APMC Pune,sorghum,2025,7,5606.41,1916.2
Maharashtra,Pune,APMC Pune,sorghum,2025,8,5098.3,1797.5
Maharashtra,Pune,APMC Pune,sorghum,2025,9,4956.43,1659.5
Maharashtra,Pune,APMC Pune,sorghum,2025,10,,1657.1
Maharashtra,Pune,APMC Pune,sorghum,2025,11,,1737.0
Maharashtra,Pune,APMC Pune,sorghum,2025,12,,1751.4
Maharashtra,Pune,APMC Pune,sorghum,2026,1,,1580.3
Maharashtra,Pune,APMC Pune,sorghum,2026,2,,1626.9
Maharashtra,Pune,APMC Pune,sorghum,2026,3,5886.87,1787.8
Maharashtra,Pune,APMC Pune,sorghum,2026,4,5781.53,1734.2
Maharashtra,Pune,APMC Pune,sorghum,2026,5,5959.92,1775.7
Maharashtra,Pune,APMC Pune,sorghum,2026,6,6025.51,1926.0
Maharashtra,Pune,APMC Pune,sorghum,2026,7,6227.81,2014.9
Maharashtra,Pune,APMC Pune,sorghum,2026,8,6401.9,1833.3
Maharashtra,Pune,APMC Pune,sorghum,2026,9,6380.37,1889.4
Maharashtra,Pune,APMC Pune,wheat,2019,2,3950.0,17.0
Maharashtra,Pune,APMC Pune,wheat,2019,8,3387.32,284.0
Maharashtra,Pune,APMC Pune,wheat,2019,10,4021.88,64.0
Maharashtra,Pune,APMC Pune,wheat,2019,12,3988.33,30.0
Maharashtra,Pune,APMC Pune,wheat,2020,1,4130.77,26.0
Maharashtra,Pune,APMC Pune,wheat,2020,2,4012.0,25.0
Maharashtra,Pune,APMC Pune,wheat,2020,3,4013.89,18.0
Maharashtra,Pune,APMC Pune,wheat,2020,4,3983.33,3.0
Maharashtra,Pune,APMC Pune,wheat,2020,5,4050.0,2.0
Maharashtra,Pune,APMC Pune,wheat,2020,6,4222.37,38.0
Maharashtra,Pune,APMC Pune,wheat,2020,7,4241.02,64.0
Maharashtra,Pune,APMC Pune,wheat,2020,8,4229.32,133.0
Maharashtra,Pune,APMC Pune,wheat,2020,9,4070.67,104.0
Maharashtra,Pune,APMC Pune,wheat,2020,10,4129.41,68.0
Maharashtra,Pune,APMC Pune,wheat,2020,11,4278.97,145.0
Maharashtra,Pune,APMC Pune,wheat,2020,12,4104.21,107.0
Maharashtra,Pune,APMC Pune,wheat,2021,1,4054.78,115.0
Maharashtra,Pune,APMC Pune,wheat,2021,2,4197.2,125.0
Maharashtra,Pune,APMC Pune,wheat,2021,3,4255.33,150.0
Maharashtra,Pune,APMC Pune,wheat,2021,4,4396.61,192.0
Maharashtra,Pune,APMC Pune,wheat,2021,5,4519.54,174.0
Maharashtra,Pune,APMC Pune,wheat,2021,6,3421.02,509.0
Maharashtra,Pune,APMC Pune,wheat,2021,7,4382.91,237.0
Maharashtra,Pune,APMC Pune,wheat,2021,8,4133.82,275.0
Maharashtra,Pune,APMC Pune,wheat,2021,9,4133.9,326.0
Maharashtra,Pune,APMC Pune,wheat,2021,10,4145.48,398.0
Maharashtra,Pune,APMC Pune,wheat,2021,11,3165.27,1421.0
Maharashtra,Pune,APMC Pune,wheat,2021,12,4218.68,570.0
Maharashtra,Pune,APMC Pune,wheat,2022,1,4139.18,693.0
Maharashtra,Pune,APMC Pune,wheat,2022,2,3492.04,993.0
Maharashtra,Pune,APMC Pune,wheat,2022,3,4059.08,
Maharashtra,Pune,APMC Pune,wheat,2022,4,4075.22,1243.0
Maharashtra,Pune,APMC Pune,wheat,2022,5,4146.67,1052.0
Maharashtra,Pune,APMC Pune,wheat,2022,6,3952.75,1273.0
Maharashtra,Pune,APMC Pune,wheat,2022,7,,1310.0
Maharashtra,Pune,APMC Pune,wheat,2022,8,4471.49,1148.0
Maharashtra,Pune,APMC Pune,wheat,2022,9,4843.52,664.0
Maharashtra,Pune,APMC Pune,wheat,2022,10,4198.81,1180.0
Maharashtra,Pune,APMC Pune,wheat,2022,11,4814.73,913.0
Maharashtra,Pune,APMC Pune,wheat,2022,12,4716.75,770.0
Maharashtra,Pune,APMC Pune,wheat,2023,1,4872.99,646.0
Maharashtra,Pune,APMC Pune,wheat,2023,2,4284.7,1660.0
Maharashtra,Pune,APMC Pune,wheat,2023,3,4515.78,1185.0
Maharashtra,Pune,APMC Pune,wheat,2023,4,4095.84,1432.0
Maharashtra,Pune,APMC Pune,wheat,2023,5,3848.58,1476.0
Maharashtra,Pune,APMC Pune,wheat,2023,6,4499.73,1092.0
Maharashtra,Pune,APMC Pune,wheat,2023,7,4508.45,1095.0
Maharashtra,Pune,APMC Pune,wheat,2023,8,4873.87,1064.0
Maharashtra,Pune,APMC Pune,wheat,2023,9,4894.32,1065.0
Maharashtra,Pune,APMC Pune,wheat,2023,10,4846.61,1077.0
Maharashtra,Pune,APMC Pune,wheat,2023,11,5001.31,996.0
Maharashtra,Pune,APMC Pune,wheat,2023,12,5000.0,42.0
Maharashtra,Pune,APMC Pune,wheat,2024,4,4719.18,206.5
Maharashtra,Pune,APMC Pune,wheat,2024,6,3600.0,41.5
Maharashtra,Pune,APMC Pune,wheat,2024,8,3800.0,257.4
Maharashtra,Pune,APMC Pune,wheat,2024,12,4466.73,618.5
Maharashtra,Pune,APMC Pune,wheat,2025,1,4441.16,444.7
Maharashtra,Pune,APMC Pune,wheat,2025,4,4714.16,308.3
Maharashtra,Pune,APMC Pune,wheat,2025,8,4759.87,937.3
Maharashtra,Pune,APMC Pune,wheat,2025,9,4768.2,1013.0
Maharashtra,Pune,APMC Pune,wheat,2025,10,4756.55,1047.3
Maharashtra,Pune,APMC Pune,wheat,2025,11,4782.96,668.6
Maharashtra,Pune,APMC Pune,wheat,2025,12,4779.85,538.0
Maharashtra,Pune,APMC Pune,wheat,2026,1,4757.64,931.5
Maharashtra,Pune,APMC Pune,wheat,2026,2,4824.04,192.2
Maharashtra,Pune,APMC Pune,wheat,2026,3,4474.17,1297.1
Maharashtra,Pune,APMC Pune,wheat,2026,4,4675.5,1201.0
Maharashtra,Pune,APMC Shirur,chickpea,2019,4,4125.0,4.0
Maharashtra,Pune,APMC Shirur,chickpea,2019,6,3890.0,5.0
Maharashtra,Pune,APMC Shirur,chickpea,2019,8,4000.0,1.0
Maharashtra,Pune,APMC Shirur,chickpea,2019,10,3850.0,3.0
Maharashtra,Pune,APMC Shirur,chickpea,2020,2,3950.0,1.0
Maharashtra,Pune,APMC Shirur,chickpea,2020,3,3800.0,2.0
Maharashtra,Pune,APMC Shirur,chickpea,2020,7,3250.0,1.0
Maharashtra,Pune,APMC Shirur,chickpea,2020,8,4000.0,1.0
Maharashtra,Pune,APMC Shirur,chickpea,2020,9,3933.33,3.0
Maharashtra,Pune,APMC Shirur,chickpea,2020,11,4900.0,1.0
Maharashtra,Pune,APMC Shirur,chickpea,2020,12,3425.0,2.0
Maharashtra,Pune,APMC Shirur,chickpea,2021,1,3500.0,1.0
Maharashtra,Pune,APMC Shirur,chickpea,2021,2,4200.0,4.0
Maharashtra,Pune,APMC Shirur,chickpea,2021,3,4488.1,21.0
Maharashtra,Pune,APMC Shirur,chickpea,2021,4,4487.5,6.0
Maharashtra,Pune,APMC Shirur,chickpea,2021,5,4800.0,1.0
Maharashtra,Pune,APMC Shirur,chickpea,2021,6,4407.14,7.0
Maharashtra,Pune,APMC Shirur,chickpea,2021,7,4250.0,1.0
Maharashtra,Pune,APMC Shirur,chickpea,2021,8,4250.0,3.0
Maharashtra,Pune,APMC Shirur,chickpea,2021,9,4500.0,2.0
Maharashtra,Pune,APMC Shirur,chickpea,2021,10,4400.0,2.0
Maharashtra,Pune,APMC Shirur,chickpea,2021,11,5500.0,1.0
Maharashtra,Pune,APMC Shirur,chickpea,2021,12,3800.0,1.0
Maharashtra,Pune,APMC Shirur,chickpea,2022,2,4366.67,3.0
Maharashtra,Pune,APMC Shirur,chickpea,2022,3,4521.79,39.0
Maharashtra,Pune,APMC Shirur,chickpea,2022,4,4491.3,23.0
Maharashtra,Pune,APMC Shirur,chickpea,2022,5,4309.38,8.0
Maharashtra,Pune,APMC Shirur,chickpea,2022,6,4000.0,1.0
Maharashtra,Pune,APMC Shirur,chickpea,2022,8,4700.0,1.0
Maharashtra,Pune,APMC Shirur,chickpea,2022,9,3500.0,1.0
Maharashtra,Pune,APMC Shirur,chickpea,2022,10,4531.0,1.0
Maharashtra,Pune,APMC Shirur,chickpea,2023,2,4600.0,1.0
Maharashtra,Pune,APMC Shirur,chickpea,2023,3,4484.62,13.0
Maharashtra,Pune,APMC Shirur,chickpea,2023,4,4500.0,1.0
Maharashtra,Pune,APMC Shirur,chickpea,2023,5,4500.0,2.0
Maharashtra,Pune,APMC Shirur,chickpea,2023,6,4575.0,4.0
Maharashtra,Pune,APMC Shirur,chickpea,2024,5,5900.0,0.3
Maharashtra,Pune,APMC Shirur,chickpea,2024,6,5760.0,0.5
Maharashtra,Pune,APMC Shirur,chickpea,2024,8,6600.0,0.3
Maharashtra,Pune,APMC Shirur,chickpea,2024,9,6350.0,0.4
Maharashtra,Pune,APMC Shirur,chickpea,2024,10,4600.0,0.2
Maharashtra,Pune,APMC Shirur,chickpea,2024,11,6166.67,0.3
Maharashtra,Pune,APMC Shirur,chickpea,2024,12,6500.0,0.1
Maharashtra,Pune,APMC Shirur,chickpea,2025,1,5800.0,0.2
Maharashtra,Pune,APMC Shirur,chickpea,2025,3,5460.53,3.8
Maharashtra,Pune,APMC Shirur,chickpea,2025,4,5528.75,2.0
Maharashtra,Pune,APMC Shirur,chickpea,2025,5,5488.33,3.0
Maharashtra,Pune,APMC Shirur,chickpea,2025,6,5211.54,1.3
Maharashtra,Pune,APMC Shirur,chickpea,2025,7,5144.44,0.9
Maharashtra,Pune,APMC Shirur,chickpea,2025,8,5279.55,2.2
Maharashtra,Pune,APMC Shirur,chickpea,2025,9,5471.43,0.7
Maharashtra,Pune,APMC Shirur,chickpea,2025,10,4971.43,0.7
Maharashtra,Pune,APMC Shirur,chickpea,2025,11,5300.0,0.1
Maharashtra,Pune,APMC Shirur,chickpea,2025,12,4612.5,0.8
Maharashtra,Pune,APMC Shirur,chickpea,2026,2,5700.0,0.5
Maharashtra,Pune,APMC Shirur,chickpea,2026,3,5030.43,2.3
Maharashtra,Pune,APMC Shirur,chickpea,2026,4,4967.27,5.5
Maharashtra,Pune,APMC Shirur,chickpea,2026,5,5164.29,2.8
Maharashtra,Pune,APMC Shirur,chickpea,2026,6,5107.69,2.6
Maharashtra,Pune,APMC Shirur,chickpea,2026,7,5316.67,1.8
Maharashtra,Pune,APMC Shirur,chickpea,2026,8,5605.56,1.8
Maharashtra,Pune,APMC Shirur,chickpea,2026,9,4955.56,0.9
Maharashtra,Pune,APMC Shirur,groundnut,2020,11,3400.0,1.0
Maharashtra,Pune,APMC Shirur,groundnut,2021,7,4500.0,1.0
Maharashtra,Pune,APMC Shirur,groundnut,2021,9,4500.0,1.0
Maharashtra,Pune,APMC Shirur,groundnut,2022,4,3600.0,1.0
Maharashtra,Pune,APMC Shirur,groundnut,2022,9,4700.0,1.0
Maharashtra,Pune,APMC Shirur,groundnut,2023,6,,2.0
Maharashtra,Pune,APMC Shirur,groundnut,2024,8,3500.0,0.1
Maharashtra,Pune,APMC Shirur,groundnut,2024,9,5000.0,0.5
Maharashtra,Pune,APMC Shirur,groundnut,2024,11,4400.0,0.1
Maharashtra,Pune,APMC Shirur,groundnut,2025,6,3500.0,0.3
Maharashtra,Pune,APMC Shirur,groundnut,2025,7,4750.0,1.4
Maharashtra,Pune,APMC Shirur,groundnut,2025,9,3500.0,0.1
Maharashtra,Pune,APMC Shirur,groundnut,2025,10,3500.0,0.4
Maharashtra,Pune,APMC Shirur,groundnut,2026,6,3500.0,0.2
Maharashtra,Pune,APMC Shirur,groundnut,2026,7,5500.0,0.4
Maharashtra,Pune,APMC Shirur,groundnut,2026,8,5200.0,0.3
Maharashtra,Pune,APMC Shirur,groundnut,2026,9,6500.0,0.2
Maharashtra,Pune,APMC Shirur,maize,2019,2,2000.0,2.0
Maharashtra,Pune,APMC Shirur,maize,2019,6,1790.0,5.0
Maharashtra,Pune,APMC Shirur,maize,2019,8,2300.0,1.0
Maharashtra,Pune,APMC Shirur,maize,2019,10,2218.18,11.0
Maharashtra,Pune,APMC Shirur,maize,2019,12,1839.81,16.0
Maharashtra,Pune,APMC Shirur,maize,2020,1,1783.33,3.0
Maharashtra,Pune,APMC Shirur,maize,2020,2,1587.5,4.0
Maharashtra,Pune,APMC Shirur,maize,2020,3,1450.0,3.0
Maharashtra,Pune,APMC Shirur,maize,2020,5,1350.0,1.0
Maharashtra,Pune,APMC Shirur,maize,2020,6,1300.0,8.0
Maharashtra,Pune,APMC Shirur,maize,2020,7,1250.0,3.0
Maharashtra,Pune,APMC Shirur,maize,2020,8,1050.0,2.0
Maharashtra,Pune,APMC Shirur,maize,2020,9,1175.0,2.0
Maharashtra,Pune,APMC Shirur,maize,2020,10,1339.47,57.0
Maharashtra,Pune,APMC Shirur,maize,2020,11,1307.47,77.0
Maharashtra,Pune,APMC Shirur,maize,2020,12,1292.39,23.0
Maharashtra,Pune,APMC Shirur,maize,2021,1,1231.25,8.0
Maharashtra,Pune,APMC Shirur,maize,2021,2,1400.0,1.0
Maharashtra,Pune,APMC Shirur,maize,2021,3,1383.33,3.0
Maharashtra,Pune,APMC Shirur,maize,2021,4,1450.0,1.0
Maharashtra,Pune,APMC Shirur,maize,2021,5,1585.0,
Maharashtra,Pune,APMC Shirur,maize,2021,6,1520.0,5.0
Maharashtra,Pune,APMC Shirur,maize,2021,7,1666.67,3.0
Maharashtra,Pune,APMC Shirur,maize,2021,8,1666.67,3.0
Maharashtra,Pune,APMC Shirur,maize,2021,10,1622.1,29.0
Maharashtra,Pune,APMC Shirur,maize,2021,11,1676.45,31.0
Maharashtra,Pune,APMC Shirur,maize,2021,12,1650.0,5.0
Maharashtra,Pune,APMC Shirur,maize,2022,1,1616.67,6.0
Maharashtra,Pune,APMC Shirur,maize,2022,3,1750.0,1.0
Maharashtra,Pune,APMC Shirur,maize,2022,4,2062.5,4.0
Maharashtra,Pune,APMC Shirur,maize,2022,5,2262.5,2.0
Maharashtra,Pune,APMC Shirur,maize,2022,7,2100.0,
Maharashtra,Pune,APMC Shirur,maize,2022,9,2200.0,3.0
Maharashtra,Pune,APMC Shirur,maize,2022,10,2179.69,48.0
Maharashtra,Pune,APMC Shirur,maize,2023,1,2100.0,1.0
Maharashtra,Pune,APMC Shirur,maize,2023,2,2100.0,1.0
Maharashtra,Pune,APMC Shirur,maize,2023,3,2041.67,
Maharashtra,Pune,APMC Shirur,maize,2023,4,1966.67,6.0
Maharashtra,Pune,APMC Shirur,maize,2023,6,,19.0
Maharashtra,Pune,APMC Shirur,maize,2023,8,1750.0,1.0
Maharashtra,Pune,APMC Shirur,maize,2024,6,2272.86,3.5
Maharashtra,Pune,APMC Shirur,maize,2024,8,2550.0,0.5
Maharashtra,Pune,APMC Shirur,maize,2024,9,2573.68,5.7
Maharashtra,Pune,APMC Shirur,maize,2024,10,2268.97,2.9
Maharashtra,Pune,APMC Shirur,maize,2024,11,2088.39,23.9
Maharashtra,Pune,APMC Shirur,maize,2024,12,2092.86,12.6
Maharashtra,Pune,APMC Shirur,maize,2025,1,2246.67,6.0
Maharashtra,Pune,APMC Shirur,maize,2025,3,2133.33,1.8
Maharashtra,Pune,APMC Shirur,maize,2025,4,2221.67,3.0
Maharashtra,Pune,APMC Shirur,maize,2025,5,2120.63,6.3
Maharashtra,Pune,APMC Shirur,maize,2025,6,2060.98,8.2
Maharashtra,Pune,APMC Shirur,maize,2025,7,2050.68,3.7
Maharashtra,Pune,APMC Shirur,maize,2025,8,2402.0,2.5
Maharashtra,Pune,APMC Shirur,maize,2025,9,2016.67,7.8
Maharashtra,Pune,APMC Shirur,maize,2025,10,1993.59,104.5
Maharashtra,Pune,APMC Shirur,maize,2025,11,1800.37,44.7
Maharashtra,Pune,APMC Shirur,maize,2025,12,1803.5,41.4
Maharashtra,Pune,APMC Shirur,maize,2026,1,1701.47,5.1
Maharashtra,Pune,APMC Shirur,maize,2026,2,1854.17,2.4
Maharashtra,Pune,APMC Shirur,maize,2026,4,1740.83,3.0
Maharashtra,Pune,APMC Shirur,maize,2026,5,1794.78,6.7
Maharashtra,Pune,APMC Shirur,maize,2026,6,1819.01,7.1
Maharashtra,Pune,APMC Shirur,maize,2026,7,1976.72,5.8
Maharashtra,Pune,APMC Shirur,maize,2026,8,2223.33,3.0
Maharashtra,Pune,APMC Shirur,maize,2026,9,2308.62,2.9
Maharashtra,Pune,APMC Shirur,onion,2024,8,3554.63,649.8
Maharashtra,Pune,APMC Shirur,onion,2024,10,3976.51,2614.4
Maharashtra,Pune,APMC Shirur,onion,2024,12,2870.53,3841.8
Maharashtra,Pune,APMC Shirur,pearl_millet,2019,6,1475.0,4.0
Maharashtra,Pune,APMC Shirur,pearl_millet,2019,8,2258.33,3.0
Maharashtra,Pune,APMC Shirur,pearl_millet,2019,10,1722.21,42.0
Maharashtra,Pune,APMC Shirur,pearl_millet,2019,12,1779.55,11.0
Maharashtra,Pune,APMC Shirur,pearl_millet,2020,1,1921.38,8.0
Maharashtra,Pune,APMC Shirur,pearl_millet,2020,2,1945.83,12.0
Maharashtra,Pune,APMC Shirur,pearl_millet,2020,3,1821.43,7.0
Maharashtra,Pune,APMC Shirur,pearl_millet,2020,5,1866.67,3.0
Maharashtra,Pune,APMC Shirur,pearl_millet,2020,6,1518.5,20.0
Maharashtra,Pune,APMC Shirur,pearl_millet,2020,7,1399.23,13.0
Maharashtra,Pune,APMC Shirur,pearl_millet,2020,8,1201.08,40.0
Maharashtra,Pune,APMC Shirur,pearl_millet,2020,9,1258.09,34.0
Maharashtra,Pune,APMC Shirur,pearl_millet,2020,10,1335.29,17.0
Maharashtra,Pune,APMC Shirur,pearl_millet,2020,11,1433.44,48.0
Maharashtra,Pune,APMC Shirur,pearl_millet,2020,12,1325.45,55.0
Maharashtra,Pune,APMC Shirur,pearl_millet,2021,1,1292.72,36.0
Maharashtra,Pune,APMC Shirur,pearl_millet,2021,2,1302.95,39.0
Maharashtra,Pune,APMC Shirur,pearl_millet,2021,3,1345.31,48.0
Maharashtra,Pune,APMC Shirur,pearl_millet,2021,4,1310.42,12.0
Maharashtra,Pune,APMC Shirur,pearl_millet,2021,5,1395.83,12.0
Maharashtra,Pune,APMC Shirur,pearl_millet,2021,6,1359.0,40.0
Maharashtra,Pune,APMC Shirur,pearl_millet,2021,7,1414.29,41.0
Maharashtra,Pune,APMC Shirur,pearl_millet,2021,8,1532.17,69.0
Maharashtra,Pune,APMC Shirur,pearl_millet,2021,9,1559.64,98.0
Maharashtra,Pune,APMC Shirur,pearl_millet,2021,10,1576.55,66.0
Maharashtra,Pune,APMC Shirur,pearl_millet,2021,11,1697.56,34.0
Maharashtra,Pune,APMC Shirur,pearl_millet,2021,12,1769.46,28.0
Maharashtra,Pune,APMC Shirur,pearl_millet,2022,1,1779.69,29.0
Maharashtra,Pune,APMC Shirur,pearl_millet,2022,2,1781.25,16.0
Maharashtra,Pune,APMC Shirur,pearl_millet,2022,3,1888.16,19.0
Maharashtra,Pune,APMC Shirur,pearl_millet,2022,4,2000.0,5.0
Maharashtra,Pune,APMC Shirur,pearl_millet,2022,5,2000.0,6.0
Maharashtra,Pune,APMC Shirur,pearl_millet,2022,6,2100.0,3.0
Maharashtra,Pune,APMC Shirur,pearl_millet,2022,7,2321.43,7.0
Maharashtra,Pune,APMC Shirur,pearl_millet,2022,8,2309.52,21.0
Maharashtra,Pune,APMC Shirur,pearl_millet,2022,9,2071.67,15.0
Maharashtra,Pune,APMC Shirur,pearl_millet,2022,10,2200.0,1.0
Maharashtra,Pune,APMC Shirur,pearl_millet,2022,11,2460.0,5.0
Maharashtra,Pune,APMC Shirur,pearl_millet,2022,12,2356.33,9.0
Maharashtra,Pune,APMC Shirur,pearl_millet,2023,1,2287.5,4.0
Maharashtra,Pune,APMC Shirur,pearl_millet,2023,2,2550.0,4.0
Maharashtra,Pune,APMC Shirur,pearl_millet,2023,3,2478.57,
Maharashtra,Pune,APMC Shirur,pearl_millet,2023,4,2500.0,
Maharashtra,Pune,APMC Shirur,pearl_millet,2023,5,2346.6,5.0
Maharashtra,Pune,APMC Shirur,pearl_millet,2023,6,2325.0,2.0
Maharashtra,Pune,APMC Shirur,pearl_millet,2023,7,2383.33,3.0
Maharashtra,Pune,APMC Shirur,pearl_millet,2024,6,2447.37,1.9
Maharashtra,Pune,APMC Shirur,pearl_millet,2024,8,2300.0,3.0
Maharashtra,Pune,APMC Shirur,pearl_millet,2024,10,2200.0,0.7
Maharashtra,Pune,APMC Shirur,pearl_millet,2024,11,2517.86,2.8
Maharashtra,Pune,APMC Shirur,pearl_millet,2024,12,2646.81,4.7
Maharashtra,Pune,APMC Shirur,pearl_millet,2025,1,2546.77,
Maharashtra,Pune,APMC Shirur,pearl_millet,2025,2,2750.0,0.6
Maharashtra,Pune,APMC Shirur,pearl_millet,2025,3,,2.4
Maharashtra,Pune,APMC Shirur,pearl_millet,2025,4,2641.0,2.5
Maharashtra,Pune,APMC Shirur,pearl_millet,2025,5,,3.1
Maharashtra,Pune,APMC Shirur,pearl_millet,2025,6,2530.22,7.9
Maharashtra,Pune,APMC Shirur,pearl_millet,2025,7,2703.46,12.3
Maharashtra,Pune,APMC Shirur,pearl_millet,2025,8,2701.0,22.4
Maharashtra,Pune,APMC Shirur,pearl_millet,2025,9,2709.11,67.9
Maharashtra,Pune,APMC Shirur,pearl_millet,2025,10,2578.02,38.2
Maharashtra,Pune,APMC Shirur,pearl_millet,2025,11,2473.08,2.6
Maharashtra,Pune,APMC Shirur,pearl_millet,2025,12,2425.41,12.2
Maharashtra,Pune,APMC Shirur,pearl_millet,2026,1,2504.76,2.1
Maharashtra,Pune,APMC Shirur,pearl_millet,2026,2,2447.37,1.9
Maharashtra,Pune,APMC Shirur,pearl_millet,2026,3,2500.0,0.1
Maharashtra,Pune,APMC Shirur,pearl_millet,2026,4,2156.48,2.7
Maharashtra,Pune,APMC Shirur,pearl_millet,2026,5,2125.0,2.2
Maharashtra,Pune,APMC Shirur,pearl_millet,2026,6,2080.83,6.0
Maharashtra,Pune,APMC Shirur,pearl_millet,2026,7,2477.94,3.4
Maharashtra,Pune,APMC Shirur,pearl_millet,2026,8,2470.29,6.9
Maharashtra,Pune,APMC Shirur,pearl_millet,2026,9,2596.11,12.8
Maharashtra,Pune,APMC Shirur,pigeon_pea,2019,6,4500.0,1.0
Maharashtra,Pune,APMC Shirur,pigeon_pea,2020,1,4157.14,7.0
Maharashtra,Pune,APMC Shirur,pigeon_pea,2020,2,4233.33,3.0
Maharashtra,Pune,APMC Shirur,pigeon_pea,2020,3,4266.67,3.0
Maharashtra,Pune,APMC Shirur,pigeon_pea,2020,6,4300.0,1.0
Maharashtra,Pune,APMC Shirur,pigeon_pea,2020,7,4000.0,1.0
Maharashtra,Pune,APMC Shirur,pigeon_pea,2020,12,4950.0,2.0
Maharashtra,Pune,APMC Shirur,pigeon_pea,2021,2,,2.0
Maharashtra,Pune,APMC Shirur,pigeon_pea,2021,3,5500.0,1.0
Maharashtra,Pune,APMC Shirur,pigeon_pea,2022,1,,10.0
Maharashtra,Pune,APMC Shirur,pigeon_pea,2022,2,5100.0,1.0
Maharashtra,Pune,APMC Shirur,pigeon_pea,2022,3,,1.0
Maharashtra,Pune,APMC Shirur,pigeon_pea,2022,7,6000.0,1.0
Maharashtra,Pune,APMC Shirur,pigeon_pea,2022,8,5300.0,1.0
Maharashtra,Pune,APMC Shirur,pigeon_pea,2023,1,6362.5,4.0
Maharashtra,Pune,APMC Shirur,pigeon_pea,2023,2,6558.33,6.0
Maharashtra,Pune,APMC Shirur,pigeon_pea,2023,3,6800.0,1.0
Maharashtra,Pune,APMC Shirur,pigeon_pea,2024,8,8800.0,0.1
Maharashtra,Pune,APMC Shirur,pigeon_pea,2024,11,7500.0,0.1
Maharashtra,Pune,APMC Shirur,pigeon_pea,2024,12,6905.53,24.4
Maharashtra,Pune,APMC Shirur,pigeon_pea,2025,1,6771.6,20.6
Maharashtra,Pune,APMC Shirur,pigeon_pea,2025,2,6900.0,1.0
Maharashtra,Pune,APMC Shirur,pigeon_pea,2025,3,6681.82,1.1
Maharashtra,Pune,APMC Shirur,pigeon_pea,2025,4,6210.0,1.0
Maharashtra,Pune,APMC Shirur,pigeon_pea,2025,5,6431.25,1.6
Maharashtra,Pune,APMC Shirur,pigeon_pea,2025,6,5765.38,2.6
Maharashtra,Pune,APMC Shirur,pigeon_pea,2025,7,5466.67,0.6
Maharashtra,Pune,APMC Shirur,pigeon_pea,2025,8,5342.94,1.8
Maharashtra,Pune,APMC Shirur,pigeon_pea,2025,9,5050.0,0.6
Maharashtra,Pune,APMC Shirur,pigeon_pea,2025,10,5884.62,1.3
Maharashtra,Pune,APMC Shirur,pigeon_pea,2025,11,5000.0,0.1
Maharashtra,Pune,APMC Shirur,pigeon_pea,2025,12,6396.44,28.8
Maharashtra,Pune,APMC Shirur,pigeon_pea,2026,1,6579.07,8.6
Maharashtra,Pune,APMC Shirur,pigeon_pea,2026,2,7150.0,1.0
Maharashtra,Pune,APMC Shirur,pigeon_pea,2026,4,6250.0,1.2
Maharashtra,Pune,APMC Shirur,pigeon_pea,2026,5,6600.0,0.7
Maharashtra,Pune,APMC Shirur,pigeon_pea,2026,6,6000.0,0.1
Maharashtra,Pune,APMC Shirur,pigeon_pea,2026,7,5400.0,0.3
Maharashtra,Pune,APMC Shirur,pigeon_pea,2026,8,4000.0,0.1
Maharashtra,Pune,APMC Shirur,pigeon_pea,2026,9,5650.0,0.4
Maharashtra,Pune,APMC Shirur,sorghum,2019,6,2166.67,3.0
Maharashtra,Pune,APMC Shirur,sorghum,2019,8,2700.0,1.0
Maharashtra,Pune,APMC Shirur,sorghum,2020,1,2925.0,2.0
Maharashtra,Pune,APMC Shirur,sorghum,2020,2,2918.18,11.0
Maharashtra,Pune,APMC Shirur,sorghum,2020,3,2360.0,5.0
Maharashtra,Pune,APMC Shirur,sorghum,2020,6,2300.0,2.0
Maharashtra,Pune,APMC Shirur,sorghum,2020,7,2550.0,2.0
Maharashtra,Pune,APMC Shirur,sorghum,2020,8,1883.33,6.0
Maharashtra,Pune,APMC Shirur,sorghum,2020,9,1833.33,6.0
Maharashtra,Pune,APMC Shirur,sorghum,2020,10,1566.67,3.0
Maharashtra,Pune,APMC Shirur,sorghum,2020,11,1600.0,3.0
Maharashtra,Pune,APMC Shirur,sorghum,2020,12,1485.71,7.0
Maharashtra,Pune,APMC Shirur,sorghum,2021,1,1425.0,1.0
Maharashtra,Pune,APMC Shirur,sorghum,2021,2,1560.0,5.0
Maharashtra,Pune,APMC Shirur,sorghum,2021,3,1525.0,4.0
Maharashtra,Pune,APMC Shirur,sorghum,2021,4,1475.0,1.0
Maharashtra,Pune,APMC Shirur,sorghum,2021,5,1450.0,1.0
Maharashtra,Pune,APMC Shirur,sorghum,2021,6,1556.25,8.0
Maharashtra,Pune,APMC Shirur,sorghum,2021,7,1533.33,6.0
Maharashtra,Pune,APMC Shirur,sorghum,2021,8,1468.75,8.0
Maharashtra,Pune,APMC Shirur,sorghum,2021,9,1506.25,8.0
Maharashtra,Pune,APMC Shirur,sorghum,2021,10,1325.0,4.0
Maharashtra,Pune,APMC Shirur,sorghum,2021,11,1200.0,1.0
Maharashtra,Pune,APMC Shirur,sorghum,2022,1,1595.25,4.0
Maharashtra,Pune,APMC Shirur,sorghum,2022,2,1570.0,10.0
Maharashtra,Pune,APMC Shirur,sorghum,2022,3,1768.42,19.0
Maharashtra,Pune,APMC Shirur,sorghum,2022,4,1671.43,7.0
Maharashtra,Pune,APMC Shirur,sorghum,2022,5,1925.0,4.0
Maharashtra,Pune,APMC Shirur,sorghum,2022,7,1833.33,3.0
Maharashtra,Pune,APMC Shirur,sorghum,2022,8,2250.0,1.0
Maharashtra,Pune,APMC Shirur,sorghum,2022,9,1650.0,1.0
Maharashtra,Pune,APMC Shirur,sorghum,2022,10,2575.0,2.0
Maharashtra,Pune,APMC Shirur,sorghum,2022,12,3000.0,3.0
Maharashtra,Pune,APMC Shirur,sorghum,2023,1,3300.0,1.0
Maharashtra,Pune,APMC Shirur,sorghum,2023,2,3550.33,3.0
Maharashtra,Pune,APMC Shirur,sorghum,2023,3,3683.33,6.0
Maharashtra,Pune,APMC Shirur,sorghum,2023,4,3100.0,2.0
Maharashtra,Pune,APMC Shirur,sorghum,2023,5,3000.0,1.0
Maharashtra,Pune,APMC Shirur,sorghum,2023,6,3443.75,8.0
Maharashtra,Pune,APMC Shirur,sorghum,2023,8,3700.0,1.0
Maharashtra,Pune,APMC Shirur,sorghum,2024,6,2200.0,1.2
Maharashtra,Pune,APMC Shirur,sorghum,2024,8,2230.77,1.3
Maharashtra,Pune,APMC Shirur,sorghum,2024,9,2275.0,0.8
Maharashtra,Pune,APMC Shirur,sorghum,2024,10,2690.0,0.5
Maharashtra,Pune,APMC Shirur,sorghum,2024,11,2000.0,1.8
Maharashtra,Pune,APMC Shirur,sorghum,2024,12,1832.0,2.5
Maharashtra,Pune,APMC Shirur,sorghum,2025,1,2207.89,1.9
Maharashtra,Pune,APMC Shirur,sorghum,2025,2,2300.0,0.6
Maharashtra,Pune,APMC Shirur,sorghum,2025,3,2100.0,3.3
Maharashtra,Pune,APMC Shirur,sorghum,2025,4,1942.86,0.7
Maharashtra,Pune,APMC Shirur,sorghum,2025,5,2000.0,
Maharashtra,Pune,APMC Shirur,sorghum,2025,6,2080.0,1.0
Maharashtra,Pune,APMC Shirur,sorghum,2025,7,2368.75,0.8
Maharashtra,Pune,APMC Shirur,sorghum,2025,8,2575.0,1.4
Maharashtra,Pune,APMC Shirur,sorghum,2025,9,2442.86,1.4
Maharashtra,Pune,APMC Shirur,sorghum,2025,10,,1.3
Maharashtra,Pune,APMC Shirur,sorghum,2025,12,,0.4
Maharashtra,Pune,APMC Shirur,sorghum,2026,1,,0.1
Maharashtra,Pune,APMC Shirur,sorghum,2026,2,,0.1
Maharashtra,Pune,APMC Shirur,sorghum,2026,3,2000.0,0.1
Maharashtra,Pune,APMC Shirur,sorghum,2026,4,4823.53,1.7
Maharashtra,Pune,APMC Shirur,sorghum,2026,5,2300.0,0.5
Maharashtra,Pune,APMC Shirur,sorghum,2026,6,2980.0,0.5
Maharashtra,Pune,APMC Shirur,sorghum,2026,7,2840.0,0.5
Maharashtra,Pune,APMC Shirur,sorghum,2026,8,3388.89,0.9
Maharashtra,Pune,APMC Shirur,sorghum,2026,9,2445.45,1.1
Maharashtra,Pune,APMC Shirur,soybean,2019,12,3462.5,4.0
Maharashtra,Pune,APMC Shirur,soybean,2020,1,3700.0,1.0
Maharashtra,Pune,APMC Shirur,soybean,2020,2,3300.0,1.0
Maharashtra,Pune,APMC Shirur,soybean,2020,6,3100.0,1.0
Maharashtra,Pune,APMC Shirur,soybean,2020,10,3470.0,9.0
Maharashtra,Pune,APMC Shirur,soybean,2020,11,3631.25,4.0
Maharashtra,Pune,APMC Shirur,soybean,2021,1,3966.67,3.0
Maharashtra,Pune,APMC Shirur,soybean,2021,12,5918.88,8.0
Maharashtra,Pune,APMC Shirur,soybean,2022,2,6100.0,3.0
Maharashtra,Pune,APMC Shirur,soybean,2022,4,6950.0,2.0
Maharashtra,Pune,APMC Shirur,soybean,2022,5,,1.0
Maharashtra,Pune,APMC Shirur,soybean,2022,6,6200.0,1.0
Maharashtra,Pune,APMC Shirur,soybean,2022,7,,3.0
Maharashtra,Pune,APMC Shirur,soybean,2022,8,6000.0,1.0
Maharashtra,Pune,APMC Shirur,soybean,2022,9,4800.0,2.0
Maharashtra,Pune,APMC Shirur,soybean,2022,10,4700.0,42.0
Maharashtra,Pune,APMC Shirur,soybean,2022,11,5075.37,68.0
Maharashtra,Pune,APMC Shirur,soybean,2022,12,5066.16,31.0
Maharashtra,Pune,APMC Shirur,soybean,2023,1,5082.14,14.0
Maharashtra,Pune,APMC Shirur,soybean,2023,2,5044.74,19.0
Maharashtra,Pune,APMC Shirur,soybean,2023,3,4867.86,14.0
Maharashtra,Pune,APMC Shirur,soybean,2023,4,4900.0,1.0
Maharashtra,Pune,APMC Shirur,soybean,2023,5,4670.0,10.0
Maharashtra,Pune,APMC Shirur,soybean,2023,6,4672.22,9.0
Maharashtra,Pune,APMC Shirur,soybean,2023,7,4600.0,1.0
Maharashtra,Pune,APMC Shirur,soybean,2023,8,4725.0,2.0
Maharashtra,Pune,APMC Shirur,soybean,2023,10,4450.0,1.0
Maharashtra,Pune,APMC Shirur,soybean,2024,6,4284.18,2.2
Maharashtra,Pune,APMC Shirur,soybean,2024,8,4216.24,1.7
Maharashtra,Pune,APMC Shirur,soybean,2024,9,4465.62,3.2
Maharashtra,Pune,APMC Shirur,soybean,2024,10,4200.0,31.1
Maharashtra,Pune,APMC Shirur,soybean,2024,11,4130.69,25.9
Maharashtra,Pune,APMC Shirur,soybean,2024,12,4139.99,32.8
Maharashtra,Pune,APMC Shirur,soybean,2025,1,4103.85,23.4
Maharashtra,Pune,APMC Shirur,soybean,2025,2,4050.0,0.6
Maharashtra,Pune,APMC Shirur,soybean,2025,3,3990.63,3.2
Maharashtra,Pune,APMC Shirur,soybean,2025,4,4025.0,2.4
Maharashtra,Pune,APMC Shirur,soybean,2025,5,4206.25,1.6
Maharashtra,Pune,APMC Shirur,soybean,2025,6,4205.74,6.1
Maharashtra,Pune,APMC Shirur,soybean,2025,7,4251.04,2.4
Maharashtra,Pune,APMC Shirur,soybean,2025,8,4500.0,0.6
Maharashtra,Pune,APMC Shirur,soybean,2025,9,4252.27,4.4
Maharashtra,Pune,APMC Shirur,soybean,2025,10,4042.81,297.7
Maharashtra,Pune,APMC Shirur,soybean,2025,11,4400.0,12.4
Maharashtra,Pune,APMC Shirur,soybean,2025,12,4529.97,19.6
Maharashtra,Pune,APMC Shirur,soybean,2026,1,4757.14,3.5
Maharashtra,Pune,APMC Shirur,soybean,2026,2,5400.0,2.7
Maharashtra,Pune,APMC Shirur,soybean,2026,3,5200.0,1.0
Maharashtra,Pune,APMC Shirur,soybean,2026,4,5283.67,4.9
Maharashtra,Pune,APMC Shirur,soybean,2026,5,7000.0,1.5
Maharashtra,Pune,APMC Shirur,soybean,2026,6,5092.31,1.3
Maharashtra,Pune,APMC Shirur,soybean,2026,7,6565.22,
Maharashtra,Pune,APMC Shirur,soybean,2026,8,6628.57,0.7
Maharashtra,Pune,APMC Shirur,soybean,2026,9,5520.0,0.5
Maharashtra,Pune,APMC Shirur,wheat,2019,6,1575.0,6.0
Maharashtra,Pune,APMC Shirur,wheat,2019,10,1920.33,3.0
Maharashtra,Pune,APMC Shirur,wheat,2019,12,2071.67,6.0
Maharashtra,Pune,APMC Shirur,wheat,2020,1,2311.11,9.0
Maharashtra,Pune,APMC Shirur,wheat,2020,2,2111.2,5.0
Maharashtra,Pune,APMC Shirur,wheat,2020,3,1868.75,12.0
Maharashtra,Pune,APMC Shirur,wheat,2020,5,1975.0,5.0
Maharashtra,Pune,APMC Shirur,wheat,2020,6,1875.0,6.0
Maharashtra,Pune,APMC Shirur,wheat,2020,7,1600.0,4.0
Maharashtra,Pune,APMC Shirur,wheat,2020,8,1545.45,11.0
Maharashtra,Pune,APMC Shirur,wheat,2020,9,1400.0,7.0
Maharashtra,Pune,APMC Shirur,wheat,2020,10,1353.57,7.0
Maharashtra,Pune,APMC Shirur,wheat,2020,11,1400.0,10.0
Maharashtra,Pune,APMC Shirur,wheat,2020,12,1403.33,15.0
Maharashtra,Pune,APMC Shirur,wheat,2021,1,1426.56,16.0
Maharashtra,Pune,APMC Shirur,wheat,2021,2,1451.56,16.0
Maharashtra,Pune,APMC Shirur,wheat,2021,3,1670.54,28.0
Maharashtra,Pune,APMC Shirur,wheat,2021,4,1696.15,13.0
Maharashtra,Pune,APMC Shirur,wheat,2021,5,1643.75,4.0
Maharashtra,Pune,APMC Shirur,wheat,2021,6,1565.0,15.0
Maharashtra,Pune,APMC Shirur,wheat,2021,7,1522.5,20.0
Maharashtra,Pune,APMC Shirur,wheat,2021,8,1572.26,23.0
Maharashtra,Pune,APMC Shirur,wheat,2021,9,1609.6,35.0
Maharashtra,Pune,APMC Shirur,wheat,2021,10,1567.45,53.0
Maharashtra,Pune,APMC Shirur,wheat,2021,11,1608.68,19.0
Maharashtra,Pune,APMC Shirur,wheat,2021,12,1663.1,21.0
Maharashtra,Pune,APMC Shirur,wheat,2022,1,1685.88,24.0
Maharashtra,Pune,APMC Shirur,wheat,2022,2,1697.5,10.0
Maharashtra,Pune,APMC Shirur,wheat,2022,3,1742.86,
Maharashtra,Pune,APMC Shirur,wheat,2022,4,2170.0,10.0
Maharashtra,Pune,APMC Shirur,wheat,2022,5,1731.62,13.0
Maharashtra,Pune,APMC Shirur,wheat,2022,6,1733.33,6.0
Maharashtra,Pune,APMC Shirur,wheat,2022,7,,9.0
Maharashtra,Pune,APMC Shirur,wheat,2022,8,2160.0,5.0
Maharashtra,Pune,APMC Shirur,wheat,2022,9,2216.67,6.0
Maharashtra,Pune,APMC Shirur,wheat,2022,10,2325.0,1.0
Maharashtra,Pune,APMC Shirur,wheat,2022,11,2500.0,2.0
Maharashtra,Pune,APMC Shirur,wheat,2023,1,2600.0,1.0
Maharashtra,Pune,APMC Shirur,wheat,2023,2,2313.14,7.0
Maharashtra,Pune,APMC Shirur,wheat,2023,3,2379.42,33.0
Maharashtra,Pune,APMC Shirur,wheat,2023,4,2390.0,5.0
Maharashtra,Pune,APMC Shirur,wheat,2023,5,2306.82,11.0
Maharashtra,Pune,APMC Shirur,wheat,2023,6,2135.17,6.0
Maharashtra,Pune,APMC Shirur,wheat,2023,7,2520.0,5.0
Maharashtra,Pune,APMC Shirur,wheat,2023,8,2400.0,1.0
Maharashtra,Pune,APMC Shirur,wheat,2024,5,2100.0,0.2
Maharashtra,Pune,APMC Shirur,wheat,2024,6,2550.0,0.8
Maharashtra,Pune,APMC Shirur,wheat,2024,8,2727.27,1.1
Maharashtra,Pune,APMC Shirur,wheat,2024,9,2538.46,1.3
Maharashtra,Pune,APMC Shirur,wheat,2024,10,2516.67,0.6
Maharashtra,Pune,APMC Shirur,wheat,2024,11,2828.57,4.2
Maharashtra,Pune,APMC Shirur,wheat,2024,12,2805.26,1.9
Maharashtra,Pune,APMC Shirur,wheat,2025,1,2790.62,1.6
Maharashtra,Pune,APMC Shirur,wheat,2025,2,3000.0,2.7
Maharashtra,Pune,APMC Shirur,wheat,2025,3,2431.34,6.7
Maharashtra,Pune,APMC Shirur,wheat,2025,4,2300.0,0.5
Maharashtra,Pune,APMC Shirur,wheat,2025,5,2358.82,1.7
Maharashtra,Pune,APMC Shirur,wheat,2025,6,2750.0,3.7
Maharashtra,Pune,APMC Shirur,wheat,2025,7,2535.34,2.9
Maharashtra,Pune,APMC Shirur,wheat,2025,8,2640.57,5.3
Maharashtra,Pune,APMC Shirur,wheat,2025,9,2656.92,6.5
Maharashtra,Pune,APMC Shirur,wheat,2025,10,2478.27,7.8
Maharashtra,Pune,APMC Shirur,wheat,2025,11,2646.55,2.9
Maharashtra,Pune,APMC Shirur,wheat,2025,12,2617.07,4.1
Maharashtra,Pune,APMC Shirur,wheat,2026,1,2673.33,1.5
Maharashtra,Pune,APMC Shirur,wheat,2026,2,2444.44,0.9
Maharashtra,Pune,APMC Shirur,wheat,2026,3,2408.23,15.8
Maharashtra,Pune,APMC Shirur,wheat,2026,4,2262.18,19.7
Maharashtra,Pune,APMC Shirur,wheat,2026,5,2333.93,26.6
Maharashtra,Pune,APMC Shirur,wheat,2026,6,2361.43,25.6
Maharashtra,Pune,APMC Shirur,wheat,2026,7,2437.92,32.5
Maharashtra,Pune,APMC Shirur,wheat,2026,8,2565.27,59.7
Maharashtra,Pune,APMC Shirur,wheat,2026,9,2645.82,30.5
Maharashtra,Pune,Indapur(Bhigwan),chickpea,2019,2,3851.0,2.0
Maharashtra,Pune,Indapur(Bhigwan),chickpea,2019,6,4100.0,12.0
Maharashtra,Pune,Indapur(Bhigwan),chickpea,2020,2,3500.0,3.0
Maharashtra,Pune,Indapur(Bhigwan),chickpea,2020,3,3400.0,13.0
Maharashtra,Pune,Indapur(Bhigwan),chickpea,2020,5,3740.0,5.0
Maharashtra,Pune,Indapur(Bhigwan),chickpea,2020,8,3500.0,7.0
Maharashtra,Pune,Indapur(Bhigwan),chickpea,2020,9,4550.0,11.0
Maharashtra,Pune,Indapur(Bhigwan),chickpea,2020,11,4700.0,10.0
Maharashtra,Pune,Indapur(Bhigwan),chickpea,2021,1,3600.0,2.0
Maharashtra,Pune,Indapur(Bhigwan),chickpea,2021,5,4751.0,1.0
Maharashtra,Pune,Indapur(Bhigwan),chickpea,2021,6,4410.31,48.0
Maharashtra,Pune,Indapur(Bhigwan),chickpea,2022,4,5940.0,22.0
Maharashtra,Pune,Indapur(Bhigwan),chickpea,2022,5,5300.0,26.0
Maharashtra,Pune,Indapur(Bhigwan),chickpea,2022,7,4500.0,5.0
Maharashtra,Pune,Indapur(Bhigwan),chickpea,2022,9,3500.0,1.0
Maharashtra,Pune,Indapur(Bhigwan),chickpea,2022,10,3350.0,8.0
Maharashtra,Pune,Indapur(Bhigwan),chickpea,2022,11,4150.0,2.0
Maharashtra,Pune,Indapur(Bhigwan),chickpea,2022,12,4235.5,2.0
Maharashtra,Pune,Indapur(Bhigwan),chickpea,2023,2,4000.0,6.0
Maharashtra,Pune,Indapur(Bhigwan),chickpea,2023,3,4200.0,10.0
Maharashtra,Pune,Indapur(Bhigwan),chickpea,2023,6,4400.0,9.0
Maharashtra,Pune,Indapur(Bhigwan),chickpea,2024,4,7000.0,0.1
Maharashtra,Pune,Indapur(Bhigwan),chickpea,2025,5,5398.34,17.8
Maharashtra,Pune,Indapur(Bhigwan),chickpea,2025,8,5375.33,7.5
Maharashtra,Pune,Indapur(Bhigwan),chickpea,2025,9,4800.0,2.0
Maharashtra,Pune,Indapur(Bhigwan),chickpea,2026,5,4800.0,14.3
Maharashtra,Pune,Indapur(Bhigwan),chickpea,2026,6,5000.0,7.5
Maharashtra,Pune,Indapur(Bhigwan),groundnut,2019,6,5100.0,5.0
Maharashtra,Pune,Indapur(Bhigwan),groundnut,2020,5,4801.0,1.0
Maharashtra,Pune,Indapur(Bhigwan),groundnut,2020,7,4900.0,10.0
Maharashtra,Pune,Indapur(Bhigwan),groundnut,2020,8,4500.0,11.0
Maharashtra,Pune,Indapur(Bhigwan),groundnut,2020,9,3600.0,5.0
Maharashtra,Pune,Indapur(Bhigwan),groundnut,2020,11,3600.0,1.0
Maharashtra,Pune,Indapur(Bhigwan),groundnut,2021,1,3800.0,1.0
Maharashtra,Pune,Indapur(Bhigwan),groundnut,2021,6,4500.0,7.0
Maharashtra,Pune,Indapur(Bhigwan),groundnut,2022,7,5100.0,2.0
Maharashtra,Pune,Indapur(Bhigwan),groundnut,2022,9,5500.0,2.0
Maharashtra,Pune,Indapur(Bhigwan),groundnut,2022,10,5166.67,3.0
Maharashtra,Pune,Indapur(Bhigwan),groundnut,2023,6,,5.0
Maharashtra,Pune,Indapur(Bhigwan),groundnut,2024,3,,0.1
Maharashtra,Pune,Indapur(Bhigwan),groundnut,2025,4,3900.0,0.4
Maharashtra,Pune,Indapur(Bhigwan),groundnut,2025,5,4583.33,0.6
Maharashtra,Pune,Indapur(Bhigwan),groundnut,2025,8,4266.67,1.2
Maharashtra,Pune,Indapur(Bhigwan),groundnut,2025,9,4500.0,0.6
Maharashtra,Pune,Indapur(Bhigwan),groundnut,2026,5,5000.0,0.1
Maharashtra,Pune,Indapur(Bhigwan),groundnut,2026,6,6166.67,0.9
Maharashtra,Pune,Indapur(Bhigwan),maize,2019,2,2051.0,14.0
Maharashtra,Pune,Indapur(Bhigwan),maize,2019,6,2151.0,15.0
Maharashtra,Pune,Indapur(Bhigwan),maize,2020,2,1641.0,55.0
Maharashtra,Pune,Indapur(Bhigwan),maize,2020,3,1600.0,28.0
Maharashtra,Pune,Indapur(Bhigwan),maize,2020,5,1265.0,33.0
Maharashtra,Pune,Indapur(Bhigwan),maize,2020,7,1375.5,62.0
Maharashtra,Pune,Indapur(Bhigwan),maize,2020,8,1281.0,24.0
Maharashtra,Pune,Indapur(Bhigwan),maize,2020,9,1296.0,28.0
Maharashtra,Pune,Indapur(Bhigwan),maize,2020,10,1321.0,99.0
Maharashtra,Pune,Indapur(Bhigwan),maize,2020,11,1375.37,678.0
Maharashtra,Pune,Indapur(Bhigwan),maize,2021,1,1411.0,54.0
Maharashtra,Pune,Indapur(Bhigwan),maize,2021,6,1788.86,56.0
Maharashtra,Pune,Indapur(Bhigwan),maize,2021,7,1945.76,21.0
Maharashtra,Pune,Indapur(Bhigwan),maize,2021,10,1751.0,232.0
Maharashtra,Pune,Indapur(Bhigwan),maize,2021,11,1699.3,510.0
Maharashtra,Pune,Indapur(Bhigwan),maize,2021,12,1728.09,306.0
Maharashtra,Pune,Indapur(Bhigwan),maize,2022,1,1761.42,166.0
Maharashtra,Pune,Indapur(Bhigwan),maize,2022,2,1896.68,93.0
Maharashtra,Pune,Indapur(Bhigwan),maize,2022,3,2051.0,17.0
Maharashtra,Pune,Indapur(Bhigwan),maize,2022,4,2270.34,145.0
Maharashtra,Pune,Indapur(Bhigwan),maize,2022,5,2300.0,50.0
Maharashtra,Pune,Indapur(Bhigwan),maize,2022,6,2230.94,49.0
Maharashtra,Pune,Indapur(Bhigwan),maize,2022,7,2488.12,
Maharashtra,Pune,Indapur(Bhigwan),maize,2022,8,2433.33,
Maharashtra,Pune,Indapur(Bhigwan),maize,2022,9,2425.0,25.0
Maharashtra,Pune,Indapur(Bhigwan),maize,2022,10,2072.34,340.0
Maharashtra,Pune,Indapur(Bhigwan),maize,2023,2,2148.84,112.0
Maharashtra,Pune,Indapur(Bhigwan),maize,2023,3,2397.89,
Maharashtra,Pune,Indapur(Bhigwan),maize,2023,4,2160.5,76.0
Maharashtra,Pune,Indapur(Bhigwan),maize,2023,6,,125.0
Maharashtra,Pune,Indapur(Bhigwan),maize,2023,10,2001.0,31.0
Maharashtra,Pune,Indapur(Bhigwan),maize,2024,11,2100.0,710.0
Maharashtra,Pune,Indapur(Bhigwan),maize,2025,4,2225.0,40.6
Maharashtra,Pune,Indapur(Bhigwan),maize,2025,5,2208.1,85.8
Maharashtra,Pune,Indapur(Bhigwan),maize,2025,8,2368.74,21.3
Maharashtra,Pune,Indapur(Bhigwan),maize,2025,9,2100.0,31.6
Maharashtra,Pune,Indapur(Bhigwan),maize,2026,5,1851.0,26.8
Maharashtra,Pune,Indapur(Bhigwan),maize,2026,6,2050.0,29.7
Maharashtra,Pune,Indapur(Bhigwan),maize,2026,9,2450.0,5.7
Maharashtra,Pune,Indapur(Bhigwan),pearl_millet,2019,2,2100.0,1.0
Maharashtra,Pune,Indapur(Bhigwan),pearl_millet,2019,6,2000.0,5.0
Maharashtra,Pune,Indapur(Bhigwan),pearl_millet,2020,2,1800.0,11.0
Maharashtra,Pune,Indapur(Bhigwan),pearl_millet,2020,3,1853.85,13.0
Maharashtra,Pune,Indapur(Bhigwan),pearl_millet,2020,5,1500.0,1.0
Maharashtra,Pune,Indapur(Bhigwan),pearl_millet,2020,7,1300.0,7.0
Maharashtra,Pune,Indapur(Bhigwan),pearl_millet,2020,8,1200.0,8.0
Maharashtra,Pune,Indapur(Bhigwan),pearl_millet,2020,9,1700.0,18.0
Maharashtra,Pune,Indapur(Bhigwan),pearl_millet,2020,11,1600.0,45.0
Maharashtra,Pune,Indapur(Bhigwan),pearl_millet,2021,1,1400.0,29.0
Maharashtra,Pune,Indapur(Bhigwan),pearl_millet,2021,6,1500.0,28.0
Maharashtra,Pune,Indapur(Bhigwan),pearl_millet,2022,4,2100.0,3.0
Maharashtra,Pune,Indapur(Bhigwan),pearl_millet,2022,5,2200.0,6.0
Maharashtra,Pune,Indapur(Bhigwan),pearl_millet,2022,7,2400.0,5.0
Maharashtra,Pune,Indapur(Bhigwan),pearl_millet,2022,8,2200.0,5.0
Maharashtra,Pune,Indapur(Bhigwan),pearl_millet,2022,9,2200.0,24.0
Maharashtra,Pune,Indapur(Bhigwan),pearl_millet,2022,10,2061.8,89.0
Maharashtra,Pune,Indapur(Bhigwan),pearl_millet,2022,11,2700.0,37.0
Maharashtra,Pune,Indapur(Bhigwan),pearl_millet,2022,12,2500.0,10.0
Maharashtra,Pune,Indapur(Bhigwan),pearl_millet,2023,2,2464.71,17.0
Maharashtra,Pune,Indapur(Bhigwan),pearl_millet,2023,3,2266.67,
Maharashtra,Pune,Indapur(Bhigwan),pearl_millet,2023,5,2400.0,2.0
Maharashtra,Pune,Indapur(Bhigwan),pearl_millet,2023,6,2200.0,4.0
Maharashtra,Pune,Indapur(Bhigwan),pearl_millet,2025,4,2625.0,4.2
Maharashtra,Pune,Indapur(Bhigwan),pearl_millet,2025,5,,4.5
Maharashtra,Pune,Indapur(Bhigwan),pearl_millet,2025,8,2681.96,21.9
Maharashtra,Pune,Indapur(Bhigwan),pearl_millet,2025,9,2600.0,6.9
Maharashtra,Pune,Indapur(Bhigwan),pearl_millet,2026,5,2270.59,1.7
Maharashtra,Pune,Indapur(Bhigwan),pearl_millet,2026,6,2277.78,0.9
Maharashtra,Pune,Indapur(Bhigwan),pigeon_pea,2020,2,4200.0,2.0
Maharashtra,Pune,Indapur(Bhigwan),pigeon_pea,2020,3,4109.09,11.0
Maharashtra,Pune,Indapur(Bhigwan),pigeon_pea,2020,5,3600.0,1.0
Maharashtra,Pune,Indapur(Bhigwan),pigeon_pea,2020,7,4100.0,1.0
Maharashtra,Pune,Indapur(Bhigwan),pigeon_pea,2020,8,4271.0,1.0
Maharashtra,Pune,Indapur(Bhigwan),pigeon_pea,2021,6,4750.0,2.0
Maharashtra,Pune,Indapur(Bhigwan),pigeon_pea,2022,5,,1.0
Maharashtra,Pune,Indapur(Bhigwan),pigeon_pea,2023,2,6850.0,4.0
Maharashtra,Pune,Indapur(Bhigwan),pigeon_pea,2023,3,6850.0,2.0
Maharashtra,Pune,Indapur(Bhigwan),pigeon_pea,2025,5,5585.77,2.2
Maharashtra,Pune,Indapur(Bhigwan),pigeon_pea,2025,9,4500.0,0.9
Maharashtra,Pune,Indapur(Bhigwan),pigeon_pea,2026,5,5000.0,0.2
Maharashtra,Pune,Indapur(Bhigwan),pigeon_pea,2026,6,5000.0,0.3
Maharashtra,Pune,Indapur(Bhigwan),sorghum,2019,2,3300.0,13.0
Maharashtra,Pune,Indapur(Bhigwan),sorghum,2019,6,2800.0,11.0
Maharashtra,Pune,Indapur(Bhigwan),sorghum,2020,2,2900.0,105.0
Maharashtra,Pune,Indapur(Bhigwan),sorghum,2020,3,3076.99,113.0
Maharashtra,Pune,Indapur(Bhigwan),sorghum,2020,7,2500.0,10.0
Maharashtra,Pune,Indapur(Bhigwan),sorghum,2020,8,2348.44,64.0
Maharashtra,Pune,Indapur(Bhigwan),sorghum,2020,9,2500.0,8.0
Maharashtra,Pune,Indapur(Bhigwan),sorghum,2020,10,2700.0,15.0
Maharashtra,Pune,Indapur(Bhigwan),sorghum,2020,11,2900.0,7.0
Maharashtra,Pune,Indapur(Bhigwan),sorghum,2021,1,2500.0,8.0
Maharashtra,Pune,Indapur(Bhigwan),sorghum,2021,2,2664.15,53.0
Maharashtra,Pune,Indapur(Bhigwan),sorghum,2021,4,2218.43,21.0
Maharashtra,Pune,Indapur(Bhigwan),sorghum,2021,6,2363.64,22.0
Maharashtra,Pune,Indapur(Bhigwan),sorghum,2022,4,2182.5,60.0
Maharashtra,Pune,Indapur(Bhigwan),sorghum,2022,5,2100.0,24.0
Maharashtra,Pune,Indapur(Bhigwan),sorghum,2022,7,2300.0,3.0
Maharashtra,Pune,Indapur(Bhigwan),sorghum,2022,8,2200.0,3.0
Maharashtra,Pune,Indapur(Bhigwan),sorghum,2022,9,2025.0,4.0
Maharashtra,Pune,Indapur(Bhigwan),sorghum,2022,10,2216.83,6.0
Maharashtra,Pune,Indapur(Bhigwan),sorghum,2022,11,2950.0,4.0
Maharashtra,Pune,Indapur(Bhigwan),sorghum,2022,12,2200.0,2.0
Maharashtra,Pune,Indapur(Bhigwan),sorghum,2023,2,3576.32,38.0
Maharashtra,Pune,Indapur(Bhigwan),sorghum,2023,3,3673.91,23.0
Maharashtra,Pune,Indapur(Bhigwan),sorghum,2023,5,3600.0,7.0
Maharashtra,Pune,Indapur(Bhigwan),sorghum,2023,6,3300.0,8.0
Maharashtra,Pune,Indapur(Bhigwan),sorghum,2025,4,2900.0,18.6
Maharashtra,Pune,Indapur(Bhigwan),sorghum,2025,5,2463.33,
Maharashtra,Pune,Indapur(Bhigwan),sorghum,2025,8,2268.09,4.7
Maharashtra,Pune,Indapur(Bhigwan),sorghum,2025,9,2300.0,3.5
Maharashtra,Pune,Indapur(Bhigwan),sorghum,2026,5,3200.0,7.0
Maharashtra,Pune,Indapur(Bhigwan),sorghum,2026,6,3000.0,2.2
Maharashtra,Pune,Indapur(Bhigwan),soybean,2020,2,3500.0,1.0
Maharashtra,Pune,Indapur(Bhigwan),soybean,2020,11,3500.0,10.0
Maharashtra,Pune,Indapur(Bhigwan),soybean,2022,10,4700.0,2.0
Maharashtra,Pune,Indapur(Bhigwan),soybean,2022,11,5400.0,4.0
Maharashtra,Pune,Indapur(Bhigwan),soybean,2022,12,5101.0,2.0
Maharashtra,Pune,Indapur(Bhigwan),soybean,2023,2,4737.5,8.0
Maharashtra,Pune,Indapur(Bhigwan),soybean,2023,3,5000.0,4.0
Maharashtra,Pune,Indapur(Bhigwan),soybean,2025,5,3605.0,2.0
Maharashtra,Pune,Indapur(Bhigwan),soybean,2025,8,4346.15,1.3
Maharashtra,Pune,Indapur(Bhigwan),soybean,2025,9,3900.0,0.8
Maharashtra,Pune,Indapur(Bhigwan),soybean,2026,5,5144.44,0.9
Maharashtra,Pune,Indapur(Bhigwan),wheat,2019,2,2006.69,32.0
Maharashtra,Pune,Indapur(Bhigwan),wheat,2019,6,2000.0,28.0
Maharashtra,Pune,Indapur(Bhigwan),wheat,2020,2,2100.0,30.0
Maharashtra,Pune,Indapur(Bhigwan),wheat,2020,3,1830.23,86.0
Maharashtra,Pune,Indapur(Bhigwan),wheat,2020,4,1850.0,2.0
Maharashtra,Pune,Indapur(Bhigwan),wheat,2020,5,1751.0,14.0
Maharashtra,Pune,Indapur(Bhigwan),wheat,2020,7,1800.0,25.0
Maharashtra,Pune,Indapur(Bhigwan),wheat,2020,8,1700.0,85.0
Maharashtra,Pune,Indapur(Bhigwan),wheat,2020,9,1655.95,84.0
Maharashtra,Pune,Indapur(Bhigwan),wheat,2020,11,1650.0,62.0
Maharashtra,Pune,Indapur(Bhigwan),wheat,2021,1,1600.0,30.0
Maharashtra,Pune,Indapur(Bhigwan),wheat,2021,5,1775.0,3.0
Maharashtra,Pune,Indapur(Bhigwan),wheat,2021,6,1799.24,78.0
Maharashtra,Pune,Indapur(Bhigwan),wheat,2022,4,2151.0,24.0
Maharashtra,Pune,Indapur(Bhigwan),wheat,2022,5,2170.0,47.0
Maharashtra,Pune,Indapur(Bhigwan),wheat,2022,7,,39.0
Maharashtra,Pune,Indapur(Bhigwan),wheat,2022,8,2300.0,11.0
Maharashtra,Pune,Indapur(Bhigwan),wheat,2022,9,2235.53,19.0
Maharashtra,Pune,Indapur(Bhigwan),wheat,2022,10,2331.05,57.0
Maharashtra,Pune,Indapur(Bhigwan),wheat,2022,11,2634.62,26.0
Maharashtra,Pune,Indapur(Bhigwan),wheat,2022,12,2700.0,9.0
Maharashtra,Pune,Indapur(Bhigwan),wheat,2023,2,2286.96,53.0
Maharashtra,Pune,Indapur(Bhigwan),wheat,2023,3,2248.68,76.0
Maharashtra,Pune,Indapur(Bhigwan),wheat,2023,5,2300.0,18.0
Maharashtra,Pune,Indapur(Bhigwan),wheat,2023,6,2300.0,41.0
Maharashtra,Pune,Indapur(Bhigwan),wheat,2023,11,2351.0,1.0
Maharashtra,Pune,Indapur(Bhigwan),wheat,2025,4,2800.0,65.1
Maharashtra,Pune,Indapur(Bhigwan),wheat,2025,5,2226.56,81.9
Maharashtra,Pune,Indapur(Bhigwan),wheat,2025,8,2614.88,76.3
Maharashtra,Pune,Indapur(Bhigwan),wheat,2025,9,2525.0,17.7
Maharashtra,Pune,Indapur(Bhigwan),wheat,2026,5,2527.98,77.2
Maharashtra,Pune,Indapur(Bhigwan),wheat,2026,6,2201.39,86.3
Maharashtra,Pune,Indapur(Nimgaon Ketki),chickpea,2019,12,3550.0,1.0
Maharashtra,Pune,Indapur(Nimgaon Ketki),chickpea,2020,1,3700.0,1.0
Maharashtra,Pune,Indapur(Nimgaon Ketki),chickpea,2022,4,4351.0,1.0
Maharashtra,Pune,Indapur(Nimgaon Ketki),chickpea,2022,6,4000.0,1.0
Maharashtra,Pune,Indapur(Nimgaon Ketki),chickpea,2022,7,4200.0,2.0
Maharashtra,Pune,Indapur(Nimgaon Ketki),chickpea,2022,8,4300.0,1.0
Maharashtra,Pune,Indapur(Nimgaon Ketki),chickpea,2022,11,4000.0,1.0
Maharashtra,Pune,Indapur(Nimgaon Ketki),chickpea,2023,4,4412.5,6.0
Maharashtra,Pune,Indapur(Nimgaon Ketki),chickpea,2023,5,4337.2,5.0
Maharashtra,Pune,Indapur(Nimgaon Ketki),chickpea,2023,6,4351.0,1.0
Maharashtra,Pune,Indapur(Nimgaon Ketki),chickpea,2023,7,4351.0,1.0
Maharashtra,Pune,Indapur(Nimgaon Ketki),chickpea,2024,6,6000.0,0.2
Maharashtra,Pune,Indapur(Nimgaon Ketki),chickpea,2024,7,6000.0,2.2
Maharashtra,Pune,Indapur(Nimgaon Ketki),chickpea,2024,8,5727.27,3.3
Maharashtra,Pune,Indapur(Nimgaon Ketki),chickpea,2024,10,5625.5,6.0
Maharashtra,Pune,Indapur(Nimgaon Ketki),chickpea,2024,11,5866.67,3.0
Maharashtra,Pune,Indapur(Nimgaon Ketki),chickpea,2025,3,5017.0,12.0
Maharashtra,Pune,Indapur(Nimgaon Ketki),chickpea,2025,9,5343.88,8.0
Maharashtra,Pune,Indapur(Nimgaon Ketki),chickpea,2025,10,5201.38,8.0
Maharashtra,Pune,Indapur(Nimgaon Ketki),chickpea,2025,11,5000.0,3.0
Maharashtra,Pune,Indapur(Nimgaon Ketki),chickpea,2026,1,4900.0,6.0
Maharashtra,Pune,Indapur(Nimgaon Ketki),chickpea,2026,3,4900.0,2.3
Maharashtra,Pune,Indapur(Nimgaon Ketki),chickpea,2026,5,5100.0,399.0
Maharashtra,Pune,Indapur(Nimgaon Ketki),chickpea,2026,6,5200.0,2.0
Maharashtra,Pune,Indapur(Nimgaon Ketki),chickpea,2026,7,5100.0,0.4
Maharashtra,Pune,Indapur(Nimgaon Ketki),groundnut,2024,7,6100.0,2.0
Maharashtra,Pune,Indapur(Nimgaon Ketki),groundnut,2025,10,4051.0,1.0
Maharashtra,Pune,Indapur(Nimgaon Ketki),maize,2019,12,1934.22,1267.0
Maharashtra,Pune,Indapur(Nimgaon Ketki),maize,2020,1,1911.08,736.0
Maharashtra,Pune,Indapur(Nimgaon Ketki),maize,2020,2,1763.58,128.0
Maharashtra,Pune,Indapur(Nimgaon Ketki),maize,2020,8,1310.14,105.0
Maharashtra,Pune,Indapur(Nimgaon Ketki),maize,2021,4,1614.51,450.0
Maharashtra,Pune,Indapur(Nimgaon Ketki),maize,2021,5,1669.72,
Maharashtra,Pune,Indapur(Nimgaon Ketki),maize,2021,6,1691.0,26.0
Maharashtra,Pune,Indapur(Nimgaon Ketki),maize,2022,4,2251.0,48.0
Maharashtra,Pune,Indapur(Nimgaon Ketki),maize,2022,5,2200.0,17.0
Maharashtra,Pune,Indapur(Nimgaon Ketki),maize,2022,6,2128.4,67.0
Maharashtra,Pune,Indapur(Nimgaon Ketki),maize,2022,7,2438.22,
Maharashtra,Pune,Indapur(Nimgaon Ketki),maize,2022,8,2462.33,
Maharashtra,Pune,Indapur(Nimgaon Ketki),maize,2022,9,2496.54,13.0
Maharashtra,Pune,Indapur(Nimgaon Ketki),maize,2022,10,2146.23,199.0
Maharashtra,Pune,Indapur(Nimgaon Ketki),maize,2023,1,2212.08,272.0
Maharashtra,Pune,Indapur(Nimgaon Ketki),maize,2023,2,2208.46,151.0
Maharashtra,Pune,Indapur(Nimgaon Ketki),maize,2023,3,2221.0,
Maharashtra,Pune,Indapur(Nimgaon Ketki),maize,2023,4,2058.35,328.0
Maharashtra,Pune,Indapur(Nimgaon Ketki),maize,2023,6,,90.0
Maharashtra,Pune,Indapur(Nimgaon Ketki),maize,2024,6,2400.0,9.7
Maharashtra,Pune,Indapur(Nimgaon Ketki),maize,2024,7,2549.72,37.4
Maharashtra,Pune,Indapur(Nimgaon Ketki),maize,2024,8,2707.62,5.2
Maharashtra,Pune,Indapur(Nimgaon Ketki),maize,2024,9,2700.0,262.0
Maharashtra,Pune,Indapur(Nimgaon Ketki),maize,2024,10,2343.99,6655.0
Maharashtra,Pune,Indapur(Nimgaon Ketki),maize,2024,11,2180.04,10941.0
Maharashtra,Pune,Indapur(Nimgaon Ketki),maize,2025,1,2441.0,824.0
Maharashtra,Pune,Indapur(Nimgaon Ketki),maize,2025,2,2154.0,146.0
Maharashtra,Pune,Indapur(Nimgaon Ketki),maize,2025,9,2318.12,1110.4
Maharashtra,Pune,Indapur(Nimgaon Ketki),maize,2025,10,2061.14,4229.1
Maharashtra,Pune,Indapur(Nimgaon Ketki),maize,2025,11,1727.46,4522.0
Maharashtra,Pune,Indapur(Nimgaon Ketki),maize,2026,1,1810.37,3168.0
Maharashtra,Pune,Indapur(Nimgaon Ketki),maize,2026,2,1821.0,862.0
Maharashtra,Pune,Indapur(Nimgaon Ketki),maize,2026,3,1751.0,344.0
Maharashtra,Pune,Indapur(Nimgaon Ketki),maize,2026,6,2000.0,157.0
Maharashtra,Pune,Indapur(Nimgaon Ketki),maize,2026,7,2351.0,93.0
Maharashtra,Pune,Indapur(Nimgaon Ketki),pearl_millet,2019,12,1649.72,32.0
Maharashtra,Pune,Indapur(Nimgaon Ketki),pearl_millet,2020,1,1825.14,7.0
Maharashtra,Pune,Indapur(Nimgaon Ketki),pearl_millet,2020,2,1616.67,3.0
Maharashtra,Pune,Indapur(Nimgaon Ketki),pearl_millet,2022,6,2120.0,1.0
Maharashtra,Pune,Indapur(Nimgaon Ketki),pearl_millet,2022,7,2500.0,1.0
Maharashtra,Pune,Indapur(Nimgaon Ketki),pearl_millet,2022,9,2281.0,2.0
Maharashtra,Pune,Indapur(Nimgaon Ketki),pearl_millet,2023,5,2451.0,1.0
Maharashtra,Pune,Indapur(Nimgaon Ketki),pearl_millet,2024,6,2575.0,0.7
Maharashtra,Pune,Indapur(Nimgaon Ketki),pearl_millet,2024,7,2361.37,2.7
Maharashtra,Pune,Indapur(Nimgaon Ketki),pearl_millet,2024,8,2436.8,10.0
Maharashtra,Pune,Indapur(Nimgaon Ketki),pearl_millet,2024,10,2300.0,2.0
Maharashtra,Pune,Indapur(Nimgaon Ketki),pearl_millet,2024,11,2760.8,10.0
Maharashtra,Pune,Indapur(Nimgaon Ketki),pearl_millet,2025,3,,2.0
Maharashtra,Pune,Indapur(Nimgaon Ketki),pearl_millet,2025,10,2000.0,7.0
Maharashtra,Pune,Indapur(Nimgaon Ketki),pearl_millet,2025,11,2500.0,1.0
Maharashtra,Pune,Indapur(Nimgaon Ketki),pearl_millet,2026,1,2651.0,1.0
Maharashtra,Pune,Indapur(Nimgaon Ketki),pearl_millet,2026,5,2200.0,2.0
Maharashtra,Pune,Indapur(Nimgaon Ketki),pigeon_pea,2023,1,6330.5,2.0
Maharashtra,Pune,Indapur(Nimgaon Ketki),pigeon_pea,2025,3,6251.0,4.0
Maharashtra,Pune,Indapur(Nimgaon Ketki),pigeon_pea,2026,7,7000.0,3.0
Maharashtra,Pune,Indapur(Nimgaon Ketki),sorghum,2019,12,2820.45,11.0
Maharashtra,Pune,Indapur(Nimgaon Ketki),sorghum,2020,1,2886.0,2.0
Maharashtra,Pune,Indapur(Nimgaon Ketki),sorghum,2020,2,2600.6,5.0
Maharashtra,Pune,Indapur(Nimgaon Ketki),sorghum,2022,7,2451.0,1.0
Maharashtra,Pune,Indapur(Nimgaon Ketki),sorghum,2022,8,2600.67,3.0
Maharashtra,Pune,Indapur(Nimgaon Ketki),sorghum,2022,9,2341.0,3.0
Maharashtra,Pune,Indapur(Nimgaon Ketki),sorghum,2022,10,2500.0,1.0
Maharashtra,Pune,Indapur(Nimgaon Ketki),sorghum,2022,12,3500.0,1.0
Maharashtra,Pune,Indapur(Nimgaon Ketki),sorghum,2023,4,2825.5,2.0
Maharashtra,Pune,Indapur(Nimgaon Ketki),sorghum,2023,5,3751.0,1.0
Maharashtra,Pune,Indapur(Nimgaon Ketki),sorghum,2023,6,2951.0,1.0
Maharashtra,Pune,Indapur(Nimgaon Ketki),sorghum,2023,7,3550.0,1.0
Maharashtra,Pune,Indapur(Nimgaon Ketki),sorghum,2024,6,2300.0,1.4
Maharashtra,Pune,Indapur(Nimgaon Ketki),sorghum,2024,7,2910.13,6.9
Maharashtra,Pune,Indapur(Nimgaon Ketki),sorghum,2024,8,2345.31,16.0
Maharashtra,Pune,Indapur(Nimgaon Ketki),sorghum,2024,9,2100.0,1.0
Maharashtra,Pune,Indapur(Nimgaon Ketki),sorghum,2024,10,2275.5,2.0
Maharashtra,Pune,Indapur(Nimgaon Ketki),sorghum,2024,11,2252.75,24.0
Maharashtra,Pune,Indapur(Nimgaon Ketki),sorghum,2025,1,1751.0,1.0
Maharashtra,Pune,Indapur(Nimgaon Ketki),sorghum,2025,2,2551.0,2.0
Maharashtra,Pune,Indapur(Nimgaon Ketki),sorghum,2025,3,1900.0,4.0
Maharashtra,Pune,Indapur(Nimgaon Ketki),sorghum,2025,9,2340.43,14.0
Maharashtra,Pune,Indapur(Nimgaon Ketki),sorghum,2025,10,,3.0
Maharashtra,Pune,Indapur(Nimgaon Ketki),sorghum,2025,11,,12.0
Maharashtra,Pune,Indapur(Nimgaon Ketki),sorghum,2026,1,,8.0
Maharashtra,Pune,Indapur(Nimgaon Ketki),sorghum,2026,3,2100.0,1.0
Maharashtra,Pune,Indapur(Nimgaon Ketki),sorghum,2026,5,2011.0,9.0
Maharashtra,Pune,Indapur(Nimgaon Ketki),sorghum,2026,6,3300.0,1.0
Maharashtra,Pune,Indapur(Nimgaon Ketki),sorghum,2026,7,2800.0,2.0
Maharashtra,Pune,Indapur(Nimgaon Ketki),soybean,2024,11,4000.0,5.0
Maharashtra,Pune,Indapur(Nimgaon Ketki),wheat,2019,12,2025.5,4.0
Maharashtra,Pune,Indapur(Nimgaon Ketki),wheat,2020,1,2050.0,2.0
Maharashtra,Pune,Indapur(Nimgaon Ketki),wheat,2020,2,2091.0,3.0
Maharashtra,Pune,Indapur(Nimgaon Ketki),wheat,2020,8,1751.0,1.0
Maharashtra,Pune,Indapur(Nimgaon Ketki),wheat,2022,4,2000.0,2.0
Maharashtra,Pune,Indapur(Nimgaon Ketki),wheat,2022,5,2151.0,1.0
Maharashtra,Pune,Indapur(Nimgaon Ketki),wheat,2022,6,1985.33,3.0
Maharashtra,Pune,Indapur(Nimgaon Ketki),wheat,2022,7,,3.0
Maharashtra,Pune,Indapur(Nimgaon Ketki),wheat,2022,8,2238.0,2.0
Maharashtra,Pune,Indapur(Nimgaon Ketki),wheat,2022,9,2221.0,2.0
Maharashtra,Pune,Indapur(Nimgaon Ketki),wheat,2022,10,1851.0,1.0
Maharashtra,Pune,Indapur(Nimgaon Ketki),wheat,2022,11,2475.0,1.0
Maharashtra,Pune,Indapur(Nimgaon Ketki),wheat,2022,12,2600.0,2.0
Maharashtra,Pune,Indapur(Nimgaon Ketki),wheat,2023,3,2331.8,5.0
Maharashtra,Pune,Indapur(Nimgaon Ketki),wheat,2023,4,2350.5,2.0
Maharashtra,Pune,Indapur(Nimgaon Ketki),wheat,2023,6,2251.0,1.0
Maharashtra,Pune,Indapur(Nimgaon Ketki),wheat,2023,7,2531.0,2.0
Maharashtra,Pune,Indapur(Nimgaon Ketki),wheat,2024,6,2021.0,0.4
Maharashtra,Pune,Indapur(Nimgaon Ketki),wheat,2024,7,2510.33,3.0
Maharashtra,Pune,Indapur(Nimgaon Ketki),wheat,2024,8,2211.0,1.1
Maharashtra,Pune,Indapur(Nimgaon Ketki),wheat,2024,9,2300.0,10.0
Maharashtra,Pune,Indapur(Nimgaon Ketki),wheat,2024,10,2830.25,12.0
Maharashtra,Pune,Indapur(Nimgaon Ketki),wheat,2024,11,2872.56,9.0
Maharashtra,Pune,Indapur(Nimgaon Ketki),wheat,2025,1,2911.0,3.0
Maharashtra,Pune,Indapur(Nimgaon Ketki),wheat,2025,3,3000.0,44.0
Maharashtra,Pune,Indapur(Nimgaon Ketki),wheat,2025,9,2657.94,17.3
Maharashtra,Pune,Indapur(Nimgaon Ketki),wheat,2025,10,2403.51,11.4
Maharashtra,Pune,Indapur(Nimgaon Ketki),wheat,2025,11,2700.0,3.0
Maharashtra,Pune,Indapur(Nimgaon Ketki),wheat,2026,1,2605.5,22.0
Maharashtra,Pune,Indapur(Nimgaon Ketki),wheat,2026,3,2800.0,12.0
Maharashtra,Pune,Indapur(Nimgaon Ketki),wheat,2026,5,2351.0,30.0
Maharashtra,Pune,Indapur(Nimgaon Ketki),wheat,2026,6,2200.0,0.5
Maharashtra,Pune,Indapur(Nimgaon Ketki),wheat,2026,7,2361.0,2.2
Maharashtra,Pune,Junnar(Alephata),onion,2019,2,512.16,7583.0
Maharashtra,Pune,Junnar(Alephata),onion,2019,4,731.51,6244.0
Maharashtra,Pune,Junnar(Alephata),onion,2019,6,917.95,5447.0
Maharashtra,Pune,Junnar(Alephata),onion,2019,8,1389.5,4027.0
Maharashtra,Pune,Junnar(Alephata),onion,2019,10,2492.26,2760.0
Maharashtra,Pune,Junnar(Alephata),onion,2019,12,4693.09,10083.0
Maharashtra,Pune,Junnar(Alephata),onion,2020,1,2774.34,9349.0
Maharashtra,Pune,Junnar(Alephata),onion,2020,2,1809.6,14251.0
Maharashtra,Pune,Junnar(Alephata),onion,2020,3,1443.12,8368.0
Maharashtra,Pune,Junnar(Alephata),onion,2020,4,1500.0,34.0
Maharashtra,Pune,Junnar(Alephata),onion,2020,5,478.57,63.0
Maharashtra,Pune,Junnar(Alephata),onion,2020,6,726.71,4942.0
Maharashtra,Pune,Junnar(Alephata),onion,2020,7,708.45,4101.0
Maharashtra,Pune,Junnar(Alephata),onion,2020,8,1166.51,7583.0
Maharashtra,Pune,Junnar(Alephata),onion,2020,9,2502.9,9488.0
Maharashtra,Pune,Junnar(Alephata),onion,2020,10,4476.27,2455.0
Maharashtra,Pune,Junnar(Alephata),onion,2020,11,3913.61,4808.0
Maharashtra,Pune,Junnar(Alephata),onion,2020,12,2303.29,10335.0
Maharashtra,Pune,Junnar(Alephata),onion,2021,1,2354.74,7487.0
Maharashtra,Pune,Junnar(Alephata),onion,2021,2,3236.93,3994.0
Maharashtra,Pune,Junnar(Alephata),onion,2021,3,1518.64,4894.0
Maharashtra,Pune,Junnar(Alephata),onion,2021,4,839.88,6208.0
Maharashtra,Pune,Junnar(Alephata),onion,2021,5,882.01,13627.0
Maharashtra,Pune,Junnar(Alephata),onion,2021,6,1340.63,9556.0
Maharashtra,Pune,Junnar(Alephata),onion,2021,7,1064.16,6446.0
Maharashtra,Pune,Junnar(Alephata),onion,2021,8,972.88,9824.0
Maharashtra,Pune,Junnar(Alephata),onion,2021,9,1008.79,9178.0
Maharashtra,Pune,Junnar(Alephata),onion,2021,10,2350.51,13145.0
Maharashtra,Pune,Junnar(Alephata),onion,2021,11,1962.24,8450.0
Maharashtra,Pune,Junnar(Alephata),onion,2021,12,2054.17,11015.0
Maharashtra,Pune,Junnar(Alephata),onion,2022,1,2015.99,16277.0
Maharashtra,Pune,Junnar(Alephata),onion,2022,2,2207.37,11329.0
Maharashtra,Pune,Junnar(Alephata),onion,2022,3,1004.65,8855.0
Maharashtra,Pune,Junnar(Alephata),onion,2022,4,615.35,2242.0
Maharashtra,Pune,Junnar(Alephata),onion,2022,5,782.63,7854.0
Maharashtra,Pune,Junnar(Alephata),onion,2022,6,1451.32,5401.0
Maharashtra,Pune,Junnar(Alephata),onion,2022,7,1353.1,6904.0
Maharashtra,Pune,Junnar(Alephata),onion,2022,8,1285.97,10076.0
Maharashtra,Pune,Junnar(Alephata),onion,2022,9,1282.71,8286.0
Maharashtra,Pune,Junnar(Alephata),onion,2022,10,2135.25,12068.0
Maharashtra,Pune,Junnar(Alephata),onion,2022,11,2261.3,11170.0
Maharashtra,Pune,Junnar(Alephata),onion,2022,12,1369.61,10546.0
Maharashtra,Pune,Junnar(Alephata),onion,2023,1,1223.81,10630.0
Maharashtra,Pune,Junnar(Alephata),onion,2023,2,1122.22,12368.0
Maharashtra,Pune,Junnar(Alephata),onion,2023,3,991.58,10775.0
Maharashtra,Pune,Junnar(Alephata),onion,2023,4,852.13,3152.0
Maharashtra,Pune,Junnar(Alephata),onion,2023,5,865.69,13758.0
Maharashtra,Pune,Junnar(Alephata),onion,2023,6,1091.03,13907.0
Maharashtra,Pune,Junnar(Alephata),onion,2023,7,1661.09,
Maharashtra,Pune,Junnar(Alephata),onion,2023,8,2083.46,
Maharashtra,Pune,Junnar(Alephata),onion,2023,9,2172.06,12832.0
Maharashtra,Pune,Junnar(Alephata),onion,2023,10,2692.0,13524.0
Maharashtra,Pune,Junnar(Alephata),onion,2023,11,3242.57,
Maharashtra,Pune,Junnar(Alephata),onion,2023,12,1983.37,
Maharashtra,Pune,Junnar(Alephata),onion,2024,1,1767.07,
Maharashtra,Pune,Junnar(Alephata),onion,2024,2,1507.78,
Maharashtra,Pune,Junnar(Alephata),onion,2024,3,1404.71,12796.2
Maharashtra,Pune,Junnar(Alephata),onion,2024,4,1419.58,7202.9
Maharashtra,Pune,Junnar(Alephata),onion,2024,6,,6854.2
Maharashtra,Pune,Junnar(Alephata),onion,2024,8,2930.1,9069.6
Maharashtra,Pune,Junnar(Alephata),onion,2024,10,4084.7,5062.4
Maharashtra,Pune,Junnar(Alephata),onion,2024,12,3118.74,15795.5
Maharashtra,Pune,Junnar(Alephata),onion,2025,2,2314.8,6396.8
Maharashtra,Pune,Junnar(Alephata),onion,2025,3,,7598.4
Maharashtra,Pune,Junnar(Alephata),onion,2025,4,1271.67,3189.1
Maharashtra,Pune,Junnar(Alephata),onion,2025,5,,13082.4
Maharashtra,Pune,Junnar(Alephata),onion,2025,6,1587.55,7264.8
Maharashtra,Pune,Junnar(Alephata),onion,2025,7,1550.48,1979.1
Maharashtra,Pune,Junnar(Alephata),onion,2025,8,1596.51,3986.7
Maharashtra,Pune,Junnar(Alephata),onion,2025,9,1330.37,6739.9
Maharashtra,Pune,Junnar(Alephata),onion,2025,10,1381.4,7269.1
Maharashtra,Pune,Junnar(Alephata),onion,2025,11,1427.59,11310.1
Maharashtra,Pune,Junnar(Alephata),onion,2025,12,1637.76,11880.7
Maharashtra,Pune,Junnar(Alephata),onion,2026,1,1445.26,17593.7
Maharashtra,Pune,Junnar(Alephata),onion,2026,2,1206.02,9561.1
Maharashtra,Pune,Junnar(Alephata),onion,2026,3,1021.33,3295.1
Maharashtra,Pune,Junnar(Alephata),onion,2026,4,1070.19,2133.9
Maharashtra,Pune,Junnar(Alephata),onion,2026,5,1153.38,8079.3
Maharashtra,Pune,Junnar(Alephata),onion,2026,6,1643.4,5826.4
Maharashtra,Pune,Junnar(Alephata),onion,2026,7,2097.54,8498.0
Maharashtra,Pune,Junnar(Alephata),onion,2026,8,2947.01,11772.5
Maharashtra,Pune,Junnar(Alephata),onion,2026,9,4130.47,7791.2
Maharashtra,Pune,Junnar(Narayangaon),onion,2022,6,961.11,18.0
Maharashtra,Pune,Junnar(Narayangaon),onion,2022,7,1034.21,71.0
Maharashtra,Pune,Junnar(Narayangaon),onion,2022,8,875.38,89.0
Maharashtra,Pune,Junnar(Narayangaon),onion,2022,9,938.12,42.0
Maharashtra,Pune,Junnar(Narayangaon),onion,2022,10,283.85,348.0
Maharashtra,Pune,Junnar(Narayangaon),onion,2022,11,1497.59,83.0
Maharashtra,Pune,Junnar(Narayangaon),onion,2022,12,1095.05,101.0
Maharashtra,Pune,Junnar(Narayangaon),onion,2023,1,1293.81,32.0
Maharashtra,Pune,Junnar(Narayangaon),onion,2023,2,839.55,67.0
Maharashtra,Pune,Junnar(Narayangaon),onion,2023,3,847.89,71.0
Maharashtra,Pune,Junnar(Narayangaon),onion,2023,4,686.49,37.0
Maharashtra,Pune,Junnar(Narayangaon),onion,2023,5,550.0,60.0
Maharashtra,Pune,Junnar(Narayangaon),onion,2023,6,769.57,23.0
Maharashtra,Pune,Junnar(Narayangaon),onion,2023,7,1013.16,
Maharashtra,Pune,Junnar(Narayangaon),onion,2023,8,1360.78,
Maharashtra,Pune,Junnar(Narayangaon),onion,2023,9,1468.0,75.0
Maharashtra,Pune,Junnar(Narayangaon),onion,2023,10,1952.99,117.0
Maharashtra,Pune,Junnar(Narayangaon),onion,2023,11,2623.02,
Maharashtra,Pune,Junnar(Narayangaon),onion,2023,12,2169.62,
Maharashtra,Pune,Junnar(Narayangaon),onion,2024,1,1471.19,
Maharashtra,Pune,Junnar(Narayangaon),onion,2024,2,1200.91,
Maharashtra,Pune,Junnar(Narayangaon),onion,2024,3,1214.67,33.4
Maharashtra,Pune,Junnar(Narayangaon),onion,2024,4,982.21,37.1
Maharashtra,Pune,Junnar(Narayangaon),onion,2024,6,,66.7
Maharashtra,Pune,Junnar(Narayangaon),onion,2024,8,2538.04,46.0
Maharashtra,Pune,Junnar(Narayangaon),onion,2024,10,3335.64,57.8
Maharashtra,Pune,Junnar(Narayangaon),onion,2024,12,3133.45,55.6
Maharashtra,Pune,Junnar(Narayangaon),onion,2025,2,2316.12,24.2
Maharashtra,Pune,Junnar(Narayangaon),onion,2025,3,,33.6
Maharashtra,Pune,Junnar(Narayangaon),onion,2025,4,1080.06,96.8
Maharashtra,Pune,Junnar(Narayangaon),onion,2025,5,,117.5
Maharashtra,Pune,Junnar(Narayangaon),onion,2025,6,1172.17,69.9
Maharashtra,Pune,Junnar(Narayangaon),onion,2025,7,1252.35,59.6
Maharashtra,Pune,Junnar(Narayangaon),onion,2025,8,1133.71,44.2
Maharashtra,Pune,Junnar(Narayangaon),onion,2025,9,950.2,49.5
Maharashtra,Pune,Junnar(Narayangaon),onion,2025,10,999.48,38.1
Maharashtra,Pune,Junnar(Narayangaon),onion,2025,11,943.67,129.6
Maharashtra,Pune,Junnar(Narayangaon),onion,2025,12,1059.17,83.4
Maharashtra,Pune,Junnar(Narayangaon),onion,2026,1,1054.89,80.7
Maharashtra,Pune,Junnar(Narayangaon),onion,2026,2,895.69,95.2
Maharashtra,Pune,Junnar(Narayangaon),onion,2026,3,796.77,72.7
Maharashtra,Pune,Junnar(Narayangaon),onion,2026,4,712.54,95.3
Maharashtra,Pune,Junnar(Narayangaon),onion,2026,5,704.37,88.1
Maharashtra,Pune,Junnar(Narayangaon),onion,2026,6,1328.58,74.7
Maharashtra,Pune,Junnar(Narayangaon),onion,2026,7,1531.61,79.4
Maharashtra,Pune,Junnar(Narayangaon),onion,2026,8,2169.59,67.7
Maharashtra,Pune,Junnar(Narayangaon),onion,2026,9,2880.76,57.7
Maharashtra,Pune,Junnar(Otur),groundnut,2022,6,3762.5,
Maharashtra,Pune,Junnar(Otur),onion,2019,2,1200.0,572.0
Maharashtra,Pune,Junnar(Otur),onion,2019,4,850.0,1402.0
Maharashtra,Pune,Junnar(Otur),onion,2019,6,1400.0,1688.0
Maharashtra,Pune,Junnar(Otur),onion,2019,8,2329.01,5863.0
Maharashtra,Pune,Junnar(Otur),onion,2019,10,3193.37,5114.0
Maharashtra,Pune,Junnar(Otur),onion,2019,12,9111.55,753.0
Maharashtra,Pune,Junnar(Otur),onion,2020,1,3326.58,1968.0
Maharashtra,Pune,Junnar(Otur),onion,2020,2,2000.0,1929.0
Maharashtra,Pune,Junnar(Otur),onion,2020,3,1644.07,3379.0
Maharashtra,Pune,Junnar(Otur),onion,2020,4,1200.0,46.0
Maharashtra,Pune,Junnar(Otur),onion,2020,5,876.83,764.0
Maharashtra,Pune,Junnar(Otur),onion,2020,6,815.72,3499.0
Maharashtra,Pune,Junnar(Otur),onion,2020,7,807.23,4958.0
Maharashtra,Pune,Junnar(Otur),onion,2020,8,1218.75,9267.0
Maharashtra,Pune,Junnar(Otur),onion,2020,9,3153.76,8848.0
Maharashtra,Pune,Junnar(Otur),onion,2020,10,3393.87,3590.0
Maharashtra,Pune,Junnar(Otur),onion,2020,11,4203.6,1638.0
Maharashtra,Pune,Junnar(Otur),onion,2020,12,2420.13,4550.0
Maharashtra,Pune,Junnar(Otur),onion,2021,1,1648.01,1181.0
Maharashtra,Pune,Junnar(Otur),onion,2021,2,3249.54,2376.0
Maharashtra,Pune,Junnar(Otur),onion,2021,4,1000.0,2713.0
Maharashtra,Pune,Junnar(Otur),onion,2021,5,1333.3,5879.0
Maharashtra,Pune,Junnar(Otur),onion,2021,6,1833.12,7787.0
Maharashtra,Pune,Junnar(Otur),onion,2021,7,1563.54,9010.0
Maharashtra,Pune,Junnar(Otur),onion,2021,8,1339.46,6976.0
Maharashtra,Pune,Junnar(Otur),onion,2021,9,1765.07,5497.0
Maharashtra,Pune,Junnar(Otur),onion,2021,10,3065.85,1511.0
Maharashtra,Pune,Junnar(Otur),onion,2021,11,2103.84,8252.0
Maharashtra,Pune,Junnar(Otur),onion,2021,12,2602.31,1730.0
Maharashtra,Pune,Junnar(Otur),onion,2022,1,2366.48,1630.0
Maharashtra,Pune,Junnar(Otur),onion,2022,2,2339.75,2141.0
Maharashtra,Pune,Junnar(Otur),onion,2022,3,1213.37,3335.0
Maharashtra,Pune,Junnar(Otur),onion,2022,4,963.7,1077.0
Maharashtra,Pune,Junnar(Otur),onion,2022,5,979.51,2328.0
Maharashtra,Pune,Junnar(Otur),onion,2022,6,1333.4,1898.0
Maharashtra,Pune,Junnar(Otur),onion,2022,7,1257.19,6219.0
Maharashtra,Pune,Junnar(Otur),onion,2022,8,1241.87,7563.0
Maharashtra,Pune,Junnar(Otur),onion,2022,9,1307.92,12859.0
Maharashtra,Pune,Junnar(Otur),onion,2022,10,1855.43,13201.0
Maharashtra,Pune,Junnar(Otur),onion,2022,11,1848.94,9479.0
Maharashtra,Pune,Junnar(Otur),onion,2022,12,1623.1,3379.0
Maharashtra,Pune,Junnar(Otur),onion,2023,1,1450.31,2743.0
Maharashtra,Pune,Junnar(Otur),onion,2023,2,1008.64,3703.0
Maharashtra,Pune,Junnar(Otur),onion,2023,3,894.28,6134.0
Maharashtra,Pune,Junnar(Otur),onion,2023,4,895.56,5335.0
Maharashtra,Pune,Junnar(Otur),onion,2023,5,938.13,7937.0
Maharashtra,Pune,Junnar(Otur),onion,2023,6,1136.55,6354.0
Maharashtra,Pune,Junnar(Otur),onion,2023,7,1353.43,
Maharashtra,Pune,Junnar(Otur),onion,2023,8,1765.11,
Maharashtra,Pune,Junnar(Otur),onion,2023,9,2017.33,10989.0
Maharashtra,Pune,Junnar(Otur),onion,2023,10,2524.18,12808.0
Maharashtra,Pune,Junnar(Otur),onion,2023,11,3498.2,
Maharashtra,Pune,Junnar(Otur),onion,2023,12,2764.79,
Maharashtra,Pune,Junnar(Otur),onion,2024,1,1631.28,
Maharashtra,Pune,Junnar(Otur),onion,2024,2,1616.12,
Maharashtra,Pune,Junnar(Otur),onion,2024,3,1428.22,11549.8
Maharashtra,Pune,Junnar(Otur),onion,2024,4,1292.4,3130.2
Maharashtra,Pune,Junnar(Otur),onion,2024,6,,4942.5
Maharashtra,Pune,Junnar(Otur),onion,2024,8,3044.24,9337.4
Maharashtra,Pune,Junnar(Otur),onion,2024,10,3917.66,5831.3
Maharashtra,Pune,Junnar(Otur),onion,2024,12,3330.7,1734.2
Maharashtra,Pune,Junnar(Otur),onion,2025,2,2373.36,3475.0
Maharashtra,Pune,Junnar(Otur),onion,2025,3,,9594.8
Maharashtra,Pune,Junnar(Otur),onion,2025,4,1312.16,3538.2
Maharashtra,Pune,Junnar(Otur),onion,2025,5,,5106.3
Maharashtra,Pune,Junnar(Otur),onion,2025,6,1630.02,4777.0
Maharashtra,Pune,Junnar(Otur),onion,2025,7,1534.77,5043.6
Maharashtra,Pune,Junnar(Otur),onion,2025,8,1481.7,6211.0
Maharashtra,Pune,Junnar(Otur),onion,2025,9,1252.16,11424.4
Maharashtra,Pune,Junnar(Otur),onion,2025,10,1377.96,10633.9
Maharashtra,Pune,Junnar(Otur),onion,2025,11,1588.67,6620.8
Maharashtra,Pune,Junnar(Otur),onion,2025,12,1891.26,4804.3
Maharashtra,Pune,Junnar(Otur),onion,2026,1,1676.14,6090.7
Maharashtra,Pune,Junnar(Otur),onion,2026,2,1063.32,6793.6
Maharashtra,Pune,Junnar(Otur),onion,2026,3,1031.93,7675.1
Maharashtra,Pune,Junnar(Otur),onion,2026,4,1073.13,7845.9
Maharashtra,Pune,Junnar(Otur),onion,2026,5,1208.0,5310.7
Maharashtra,Pune,Junnar(Otur),onion,2026,6,1809.92,4166.5
Maharashtra,Pune,Junnar(Otur),onion,2026,7,2087.33,6061.8
Maharashtra,Pune,Junnar(Otur),onion,2026,8,2871.35,10213.0
Maharashtra,Pune,Junnar(Otur),onion,2026,9,4335.3,7935.8
Maharashtra,Pune,Junnar(Otur),pigeon_pea,2022,11,4800.0,5.0
Maharashtra,Pune,Junnar(Otur),pigeon_pea,2022,12,3248.44,64.0
Maharashtra,Pune,Junnar(Otur),pigeon_pea,2023,10,6250.0,2.0
Maharashtra,Pune,Junnar(Otur),pigeon_pea,2023,11,3965.22,23.0
Maharashtra,Pune,Junnar(Otur),pigeon_pea,2023,12,4016.13,31.0
Maharashtra,Pune,Khed(Chakan),onion,2019,2,551.55,6605.0
Maharashtra,Pune,Khed(Chakan),onion,2019,4,793.81,3294.0
Maharashtra,Pune,Khed(Chakan),onion,2019,6,1063.66,421.0
Maharashtra,Pune,Khed(Chakan),onion,2019,8,1707.56,357.0
Maharashtra,Pune,Khed(Chakan),onion,2019,10,2439.42,274.0
Maharashtra,Pune,Khed(Chakan),onion,2019,12,6388.6,974.0
Maharashtra,Pune,Khed(Chakan),onion,2020,1,3161.6,3763.0
Maharashtra,Pune,Khed(Chakan),onion,2020,2,1892.54,9120.0
Maharashtra,Pune,Khed(Chakan),onion,2020,3,1702.7,3700.0
Maharashtra,Pune,Khed(Chakan),onion,2020,5,643.75,120.0
Maharashtra,Pune,Khed(Chakan),onion,2020,6,650.0,220.0
Maharashtra,Pune,Khed(Chakan),onion,2020,7,650.0,5.0
Maharashtra,Pune,Khed(Chakan),onion,2020,8,550.0,50.0
Maharashtra,Pune,Khed(Chakan),onion,2020,11,3908.54,451.0
Maharashtra,Pune,Khed(Chakan),onion,2020,12,2203.39,2182.0
Maharashtra,Pune,Khed(Chakan),onion,2021,1,2500.54,2401.0
Maharashtra,Pune,Khed(Chakan),onion,2021,2,3607.22,1163.0
Maharashtra,Pune,Khed(Chakan),onion,2021,3,1487.5,1792.0
Maharashtra,Pune,Khed(Chakan),onion,2021,4,925.58,1652.0
Maharashtra,Pune,Khed(Chakan),onion,2021,5,1078.98,1168.0
Maharashtra,Pune,Khed(Chakan),onion,2021,6,1484.46,1335.0
Maharashtra,Pune,Khed(Chakan),onion,2021,7,1537.57,1118.0
Maharashtra,Pune,Khed(Chakan),onion,2021,8,1474.33,935.0
Maharashtra,Pune,Khed(Chakan),onion,2021,9,1386.73,731.0
Maharashtra,Pune,Khed(Chakan),onion,2021,10,2407.43,1212.0
Maharashtra,Pune,Khed(Chakan),onion,2021,11,2038.6,1101.0
Maharashtra,Pune,Khed(Chakan),onion,2021,12,1708.27,3120.0
Maharashtra,Pune,Khed(Chakan),onion,2022,1,1875.65,5010.0
Maharashtra,Pune,Khed(Chakan),onion,2022,2,2104.79,5158.0
Maharashtra,Pune,Khed(Chakan),onion,2022,3,1359.24,10887.0
Maharashtra,Pune,Khed(Chakan),onion,2022,4,949.16,4456.0
Maharashtra,Pune,Khed(Chakan),onion,2022,5,844.63,1974.0
Maharashtra,Pune,Khed(Chakan),onion,2022,6,1258.34,1588.0
Maharashtra,Pune,Khed(Chakan),onion,2022,7,1250.19,1318.0
Maharashtra,Pune,Khed(Chakan),onion,2022,8,1219.98,1241.0
Maharashtra,Pune,Khed(Chakan),onion,2022,9,1184.77,1221.0
Maharashtra,Pune,Khed(Chakan),onion,2022,10,1775.41,1220.0
Maharashtra,Pune,Khed(Chakan),onion,2022,11,1871.35,2054.0
Maharashtra,Pune,Khed(Chakan),onion,2022,12,1419.51,1115.0
Maharashtra,Pune,Khed(Chakan),onion,2023,1,1457.37,4546.0
Maharashtra,Pune,Khed(Chakan),onion,2023,2,881.99,9590.0
Maharashtra,Pune,Khed(Chakan),onion,2023,3,1043.97,6653.0
Maharashtra,Pune,Khed(Chakan),onion,2023,4,822.77,7183.0
Maharashtra,Pune,Khed(Chakan),onion,2023,5,759.9,3643.0
Maharashtra,Pune,Khed(Chakan),onion,2023,6,995.83,1560.0
Maharashtra,Pune,Khed(Chakan),onion,2023,7,1208.3,
Maharashtra,Pune,Khed(Chakan),onion,2023,8,1637.33,
Maharashtra,Pune,Khed(Chakan),onion,2023,9,1664.85,1010.0
Maharashtra,Pune,Khed(Chakan),onion,2023,10,2006.4,1188.0
Maharashtra,Pune,Khed(Chakan),onion,2023,11,3078.33,
Maharashtra,Pune,Khed(Chakan),onion,2023,12,2185.57,
Maharashtra,Pune,Khed(Chakan),onion,2024,1,1523.02,
Maharashtra,Pune,Khed(Chakan),onion,2024,2,1494.56,
Maharashtra,Pune,Khed(Chakan),onion,2024,3,1513.51,6498.0
Maharashtra,Pune,Khed(Chakan),onion,2024,4,1442.92,2912.5
Maharashtra,Pune,Khed(Chakan),onion,2024,6,,975.0
Maharashtra,Pune,Khed(Chakan),onion,2024,8,2997.99,1496.0
Maharashtra,Pune,Khed(Chakan),onion,2024,10,3386.34,1720.0
Maharashtra,Pune,Khed(Chakan),onion,2024,12,2524.62,4935.0
Maharashtra,Pune,Khed(Chakan),onion,2025,2,2159.19,6872.5
Maharashtra,Pune,Khed(Chakan),onion,2025,3,,6740.0
Maharashtra,Pune,Khed(Chakan),onion,2025,4,1175.55,4558.5
Maharashtra,Pune,Khed(Chakan),onion,2025,5,,2340.0
Maharashtra,Pune,Khed(Chakan),onion,2025,6,1353.71,1434.5
Maharashtra,Pune,Khed(Chakan),onion,2025,7,1408.7,862.5
Maharashtra,Pune,Khed(Chakan),onion,2025,8,1284.38,1680.0
Maharashtra,Pune,Khed(Chakan),onion,2025,9,1267.28,947.5
Maharashtra,Pune,Khed(Chakan),onion,2025,10,1096.71,1065.0
Maharashtra,Pune,Khed(Chakan),onion,2025,11,1157.59,936.0
Maharashtra,Pune,Khed(Chakan),onion,2025,12,1531.97,1165.0
Maharashtra,Pune,Khed(Chakan),onion,2026,1,1429.86,2662.5
Maharashtra,Pune,Khed(Chakan),onion,2026,2,1197.26,4560.0
Maharashtra,Pune,Khed(Chakan),onion,2026,3,1070.14,4797.5
Maharashtra,Pune,Khed(Chakan),onion,2026,4,920.09,5166.5
Maharashtra,Pune,Khed(Chakan),onion,2026,5,1007.34,2317.5
Maharashtra,Pune,Khed(Chakan),onion,2026,6,1507.51,865.0
Maharashtra,Pune,Khed(Chakan),onion,2026,7,1977.8,1295.0
Maharashtra,Pune,Khed(Chakan),onion,2026,8,2810.36,1419.0
Maharashtra,Pune,Khed(Chakan),onion,2026,9,3594.98,1345.0
Maharashtra,Pune,Mulshi APMC,cotton,2021,8,120.0,111.0
Maharashtra,Pune,Nira(Saswad),chickpea,2021,4,4875.0,2.0
Maharashtra,Pune,Nira(Saswad),chickpea,2021,5,4877.5,2.0
Maharashtra,Pune,Nira(Saswad),chickpea,2021,11,4187.5,2.0
Maharashtra,Pune,Nira(Saswad),chickpea,2021,12,4319.5,2.0
Maharashtra,Pune,Nira(Saswad),chickpea,2022,1,3940.0,1.0
Maharashtra,Pune,Nira(Saswad),chickpea,2022,2,4150.0,2.0
Maharashtra,Pune,Nira(Saswad),chickpea,2022,3,4291.67,3.0
Maharashtra,Pune,Nira(Saswad),chickpea,2022,4,4375.0,2.0
Maharashtra,Pune,Nira(Saswad),chickpea,2022,5,4272.0,5.0
Maharashtra,Pune,Nira(Saswad),chickpea,2022,6,4285.71,7.0
Maharashtra,Pune,Nira(Saswad),chickpea,2022,7,4230.0,1.0
Maharashtra,Pune,Nira(Saswad),chickpea,2022,8,4265.0,1.0
Maharashtra,Pune,Nira(Saswad),chickpea,2022,9,3951.0,1.0
Maharashtra,Pune,Nira(Saswad),chickpea,2022,10,4175.0,2.0
Maharashtra,Pune,Nira(Saswad),chickpea,2022,12,4139.5,6.0
Maharashtra,Pune,Nira(Saswad),chickpea,2023,1,4300.0,1.0
Maharashtra,Pune,Nira(Saswad),chickpea,2023,2,4025.0,2.0
Maharashtra,Pune,Nira(Saswad),chickpea,2023,3,4194.75,4.0
Maharashtra,Pune,Nira(Saswad),chickpea,2023,5,4375.0,2.0
Maharashtra,Pune,Nira(Saswad),chickpea,2023,6,4312.5,2.0
Maharashtra,Pune,Nira(Saswad),chickpea,2023,7,4450.0,2.0
Maharashtra,Pune,Nira(Saswad),chickpea,2023,8,4350.0,1.0
Maharashtra,Pune,Nira(Saswad),chickpea,2023,10,5125.0,1.0
Maharashtra,Pune,Nira(Saswad),chickpea,2023,11,4250.0,1.0
Maharashtra,Pune,Nira(Saswad),chickpea,2023,12,5129.0,1.0
Maharashtra,Pune,Nira(Saswad),chickpea,2024,6,5231.0,0.3
Maharashtra,Pune,Nira(Saswad),chickpea,2024,8,5400.0,0.5
Maharashtra,Pune,Nira(Saswad),chickpea,2024,9,6594.44,0.9
Maharashtra,Pune,Nira(Saswad),chickpea,2025,1,5653.85,1.3
Maharashtra,Pune,Nira(Saswad),pearl_millet,2021,4,2178.95,38.0
Maharashtra,Pune,Nira(Saswad),pearl_millet,2021,5,2177.5,8.0
Maharashtra,Pune,Nira(Saswad),pearl_millet,2021,11,2096.43,21.0
Maharashtra,Pune,Nira(Saswad),pearl_millet,2021,12,2151.89,27.0
Maharashtra,Pune,Nira(Saswad),pearl_millet,2022,1,2025.0,19.0
Maharashtra,Pune,Nira(Saswad),pearl_millet,2022,2,2168.18,33.0
Maharashtra,Pune,Nira(Saswad),pearl_millet,2022,3,2191.89,37.0
Maharashtra,Pune,Nira(Saswad),pearl_millet,2022,4,2287.93,29.0
Maharashtra,Pune,Nira(Saswad),pearl_millet,2022,5,2475.0,20.0
Maharashtra,Pune,Nira(Saswad),pearl_millet,2022,6,2352.17,23.0
Maharashtra,Pune,Nira(Saswad),pearl_millet,2022,7,2427.25,4.0
Maharashtra,Pune,Nira(Saswad),pearl_millet,2022,8,2428.5,2.0
Maharashtra,Pune,Nira(Saswad),pearl_millet,2022,9,2454.0,6.0
Maharashtra,Pune,Nira(Saswad),pearl_millet,2022,10,2538.5,4.0
Maharashtra,Pune,Nira(Saswad),pearl_millet,2022,11,2650.0,3.0
Maharashtra,Pune,Nira(Saswad),pearl_millet,2022,12,2729.63,27.0
Maharashtra,Pune,Nira(Saswad),pearl_millet,2023,1,2814.71,17.0
Maharashtra,Pune,Nira(Saswad),pearl_millet,2023,2,3003.12,16.0
Maharashtra,Pune,Nira(Saswad),pearl_millet,2023,3,2875.93,
Maharashtra,Pune,Nira(Saswad),pearl_millet,2023,4,3100.0,
Maharashtra,Pune,Nira(Saswad),pearl_millet,2023,5,2332.16,723.0
Maharashtra,Pune,Nira(Saswad),pearl_millet,2023,6,3025.0,20.0
Maharashtra,Pune,Nira(Saswad),pearl_millet,2023,7,2780.29,14.0
Maharashtra,Pune,Nira(Saswad),pearl_millet,2023,8,2180.0,2.0
Maharashtra,Pune,Nira(Saswad),pearl_millet,2023,10,2805.0,6.0
Maharashtra,Pune,Nira(Saswad),pearl_millet,2023,11,3050.0,6.0
Maharashtra,Pune,Nira(Saswad),pearl_millet,2023,12,3050.0,7.0
Maharashtra,Pune,Nira(Saswad),pearl_millet,2024,6,2950.0,5.8
Maharashtra,Pune,Nira(Saswad),pearl_millet,2024,8,2400.0,1.8
Maharashtra,Pune,Nira(Saswad),pearl_millet,2024,9,2519.44,8.1
Maharashtra,Pune,Nira(Saswad),pearl_millet,2025,1,2719.44,
Maharashtra,Pune,Nira(Saswad),pearl_millet,2025,10,2825.0,6.7
Maharashtra,Pune,Nira(Saswad),pearl_millet,2026,3,2800.0,8.0
Maharashtra,Pune,Nira(Saswad),pearl_millet,2026,6,2900.0,1.0
Maharashtra,Pune,Nira(Saswad),pearl_millet,2026,7,2902.13,37.6
Maharashtra,Pune,Nira(Saswad),pearl_millet,2026,8,2935.25,27.8
Maharashtra,Pune,Nira(Saswad),pearl_millet,2026,9,2945.5,36.7
Maharashtra,Pune,Nira(Saswad),sorghum,2021,4,3017.0,20.0
Maharashtra,Pune,Nira(Saswad),sorghum,2021,5,3075.5,12.0
Maharashtra,Pune,Nira(Saswad),sorghum,2021,11,2220.83,12.0
Maharashtra,Pune,Nira(Saswad),sorghum,2021,12,2273.06,18.0
Maharashtra,Pune,Nira(Saswad),sorghum,2022,1,2150.0,9.0
Maharashtra,Pune,Nira(Saswad),sorghum,2022,2,2272.73,22.0
Maharashtra,Pune,Nira(Saswad),sorghum,2022,3,2646.55,29.0
Maharashtra,Pune,Nira(Saswad),sorghum,2022,4,2557.41,27.0
Maharashtra,Pune,Nira(Saswad),sorghum,2022,5,2676.47,17.0
Maharashtra,Pune,Nira(Saswad),sorghum,2022,6,2737.5,20.0
Maharashtra,Pune,Nira(Saswad),sorghum,2022,7,2305.0,4.0
Maharashtra,Pune,Nira(Saswad),sorghum,2022,8,2370.4,5.0
Maharashtra,Pune,Nira(Saswad),sorghum,2022,9,2366.67,3.0
Maharashtra,Pune,Nira(Saswad),sorghum,2022,10,2504.0,3.0
Maharashtra,Pune,Nira(Saswad),sorghum,2022,11,3050.0,4.0
Maharashtra,Pune,Nira(Saswad),sorghum,2022,12,3250.0,16.0
Maharashtra,Pune,Nira(Saswad),sorghum,2023,1,3303.85,13.0
Maharashtra,Pune,Nira(Saswad),sorghum,2023,2,3652.08,12.0
Maharashtra,Pune,Nira(Saswad),sorghum,2023,3,3456.77,26.0
Maharashtra,Pune,Nira(Saswad),sorghum,2023,4,4100.0,7.0
Maharashtra,Pune,Nira(Saswad),sorghum,2023,5,4110.26,39.0
Maharashtra,Pune,Nira(Saswad),sorghum,2023,6,4157.33,15.0
Maharashtra,Pune,Nira(Saswad),sorghum,2023,7,4488.0,10.0
Maharashtra,Pune,Nira(Saswad),sorghum,2023,8,4425.0,3.0
Maharashtra,Pune,Nira(Saswad),sorghum,2023,10,4503.0,2.0
Maharashtra,Pune,Nira(Saswad),sorghum,2023,11,4850.0,3.0
Maharashtra,Pune,Nira(Saswad),sorghum,2023,12,5125.0,2.0
Maharashtra,Pune,Nira(Saswad),sorghum,2024,6,3250.0,3.7
Maharashtra,Pune,Nira(Saswad),sorghum,2024,8,2705.0,2.8
Maharashtra,Pune,Nira(Saswad),sorghum,2024,9,2802.55,4.0
Maharashtra,Pune,Nira(Saswad),sorghum,2025,1,2917.07,12.3
Maharashtra,Pune,Nira(Saswad),sorghum,2025,10,,5.2
Maharashtra,Pune,Nira(Saswad),sorghum,2026,3,3457.0,7.0
Maharashtra,Pune,Nira(Saswad),sorghum,2026,6,4000.0,1.3
Maharashtra,Pune,Nira(Saswad),sorghum,2026,7,4047.52,35.9
Maharashtra,Pune,Nira(Saswad),sorghum,2026,8,4193.65,24.4
Maharashtra,Pune,Nira(Saswad),sorghum,2026,9,3961.37,30.5
Maharashtra,Pune,Nira(Saswad),soybean,2023,7,4500.0,1.0
Maharashtra,Pune,Nira(Saswad),soybean,2023,11,4450.0,1.0
Maharashtra,Pune,Nira(Saswad),soybean,2023,12,4606.0,1.0
Maharashtra,Pune,Nira(Saswad),soybean,2025,1,3850.0,0.5
Maharashtra,Pune,Nira(Saswad),wheat,2021,4,2213.57,42.0
Maharashtra,Pune,Nira(Saswad),wheat,2021,5,2244.33,9.0
Maharashtra,Pune,Nira(Saswad),wheat,2021,11,2210.43,35.0
Maharashtra,Pune,Nira(Saswad),wheat,2021,12,2218.75,28.0
Maharashtra,Pune,Nira(Saswad),wheat,2022,1,2100.0,14.0
Maharashtra,Pune,Nira(Saswad),wheat,2022,2,2282.46,28.0
Maharashtra,Pune,Nira(Saswad),wheat,2022,3,2341.86,
Maharashtra,Pune,Nira(Saswad),wheat,2022,4,2374.24,33.0
Maharashtra,Pune,Nira(Saswad),wheat,2022,5,2517.5,24.0
Maharashtra,Pune,Nira(Saswad),wheat,2022,6,2464.07,27.0
Maharashtra,Pune,Nira(Saswad),wheat,2022,7,,10.0
Maharashtra,Pune,Nira(Saswad),wheat,2022,8,2455.0,6.0
Maharashtra,Pune,Nira(Saswad),wheat,2022,9,2722.67,9.0
Maharashtra,Pune,Nira(Saswad),wheat,2022,10,2469.67,3.0
Maharashtra,Pune,Nira(Saswad),wheat,2022,11,2850.0,8.0
Maharashtra,Pune,Nira(Saswad),wheat,2022,12,3026.56,32.0
Maharashtra,Pune,Nira(Saswad),wheat,2023,1,3014.71,17.0
Maharashtra,Pune,Nira(Saswad),wheat,2023,2,3272.22,18.0
Maharashtra,Pune,Nira(Saswad),wheat,2023,3,2898.61,36.0
Maharashtra,Pune,Nira(Saswad),wheat,2023,4,3050.0,9.0
Maharashtra,Pune,Nira(Saswad),wheat,2023,5,3172.97,37.0
Maharashtra,Pune,Nira(Saswad),wheat,2023,6,3062.42,19.0
Maharashtra,Pune,Nira(Saswad),wheat,2023,7,2950.0,20.0
Maharashtra,Pune,Nira(Saswad),wheat,2023,8,2800.0,6.0
Maharashtra,Pune,Nira(Saswad),wheat,2023,10,2975.0,7.0
Maharashtra,Pune,Nira(Saswad),wheat,2023,11,3075.0,8.0
Maharashtra,Pune,Nira(Saswad),wheat,2023,12,3025.0,9.0
Maharashtra,Pune,Nira(Saswad),wheat,2024,6,3007.0,5.5
Maharashtra,Pune,Nira(Saswad),wheat,2024,8,3000.0,1.7
Maharashtra,Pune,Nira(Saswad),wheat,2024,9,2896.61,5.9
Maharashtra,Pune,Nira(Saswad),wheat,2025,1,3403.88,12.9
Maharashtra,Pune,Nira(Saswad),wheat,2025,10,2675.0,6.5
Maharashtra,Pune,Nira(Saswad),wheat,2026,3,3000.0,8.2
Maharashtra,Pune,Nira(Saswad),wheat,2026,6,2795.0,3.5
Maharashtra,Pune,Nira(Saswad),wheat,2026,7,2910.63,41.4
Maharashtra,Pune,Nira(Saswad),wheat,2026,8,2976.4,35.6
Maharashtra,Pune,Nira(Saswad),wheat,2026,9,3012.61,43.6
Maharashtra,Pune,Pune(Khadiki),chickpea,2020,12,99.85,195.0
Maharashtra,Pune,Pune(Khadiki),onion,2019,2,433.06,183.0
Maharashtra,Pune,Pune(Khadiki),onion,2019,4,549.74,215.0
Maharashtra,Pune,Pune(Khadiki),onion,2019,6,1023.14,175.0
Maharashtra,Pune,Pune(Khadiki),onion,2019,8,1431.73,104.0
Maharashtra,Pune,Pune(Khadiki),onion,2019,10,2567.07,41.0
Maharashtra,Pune,Pune(Khadiki),onion,2019,12,3625.0,4.0
Maharashtra,Pune,Pune(Khadiki),onion,2020,1,2740.62,16.0
Maharashtra,Pune,Pune(Khadiki),onion,2020,2,1358.89,45.0
Maharashtra,Pune,Pune(Khadiki),onion,2020,3,1525.93,81.0
Maharashtra,Pune,Pune(Khadiki),onion,2020,4,1500.0,5.0
Maharashtra,Pune,Pune(Khadiki),onion,2020,6,605.56,45.0
Maharashtra,Pune,Pune(Khadiki),onion,2020,7,728.0,25.0
Maharashtra,Pune,Pune(Khadiki),onion,2020,8,951.61,31.0
Maharashtra,Pune,Pune(Khadiki),onion,2020,9,1628.38,68.0
Maharashtra,Pune,Pune(Khadiki),onion,2020,10,2556.0,25.0
Maharashtra,Pune,Pune(Khadiki),onion,2020,11,3264.71,17.0
Maharashtra,Pune,Pune(Khadiki),onion,2020,12,2168.18,11.0
Maharashtra,Pune,Pune(Khadiki),onion,2021,1,2125.0,4.0
Maharashtra,Pune,Pune(Khadiki),onion,2021,2,2716.67,9.0
Maharashtra,Pune,Pune(Khadiki),onion,2021,3,1680.0,15.0
Maharashtra,Pune,Pune(Khadiki),onion,2021,4,1060.23,44.0
Maharashtra,Pune,Pune(Khadiki),onion,2021,5,1021.79,39.0
Maharashtra,Pune,Pune(Khadiki),onion,2021,6,1304.29,35.0
Maharashtra,Pune,Pune(Khadiki),onion,2021,7,1328.12,32.0
Maharashtra,Pune,Pune(Khadiki),onion,2021,8,1317.86,28.0
Maharashtra,Pune,Pune(Khadiki),onion,2021,9,1352.38,21.0
Maharashtra,Pune,Pune(Khadiki),onion,2021,10,1651.35,37.0
Maharashtra,Pune,Pune(Khadiki),onion,2021,11,1810.0,25.0
Maharashtra,Pune,Pune(Khadiki),onion,2021,12,1635.0,30.0
Maharashtra,Pune,Pune(Khadiki),onion,2022,1,1475.0,28.0
Maharashtra,Pune,Pune(Khadiki),onion,2022,2,1614.0,25.0
Maharashtra,Pune,Pune(Khadiki),onion,2022,3,1487.5,40.0
Maharashtra,Pune,Pune(Khadiki),onion,2022,4,976.09,69.0
Maharashtra,Pune,Pune(Khadiki),onion,2022,5,912.96,54.0
Maharashtra,Pune,Pune(Khadiki),onion,2022,6,1028.21,39.0
Maharashtra,Pune,Pune(Khadiki),onion,2022,7,1283.33,36.0
Maharashtra,Pune,Pune(Khadiki),onion,2022,8,1240.91,44.0
Maharashtra,Pune,Pune(Khadiki),onion,2022,9,1181.43,35.0
Maharashtra,Pune,Pune(Khadiki),onion,2022,10,1236.89,61.0
Maharashtra,Pune,Pune(Khadiki),onion,2022,11,1617.92,53.0
Maharashtra,Pune,Pune(Khadiki),onion,2022,12,1200.0,47.0
Maharashtra,Pune,Pune(Khadiki),onion,2023,1,1326.0,25.0
Maharashtra,Pune,Pune(Khadiki),onion,2023,2,1040.0,30.0
Maharashtra,Pune,Pune(Khadiki),onion,2023,3,898.53,34.0
Maharashtra,Pune,Pune(Khadiki),onion,2023,4,834.38,64.0
Maharashtra,Pune,Pune(Khadiki),onion,2023,5,742.31,52.0
Maharashtra,Pune,Pune(Khadiki),onion,2023,6,947.22,54.0
Maharashtra,Pune,Pune(Khadiki),onion,2023,7,1079.61,
Maharashtra,Pune,Pune(Khadiki),onion,2023,8,1310.0,
Maharashtra,Pune,Pune(Khadiki),onion,2023,9,1505.56,45.0
Maharashtra,Pune,Pune(Khadiki),onion,2023,10,1890.57,53.0
Maharashtra,Pune,Pune(Khadiki),onion,2023,11,2983.33,
Maharashtra,Pune,Pune(Khadiki),onion,2023,12,2471.43,
Maharashtra,Pune,Pune(Khadiki),onion,2024,1,1663.64,
Maharashtra,Pune,Pune(Khadiki),onion,2024,2,1174.67,
Maharashtra,Pune,Pune(Khadiki),onion,2024,3,1130.87,41.3
Maharashtra,Pune,Pune(Khadiki),onion,2024,4,1210.33,45.5
Maharashtra,Pune,Pune(Khadiki),onion,2024,6,,30.4
Maharashtra,Pune,Pune(Khadiki),onion,2024,8,2296.09,28.1
Maharashtra,Pune,Pune(Khadiki),onion,2024,10,2616.12,33.8
Maharashtra,Pune,Pune(Khadiki),onion,2024,12,2777.39,20.7
Maharashtra,Pune,Pune(Khadiki),onion,2025,2,1792.0,17.5
Maharashtra,Pune,Pune(Khadiki),onion,2025,3,,37.6
Maharashtra,Pune,Pune(Khadiki),onion,2025,4,1141.59,44.0
Maharashtra,Pune,Pune(Khadiki),onion,2025,5,,41.5
Maharashtra,Pune,Pune(Khadiki),onion,2025,6,1152.22,27.0
Maharashtra,Pune,Pune(Khadiki),onion,2025,7,1126.17,21.4
Maharashtra,Pune,Pune(Khadiki),onion,2025,8,1171.3,27.7
Maharashtra,Pune,Pune(Khadiki),onion,2025,9,1130.32,27.7
Maharashtra,Pune,Pune(Khadiki),onion,2025,10,951.74,57.4
Maharashtra,Pune,Pune(Khadiki),onion,2025,11,936.7,36.1
Maharashtra,Pune,Pune(Khadiki),onion,2025,12,963.9,34.9
Maharashtra,Pune,Pune(Khadiki),onion,2026,1,929.67,33.7
Maharashtra,Pune,Pune(Khadiki),onion,2026,2,953.13,25.6
Maharashtra,Pune,Pune(Khadiki),onion,2026,3,897.33,30.0
Maharashtra,Pune,Pune(Khadiki),onion,2026,4,848.38,37.1
Maharashtra,Pune,Pune(Khadiki),onion,2026,5,811.4,21.5
Maharashtra,Pune,Pune(Khadiki),onion,2026,6,908.7,25.3
Maharashtra,Pune,Pune(Khadiki),onion,2026,7,1001.49,43.7
Maharashtra,Pune,Pune(Khadiki),onion,2026,8,1126.16,30.2
Maharashtra,Pune,Pune(Khadiki),onion,2026,9,1504.42,24.9
Maharashtra,Pune,Pune(Manjri),onion,2020,5,911.63,43.0
Maharashtra,Pune,Pune(Manjri),onion,2020,6,757.45,47.0
Maharashtra,Pune,Pune(Manjri),onion,2020,7,700.0,40.0
Maharashtra,Pune,Pune(Manjri),onion,2020,8,905.77,52.0
Maharashtra,Pune,Pune(Manjri),onion,2020,9,1876.58,111.0
Maharashtra,Pune,Pune(Manjri),onion,2020,10,2276.67,60.0
Maharashtra,Pune,Pune(Manjri),onion,2020,11,3616.67,78.0
Maharashtra,Pune,Pune(Manjri),onion,2020,12,3190.62,32.0
Maharashtra,Pune,Pune(Manjri),onion,2021,1,2397.06,34.0
Maharashtra,Pune,Pune(Manjri),onion,2021,2,3385.71,35.0
Maharashtra,Pune,Pune(Manjri),onion,2021,3,1778.0,50.0
Maharashtra,Pune,Pune(Manjri),onion,2021,4,921.74,161.0
Maharashtra,Pune,Pune(Manjri),onion,2021,5,949.53,107.0
Maharashtra,Pune,Pune(Manjri),onion,2021,6,1158.82,153.0
Maharashtra,Pune,Pune(Manjri),onion,2021,7,1445.19,135.0
Maharashtra,Pune,Pune(Manjri),onion,2021,8,1484.04,188.0
Maharashtra,Pune,Pune(Manjri),onion,2021,9,1252.76,199.0
Maharashtra,Pune,Pune(Manjri),onion,2021,10,2158.54,205.0
Maharashtra,Pune,Pune(Manjri),onion,2021,11,2056.4,172.0
Maharashtra,Pune,Pune(Manjri),onion,2021,12,1895.73,164.0
Maharashtra,Pune,Pune(Manjri),onion,2022,1,1617.01,147.0
Maharashtra,Pune,Pune(Manjri),onion,2022,2,1711.04,163.0
Maharashtra,Pune,Pune(Manjri),onion,2022,3,1302.86,280.0
Maharashtra,Pune,Pune(Manjri),onion,2022,4,1193.79,177.0
Maharashtra,Pune,Pune(Manjri),onion,2022,5,941.0,200.0
Maharashtra,Pune,Pune(Manjri),onion,2022,6,634.27,213.0
Maharashtra,Pune,Pune(Manjri),onion,2022,7,882.14,154.0
Maharashtra,Pune,Pune(Manjri),onion,2022,8,1254.5,189.0
Maharashtra,Pune,Pune(Manjri),onion,2022,9,1134.53,139.0
Maharashtra,Pune,Pune(Manjri),onion,2022,10,1355.62,169.0
Maharashtra,Pune,Pune(Manjri),onion,2022,11,1792.25,142.0
Maharashtra,Pune,Pune(Manjri),onion,2022,12,1078.34,277.0
Maharashtra,Pune,Pune(Manjri),onion,2023,1,1285.86,99.0
Maharashtra,Pune,Pune(Manjri),onion,2023,2,1074.81,131.0
Maharashtra,Pune,Pune(Manjri),onion,2023,3,1026.51,166.0
Maharashtra,Pune,Pune(Manjri),onion,2023,4,992.47,146.0
Maharashtra,Pune,Pune(Manjri),onion,2023,5,689.6,173.0
Maharashtra,Pune,Pune(Manjri),onion,2023,6,830.0,220.0
Maharashtra,Pune,Pune(Manjri),onion,2023,7,1220.6,
Maharashtra,Pune,Pune(Manjri),onion,2023,8,1579.56,
Maharashtra,Pune,Pune(Manjri),onion,2023,9,1665.66,265.0
Maharashtra,Pune,Pune(Manjri),onion,2023,10,2196.41,306.0
Maharashtra,Pune,Pune(Manjri),onion,2023,11,3541.95,
Maharashtra,Pune,Pune(Manjri),onion,2023,12,2673.02,
Maharashtra,Pune,Pune(Manjri),onion,2024,1,1730.19,
Maharashtra,Pune,Pune(Manjri),onion,2024,2,1661.31,
Maharashtra,Pune,Pune(Manjri),onion,2024,3,1405.21,224.5
Maharashtra,Pune,Pune(Manjri),onion,2024,4,1262.74,180.9
Maharashtra,Pune,Pune(Manjri),onion,2024,6,,266.6
Maharashtra,Pune,Pune(Manjri),onion,2024,8,2940.49,225.5
Maharashtra,Pune,Pune(Manjri),onion,2024,10,2816.31,191.9
Maharashtra,Pune,Pune(Manjri),onion,2024,12,3552.92,177.8
Maharashtra,Pune,Pune(Manjri),onion,2025,2,2581.41,155.5
Maharashtra,Pune,Pune(Manjri),onion,2025,3,,165.0
Maharashtra,Pune,Pune(Manjri),onion,2025,4,1281.61,172.4
Maharashtra,Pune,Pune(Manjri),onion,2025,5,,159.7
Maharashtra,Pune,Pune(Manjri),onion,2025,6,898.7,162.1
Maharashtra,Pune,Pune(Manjri),onion,2025,7,1019.56,135.0
Maharashtra,Pune,Pune(Manjri),onion,2025,8,972.83,160.1
Maharashtra,Pune,Pune(Manjri),onion,2025,9,977.52,227.3
Maharashtra,Pune,Pune(Manjri),onion,2025,10,1111.45,134.5
Maharashtra,Pune,Pune(Manjri),onion,2025,11,817.79,240.6
Maharashtra,Pune,Pune(Manjri),onion,2025,12,1237.99,217.7
Maharashtra,Pune,Pune(Manjri),onion,2026,1,1006.51,230.4
Maharashtra,Pune,Pune(Manjri),onion,2026,2,1123.36,193.1
Maharashtra,Pune,Pune(Manjri),onion,2026,3,1035.29,197.5
Maharashtra,Pune,Pune(Manjri),onion,2026,4,879.59,200.9
Maharashtra,Pune,Pune(Manjri),onion,2026,5,923.17,331.1
Maharashtra,Pune,Pune(Manjri),onion,2026,6,1494.29,353.8
Maharashtra,Pune,Pune(Manjri),onion,2026,7,2070.91,304.6
Maharashtra,Pune,Pune(Manjri),onion,2026,8,2590.17,281.8
Maharashtra,Pune,Pune(Manjri),onion,2026,9,3758.09,299.9
Maharashtra,Pune,Pune(Moshi),groundnut,2026,2,6000.0,0.6
Maharashtra,Pune,Pune(Moshi),onion,2020,5,489.15,364.0
Maharashtra,Pune,Pune(Moshi),onion,2020,6,493.62,682.0
Maharashtra,Pune,Pune(Moshi),onion,2020,7,537.28,448.0
Maharashtra,Pune,Pune(Moshi),onion,2020,8,662.83,382.0
Maharashtra,Pune,Pune(Moshi),onion,2020,9,1498.09,419.0
Maharashtra,Pune,Pune(Moshi),onion,2020,10,2616.58,190.0
Maharashtra,Pune,Pune(Moshi),onion,2020,11,3096.0,400.0
Maharashtra,Pune,Pune(Moshi),onion,2020,12,1704.04,581.0
Maharashtra,Pune,Pune(Moshi),onion,2021,1,1797.03,607.0
Maharashtra,Pune,Pune(Moshi),onion,2021,2,2213.37,673.0
Maharashtra,Pune,Pune(Moshi),onion,2021,3,1084.17,780.0
Maharashtra,Pune,Pune(Moshi),onion,2021,4,619.43,1091.0
Maharashtra,Pune,Pune(Moshi),onion,2021,5,705.45,945.0
Maharashtra,Pune,Pune(Moshi),onion,2021,6,996.82,754.0
Maharashtra,Pune,Pune(Moshi),onion,2021,7,986.62,766.0
Maharashtra,Pune,Pune(Moshi),onion,2021,8,943.44,732.0
Maharashtra,Pune,Pune(Moshi),onion,2021,9,979.36,722.0
Maharashtra,Pune,Pune(Moshi),onion,2021,10,1432.13,621.0
Maharashtra,Pune,Pune(Moshi),onion,2021,11,1320.0,555.0
Maharashtra,Pune,Pune(Moshi),onion,2021,12,1023.72,862.0
Maharashtra,Pune,Pune(Moshi),onion,2022,1,1174.9,721.0
Maharashtra,Pune,Pune(Moshi),onion,2022,2,1255.54,677.0
Maharashtra,Pune,Pune(Moshi),onion,2022,3,889.6,947.0
Maharashtra,Pune,Pune(Moshi),onion,2022,4,700.44,1145.0
Maharashtra,Pune,Pune(Moshi),onion,2022,5,629.98,994.0
Maharashtra,Pune,Pune(Moshi),onion,2022,6,795.38,736.0
Maharashtra,Pune,Pune(Moshi),onion,2022,7,897.76,715.0
Maharashtra,Pune,Pune(Moshi),onion,2022,8,1006.71,797.0
Maharashtra,Pune,Pune(Moshi),onion,2022,9,799.85,672.0
Maharashtra,Pune,Pune(Moshi),onion,2022,10,1130.56,859.0
Maharashtra,Pune,Pune(Moshi),onion,2022,11,1290.27,874.0
Maharashtra,Pune,Pune(Moshi),onion,2022,12,850.84,949.0
Maharashtra,Pune,Pune(Moshi),onion,2023,1,905.08,975.0
Maharashtra,Pune,Pune(Moshi),onion,2023,2,655.27,1081.0
Maharashtra,Pune,Pune(Moshi),onion,2023,3,557.86,1718.0
Maharashtra,Pune,Pune(Moshi),onion,2023,4,559.61,1347.0
Maharashtra,Pune,Pune(Moshi),onion,2023,5,515.8,1079.0
Maharashtra,Pune,Pune(Moshi),onion,2023,6,633.05,1015.0
Maharashtra,Pune,Pune(Moshi),onion,2023,7,811.03,
Maharashtra,Pune,Pune(Moshi),onion,2023,8,1295.18,
Maharashtra,Pune,Pune(Moshi),onion,2023,9,1354.58,949.0
Maharashtra,Pune,Pune(Moshi),onion,2023,10,1967.27,1309.0
Maharashtra,Pune,Pune(Moshi),onion,2023,11,2638.82,
Maharashtra,Pune,Pune(Moshi),onion,2023,12,1613.26,
Maharashtra,Pune,Pune(Moshi),onion,2024,1,911.07,
Maharashtra,Pune,Pune(Moshi),onion,2024,2,798.66,
Maharashtra,Pune,Pune(Moshi),onion,2024,3,941.35,1492.5
Maharashtra,Pune,Pune(Moshi),onion,2024,4,894.54,986.1
Maharashtra,Pune,Pune(Moshi),onion,2024,6,,1561.4
Maharashtra,Pune,Pune(Moshi),onion,2024,8,2606.45,1248.0
Maharashtra,Pune,Pune(Moshi),onion,2024,10,2342.91,1106.2
Maharashtra,Pune,Pune(Moshi),onion,2024,12,2348.39,1284.0
Maharashtra,Pune,Pune(Moshi),onion,2025,2,1600.27,1134.7
Maharashtra,Pune,Pune(Moshi),onion,2025,3,,1622.5
Maharashtra,Pune,Pune(Moshi),onion,2025,4,873.79,1610.2
Maharashtra,Pune,Pune(Moshi),onion,2025,5,,1711.8
Maharashtra,Pune,Pune(Moshi),onion,2025,6,1107.92,1402.7
Maharashtra,Pune,Pune(Moshi),onion,2025,7,1127.47,1394.4
Maharashtra,Pune,Pune(Moshi),onion,2025,8,1071.12,1499.0
Maharashtra,Pune,Pune(Moshi),onion,2025,9,1006.69,1736.2
Maharashtra,Pune,Pune(Moshi),onion,2025,10,952.82,1487.8
Maharashtra,Pune,Pune(Moshi),onion,2025,11,978.21,1775.0
Maharashtra,Pune,Pune(Moshi),onion,2025,12,1164.13,1590.2
Maharashtra,Pune,Pune(Moshi),onion,2026,1,1032.38,1742.7
Maharashtra,Pune,Pune(Moshi),onion,2026,2,887.36,8302.9
Maharashtra,Pune,Pune(Moshi),onion,2026,3,764.96,1906.8
Maharashtra,Pune,Pune(Moshi),onion,2026,4,772.24,1615.8
Maharashtra,Pune,Pune(Moshi),onion,2026,5,730.2,1651.4
Maharashtra,Pune,Pune(Moshi),onion,2026,6,1105.83,1921.5
Maharashtra,Pune,Pune(Moshi),onion,2026,7,1499.61,6971.6
Maharashtra,Pune,Pune(Moshi),onion,2026,8,1972.61,1600.6
Maharashtra,Pune,Pune(Moshi),onion,2026,9,3263.11,1312.4
Maharashtra,Pune,Pune(Pimpri),onion,2019,2,520.97,124.0
Maharashtra,Pune,Pune(Pimpri),onion,2019,4,750.0,75.0
Maharashtra,Pune,Pune(Pimpri),onion,2019,6,1352.25,89.0
Maharashtra,Pune,Pune(Pimpri),onion,2019,8,1780.17,116.0
Maharashtra,Pune,Pune(Pimpri),onion,2019,10,3196.88,32.0
Maharashtra,Pune,Pune(Pimpri),onion,2019,12,4592.86,14.0
Maharashtra,Pune,Pune(Pimpri),onion,2020,1,2900.0,15.0
Maharashtra,Pune,Pune(Pimpri),onion,2020,2,1586.9,42.0
Maharashtra,Pune,Pune(Pimpri),onion,2020,3,1600.77,65.0
Maharashtra,Pune,Pune(Pimpri),onion,2020,4,1366.67,3.0
Maharashtra,Pune,Pune(Pimpri),onion,2020,6,700.0,6.0
Maharashtra,Pune,Pune(Pimpri),onion,2020,7,700.0,4.0
Maharashtra,Pune,Pune(Pimpri),onion,2020,9,1959.38,16.0
Maharashtra,Pune,Pune(Pimpri),onion,2020,10,3350.0,5.0
Maharashtra,Pune,Pune(Pimpri),onion,2020,11,4542.31,13.0
Maharashtra,Pune,Pune(Pimpri),onion,2020,12,2800.0,5.0
Maharashtra,Pune,Pune(Pimpri),onion,2021,1,2495.0,10.0
Maharashtra,Pune,Pune(Pimpri),onion,2021,2,3625.0,2.0
Maharashtra,Pune,Pune(Pimpri),onion,2021,3,1425.0,16.0
Maharashtra,Pune,Pune(Pimpri),onion,2021,4,1014.29,28.0
Maharashtra,Pune,Pune(Pimpri),onion,2021,5,1188.89,18.0
Maharashtra,Pune,Pune(Pimpri),onion,2021,6,1454.48,29.0
Maharashtra,Pune,Pune(Pimpri),onion,2021,7,1596.88,32.0
Maharashtra,Pune,Pune(Pimpri),onion,2021,8,1635.29,17.0
Maharashtra,Pune,Pune(Pimpri),onion,2021,9,1579.47,19.0
Maharashtra,Pune,Pune(Pimpri),onion,2021,10,2465.38,26.0
Maharashtra,Pune,Pune(Pimpri),onion,2021,11,2275.93,27.0
Maharashtra,Pune,Pune(Pimpri),onion,2021,12,1860.0,35.0
Maharashtra,Pune,Pune(Pimpri),onion,2022,1,1622.22,9.0
Maharashtra,Pune,Pune(Pimpri),onion,2022,2,1728.57,14.0
Maharashtra,Pune,Pune(Pimpri),onion,2022,3,1314.06,32.0
Maharashtra,Pune,Pune(Pimpri),onion,2022,4,1043.42,38.0
Maharashtra,Pune,Pune(Pimpri),onion,2022,5,1017.27,55.0
Maharashtra,Pune,Pune(Pimpri),onion,2022,6,1139.77,44.0
Maharashtra,Pune,Pune(Pimpri),onion,2022,7,1266.67,21.0
Maharashtra,Pune,Pune(Pimpri),onion,2022,8,1234.38,16.0
Maharashtra,Pune,Pune(Pimpri),onion,2022,9,1070.37,27.0
Maharashtra,Pune,Pune(Pimpri),onion,2022,10,1355.0,50.0
Maharashtra,Pune,Pune(Pimpri),onion,2022,11,1786.36,22.0
Maharashtra,Pune,Pune(Pimpri),onion,2022,12,1200.0,5.0
Maharashtra,Pune,Pune(Pimpri),onion,2023,1,1016.67,3.0
Maharashtra,Pune,Pune(Pimpri),onion,2023,2,897.06,17.0
Maharashtra,Pune,Pune(Pimpri),onion,2023,3,805.53,452.0
Maharashtra,Pune,Pune(Pimpri),onion,2023,4,704.26,94.0
Maharashtra,Pune,Pune(Pimpri),onion,2023,5,656.25,32.0
Maharashtra,Pune,Pune(Pimpri),onion,2023,6,957.02,57.0
Maharashtra,Pune,Pune(Pimpri),onion,2023,7,1178.74,
Maharashtra,Pune,Pune(Pimpri),onion,2023,8,1555.07,
Maharashtra,Pune,Pune(Pimpri),onion,2023,9,1773.61,36.0
Maharashtra,Pune,Pune(Pimpri),onion,2023,10,2826.09,46.0
Maharashtra,Pune,Pune(Pimpri),onion,2023,11,3583.33,
Maharashtra,Pune,Pune(Pimpri),onion,2023,12,2616.67,
Maharashtra,Pune,Pune(Pimpri),onion,2024,1,1300.0,
Maharashtra,Pune,Pune(Pimpri),onion,2024,2,1287.76,
Maharashtra,Pune,Pune(Pimpri),onion,2024,3,1431.53,29.7
Maharashtra,Pune,Pune(Pimpri),onion,2024,4,1255.24,35.3
Maharashtra,Pune,Pune(Pimpri),onion,2024,6,,25.3
Maharashtra,Pune,Pune(Pimpri),onion,2024,8,3225.47,32.0
Maharashtra,Pune,Pune(Pimpri),onion,2024,10,3862.74,31.0
Maharashtra,Pune,Pune(Pimpri),onion,2024,12,2741.62,30.9
Maharashtra,Pune,Pune(Pimpri),onion,2025,2,2094.83,14.5
Maharashtra,Pune,Pune(Pimpri),onion,2025,3,,34.9
Maharashtra,Pune,Pune(Pimpri),onion,2025,4,1283.59,51.2
Maharashtra,Pune,Pune(Pimpri),onion,2025,5,,37.8
Maharashtra,Pune,Pune(Pimpri),onion,2025,6,1345.73,23.4
Maharashtra,Pune,Pune(Pimpri),onion,2025,7,1515.84,26.2
Maharashtra,Pune,Pune(Pimpri),onion,2025,8,1382.93,46.0
Maharashtra,Pune,Pune(Pimpri),onion,2025,9,1297.41,36.7
Maharashtra,Pune,Pune(Pimpri),onion,2025,10,1233.03,38.9
Maharashtra,Pune,Pune(Pimpri),onion,2025,11,1229.47,58.7
Maharashtra,Pune,Pune(Pimpri),onion,2025,12,1504.13,52.0
Maharashtra,Pune,Pune(Pimpri),onion,2026,1,1398.61,43.1
Maharashtra,Pune,Pune(Pimpri),onion,2026,2,1382.32,31.1
Maharashtra,Pune,Pune(Pimpri),onion,2026,3,1310.04,27.0
Maharashtra,Pune,Pune(Pimpri),onion,2026,4,1010.91,43.9
Maharashtra,Pune,Pune(Pimpri),onion,2026,5,992.78,56.8
Maharashtra,Pune,Pune(Pimpri),onion,2026,6,1495.41,42.5
Maharashtra,Pune,Pune(Pimpri),onion,2026,7,1855.03,33.8
Maharashtra,Pune,Pune(Pimpri),onion,2026,8,2503.23,48.9
Maharashtra,Pune,Pune(Pimpri),onion,2026,9,3548.37,61.3
Maharashtra,Ahilyanagar,APMC Ahilyanagar,potato,2019,2,1052.93,683.0
Maharashtra,Ahilyanagar,APMC Ahilyanagar,potato,2019,4,1019.83,348.0
Maharashtra,Ahilyanagar,APMC Ahilyanagar,potato,2019,6,1224.26,1480.0
Maharashtra,Ahilyanagar,APMC Ahilyanagar,potato,2019,8,874.69,1116.0
Maharashtra,Ahilyanagar,APMC Ahilyanagar,potato,2019,10,1066.99,821.0
Maharashtra,Ahilyanagar,APMC Ahilyanagar,potato,2019,12,1467.25,403.0
Maharashtra,Ahilyanagar,APMC Ahilyanagar,potato,2020,1,1797.01,468.0
Maharashtra,Ahilyanagar,APMC Ahilyanagar,potato,2020,2,1509.4,532.0
Maharashtra,Ahilyanagar,APMC Ahilyanagar,potato,2020,3,1059.04,249.0
Maharashtra,Ahilyanagar,APMC Ahilyanagar,potato,2020,5,2045.15,237.0
Maharashtra,Ahilyanagar,APMC Ahilyanagar,potato,2020,6,1758.9,427.0
Maharashtra,Ahilyanagar,APMC Ahilyanagar,potato,2020,7,2092.37,118.0
Maharashtra,Ahilyanagar,APMC Ahilyanagar,potato,2020,8,2283.83,473.0
Maharashtra,Ahilyanagar,APMC Ahilyanagar,potato,2020,9,2438.06,67.0
Maharashtra,Ahilyanagar,APMC Ahilyanagar,potato,2020,10,2816.67,105.0
Maharashtra,Ahilyanagar,APMC Ahilyanagar,potato,2020,11,3221.37,131.0
Maharashtra,Ahilyanagar,APMC Ahilyanagar,potato,2020,12,2652.46,142.0
Maharashtra,Ahilyanagar,APMC Ahilyanagar,potato,2021,1,1709.33,134.0
Maharashtra,Ahilyanagar,APMC Ahilyanagar,potato,2021,2,993.57,70.0
Maharashtra,Ahilyanagar,APMC Ahilyanagar,potato,2021,3,1025.45,165.0
Maharashtra,Ahilyanagar,APMC Ahilyanagar,potato,2021,4,972.12,52.0
Maharashtra,Ahilyanagar,APMC Ahilyanagar,potato,2021,5,1046.72,61.0
Maharashtra,Ahilyanagar,APMC Ahilyanagar,potato,2021,6,1238.8,125.0
Maharashtra,Ahilyanagar,APMC Ahilyanagar,potato,2021,7,1091.67,90.0
Maharashtra,Ahilyanagar,APMC Ahilyanagar,potato,2021,8,923.9,159.0
Maharashtra,Ahilyanagar,APMC Ahilyanagar,potato,2021,9,1015.87,189.0
Maharashtra,Ahilyanagar,APMC Ahilyanagar,potato,2021,10,1123.02,63.0
Maharashtra,Ahilyanagar,APMC Ahilyanagar,potato,2021,11,1320.65,46.0
Maharashtra,Ahilyanagar,APMC Ahilyanagar,potato,2021,12,1127.43,113.0
Maharashtra,Ahilyanagar,APMC Ahilyanagar,potato,2022,1,1020.09,107.0
Maharashtra,Ahilyanagar,APMC Ahilyanagar,potato,2022,2,922.0,125.0
Maharashtra,Ahilyanagar,APMC Ahilyanagar,potato,2022,3,972.47,198.0
Maharashtra,Ahilyanagar,APMC Ahilyanagar,potato,2022,4,1464.02,107.0
Maharashtra,Ahilyanagar,APMC Ahilyanagar,potato,2022,5,1400.0,37.0
Maharashtra,Ahilyanagar,APMC Ahilyanagar,potato,2022,6,1721.77,164.0
Maharashtra,Ahilyanagar,APMC Ahilyanagar,potato,2022,7,1957.53,196.0
Maharashtra,Ahilyanagar,APMC Ahilyanagar,potato,2022,8,1858.91,376.0
Maharashtra,Ahilyanagar,APMC Ahilyanagar,potato,2022,10,1848.39,124.0
Maharashtra,Ahilyanagar,APMC Ahilyanagar,potato,2022,11,1919.01,71.0
Maharashtra,Ahilyanagar,APMC Ahilyanagar,potato,2022,12,1669.92,128.0
Maharashtra,Ahilyanagar,APMC Ahilyanagar,potato,2023,1,1216.12,121.0
Maharashtra,Ahilyanagar,APMC Ahilyanagar,potato,2023,2,1004.14,266.0
Maharashtra,Ahilyanagar,APMC Ahilyanagar,potato,2023,3,963.3,485.0
Maharashtra,Ahilyanagar,APMC Ahilyanagar,potato,2023,4,1241.5,300.0
Maharashtra,Ahilyanagar,APMC Ahilyanagar,potato,2023,5,1300.0,39.0
Maharashtra,Ahilyanagar,APMC Ahilyanagar,potato,2023,6,1559.89,177.0
Maharashtra,Ahilyanagar,APMC Ahilyanagar,potato,2023,7,1421.33,415.0
Maharashtra,Ahilyanagar,APMC Ahilyanagar,potato,2023,8,1588.45,489.0
Maharashtra,Ahilyanagar,APMC Ahilyanagar,potato,2023,9,1523.81,168.0
Maharashtra,Ahilyanagar,APMC Ahilyanagar,potato,2023,10,1432.61,138.0
Maharashtra,Ahilyanagar,APMC Ahilyanagar,potato,2023,11,1302.1,119.0
Maharashtra,Ahilyanagar,APMC Ahilyanagar,potato,2023,12,1309.89,546.0
Maharashtra,Ahilyanagar,APMC Ahilyanagar,potato,2024,1,1163.93,298.0
Maharashtra,Ahilyanagar,APMC Ahilyanagar,potato,2024,2,1050.84,296.0
Maharashtra,Ahilyanagar,APMC Ahilyanagar,potato,2024,3,1241.23,606.4
Maharashtra,Ahilyanagar,APMC Ahilyanagar,potato,2024,4,1591.52,318.4
Maharashtra,Ahilyanagar,APMC Ahilyanagar,potato,2024,5,2091.89,314.4
Maharashtra,Ahilyanagar,APMC Ahilyanagar,potato,2024,6,2291.71,441.5
Maharashtra,Ahilyanagar,APMC Ahilyanagar,potato,2024,7,2578.67,447.5
Maharashtra,Ahilyanagar,APMC Ahilyanagar,potato,2024,8,2592.3,712.1
Maharashtra,Ahilyanagar,APMC Ahilyanagar,potato,2024,9,2507.99,748.1
Maharashtra,Ahilyanagar,APMC Ahilyanagar,potato,2024,10,2590.02,393.9
Maharashtra,Ahilyanagar,APMC Ahilyanagar,potato,2024,11,2629.49,177.7
Maharashtra,Ahilyanagar,APMC Ahilyanagar,potato,2024,12,1786.38,504.3
Maharashtra,Ahilyanagar,APMC Ahilyanagar,potato,2025,1,1400.93,526.3
Maharashtra,Ahilyanagar,APMC Ahilyanagar,potato,2025,2,1392.15,509.7
Maharashtra,Ahilyanagar,APMC Ahilyanagar,potato,2025,3,1372.53,850.0
Maharashtra,Ahilyanagar,APMC Ahilyanagar,potato,2025,4,1462.54,524.7
Maharashtra,Ahilyanagar,APMC Ahilyanagar,potato,2025,5,1716.19,252.7
Maharashtra,Ahilyanagar,APMC Ahilyanagar,potato,2025,6,1751.85,213.8
Maharashtra,Ahilyanagar,APMC Ahilyanagar,potato,2025,7,1684.27,384.0
Maharashtra,Ahilyanagar,APMC Ahilyanagar,potato,2025,8,1460.11,384.4
Maharashtra,Ahilyanagar,APMC Ahilyanagar,potato,2025,9,1511.02,215.0
Maharashtra,Ahilyanagar,APMC Ahilyanagar,potato,2025,10,1403.94,205.4
Maharashtra,Ahilyanagar,APMC Ahilyanagar,potato,2025,11,1628.05,419.2
Maharashtra,Ahilyanagar,APMC Ahilyanagar,potato,2025,12,1475.51,325.3
Maharashtra,Ahilyanagar,APMC Ahilyanagar,potato,2026,1,1154.69,309.4
Maharashtra,Ahilyanagar,APMC Ahilyanagar,potato,2026,2,983.48,714.9
Maharashtra,Ahilyanagar,APMC Ahilyanagar,potato,2026,3,951.33,797.2
Maharashtra,Ahilyanagar,APMC Ahilyanagar,potato,2026,4,1155.79,494.7
Maharashtra,Ahilyanagar,APMC Ahilyanagar,potato,2026,5,1092.28,486.9
Maharashtra,Ahilyanagar,APMC Ahilyanagar,potato,2026,6,1209.59,188.2
Maharashtra,Ahilyanagar,APMC Ahilyanagar,potato,2026,7,1227.46,918.7
Maharashtra,Ahilyanagar,APMC Ahilyanagar,potato,2026,8,1197.85,588.8
Maharashtra,Ahilyanagar,APMC Ahilyanagar,potato,2026,9,1185.77,675.3
Maharashtra,Ahilyanagar,APMC Ahilyanagar,tomato,2019,2,1050.93,161.0
Maharashtra,Ahilyanagar,APMC Ahilyanagar,tomato,2019,4,768.75,40.0
Maharashtra,Ahilyanagar,APMC Ahilyanagar,tomato,2019,6,1461.62,99.0
Maharashtra,Ahilyanagar,APMC Ahilyanagar,tomato,2019,8,1002.21,68.0
Maharashtra,Ahilyanagar,APMC Ahilyanagar,tomato,2019,10,1836.9,42.0
Maharashtra,Ahilyanagar,APMC Ahilyanagar,tomato,2019,12,782.14,28.0
Maharashtra,Ahilyanagar,APMC Ahilyanagar,tomato,2020,1,787.84,37.0
Maharashtra,Ahilyanagar,APMC Ahilyanagar,tomato,2020,2,380.51,59.0
Maharashtra,Ahilyanagar,APMC Ahilyanagar,tomato,2020,3,473.44,64.0
Maharashtra,Ahilyanagar,APMC Ahilyanagar,tomato,2020,5,535.62,153.0
Maharashtra,Ahilyanagar,APMC Ahilyanagar,tomato,2020,6,1148.21,251.0
Maharashtra,Ahilyanagar,APMC Ahilyanagar,tomato,2020,7,1326.47,34.0
Maharashtra,Ahilyanagar,APMC Ahilyanagar,tomato,2020,8,1390.62,48.0
Maharashtra,Ahilyanagar,APMC Ahilyanagar,tomato,2020,9,2100.0,12.0
Maharashtra,Ahilyanagar,APMC Ahilyanagar,tomato,2020,10,1642.86,7.0
Maharashtra,Ahilyanagar,APMC Ahilyanagar,tomato,2020,11,1664.06,32.0
Maharashtra,Ahilyanagar,APMC Ahilyanagar,tomato,2020,12,1273.53,34.0
Maharashtra,Ahilyanagar,APMC Ahilyanagar,tomato,2021,1,470.83,48.0
Maharashtra,Ahilyanagar,APMC Ahilyanagar,tomato,2021,2,708.82,34.0
Maharashtra,Ahilyanagar,APMC Ahilyanagar,tomato,2021,3,628.42,95.0
Maharashtra,Ahilyanagar,APMC Ahilyanagar,tomato,2021,4,989.58,24.0
Maharashtra,Ahilyanagar,APMC Ahilyanagar,tomato,2021,5,685.71,7.0
Maharashtra,Ahilyanagar,APMC Ahilyanagar,tomato,2021,6,837.5,44.0
Maharashtra,Ahilyanagar,APMC Ahilyanagar,tomato,2021,7,750.0,107.0
Maharashtra,Ahilyanagar,APMC Ahilyanagar,tomato,2021,8,698.61,180.0
Maharashtra,Ahilyanagar,APMC Ahilyanagar,tomato,2021,9,670.61,131.0
Maharashtra,Ahilyanagar,APMC Ahilyanagar,tomato,2021,10,1726.83,41.0
Maharashtra,Ahilyanagar,APMC Ahilyanagar,tomato,2021,11,2338.03,71.0
Maharashtra,Ahilyanagar,APMC Ahilyanagar,tomato,2021,12,2011.19,134.0
Maharashtra,Ahilyanagar,APMC Ahilyanagar,tomato,2022,1,1539.77,88.0
Maharashtra,Ahilyanagar,APMC Ahilyanagar,tomato,2022,2,1266.11,90.0
Maharashtra,Ahilyanagar,APMC Ahilyanagar,tomato,2022,3,1020.09,117.0
Maharashtra,Ahilyanagar,APMC Ahilyanagar,tomato,2022,4,1237.1,31.0
Maharashtra,Ahilyanagar,APMC Ahilyanagar,tomato,2022,5,2250.0,8.0
Maharashtra,Ahilyanagar,APMC Ahilyanagar,tomato,2022,6,3151.32,76.0
Maharashtra,Ahilyanagar,APMC Ahilyanagar,tomato,2022,7,1581.25,112.0
Maharashtra,Ahilyanagar,APMC Ahilyanagar,tomato,2022,8,912.11,95.0
Maharashtra,Ahilyanagar,APMC Ahilyanagar,tomato,2022,10,1343.1,29.0
Maharashtra,Ahilyanagar,APMC Ahilyanagar,tomato,2022,11,1442.86,21.0
Maharashtra,Ahilyanagar,APMC Ahilyanagar,tomato,2022,12,657.41,27.0
Maharashtra,Ahilyanagar,APMC Ahilyanagar,tomato,2023,1,673.68,57.0
Maharashtra,Ahilyanagar,APMC Ahilyanagar,tomato,2023,2,718.75,112.0
Maharashtra,Ahilyanagar,APMC Ahilyanagar,tomato,2023,3,1002.5,120.0
Maharashtra,Ahilyanagar,APMC Ahilyanagar,tomato,2023,4,1038.33,60.0
Maharashtra,Ahilyanagar,APMC Ahilyanagar,tomato,2023,5,673.68,19.0
Maharashtra,Ahilyanagar,APMC Ahilyanagar,tomato,2023,6,1653.39,59.0
Maharashtra,Ahilyanagar,APMC Ahilyanagar,tomato,2023,7,5757.78,167.0
Maharashtra,Ahilyanagar,APMC Ahilyanagar,tomato,2023,8,3594.66,178.0
Maharashtra,Ahilyanagar,APMC Ahilyanagar,tomato,2023,9,844.52,105.0
Maharashtra,Ahilyanagar,APMC Ahilyanagar,tomato,2023,10,723.49,166.0
Maharashtra,Ahilyanagar,APMC Ahilyanagar,tomato,2023,11,1584.44,45.0
Maharashtra,Ahilyanagar,APMC Ahilyanagar,tomato,2023,12,1631.53,222.0
Maharashtra,Ahilyanagar,APMC Ahilyanagar,tomato,2024,1,1636.27,153.0
Maharashtra,Ahilyanagar,APMC Ahilyanagar,tomato,2024,2,1630.77,169.0
Maharashtra,Ahilyanagar,APMC Ahilyanagar,tomato,2024,3,1202.06,245.7
Maharashtra,Ahilyanagar,APMC Ahilyanagar,tomato,2024,4,993.73,110.1
Maharashtra,Ahilyanagar,APMC Ahilyanagar,tomato,2024,5,1008.35,106.6
Maharashtra,Ahilyanagar,APMC Ahilyanagar,tomato,2024,6,2487.35,154.5
Maharashtra,Ahilyanagar,APMC Ahilyanagar,tomato,2024,7,3217.4,209.6
Maharashtra,Ahilyanagar,APMC Ahilyanagar,tomato,2024,8,1384.5,431.0
Maharashtra,Ahilyanagar,APMC Ahilyanagar,tomato,2024,9,1793.26,342.6
Maharashtra,Ahilyanagar,APMC Ahilyanagar,tomato,2024,10,2819.48,162.5
Maharashtra,Ahilyanagar,APMC Ahilyanagar,tomato,2024,11,2104.87,86.3
Maharashtra,Ahilyanagar,APMC Ahilyanagar,tomato,2024,12,1398.58,353.2
Maharashtra,Ahilyanagar,APMC Ahilyanagar,tomato,2025,1,752.81,289.9
Maharashtra,Ahilyanagar,APMC Ahilyanagar,tomato,2025,2,695.59,245.9
Maharashtra,Ahilyanagar,APMC Ahilyanagar,tomato,2025,3,931.56,411.8
Maharashtra,Ahilyanagar,APMC Ahilyanagar,tomato,2025,4,743.82,297.7
Maharashtra,Ahilyanagar,APMC Ahilyanagar,tomato,2025,5,1033.91,158.2
Maharashtra,Ahilyanagar,APMC Ahilyanagar,tomato,2025,6,1281.52,148.3
Maharashtra,Ahilyanagar,APMC Ahilyanagar,tomato,2025,7,1473.71,405.9
Maharashtra,Ahilyanagar,APMC Ahilyanagar,tomato,2025,8,1994.86,263.5
Maharashtra,Ahilyanagar,APMC Ahilyanagar,tomato,2025,9,773.95,172.2
Maharashtra,Ahilyanagar,APMC Ahilyanagar,tomato,2025,10,1142.63,157.4
Maharashtra,Ahilyanagar,APMC Ahilyanagar,tomato,2025,11,2071.03,215.9
Maharashtra,Ahilyanagar,APMC Ahilyanagar,tomato,2025,12,2206.14,203.5
Maharashtra,Ahilyanagar,APMC Ahilyanagar,tomato,2026,1,1600.06,162.7
Maharashtra,Ahilyanagar,APMC Ahilyanagar,tomato,2026,2,942.65,306.0
Maharashtra,Ahilyanagar,APMC Ahilyanagar,tomato,2026,3,903.83,259.8
Maharashtra,Ahilyanagar,APMC Ahilyanagar,tomato,2026,4,1014.18,153.0
Maharashtra,Ahilyanagar,APMC Ahilyanagar,tomato,2026,5,1457.35,267.2
Maharashtra,Ahilyanagar,APMC Ahilyanagar,tomato,2026,6,2031.76,98.4
Maharashtra,Ahilyanagar,APMC Ahilyanagar,tomato,2026,7,1586.93,607.1
Maharashtra,Ahilyanagar,APMC Ahilyanagar,tomato,2026,8,1170.43,440.8
Maharashtra,Ahilyanagar,APMC Ahilyanagar,tomato,2026,9,813.07,389.8
Maharashtra,Ahilyanagar,APMC Akole,tomato,2020,5,346.64,67.0
Maharashtra,Ahilyanagar,APMC Akole,tomato,2021,7,1036.36,55.0
Maharashtra,Ahilyanagar,APMC Akole,tomato,2021,8,622.59,1095.0
Maharashtra,Ahilyanagar,APMC Akole,tomato,2021,9,581.6,905.0
Maharashtra,Ahilyanagar,APMC Akole,tomato,2021,10,1612.31,204.0
Maharashtra,Ahilyanagar,APMC Akole,tomato,2023,8,575.0,13.0
Maharashtra,Ahilyanagar,APMC Akole,tomato,2023,9,110.47,43.0
Maharashtra,Ahilyanagar,APMC Kopargaon,tomato,2021,8,373.64,180.0
Maharashtra,Ahilyanagar,APMC Kopargaon,tomato,2021,9,255.0,20.0
Maharashtra,Ahilyanagar,APMC Rahata,potato,2019,2,1000.22,226.0
Maharashtra,Ahilyanagar,APMC Rahata,potato,2019,4,1135.18,334.0
Maharashtra,Ahilyanagar,APMC Rahata,potato,2019,6,1139.7,267.0
Maharashtra,Ahilyanagar,APMC Rahata,potato,2019,8,1116.03,315.0
Maharashtra,Ahilyanagar,APMC Rahata,potato,2019,10,1225.57,307.0
Maharashtra,Ahilyanagar,APMC Rahata,potato,2019,12,1635.4,291.0
Maharashtra,Ahilyanagar,APMC Rahata,potato,2020,1,1803.74,227.0
Maharashtra,Ahilyanagar,APMC Rahata,potato,2020,2,1584.21,171.0
Maharashtra,Ahilyanagar,APMC Rahata,potato,2020,3,1584.47,103.0
Maharashtra,Ahilyanagar,APMC Rahata,potato,2020,4,1928.46,123.0
Maharashtra,Ahilyanagar,APMC Rahata,potato,2020,5,1871.67,293.0
Maharashtra,Ahilyanagar,APMC Rahata,potato,2020,7,2177.78,54.0
Maharashtra,Ahilyanagar,APMC Rahata,potato,2020,12,2423.68,114.0
Maharashtra,Ahilyanagar,APMC Rahata,potato,2021,1,1357.41,54.0
Maharashtra,Ahilyanagar,APMC Rahata,potato,2021,2,1037.22,90.0
Maharashtra,Ahilyanagar,APMC Rahata,potato,2021,3,1003.66,157.0
Maharashtra,Ahilyanagar,APMC Rahata,potato,2021,4,1196.92,65.0
Maharashtra,Ahilyanagar,APMC Rahata,potato,2021,5,1307.43,74.0
Maharashtra,Ahilyanagar,APMC Rahata,potato,2021,6,1132.43,111.0
Maharashtra,Ahilyanagar,APMC Rahata,potato,2021,7,1086.39,147.0
Maharashtra,Ahilyanagar,APMC Rahata,potato,2021,8,1114.77,149.0
Maharashtra,Ahilyanagar,APMC Rahata,potato,2021,9,1140.35,114.0
Maharashtra,Ahilyanagar,APMC Rahata,potato,2021,10,1230.91,165.0
Maharashtra,Ahilyanagar,APMC Rahata,potato,2021,11,1456.98,86.0
Maharashtra,Ahilyanagar,APMC Rahata,potato,2021,12,1468.75,16.0
Maharashtra,Ahilyanagar,APMC Rahata,potato,2022,1,1153.9,141.0
Maharashtra,Ahilyanagar,APMC Rahata,potato,2022,2,1203.94,279.0
Maharashtra,Ahilyanagar,APMC Rahata,potato,2022,3,1360.42,259.0
Maharashtra,Ahilyanagar,APMC Rahata,potato,2022,4,1421.4,229.0
Maharashtra,Ahilyanagar,APMC Rahata,potato,2022,5,1791.85,178.0
Maharashtra,Ahilyanagar,APMC Rahata,potato,2022,6,1980.29,175.0
Maharashtra,Ahilyanagar,APMC Rahata,potato,2022,7,1994.39,98.0
Maharashtra,Ahilyanagar,APMC Rahata,potato,2022,8,2085.23,44.0
Maharashtra,Ahilyanagar,APMC Rahata,potato,2022,9,2090.7,86.0
Maharashtra,Ahilyanagar,APMC Rahata,potato,2022,10,2133.33,153.0
Maharashtra,Ahilyanagar,APMC Rahata,potato,2022,11,2221.74,138.0
Maharashtra,Ahilyanagar,APMC Rahata,potato,2022,12,1778.07,187.0
Maharashtra,Ahilyanagar,APMC Rahata,potato,2023,1,1544.12,187.0
Maharashtra,Ahilyanagar,APMC Rahata,potato,2023,2,1235.1,302.0
Maharashtra,Ahilyanagar,APMC Rahata,potato,2023,3,1003.16,443.0
Maharashtra,Ahilyanagar,APMC Rahata,potato,2023,4,1157.17,446.0
Maharashtra,Ahilyanagar,APMC Rahata,potato,2023,5,1384.92,315.0
Maharashtra,Ahilyanagar,APMC Rahata,potato,2023,6,1520.98,386.0
Maharashtra,Ahilyanagar,APMC Rahata,potato,2023,7,1533.21,402.0
Maharashtra,Ahilyanagar,APMC Rahata,potato,2023,8,1600.0,385.0
Maharashtra,Ahilyanagar,APMC Rahata,potato,2023,9,1586.03,358.0
Maharashtra,Ahilyanagar,APMC Rahata,potato,2023,10,1635.73,403.0
Maharashtra,Ahilyanagar,APMC Rahata,potato,2023,11,1472.73,352.0
Maharashtra,Ahilyanagar,APMC Rahata,potato,2023,12,1495.45,396.0
Maharashtra,Ahilyanagar,APMC Rahata,potato,2024,1,1357.93,454.0
Maharashtra,Ahilyanagar,APMC Rahata,potato,2024,2,1258.9,378.2
Maharashtra,Ahilyanagar,APMC Rahata,potato,2024,3,1662.23,472.6
Maharashtra,Ahilyanagar,APMC Rahata,potato,2024,4,2426.86,288.9
Maharashtra,Ahilyanagar,APMC Rahata,potato,2024,5,2553.41,403.7
Maharashtra,Ahilyanagar,APMC Rahata,potato,2024,6,2647.86,356.3
Maharashtra,Ahilyanagar,APMC Rahata,potato,2024,7,2894.01,418.8
Maharashtra,Ahilyanagar,APMC Rahata,potato,2024,8,2846.6,429.9
Maharashtra,Ahilyanagar,APMC Rahata,potato,2024,9,2661.22,556.8
Maharashtra,Ahilyanagar,APMC Rahata,potato,2024,10,2660.86,496.6
Maharashtra,Ahilyanagar,APMC Rahata,potato,2024,11,2543.94,364.4
Maharashtra,Ahilyanagar,APMC Rahata,potato,2024,12,2061.45,382.1
Maharashtra,Ahilyanagar,APMC Rahata,potato,2025,1,1447.07,244.4
Maharashtra,Ahilyanagar,APMC Rahata,potato,2025,2,1106.87,417.1
Maharashtra,Ahilyanagar,APMC Rahata,potato,2025,3,1168.18,541.8
Maharashtra,Ahilyanagar,APMC Rahata,potato,2025,4,1200.4,618.8
Maharashtra,Ahilyanagar,APMC Rahata,potato,2025,5,1540.45,670.4
Maharashtra,Ahilyanagar,APMC Rahata,potato,2025,6,1561.93,783.2
Maharashtra,Ahilyanagar,APMC Rahata,potato,2025,7,1526.8,885.6
Maharashtra,Ahilyanagar,APMC Rahata,potato,2025,8,1317.17,908.8
Maharashtra,Ahilyanagar,APMC Rahata,potato,2025,9,1430.29,788.4
Maharashtra,Ahilyanagar,APMC Rahata,potato,2025,10,1487.87,611.3
Maharashtra,Ahilyanagar,APMC Rahata,potato,2025,11,1602.44,684.1
Maharashtra,Ahilyanagar,APMC Rahata,potato,2025,12,1399.04,527.6
Maharashtra,Ahilyanagar,APMC Rahata,potato,2026,1,1036.7,323.8
Maharashtra,Ahilyanagar,APMC Rahata,potato,2026,2,1033.53,516.3
Maharashtra,Ahilyanagar,APMC Rahata,potato,2026,3,885.51,533.0
Maharashtra,Ahilyanagar,APMC Rahata,potato,2026,4,944.52,514.4
Maharashtra,Ahilyanagar,APMC Rahata,potato,2026,5,1077.06,712.6
Maharashtra,Ahilyanagar,APMC Rahata,potato,2026,6,1076.14,712.3
Maharashtra,Ahilyanagar,APMC Rahata,potato,2026,7,1099.62,904.4
Maharashtra,Ahilyanagar,APMC Rahata,potato,2026,8,957.15,1309.2
Maharashtra,Ahilyanagar,APMC Rahata,potato,2026,9,926.18,1204.0
Maharashtra,Ahilyanagar,APMC Rahata,tomato,2019,2,1339.13,23.0
Maharashtra,Ahilyanagar,APMC Rahata,tomato,2019,4,1096.55,29.0
Maharashtra,Ahilyanagar,APMC Rahata,tomato,2019,6,1950.0,24.0
Maharashtra,Ahilyanagar,APMC Rahata,tomato,2019,8,1970.0,20.0
Maharashtra,Ahilyanagar,APMC Rahata,tomato,2019,10,2113.04,23.0
Maharashtra,Ahilyanagar,APMC Rahata,tomato,2019,12,865.91,44.0
Maharashtra,Ahilyanagar,APMC Rahata,tomato,2020,1,992.31,26.0
Maharashtra,Ahilyanagar,APMC Rahata,tomato,2020,2,475.93,27.0
Maharashtra,Ahilyanagar,APMC Rahata,tomato,2020,3,382.76,29.0
Maharashtra,Ahilyanagar,APMC Rahata,tomato,2020,4,663.64,11.0
Maharashtra,Ahilyanagar,APMC Rahata,tomato,2020,5,483.33,18.0
Maharashtra,Ahilyanagar,APMC Rahata,tomato,2020,7,1886.36,11.0
Maharashtra,Ahilyanagar,APMC Rahata,tomato,2020,12,1673.33,15.0
Maharashtra,Ahilyanagar,APMC Rahata,tomato,2021,1,622.73,11.0
Maharashtra,Ahilyanagar,APMC Rahata,tomato,2021,2,870.45,22.0
Maharashtra,Ahilyanagar,APMC Rahata,tomato,2021,3,913.41,41.0
Maharashtra,Ahilyanagar,APMC Rahata,tomato,2021,4,920.59,17.0
Maharashtra,Ahilyanagar,APMC Rahata,tomato,2021,5,828.95,19.0
Maharashtra,Ahilyanagar,APMC Rahata,tomato,2021,6,969.23,26.0
Maharashtra,Ahilyanagar,APMC Rahata,tomato,2021,7,1075.86,29.0
Maharashtra,Ahilyanagar,APMC Rahata,tomato,2021,8,1000.0,30.0
Maharashtra,Ahilyanagar,APMC Rahata,tomato,2021,9,677.27,22.0
Maharashtra,Ahilyanagar,APMC Rahata,tomato,2021,10,2061.11,18.0
Maharashtra,Ahilyanagar,APMC Rahata,tomato,2021,11,2700.0,10.0
Maharashtra,Ahilyanagar,APMC Rahata,tomato,2021,12,3000.0,2.0
Maharashtra,Ahilyanagar,APMC Rahata,tomato,2022,1,1457.89,19.0
Maharashtra,Ahilyanagar,APMC Rahata,tomato,2022,2,1310.0,40.0
Maharashtra,Ahilyanagar,APMC Rahata,tomato,2022,3,1023.68,38.0
Maharashtra,Ahilyanagar,APMC Rahata,tomato,2022,4,923.26,43.0
Maharashtra,Ahilyanagar,APMC Rahata,tomato,2022,5,2174.19,31.0
Maharashtra,Ahilyanagar,APMC Rahata,tomato,2022,6,3685.71,21.0
Maharashtra,Ahilyanagar,APMC Rahata,tomato,2022,7,1781.25,16.0
Maharashtra,Ahilyanagar,APMC Rahata,tomato,2022,8,1200.0,13.0
Maharashtra,Ahilyanagar,APMC Rahata,tomato,2022,9,1275.86,29.0
Maharashtra,Ahilyanagar,APMC Rahata,tomato,2022,10,2112.24,49.0
Maharashtra,Ahilyanagar,APMC Rahata,tomato,2022,11,1094.44,54.0
Maharashtra,Ahilyanagar,APMC Rahata,tomato,2022,12,682.05,78.0
Maharashtra,Ahilyanagar,APMC Rahata,tomato,2023,1,698.51,101.0
Maharashtra,Ahilyanagar,APMC Rahata,tomato,2023,2,671.15,78.0
Maharashtra,Ahilyanagar,APMC Rahata,tomato,2023,3,1094.12,102.0
Maharashtra,Ahilyanagar,APMC Rahata,tomato,2023,4,765.65,115.0
Maharashtra,Ahilyanagar,APMC Rahata,tomato,2023,5,559.34,91.0
Maharashtra,Ahilyanagar,APMC Rahata,tomato,2023,6,2203.52,71.0
Maharashtra,Ahilyanagar,APMC Rahata,tomato,2023,7,4076.56,64.0
Maharashtra,Ahilyanagar,APMC Rahata,tomato,2023,8,3288.73,71.0
Maharashtra,Ahilyanagar,APMC Rahata,tomato,2023,9,664.17,120.0
Maharashtra,Ahilyanagar,APMC Rahata,tomato,2023,10,643.9,82.0
Maharashtra,Ahilyanagar,APMC Rahata,tomato,2023,11,1580.3,66.0
Maharashtra,Ahilyanagar,APMC Rahata,tomato,2023,12,1517.48,103.0
Maharashtra,Ahilyanagar,APMC Rahata,tomato,2024,1,1517.54,114.0
Maharashtra,Ahilyanagar,APMC Rahata,tomato,2024,2,1424.82,111.2
Maharashtra,Ahilyanagar,APMC Rahata,tomato,2024,3,940.56,117.6
Maharashtra,Ahilyanagar,APMC Rahata,tomato,2024,4,730.22,75.6
Maharashtra,Ahilyanagar,APMC Rahata,tomato,2024,5,917.26,114.4
Maharashtra,Ahilyanagar,APMC Rahata,tomato,2024,6,2932.82,71.3
Maharashtra,Ahilyanagar,APMC Rahata,tomato,2024,7,2946.41,44.6
Maharashtra,Ahilyanagar,APMC Rahata,tomato,2024,8,1447.17,104.3
Maharashtra,Ahilyanagar,APMC Rahata,tomato,2024,9,1758.2,104.3
Maharashtra,Ahilyanagar,APMC Rahata,tomato,2024,10,2500.09,54.4
Maharashtra,Ahilyanagar,APMC Rahata,tomato,2024,11,2092.41,67.2
Maharashtra,Ahilyanagar,APMC Rahata,tomato,2024,12,1507.34,110.7
Maharashtra,Ahilyanagar,APMC Rahata,tomato,2025,1,804.78,128.7
Maharashtra,Ahilyanagar,APMC Rahata,tomato,2025,2,644.11,99.8
Maharashtra,Ahilyanagar,APMC Rahata,tomato,2025,3,685.75,145.1
Maharashtra,Ahilyanagar,APMC Rahata,tomato,2025,4,630.68,134.8
Maharashtra,Ahilyanagar,APMC Rahata,tomato,2025,5,962.75,119.0
Maharashtra,Ahilyanagar,APMC Rahata,tomato,2025,6,1265.27,120.2
Maharashtra,Ahilyanagar,APMC Rahata,tomato,2025,7,1462.61,129.5
Maharashtra,Ahilyanagar,APMC Rahata,tomato,2025,8,1733.0,123.8
Maharashtra,Ahilyanagar,APMC Rahata,tomato,2025,9,880.37,101.4
Maharashtra,Ahilyanagar,APMC Rahata,tomato,2025,10,1033.06,74.4
Maharashtra,Ahilyanagar,APMC Rahata,tomato,2025,11,1699.18,66.9
Maharashtra,Ahilyanagar,APMC Rahata,tomato,2025,12,2252.98,50.4
Maharashtra,Ahilyanagar,APMC Rahata,tomato,2026,1,1442.65,63.3
Maharashtra,Ahilyanagar,APMC Rahata,tomato,2026,2,762.43,113.0
Maharashtra,Ahilyanagar,APMC Rahata,tomato,2026,3,828.41,94.5
Maharashtra,Ahilyanagar,APMC Rahata,tomato,2026,4,744.45,82.9
Maharashtra,Ahilyanagar,APMC Rahata,tomato,2026,5,1375.54,83.3
Maharashtra,Ahilyanagar,APMC Rahata,tomato,2026,6,1925.25,121.8
Maharashtra,Ahilyanagar,APMC Rahata,tomato,2026,7,1726.63,124.1
Maharashtra,Ahilyanagar,APMC Rahata,tomato,2026,8,1187.12,441.9
Maharashtra,Ahilyanagar,APMC Rahata,tomato,2026,9,940.2,101.5
Maharashtra,Ahilyanagar,APMC Rahuri,potato,2019,4,1013.81,109.0
Maharashtra,Ahilyanagar,APMC Rahuri,potato,2019,6,1234.59,49.0
Maharashtra,Ahilyanagar,APMC Rahuri,potato,2019,8,1177.98,84.0
Maharashtra,Ahilyanagar,APMC Rahuri,potato,2019,10,1332.18,39.0
Maharashtra,Ahilyanagar,APMC Rahuri,potato,2019,12,2001.38,47.0
Maharashtra,Ahilyanagar,APMC Rahuri,potato,2020,1,2059.08,92.0
Maharashtra,Ahilyanagar,APMC Rahuri,potato,2020,2,1559.82,141.0
Maharashtra,Ahilyanagar,APMC Rahuri,potato,2020,3,1329.74,98.0
Maharashtra,Ahilyanagar,APMC Rahuri,potato,2020,6,1867.64,55.0
Maharashtra,Ahilyanagar,APMC Rahuri,potato,2020,7,2233.69,84.0
Maharashtra,Ahilyanagar,APMC Rahuri,potato,2020,8,2371.64,76.0
Maharashtra,Ahilyanagar,APMC Rahuri,potato,2020,9,2488.09,34.0
Maharashtra,Ahilyanagar,APMC Rahuri,potato,2020,10,2542.64,36.0
Maharashtra,Ahilyanagar,APMC Rahuri,potato,2020,11,3191.6,53.0
Maharashtra,Ahilyanagar,APMC Rahuri,potato,2020,12,2178.26,66.0
Maharashtra,Ahilyanagar,APMC Rahuri,potato,2021,1,1375.53,76.0
Maharashtra,Ahilyanagar,APMC Rahuri,potato,2021,2,1086.99,133.0
Maharashtra,Ahilyanagar,APMC Rahuri,potato,2021,3,895.96,198.0
Maharashtra,Ahilyanagar,APMC Rahuri,potato,2021,4,971.79,117.0
Maharashtra,Ahilyanagar,APMC Rahuri,potato,2021,5,805.79,58.0
Maharashtra,Ahilyanagar,APMC Rahuri,potato,2021,6,623.54,136.0
Maharashtra,Ahilyanagar,APMC Rahuri,potato,2021,7,1097.83,92.0
Maharashtra,Ahilyanagar,APMC Rahuri,potato,2021,8,1172.78,90.0
Maharashtra,Ahilyanagar,APMC Rahuri,potato,2021,9,1090.79,76.0
Maharashtra,Ahilyanagar,APMC Rahuri,potato,2021,10,1250.0,128.0
Maharashtra,Ahilyanagar,APMC Rahuri,potato,2021,11,1496.46,113.0
Maharashtra,Ahilyanagar,APMC Rahuri,potato,2021,12,1322.28,101.0
Maharashtra,Ahilyanagar,APMC Rahuri,potato,2022,1,1217.78,90.0
Maharashtra,Ahilyanagar,APMC Rahuri,potato,2022,2,1157.27,110.0
Maharashtra,Ahilyanagar,APMC Rahuri,potato,2022,3,1302.02,124.0
Maharashtra,Ahilyanagar,APMC Rahuri,potato,2022,4,1485.29,68.0
Maharashtra,Ahilyanagar,APMC Rahuri,potato,2022,5,1663.58,81.0
Maharashtra,Ahilyanagar,APMC Rahuri,potato,2022,6,1800.75,67.0
Maharashtra,Ahilyanagar,APMC Rahuri,potato,2022,7,2041.0,50.0
Maharashtra,Ahilyanagar,APMC Rahuri,potato,2022,8,2100.0,71.0
Maharashtra,Ahilyanagar,APMC Rahuri,potato,2022,9,2068.42,19.0
Maharashtra,Ahilyanagar,APMC Rahuri,potato,2022,10,2154.84,31.0
Maharashtra,Ahilyanagar,APMC Rahuri,potato,2022,11,2050.0,4.0
Maharashtra,Ahilyanagar,APMC Rahuri,potato,2022,12,1926.92,78.0
Maharashtra,Ahilyanagar,APMC Rahuri,potato,2023,1,1890.57,106.0
Maharashtra,Ahilyanagar,APMC Rahuri,potato,2023,2,1160.48,124.0
Maharashtra,Ahilyanagar,APMC Rahuri,potato,2023,3,971.78,241.0
Maharashtra,Ahilyanagar,APMC Rahuri,potato,2023,4,1166.88,160.0
Maharashtra,Ahilyanagar,APMC Rahuri,potato,2023,5,1358.57,140.0
Maharashtra,Ahilyanagar,APMC Rahuri,potato,2023,6,1600.99,101.0
Maharashtra,Ahilyanagar,APMC Rahuri,potato,2023,7,1756.1,123.0
Maharashtra,Ahilyanagar,APMC Rahuri,potato,2023,8,1781.33,166.0
Maharashtra,Ahilyanagar,APMC Rahuri,potato,2023,9,1757.52,133.0
Maharashtra,Ahilyanagar,APMC Rahuri,potato,2023,10,1756.37,102.0
Maharashtra,Ahilyanagar,APMC Rahuri,potato,2024,1,1100.0,2.0
Maharashtra,Ahilyanagar,APMC Rahuri,potato,2024,2,1175.38,65.0
Maharashtra,Ahilyanagar,APMC Rahuri,potato,2024,3,1400.0,7.0
Maharashtra,Ahilyanagar,APMC Rahuri,potato,2024,4,1900.0,4.8
Maharashtra,Ahilyanagar,APMC Rahuri,potato,2024,5,2354.92,26.4
Maharashtra,Ahilyanagar,APMC Rahuri,potato,2024,6,2574.12,48.1
Maharashtra,Ahilyanagar,APMC Rahuri,potato,2024,7,2840.96,28.2
Maharashtra,Ahilyanagar,APMC Rahuri,potato,2024,8,2659.68,49.6
Maharashtra,Ahilyanagar,APMC Rahuri,potato,2024,9,2756.98,76.7
Maharashtra,Ahilyanagar,APMC Rahuri,potato,2024,10,2925.55,114.5
Maharashtra,Ahilyanagar,APMC Rahuri,potato,2024,11,3052.4,87.4
Maharashtra,Ahilyanagar,APMC Rahuri,potato,2024,12,2347.84,116.0
Maharashtra,Ahilyanagar,APMC Rahuri,potato,2025,1,1741.37,197.1
Maharashtra,Ahilyanagar,APMC Rahuri,potato,2025,2,1267.23,283.0
Maharashtra,Ahilyanagar,APMC Rahuri,potato,2025,3,1172.1,194.6
Maharashtra,Ahilyanagar,APMC Rahuri,potato,2025,4,1263.98,124.8
Maharashtra,Ahilyanagar,APMC Rahuri,potato,2025,5,1617.95,50.7
Maharashtra,Ahilyanagar,APMC Rahuri,potato,2025,6,2025.63,91.7
Maharashtra,Ahilyanagar,APMC Rahuri,potato,2025,7,1831.76,74.3
Maharashtra,Ahilyanagar,APMC Rahuri,potato,2025,8,1727.74,107.6
Maharashtra,Ahilyanagar,APMC Rahuri,potato,2025,9,1760.01,125.9
Maharashtra,Ahilyanagar,APMC Rahuri,potato,2025,10,1773.92,71.9
Maharashtra,Ahilyanagar,APMC Rahuri,potato,2025,11,1987.68,76.3
Maharashtra,Ahilyanagar,APMC Rahuri,potato,2025,12,1777.32,49.6
Maharashtra,Ahilyanagar,APMC Rahuri,potato,2026,1,1398.82,106.1
Maharashtra,Ahilyanagar,APMC Rahuri,potato,2026,2,1135.07,158.4
Maharashtra,Ahilyanagar,APMC Rahuri,potato,2026,3,1049.9,245.6
Maharashtra,Ahilyanagar,APMC Rahuri,potato,2026,4,1020.04,118.0
Maharashtra,Ahilyanagar,APMC Rahuri,potato,2026,5,1294.5,95.5
Maharashtra,Ahilyanagar,APMC Rahuri,potato,2026,6,1404.46,41.5
Maharashtra,Ahilyanagar,APMC Rahuri,potato,2026,7,1458.98,52.9
Maharashtra,Ahilyanagar,APMC Rahuri,potato,2026,8,1393.42,86.6
Maharashtra,Ahilyanagar,APMC Rahuri,potato,2026,9,1287.17,53.0
Maharashtra,Ahilyanagar,APMC Rahuri,tomato,2019,4,1086.53,95.0
Maharashtra,Ahilyanagar,APMC Rahuri,tomato,2019,6,1900.61,66.0
Maharashtra,Ahilyanagar,APMC Rahuri,tomato,2019,8,1527.16,122.0
Maharashtra,Ahilyanagar,APMC Rahuri,tomato,2019,10,1894.65,43.0
Maharashtra,Ahilyanagar,APMC Rahuri,tomato,2019,12,910.68,96.0
Maharashtra,Ahilyanagar,APMC Rahuri,tomato,2020,1,1103.7,119.0
Maharashtra,Ahilyanagar,APMC Rahuri,tomato,2020,2,484.73,110.0
Maharashtra,Ahilyanagar,APMC Rahuri,tomato,2020,3,500.36,69.0
Maharashtra,Ahilyanagar,APMC Rahuri,tomato,2020,6,1207.92,36.0
Maharashtra,Ahilyanagar,APMC Rahuri,tomato,2020,7,1763.11,53.0
Maharashtra,Ahilyanagar,APMC Rahuri,tomato,2020,8,1617.05,61.0
Maharashtra,Ahilyanagar,APMC Rahuri,tomato,2020,9,1928.91,23.0
Maharashtra,Ahilyanagar,APMC Rahuri,tomato,2020,10,1931.14,35.0
Maharashtra,Ahilyanagar,APMC Rahuri,tomato,2020,11,1783.07,70.0
Maharashtra,Ahilyanagar,APMC Rahuri,tomato,2020,12,1376.79,78.0
Maharashtra,Ahilyanagar,APMC Rahuri,tomato,2021,1,531.18,68.0
Maharashtra,Ahilyanagar,APMC Rahuri,tomato,2021,2,864.53,75.0
Maharashtra,Ahilyanagar,APMC Rahuri,tomato,2021,3,614.52,93.0
Maharashtra,Ahilyanagar,APMC Rahuri,tomato,2021,4,615.71,70.0
Maharashtra,Ahilyanagar,APMC Rahuri,tomato,2021,5,414.74,39.0
Maharashtra,Ahilyanagar,APMC Rahuri,tomato,2021,6,353.32,88.0
Maharashtra,Ahilyanagar,APMC Rahuri,tomato,2021,7,808.82,51.0
Maharashtra,Ahilyanagar,APMC Rahuri,tomato,2021,8,623.02,63.0
Maharashtra,Ahilyanagar,APMC Rahuri,tomato,2021,9,700.0,37.0
Maharashtra,Ahilyanagar,APMC Rahuri,tomato,2021,10,1822.09,43.0
Maharashtra,Ahilyanagar,APMC Rahuri,tomato,2021,11,2995.83,24.0
Maharashtra,Ahilyanagar,APMC Rahuri,tomato,2021,12,2233.33,39.0
Maharashtra,Ahilyanagar,APMC Rahuri,tomato,2022,1,1405.21,48.0
Maharashtra,Ahilyanagar,APMC Rahuri,tomato,2022,2,1181.48,54.0
Maharashtra,Ahilyanagar,APMC Rahuri,tomato,2022,3,1026.23,61.0
Maharashtra,Ahilyanagar,APMC Rahuri,tomato,2022,4,1129.55,44.0
Maharashtra,Ahilyanagar,APMC Rahuri,tomato,2022,5,1840.48,42.0
Maharashtra,Ahilyanagar,APMC Rahuri,tomato,2022,6,2827.78,36.0
Maharashtra,Ahilyanagar,APMC Rahuri,tomato,2022,7,1480.0,35.0
Maharashtra,Ahilyanagar,APMC Rahuri,tomato,2022,8,1181.88,69.0
Maharashtra,Ahilyanagar,APMC Rahuri,tomato,2022,9,1184.62,13.0
Maharashtra,Ahilyanagar,APMC Rahuri,tomato,2022,10,1492.31,13.0
Maharashtra,Ahilyanagar,APMC Rahuri,tomato,2022,11,500.0,6.0
Maharashtra,Ahilyanagar,APMC Rahuri,tomato,2022,12,683.75,80.0
Maharashtra,Ahilyanagar,APMC Rahuri,tomato,2023,1,768.12,69.0
Maharashtra,Ahilyanagar,APMC Rahuri,tomato,2023,2,751.03,97.0
Maharashtra,Ahilyanagar,APMC Rahuri,tomato,2023,3,791.74,121.0
Maharashtra,Ahilyanagar,APMC Rahuri,tomato,2023,4,848.26,316.0
Maharashtra,Ahilyanagar,APMC Rahuri,tomato,2023,5,837.35,83.0
Maharashtra,Ahilyanagar,APMC Rahuri,tomato,2023,6,1852.27,44.0
Maharashtra,Ahilyanagar,APMC Rahuri,tomato,2023,7,4022.22,54.0
Maharashtra,Ahilyanagar,APMC Rahuri,tomato,2023,8,3517.14,70.0
Maharashtra,Ahilyanagar,APMC Rahuri,tomato,2023,9,866.67,87.0
Maharashtra,Ahilyanagar,APMC Rahuri,tomato,2023,10,535.0,20.0
Maharashtra,Ahilyanagar,APMC Rahuri,tomato,2024,1,2100.0,3.0
Maharashtra,Ahilyanagar,APMC Rahuri,tomato,2024,2,1581.25,48.0
Maharashtra,Ahilyanagar,APMC Rahuri,tomato,2024,3,900.0,3.3
Maharashtra,Ahilyanagar,APMC Rahuri,tomato,2024,5,1035.35,39.6
Maharashtra,Ahilyanagar,APMC Rahuri,tomato,2024,6,1908.94,47.0
Maharashtra,Ahilyanagar,APMC Rahuri,tomato,2024,7,3362.73,16.1
Maharashtra,Ahilyanagar,APMC Rahuri,tomato,2024,8,1500.0,3.0
Maharashtra,Ahilyanagar,APMC Rahuri,tomato,2024,9,1905.28,55.9
Maharashtra,Ahilyanagar,APMC Rahuri,tomato,2024,10,2970.01,98.2
Maharashtra,Ahilyanagar,APMC Rahuri,tomato,2024,11,2373.42,88.6
Maharashtra,Ahilyanagar,APMC Rahuri,tomato,2024,12,1935.7,131.1
Maharashtra,Ahilyanagar,APMC Rahuri,tomato,2025,1,892.82,110.0
Maharashtra,Ahilyanagar,APMC Rahuri,tomato,2025,2,765.65,128.4
Maharashtra,Ahilyanagar,APMC Rahuri,tomato,2025,3,862.11,77.6
Maharashtra,Ahilyanagar,APMC Rahuri,tomato,2025,4,650.0,103.9
Maharashtra,Ahilyanagar,APMC Rahuri,tomato,2025,5,1194.82,64.7
Maharashtra,Ahilyanagar,APMC Rahuri,tomato,2025,6,1402.77,106.6
Maharashtra,Ahilyanagar,APMC Rahuri,tomato,2025,7,2037.02,78.6
Maharashtra,Ahilyanagar,APMC Rahuri,tomato,2025,8,2039.54,78.4
Maharashtra,Ahilyanagar,APMC Rahuri,tomato,2025,9,1186.95,93.5
Maharashtra,Ahilyanagar,APMC Rahuri,tomato,2025,10,1261.64,86.8
Maharashtra,Ahilyanagar,APMC Rahuri,tomato,2025,11,1409.33,41.8
Maharashtra,Ahilyanagar,APMC Rahuri,tomato,2025,12,1769.85,33.5
Maharashtra,Ahilyanagar,APMC Rahuri,tomato,2026,1,1788.64,49.3
Maharashtra,Ahilyanagar,APMC Rahuri,tomato,2026,2,1285.46,80.8
Maharashtra,Ahilyanagar,APMC Rahuri,tomato,2026,3,1190.85,101.1
Maharashtra,Ahilyanagar,APMC Rahuri,tomato,2026,4,898.92,106.7
Maharashtra,Ahilyanagar,APMC Rahuri,tomato,2026,5,1573.37,106.1
Maharashtra,Ahilyanagar,APMC Rahuri,tomato,2026,6,1396.77,37.1
Maharashtra,Ahilyanagar,APMC Rahuri,tomato,2026,7,1744.37,79.1
Maharashtra,Ahilyanagar,APMC Rahuri,tomato,2026,8,1535.86,108.9
Maharashtra,Ahilyanagar,APMC Rahuri,tomato,2026,9,940.05,65.8
Maharashtra,Ahilyanagar,APMC Sangamner,tomato,2019,4,850.74,1015.0
Maharashtra,Ahilyanagar,APMC Sangamner,tomato,2019,6,1556.84,10264.0
Maharashtra,Ahilyanagar,APMC Sangamner,tomato,2019,8,1363.96,8318.0
Maharashtra,Ahilyanagar,APMC Sangamner,tomato,2019,10,1702.6,6782.0
Maharashtra,Ahilyanagar,APMC Sangamner,tomato,2019,12,730.0,111.0
Maharashtra,Ahilyanagar,APMC Sangamner,tomato,2020,5,420.63,5535.0
Maharashtra,Ahilyanagar,APMC Sangamner,tomato,2020,6,967.27,6861.0
Maharashtra,Ahilyanagar,APMC Sangamner,tomato,2020,7,1478.31,8097.0
Maharashtra,Ahilyanagar,APMC Sangamner,tomato,2020,8,1437.74,9217.0
Maharashtra,Ahilyanagar,APMC Sangamner,tomato,2020,9,1890.99,6806.0
Maharashtra,Ahilyanagar,APMC Sangamner,tomato,2020,10,1293.88,1792.0
Maharashtra,Ahilyanagar,APMC Sangamner,tomato,2020,11,1325.42,769.0
Maharashtra,Ahilyanagar,APMC Sangamner,tomato,2020,12,1030.33,500.0
Maharashtra,Ahilyanagar,APMC Sangamner,tomato,2021,1,410.88,662.0
Maharashtra,Ahilyanagar,APMC Sangamner,tomato,2021,2,595.93,594.0
Maharashtra,Ahilyanagar,APMC Sangamner,tomato,2021,3,386.35,141.0
Maharashtra,Ahilyanagar,APMC Sangamner,tomato,2021,4,623.46,860.0
Maharashtra,Ahilyanagar,APMC Sangamner,tomato,2021,5,586.36,4903.0
Maharashtra,Ahilyanagar,APMC Sangamner,tomato,2021,6,554.84,5528.0
Maharashtra,Ahilyanagar,APMC Sangamner,tomato,2021,7,937.15,12573.0
Maharashtra,Ahilyanagar,APMC Sangamner,tomato,2021,8,564.49,24417.0
Maharashtra,Ahilyanagar,APMC Sangamner,tomato,2021,9,516.31,11352.0
Maharashtra,Ahilyanagar,APMC Sangamner,tomato,2021,10,1567.25,1052.0
Maharashtra,Ahilyanagar,APMC Sangamner,tomato,2021,11,2208.45,343.0
Maharashtra,Ahilyanagar,APMC Sangamner,tomato,2021,12,1392.86,210.0
Maharashtra,Ahilyanagar,APMC Sangamner,tomato,2022,1,225.0,2.0
Maharashtra,Ahilyanagar,APMC Sangamner,tomato,2022,4,916.42,411.0
Maharashtra,Ahilyanagar,APMC Sangamner,tomato,2022,5,2878.11,6831.0
Maharashtra,Ahilyanagar,APMC Sangamner,tomato,2022,6,3185.08,4277.0
Maharashtra,Ahilyanagar,APMC Sangamner,tomato,2022,7,1023.42,7182.0
Maharashtra,Ahilyanagar,APMC Sangamner,tomato,2022,8,939.99,17423.0
Maharashtra,Ahilyanagar,APMC Sangamner,tomato,2022,9,1206.67,4841.0
Maharashtra,Ahilyanagar,APMC Sangamner,tomato,2022,10,1606.84,870.0
Maharashtra,Ahilyanagar,APMC Sangamner,tomato,2022,11,661.84,207.0
Maharashtra,Ahilyanagar,APMC Sangamner,tomato,2022,12,374.73,149.0
Maharashtra,Ahilyanagar,APMC Sangamner,tomato,2023,1,524.74,126.0
Maharashtra,Ahilyanagar,APMC Sangamner,tomato,2023,2,622.61,262.0
Maharashtra,Ahilyanagar,APMC Sangamner,tomato,2023,3,767.18,177.0
Maharashtra,Ahilyanagar,APMC Sangamner,tomato,2023,4,491.37,753.0
Maharashtra,Ahilyanagar,APMC Sangamner,tomato,2023,5,450.71,18782.0
Maharashtra,Ahilyanagar,APMC Sangamner,tomato,2023,6,1698.25,12141.0
Maharashtra,Ahilyanagar,APMC Sangamner,tomato,2023,7,5991.1,7522.0
Maharashtra,Ahilyanagar,APMC Sangamner,tomato,2023,8,2841.54,18235.0
Maharashtra,Ahilyanagar,APMC Sangamner,tomato,2023,9,512.68,12020.0
Maharashtra,Ahilyanagar,APMC Sangamner,tomato,2023,10,328.83,4832.0
Maharashtra,Ahilyanagar,APMC Sangamner,tomato,2023,11,1314.67,1400.0
Maharashtra,Ahilyanagar,APMC Sangamner,tomato,2023,12,1239.82,359.0
Maharashtra,Ahilyanagar,APMC Sangamner,tomato,2024,1,1175.0,54.0
Maharashtra,Ahilyanagar,APMC Sangamner,tomato,2024,2,1160.87,46.0
Maharashtra,Ahilyanagar,APMC Sangamner,tomato,2024,3,886.73,524.0
Maharashtra,Ahilyanagar,APMC Sangamner,tomato,2024,4,768.31,3103.0
Maharashtra,Ahilyanagar,APMC Sangamner,tomato,2024,5,920.77,9802.0
Maharashtra,Ahilyanagar,APMC Sangamner,tomato,2024,6,2187.1,4655.5
Maharashtra,Ahilyanagar,APMC Sangamner,tomato,2024,7,2746.45,4421.0
Maharashtra,Ahilyanagar,APMC Sangamner,tomato,2024,8,1420.04,13561.0
Maharashtra,Ahilyanagar,APMC Sangamner,tomato,2024,9,1505.99,4795.5
Maharashtra,Ahilyanagar,APMC Sangamner,tomato,2024,10,2664.36,1213.0
Maharashtra,Ahilyanagar,APMC Sangamner,tomato,2024,11,1487.52,232.1
Maharashtra,Ahilyanagar,APMC Sangamner,tomato,2024,12,1163.79,767.0
Maharashtra,Ahilyanagar,APMC Sangamner,tomato,2025,1,623.98,836.0
Maharashtra,Ahilyanagar,APMC Sangamner,tomato,2025,2,596.37,423.0
Maharashtra,Ahilyanagar,APMC Sangamner,tomato,2025,3,525.84,400.0
Maharashtra,Ahilyanagar,APMC Sangamner,tomato,2025,4,640.87,2130.0
Maharashtra,Ahilyanagar,APMC Sangamner,tomato,2025,5,869.49,8764.0
Maharashtra,Ahilyanagar,APMC Sangamner,tomato,2025,6,1123.44,2496.0
Maharashtra,Ahilyanagar,APMC Sangamner,tomato,2025,7,1874.11,2371.0
Maharashtra,Ahilyanagar,APMC Sangamner,tomato,2025,8,2135.3,2532.5
Maharashtra,Ahilyanagar,APMC Sangamner,tomato,2025,9,945.91,769.5
Maharashtra,Ahilyanagar,APMC Sangamner,tomato,2025,10,958.0,183.5
Maharashtra,Ahilyanagar,APMC Sangamner,tomato,2025,11,1888.27,226.0
Maharashtra,Ahilyanagar,APMC Sangamner,tomato,2025,12,2211.95,236.9
Maharashtra,Ahilyanagar,APMC Sangamner,tomato,2026,1,1532.69,419.8
Maharashtra,Ahilyanagar,APMC Sangamner,tomato,2026,2,760.07,374.0
Maharashtra,Ahilyanagar,APMC Sangamner,tomato,2026,3,773.43,224.5
Maharashtra,Ahilyanagar,APMC Sangamner,tomato,2026,4,1285.01,1068.5
Maharashtra,Ahilyanagar,APMC Sangamner,tomato,2026,5,1453.01,5131.0
Maharashtra,Ahilyanagar,APMC Sangamner,tomato,2026,6,1907.85,4252.0
Maharashtra,Ahilyanagar,APMC Sangamner,tomato,2026,7,1544.93,4472.5
Maharashtra,Ahilyanagar,APMC Sangamner,tomato,2026,8,1040.26,6085.9
Maharashtra,Ahilyanagar,APMC Sangamner,tomato,2026,9,1160.15,7090.0
Maharashtra,Ahilyanagar,APMC Shrirampur,potato,2019,2,1091.56,154.0
Maharashtra,Ahilyanagar,APMC Shrirampur,potato,2019,4,1071.99,166.0
Maharashtra,Ahilyanagar,APMC Shrirampur,potato,2019,6,1240.72,194.0
Maharashtra,Ahilyanagar,APMC Shrirampur,potato,2019,8,874.51,204.0
Maharashtra,Ahilyanagar,APMC Shrirampur,potato,2019,10,1079.6,250.0
Maharashtra,Ahilyanagar,APMC Shrirampur,potato,2019,12,1334.55,220.0
Maharashtra,Ahilyanagar,APMC Shrirampur,potato,2020,1,1250.39,388.0
Maharashtra,Ahilyanagar,APMC Shrirampur,potato,2020,2,988.52,331.0
Maharashtra,Ahilyanagar,APMC Shrirampur,potato,2020,3,1156.7,261.0
Maharashtra,Ahilyanagar,APMC Shrirampur,potato,2020,4,1604.48,67.0
Maharashtra,Ahilyanagar,APMC Shrirampur,potato,2020,5,1621.19,151.0
Maharashtra,Ahilyanagar,APMC Shrirampur,potato,2020,6,1602.3,152.0
Maharashtra,Ahilyanagar,APMC Shrirampur,potato,2020,7,1676.79,140.0
Maharashtra,Ahilyanagar,APMC Shrirampur,potato,2020,8,1709.7,165.0
Maharashtra,Ahilyanagar,APMC Shrirampur,potato,2020,9,1798.41,189.0
Maharashtra,Ahilyanagar,APMC Shrirampur,potato,2020,10,1960.14,138.0
Maharashtra,Ahilyanagar,APMC Shrirampur,potato,2020,11,2278.46,188.0
Maharashtra,Ahilyanagar,APMC Shrirampur,potato,2020,12,2479.29,239.0
Maharashtra,Ahilyanagar,APMC Shrirampur,potato,2021,1,1176.34,262.0
Maharashtra,Ahilyanagar,APMC Shrirampur,potato,2021,2,1067.6,267.0
Maharashtra,Ahilyanagar,APMC Shrirampur,potato,2021,3,1190.33,243.0
Maharashtra,Ahilyanagar,APMC Shrirampur,potato,2021,4,1245.81,191.0
Maharashtra,Ahilyanagar,APMC Shrirampur,potato,2021,5,1211.54,52.0
Maharashtra,Ahilyanagar,APMC Shrirampur,potato,2021,6,1213.96,283.0
Maharashtra,Ahilyanagar,APMC Shrirampur,potato,2021,7,1177.27,363.0
Maharashtra,Ahilyanagar,APMC Shrirampur,potato,2021,8,1137.04,378.0
Maharashtra,Ahilyanagar,APMC Shrirampur,potato,2021,9,1144.19,353.0
Maharashtra,Ahilyanagar,APMC Shrirampur,potato,2021,10,1196.48,398.0
Maharashtra,Ahilyanagar,APMC Shrirampur,potato,2021,11,1296.34,478.0
Maharashtra,Ahilyanagar,APMC Shrirampur,potato,2021,12,1307.18,536.0
Maharashtra,Ahilyanagar,APMC Shrirampur,potato,2022,1,1234.48,348.0
Maharashtra,Ahilyanagar,APMC Shrirampur,potato,2022,2,1181.25,472.0
Maharashtra,Ahilyanagar,APMC Shrirampur,potato,2022,3,1343.1,522.0
Maharashtra,Ahilyanagar,APMC Shrirampur,potato,2022,4,1524.77,541.0
Maharashtra,Ahilyanagar,APMC Shrirampur,potato,2022,5,1734.14,476.0
Maharashtra,Ahilyanagar,APMC Shrirampur,potato,2022,6,1773.41,502.0
Maharashtra,Ahilyanagar,APMC Shrirampur,potato,2022,7,1890.64,566.0
Maharashtra,Ahilyanagar,APMC Shrirampur,potato,2022,8,1868.4,549.0
Maharashtra,Ahilyanagar,APMC Shrirampur,potato,2022,9,1934.69,431.0
Maharashtra,Ahilyanagar,APMC Shrirampur,potato,2022,10,1972.78,608.0
Maharashtra,Ahilyanagar,APMC Shrirampur,potato,2022,11,1943.62,517.0
Maharashtra,Ahilyanagar,APMC Shrirampur,potato,2022,12,1987.59,544.0
Maharashtra,Ahilyanagar,APMC Shrirampur,potato,2023,1,1822.75,455.0
Maharashtra,Ahilyanagar,APMC Shrirampur,potato,2023,2,1389.72,545.0
Maharashtra,Ahilyanagar,APMC Shrirampur,potato,2023,3,1124.76,616.0
Maharashtra,Ahilyanagar,APMC Shrirampur,potato,2023,4,1381.16,560.0
Maharashtra,Ahilyanagar,APMC Shrirampur,potato,2023,5,1501.58,603.0
Maharashtra,Ahilyanagar,APMC Shrirampur,potato,2023,6,1255.65,416.0
Maharashtra,Ahilyanagar,APMC Shrirampur,potato,2023,7,1056.08,395.0
Maharashtra,Ahilyanagar,APMC Shrirampur,potato,2023,8,1065.06,327.0
Maharashtra,Ahilyanagar,APMC Shrirampur,potato,2023,9,1136.19,333.0
Maharashtra,Ahilyanagar,APMC Shrirampur,potato,2023,10,1120.13,308.0
Maharashtra,Ahilyanagar,APMC Shrirampur,potato,2023,11,1128.11,169.0
Maharashtra,Ahilyanagar,APMC Shrirampur,potato,2023,12,1216.58,199.0
Maharashtra,Ahilyanagar,APMC Shrirampur,potato,2024,1,1245.91,171.0
Maharashtra,Ahilyanagar,APMC Shrirampur,potato,2024,2,1338.92,176.0
Maharashtra,Ahilyanagar,APMC Shrirampur,potato,2024,3,1735.43,247.0
Maharashtra,Ahilyanagar,APMC Shrirampur,potato,2024,4,2100.35,142.0
Maharashtra,Ahilyanagar,APMC Shrirampur,potato,2024,5,2407.1,264.7
Maharashtra,Ahilyanagar,APMC Shrirampur,potato,2024,6,2634.04,188.3
Maharashtra,Ahilyanagar,APMC Shrirampur,potato,2024,7,2872.26,196.5
Maharashtra,Ahilyanagar,APMC Shrirampur,potato,2024,8,2798.39,233.3
Maharashtra,Ahilyanagar,APMC Shrirampur,potato,2024,9,2794.26,257.0
Maharashtra,Ahilyanagar,APMC Shrirampur,potato,2024,10,2784.8,296.0
Maharashtra,Ahilyanagar,APMC Shrirampur,potato,2024,11,2800.0,226.5
Maharashtra,Ahilyanagar,APMC Shrirampur,potato,2024,12,2236.96,339.3
Maharashtra,Ahilyanagar,APMC Shrirampur,potato,2025,1,1341.72,507.0
Maharashtra,Ahilyanagar,APMC Shrirampur,potato,2025,2,1395.0,321.2
Maharashtra,Ahilyanagar,APMC Shrirampur,potato,2025,3,1315.82,332.8
Maharashtra,Ahilyanagar,APMC Shrirampur,potato,2025,4,1663.73,297.1
Maharashtra,Ahilyanagar,APMC Shrirampur,potato,2025,5,1784.27,316.0
Maharashtra,Ahilyanagar,APMC Shrirampur,potato,2025,6,1931.38,408.5
Maharashtra,Ahilyanagar,APMC Shrirampur,potato,2025,7,1695.0,290.2
Maharashtra,Ahilyanagar,APMC Shrirampur,potato,2025,8,1599.03,319.9
Maharashtra,Ahilyanagar,APMC Shrirampur,potato,2025,9,1523.34,293.5
Maharashtra,Ahilyanagar,APMC Shrirampur,potato,2025,10,1565.6,282.0
Maharashtra,Ahilyanagar,APMC Shrirampur,potato,2025,11,1664.91,293.5
Maharashtra,Ahilyanagar,APMC Shrirampur,potato,2025,12,1491.83,471.5
Maharashtra,Ahilyanagar,APMC Shrirampur,potato,2026,1,1107.53,332.0
Maharashtra,Ahilyanagar,APMC Shrirampur,potato,2026,2,1154.05,321.0
Maharashtra,Ahilyanagar,APMC Shrirampur,potato,2026,3,1048.39,248.0
Maharashtra,Ahilyanagar,APMC Shrirampur,potato,2026,4,1068.55,248.0
Maharashtra,Ahilyanagar,APMC Shrirampur,potato,2026,5,1161.86,263.5
Maharashtra,Ahilyanagar,APMC Shrirampur,potato,2026,6,1191.7,235.0
Maharashtra,Ahilyanagar,APMC Shrirampur,potato,2026,7,1091.18,306.0
Maharashtra,Ahilyanagar,APMC Shrirampur,potato,2026,8,942.56,292.5
Maharashtra,Ahilyanagar,APMC Shrirampur,potato,2026,9,909.14,243.5
Maharashtra,Ahilyanagar,APMC Shrirampur,tomato,2019,2,1859.76,41.0
Maharashtra,Ahilyanagar,APMC Shrirampur,tomato,2019,4,1643.48,46.0
Maharashtra,Ahilyanagar,APMC Shrirampur,tomato,2019,6,2860.91,55.0
Maharashtra,Ahilyanagar,APMC Shrirampur,tomato,2019,8,2658.47,59.0
Maharashtra,Ahilyanagar,APMC Shrirampur,tomato,2019,10,2320.0,50.0
Maharashtra,Ahilyanagar,APMC Shrirampur,tomato,2019,12,1441.18,34.0
Maharashtra,Ahilyanagar,APMC Shrirampur,tomato,2020,1,1593.75,56.0
Maharashtra,Ahilyanagar,APMC Shrirampur,tomato,2020,2,765.69,51.0
Maharashtra,Ahilyanagar,APMC Shrirampur,tomato,2020,3,857.14,42.0
Maharashtra,Ahilyanagar,APMC Shrirampur,tomato,2020,4,722.22,9.0
Maharashtra,Ahilyanagar,APMC Shrirampur,tomato,2020,5,725.0,18.0
Maharashtra,Ahilyanagar,APMC Shrirampur,tomato,2020,6,1300.0,16.0
Maharashtra,Ahilyanagar,APMC Shrirampur,tomato,2020,7,1980.0,15.0
Maharashtra,Ahilyanagar,APMC Shrirampur,tomato,2020,8,1685.0,20.0
Maharashtra,Ahilyanagar,APMC Shrirampur,tomato,2020,9,1890.0,20.0
Maharashtra,Ahilyanagar,APMC Shrirampur,tomato,2020,10,1843.75,16.0
Maharashtra,Ahilyanagar,APMC Shrirampur,tomato,2020,11,1841.67,24.0
Maharashtra,Ahilyanagar,APMC Shrirampur,tomato,2020,12,1764.81,27.0
Maharashtra,Ahilyanagar,APMC Shrirampur,tomato,2021,1,1279.17,24.0
Maharashtra,Ahilyanagar,APMC Shrirampur,tomato,2021,2,918.0,25.0
Maharashtra,Ahilyanagar,APMC Shrirampur,tomato,2021,3,788.64,22.0
Maharashtra,Ahilyanagar,APMC Shrirampur,tomato,2021,4,850.0,21.0
Maharashtra,Ahilyanagar,APMC Shrirampur,tomato,2021,5,931.82,11.0
Maharashtra,Ahilyanagar,APMC Shrirampur,tomato,2021,6,1273.57,70.0
Maharashtra,Ahilyanagar,APMC Shrirampur,tomato,2021,7,1344.35,62.0
Maharashtra,Ahilyanagar,APMC Shrirampur,tomato,2021,8,874.63,67.0
Maharashtra,Ahilyanagar,APMC Shrirampur,tomato,2021,9,930.67,75.0
Maharashtra,Ahilyanagar,APMC Shrirampur,tomato,2021,10,2157.89,76.0
Maharashtra,Ahilyanagar,APMC Shrirampur,tomato,2021,11,3211.11,72.0
Maharashtra,Ahilyanagar,APMC Shrirampur,tomato,2021,12,2606.52,69.0
Maharashtra,Ahilyanagar,APMC Shrirampur,tomato,2022,1,1850.0,46.0
Maharashtra,Ahilyanagar,APMC Shrirampur,tomato,2022,2,1536.36,66.0
Maharashtra,Ahilyanagar,APMC Shrirampur,tomato,2022,3,967.16,67.0
Maharashtra,Ahilyanagar,APMC Shrirampur,tomato,2022,4,1025.32,77.0
Maharashtra,Ahilyanagar,APMC Shrirampur,tomato,2022,5,2190.68,59.0
Maharashtra,Ahilyanagar,APMC Shrirampur,tomato,2022,6,3769.17,60.0
Maharashtra,Ahilyanagar,APMC Shrirampur,tomato,2022,7,1629.71,69.0
Maharashtra,Ahilyanagar,APMC Shrirampur,tomato,2022,8,1116.9,71.0
Maharashtra,Ahilyanagar,APMC Shrirampur,tomato,2022,9,1309.62,52.0
Maharashtra,Ahilyanagar,APMC Shrirampur,tomato,2022,10,2115.79,76.0
Maharashtra,Ahilyanagar,APMC Shrirampur,tomato,2022,11,1884.92,63.0
Maharashtra,Ahilyanagar,APMC Shrirampur,tomato,2022,12,1034.85,66.0
Maharashtra,Ahilyanagar,APMC Shrirampur,tomato,2023,1,1008.04,56.0
Maharashtra,Ahilyanagar,APMC Shrirampur,tomato,2023,2,1084.06,69.0
Maharashtra,Ahilyanagar,APMC Shrirampur,tomato,2023,3,1187.04,81.0
Maharashtra,Ahilyanagar,APMC Shrirampur,tomato,2023,4,1533.1,71.0
Maharashtra,Ahilyanagar,APMC Shrirampur,tomato,2023,5,1484.52,63.0
Maharashtra,Ahilyanagar,APMC Shrirampur,tomato,2023,6,2887.27,55.0
Maharashtra,Ahilyanagar,APMC Shrirampur,tomato,2023,7,6061.0,50.0
Maharashtra,Ahilyanagar,APMC Shrirampur,tomato,2023,8,2180.65,31.0
Maharashtra,Ahilyanagar,APMC Shrirampur,tomato,2023,9,1931.25,48.0
Maharashtra,Ahilyanagar,APMC Shrirampur,tomato,2023,10,1656.25,48.0
Maharashtra,Ahilyanagar,APMC Shrirampur,tomato,2023,11,1446.88,32.0
Maharashtra,Ahilyanagar,APMC Shrirampur,tomato,2023,12,1439.53,43.0
Maharashtra,Ahilyanagar,APMC Shrirampur,tomato,2024,1,1893.02,43.0
Maharashtra,Ahilyanagar,APMC Shrirampur,tomato,2024,2,1851.68,65.4
Maharashtra,Ahilyanagar,APMC Shrirampur,tomato,2024,3,1154.46,85.2
Maharashtra,Ahilyanagar,APMC Shrirampur,tomato,2024,4,1003.59,48.8
Maharashtra,Ahilyanagar,APMC Shrirampur,tomato,2024,5,1009.51,64.7
Maharashtra,Ahilyanagar,APMC Shrirampur,tomato,2024,6,3210.59,59.5
Maharashtra,Ahilyanagar,APMC Shrirampur,tomato,2024,7,3736.51,72.3
Maharashtra,Ahilyanagar,APMC Shrirampur,tomato,2024,8,2271.82,105.2
Maharashtra,Ahilyanagar,APMC Shrirampur,tomato,2024,9,1836.66,82.1
Maharashtra,Ahilyanagar,APMC Shrirampur,tomato,2024,10,3810.42,72.0
Maharashtra,Ahilyanagar,APMC Shrirampur,tomato,2024,11,2716.22,44.4
Maharashtra,Ahilyanagar,APMC Shrirampur,tomato,2024,12,2010.41,66.3
Maharashtra,Ahilyanagar,APMC Shrirampur,tomato,2025,1,767.94,86.1
Maharashtra,Ahilyanagar,APMC Shrirampur,tomato,2025,2,617.44,85.7
Maharashtra,Ahilyanagar,APMC Shrirampur,tomato,2025,3,730.81,78.7
Maharashtra,Ahilyanagar,APMC Shrirampur,tomato,2025,4,658.75,75.4
Maharashtra,Ahilyanagar,APMC Shrirampur,tomato,2025,5,931.05,75.2
Maharashtra,Ahilyanagar,APMC Shrirampur,tomato,2025,6,1350.44,79.8
Maharashtra,Ahilyanagar,APMC Shrirampur,tomato,2025,7,1628.36,58.7
Maharashtra,Ahilyanagar,APMC Shrirampur,tomato,2025,8,2134.46,66.3
Maharashtra,Ahilyanagar,APMC Shrirampur,tomato,2025,9,934.38,60.5
Maharashtra,Ahilyanagar,APMC Shrirampur,tomato,2025,10,1217.86,60.2
Maharashtra,Ahilyanagar,APMC Shrirampur,tomato,2025,11,2322.48,50.5
Maharashtra,Ahilyanagar,APMC Shrirampur,tomato,2025,12,2469.45,67.1
Maharashtra,Ahilyanagar,APMC Shrirampur,tomato,2026,1,1759.32,74.0
Maharashtra,Ahilyanagar,APMC Shrirampur,tomato,2026,2,1150.93,75.3
Maharashtra,Ahilyanagar,APMC Shrirampur,tomato,2026,3,805.23,68.8
Maharashtra,Ahilyanagar,APMC Shrirampur,tomato,2026,4,839.85,78.3
Maharashtra,Ahilyanagar,APMC Shrirampur,tomato,2026,5,1302.89,76.2
Maharashtra,Ahilyanagar,APMC Shrirampur,tomato,2026,6,1801.43,66.6
Maharashtra,Ahilyanagar,APMC Shrirampur,tomato,2026,7,1802.12,70.8
Maharashtra,Ahilyanagar,APMC Shrirampur,tomato,2026,8,1401.04,52.8
Maharashtra,Ahilyanagar,APMC Shrirampur,tomato,2026,9,961.77,53.1
Maharashtra,Ahilyanagar,Rahuri(Songaon),potato,2022,8,2137.5,4.0
Maharashtra,Ahilyanagar,Rahuri(Songaon),potato,2022,9,2100.0,1.0
Maharashtra,Ahilyanagar,Rahuri(Songaon),potato,2022,10,2162.5,4.0
Maharashtra,Ahilyanagar,Rahuri(Songaon),potato,2022,11,1900.0,5.0
Maharashtra,Ahilyanagar,Rahuri(Songaon),potato,2022,12,2000.0,7.0
Maharashtra,Ahilyanagar,Rahuri(Songaon),potato,2023,1,2050.0,2.0
Maharashtra,Ahilyanagar,Rahuri(Songaon),potato,2023,2,1050.0,4.0
Maharashtra,Ahilyanagar,Rahuri(Songaon),potato,2023,3,1033.33,3.0
Maharashtra,Ahilyanagar,Rahuri(Songaon),potato,2023,4,1150.0,3.0
Maharashtra,Ahilyanagar,Rahuri(Songaon),potato,2023,5,1450.0,2.0
Maharashtra,Ahilyanagar,Rahuri(Songaon),potato,2023,7,1750.0,1.0
Maharashtra,Ahilyanagar,Rahuri(Songaon),potato,2023,8,1850.0,1.0
Maharashtra,Ahilyanagar,Rahuri(Songaon),potato,2023,11,1500.0,1.0
Maharashtra,Ahilyanagar,Rahuri(Songaon),potato,2024,5,1700.0,0.3
Maharashtra,Ahilyanagar,Rahuri(Songaon),potato,2024,9,2700.0,0.3
Maharashtra,Ahilyanagar,Rahuri(Songaon),potato,2024,10,2950.0,1.2
Maharashtra,Ahilyanagar,Rahuri(Songaon),potato,2024,11,3100.0,0.3
Maharashtra,Ahilyanagar,Rahuri(Songaon),potato,2024,12,2087.5,0.8
Maharashtra,Ahilyanagar,Rahuri(Songaon),potato,2025,1,1600.0,0.5
Maharashtra,Ahilyanagar,Rahuri(Songaon),potato,2025,4,1200.0,0.3
Maharashtra,Ahilyanagar,Rahuri(Songaon),potato,2025,6,1850.0,0.3
Maharashtra,Ahilyanagar,Rahuri(Songaon),potato,2025,7,2000.0,0.2
Maharashtra,Ahilyanagar,Rahuri(Songaon),potato,2025,8,1500.0,0.3
Maharashtra,Ahilyanagar,Rahuri(Songaon),potato,2025,9,1850.0,0.3
Maharashtra,Ahilyanagar,Rahuri(Songaon),potato,2025,11,2125.0,0.4
Maharashtra,Ahilyanagar,Rahuri(Songaon),potato,2026,1,1540.0,0.5
Maharashtra,Ahilyanagar,Rahuri(Songaon),potato,2026,2,1350.0,0.3
Maharashtra,Ahilyanagar,Rahuri(Songaon),tomato,2022,8,1150.0,4.0
Maharashtra,Ahilyanagar,Rahuri(Songaon),tomato,2022,9,1200.0,2.0
Maharashtra,Ahilyanagar,Rahuri(Songaon),tomato,2022,10,2112.5,4.0
Maharashtra,Ahilyanagar,Rahuri(Songaon),tomato,2022,11,1050.0,5.0
Maharashtra,Ahilyanagar,Rahuri(Songaon),tomato,2022,12,800.0,4.0
Maharashtra,Ahilyanagar,Rahuri(Songaon),tomato,2023,1,1250.0,2.0
Maharashtra,Ahilyanagar,Rahuri(Songaon),tomato,2023,2,612.5,4.0
Maharashtra,Ahilyanagar,Rahuri(Songaon),tomato,2023,3,1066.67,3.0
Maharashtra,Ahilyanagar,Rahuri(Songaon),tomato,2023,4,866.67,3.0
Maharashtra,Ahilyanagar,Rahuri(Songaon),tomato,2023,5,1050.0,2.0
Maharashtra,Ahilyanagar,Rahuri(Songaon),tomato,2024,5,900.0,0.2
Maharashtra,Ahilyanagar,Rahuri(Songaon),tomato,2024,9,1750.0,0.3
Maharashtra,Ahilyanagar,Rahuri(Songaon),tomato,2024,10,2839.29,1.4
Maharashtra,Ahilyanagar,Rahuri(Songaon),tomato,2024,11,2850.0,0.3
Maharashtra,Ahilyanagar,Rahuri(Songaon),tomato,2024,12,1600.0,0.7
Maharashtra,Ahilyanagar,Rahuri(Songaon),tomato,2025,1,675.0,0.6
Maharashtra,Ahilyanagar,Rahuri(Songaon),tomato,2025,4,700.0,0.3
Maharashtra,Ahilyanagar,Rahuri(Songaon),tomato,2025,6,1250.0,0.3
Maharashtra,Ahilyanagar,Rahuri(Songaon),tomato,2025,7,1800.0,0.3
Maharashtra,Ahilyanagar,Rahuri(Songaon),tomato,2025,8,2750.0,0.2
Maharashtra,Ahilyanagar,Rahuri(Songaon),tomato,2025,9,1100.0,0.2
Maharashtra,Ahilyanagar,Rahuri(Songaon),tomato,2025,10,1200.0,0.3
Maharashtra,Ahilyanagar,Rahuri(Songaon),tomato,2025,11,3250.0,0.4
Maharashtra,Ahilyanagar,Rahuri(Songaon),tomato,2026,1,2375.0,0.4
Maharashtra,Pune,APMC Junnar,potato,2019,2,1000.0,71.0
Maharashtra,Pune,APMC Junnar,potato,2019,4,1004.41,136.0
Maharashtra,Pune,APMC Junnar,potato,2019,6,1125.0,34.0
Maharashtra,Pune,APMC Junnar,potato,2019,8,1000.0,16.0
Maharashtra,Pune,APMC Junnar,potato,2019,10,1390.96,166.0
Maharashtra,Pune,APMC Junnar,potato,2019,12,1981.31,107.0
Maharashtra,Pune,APMC Junnar,potato,2020,1,1701.52,132.0
Maharashtra,Pune,APMC Junnar,potato,2020,2,1264.37,261.0
Maharashtra,Pune,APMC Junnar,potato,2020,3,1467.58,620.0
Maharashtra,Pune,APMC Junnar,potato,2020,4,1600.0,3.0
Maharashtra,Pune,APMC Junnar,potato,2020,5,1942.22,45.0
Maharashtra,Pune,APMC Junnar,potato,2020,9,2242.11,95.0
Maharashtra,Pune,APMC Junnar,potato,2020,10,1760.69,173.0
Maharashtra,Pune,APMC Junnar,potato,2020,11,2951.18,170.0
Maharashtra,Pune,APMC Junnar,potato,2020,12,1589.11,101.0
Maharashtra,Pune,APMC Junnar,potato,2021,1,889.19,74.0
Maharashtra,Pune,APMC Junnar,potato,2021,2,1162.2,291.0
Maharashtra,Pune,APMC Junnar,potato,2021,3,1034.02,241.0
Maharashtra,Pune,APMC Junnar,potato,2021,4,1005.83,103.0
Maharashtra,Pune,APMC Junnar,potato,2021,5,1065.62,16.0
Maharashtra,Pune,APMC Junnar,potato,2021,6,1033.33,9.0
Maharashtra,Pune,APMC Junnar,potato,2021,7,1000.0,13.0
Maharashtra,Pune,APMC Junnar,potato,2021,9,1000.0,47.0
Maharashtra,Pune,APMC Junnar,potato,2021,10,1307.64,301.0
Maharashtra,Pune,APMC Junnar,potato,2021,11,1336.66,431.0
Maharashtra,Pune,APMC Junnar,potato,2021,12,1123.57,157.0
Maharashtra,Pune,APMC Junnar,potato,2022,1,1082.49,257.0
Maharashtra,Pune,APMC Junnar,potato,2022,2,1342.59,162.0
Maharashtra,Pune,APMC Junnar,potato,2022,3,1268.75,240.0
Maharashtra,Pune,APMC Junnar,potato,2022,4,1495.71,140.0
Maharashtra,Pune,APMC Junnar,potato,2022,5,1950.0,12.0
Maharashtra,Pune,APMC Junnar,potato,2022,10,2574.19,31.0
Maharashtra,Pune,APMC Junnar,potato,2022,11,2171.05,152.0
Maharashtra,Pune,APMC Junnar,potato,2022,12,1779.73,74.0
Maharashtra,Pune,APMC Junnar,potato,2023,1,1414.29,161.0
Maharashtra,Pune,APMC Junnar,potato,2023,2,1103.17,252.0
Maharashtra,Pune,APMC Junnar,potato,2023,3,988.1,462.0
Maharashtra,Pune,APMC Junnar,potato,2023,4,1000.0,211.0
Maharashtra,Pune,APMC Junnar,potato,2023,5,1067.11,76.0
Maharashtra,Pune,APMC Junnar,potato,2023,6,1216.0,25.0
Maharashtra,Pune,APMC Junnar,potato,2023,7,1450.0,2.0
Maharashtra,Pune,APMC Junnar,potato,2023,10,1383.44,320.0
Maharashtra,Pune,APMC Junnar,potato,2023,11,1348.84,172.0
Maharashtra,Pune,APMC Junnar,potato,2023,12,1291.38,116.0
Maharashtra,Pune,APMC Junnar,potato,2024,1,1151.82,247.0
Maharashtra,Pune,APMC Junnar,potato,2024,2,1251.27,158.0
Maharashtra,Pune,APMC Junnar,potato,2024,3,1630.14,186.8
Maharashtra,Pune,APMC Junnar,potato,2024,4,2294.39,30.3
Maharashtra,Pune,APMC Junnar,potato,2024,5,2200.0,13.3
Maharashtra,Pune,APMC Junnar,potato,2024,9,2700.0,17.9
Maharashtra,Pune,APMC Junnar,potato,2024,10,2509.44,69.9
Maharashtra,Pune,APMC Junnar,potato,2024,11,2843.27,69.1
Maharashtra,Pune,APMC Junnar,potato,2024,12,1676.95,126.5
Maharashtra,Pune,APMC Junnar,potato,2025,1,1570.73,104.2
Maharashtra,Pune,APMC Junnar,potato,2025,2,1465.28,155.8
Maharashtra,Pune,APMC Junnar,potato,2025,3,1400.0,76.2
Maharashtra,Pune,APMC Junnar,potato,2025,4,1402.98,57.1
Maharashtra,Pune,APMC Junnar,potato,2025,5,1593.68,68.0
Maharashtra,Pune,APMC Junnar,potato,2025,6,1518.75,6.4
Maharashtra,Pune,APMC Junnar,potato,2025,9,1600.0,6.8
Maharashtra,Pune,APMC Junnar,potato,2025,10,1900.0,14.2
Maharashtra,Pune,APMC Junnar,potato,2025,11,1859.0,20.0
Maharashtra,Pune,APMC Junnar,potato,2025,12,1507.6,88.2
Maharashtra,Pune,APMC Junnar,potato,2026,1,988.33,168.8
Maharashtra,Pune,APMC Junnar,potato,2026,2,848.29,125.5
Maharashtra,Pune,APMC Junnar,potato,2026,3,926.47,166.2
Maharashtra,Pune,APMC Junnar,potato,2026,4,956.32,76.7
Maharashtra,Pune,APMC Junnar,potato,2026,5,1230.86,8.1
Maharashtra,Pune,APMC Junnar,potato,2026,6,1000.0,8.2
Maharashtra,Pune,APMC Junnar,tomato,2021,6,600.0,273.0
Maharashtra,Pune,APMC Khed,potato,2026,6,1300.0,13.0
Maharashtra,Pune,APMC Khed,potato,2026,7,1231.64,190.6
Maharashtra,Pune,APMC Khed,potato,2026,8,1260.01,203.3
Maharashtra,Pune,APMC Khed,potato,2026,9,1271.06,170.5
Maharashtra,Pune,APMC Khed,tomato,2026,6,1700.0,6.7
Maharashtra,Pune,APMC Khed,tomato,2026,7,1950.0,153.2
Maharashtra,Pune,APMC Khed,tomato,2026,8,1222.4,203.1
Maharashtra,Pune,APMC Khed,tomato,2026,9,1008.75,205.8
Maharashtra,Pune,APMC Manchar,potato,2019,2,818.11,154.0
Maharashtra,Pune,APMC Manchar,potato,2019,4,978.68,19.0
Maharashtra,Pune,APMC Manchar,potato,2019,10,1047.82,39.0
Maharashtra,Pune,APMC Manchar,potato,2019,12,1431.29,58.0
Maharashtra,Pune,APMC Manchar,potato,2020,1,1523.38,77.0
Maharashtra,Pune,APMC Manchar,potato,2020,2,1048.06,235.0
Maharashtra,Pune,APMC Manchar,potato,2020,3,1325.0,17.0
Maharashtra,Pune,APMC Manchar,potato,2020,5,1972.42,184.0
Maharashtra,Pune,APMC Manchar,potato,2020,6,1781.67,3.0
Maharashtra,Pune,APMC Manchar,potato,2020,7,2420.0,5.0
Maharashtra,Pune,APMC Manchar,potato,2020,9,1000.0,2.0
Maharashtra,Pune,APMC Manchar,potato,2020,10,1842.5,70.0
Maharashtra,Pune,APMC Manchar,potato,2020,11,2269.33,30.0
Maharashtra,Pune,APMC Manchar,potato,2020,12,1441.03,116.0
Maharashtra,Pune,APMC Manchar,potato,2021,1,1095.59,434.0
Maharashtra,Pune,APMC Manchar,potato,2021,2,873.74,309.0
Maharashtra,Pune,APMC Manchar,potato,2021,3,847.38,223.0
Maharashtra,Pune,APMC Manchar,potato,2021,4,1104.42,86.0
Maharashtra,Pune,APMC Manchar,potato,2021,5,990.83,78.0
Maharashtra,Pune,APMC Manchar,potato,2021,6,1058.89,9.0
Maharashtra,Pune,APMC Manchar,potato,2021,7,1110.0,5.0
Maharashtra,Pune,APMC Manchar,potato,2021,9,910.41,61.0
Maharashtra,Pune,APMC Manchar,potato,2021,10,878.53,204.0
Maharashtra,Pune,APMC Manchar,potato,2021,11,1061.82,179.0
Maharashtra,Pune,APMC Manchar,potato,2021,12,1045.88,226.0
Maharashtra,Pune,APMC Manchar,potato,2022,1,925.02,209.0
Maharashtra,Pune,APMC Manchar,potato,2022,2,900.25,99.0
Maharashtra,Pune,APMC Manchar,potato,2022,3,897.32,140.0
Maharashtra,Pune,APMC Manchar,potato,2022,4,1117.3,50.0
Maharashtra,Pune,APMC Manchar,potato,2022,5,835.71,7.0
Maharashtra,Pune,APMC Manchar,potato,2022,9,1562.4,5.0
Maharashtra,Pune,APMC Manchar,potato,2022,10,1472.0,5.0
Maharashtra,Pune,APMC Manchar,potato,2022,12,1476.32,19.0
Maharashtra,Pune,APMC Manchar,potato,2023,1,1098.68,57.0
Maharashtra,Pune,APMC Manchar,potato,2023,2,1044.2,301.0
Maharashtra,Pune,APMC Manchar,potato,2023,3,935.19,239.0
Maharashtra,Pune,APMC Manchar,potato,2023,4,851.87,93.0
Maharashtra,Pune,APMC Manchar,potato,2023,5,1144.23,13.0
Maharashtra,Pune,APMC Manchar,potato,2023,6,1150.0,2.0
Maharashtra,Pune,APMC Manchar,potato,2023,9,1080.0,5.0
Maharashtra,Pune,APMC Manchar,potato,2023,10,1232.09,55.0
Maharashtra,Pune,APMC Manchar,potato,2023,11,1251.75,97.0
Maharashtra,Pune,APMC Manchar,potato,2023,12,1176.2,213.0
Maharashtra,Pune,APMC Manchar,potato,2024,1,1161.58,226.0
Maharashtra,Pune,APMC Manchar,potato,2024,2,1299.36,171.4
Maharashtra,Pune,APMC Manchar,potato,2024,3,1431.92,102.9
Maharashtra,Pune,APMC Manchar,potato,2024,4,1617.32,15.3
Maharashtra,Pune,APMC Manchar,potato,2024,5,1932.5,2.0
Maharashtra,Pune,APMC Manchar,potato,2024,6,1642.86,0.7
Maharashtra,Pune,APMC Manchar,potato,2024,7,1742.31,2.6
Maharashtra,Pune,APMC Manchar,potato,2024,8,1983.33,0.9
Maharashtra,Pune,APMC Manchar,potato,2024,9,2194.15,8.8
Maharashtra,Pune,APMC Manchar,potato,2024,10,2046.16,9.5
Maharashtra,Pune,APMC Manchar,potato,2024,11,2361.96,30.6
Maharashtra,Pune,APMC Manchar,potato,2024,12,1585.46,216.1
Maharashtra,Pune,APMC Manchar,potato,2025,1,1467.15,311.9
Maharashtra,Pune,APMC Manchar,potato,2025,2,1478.94,357.5
Maharashtra,Pune,APMC Manchar,potato,2025,3,1391.65,198.8
Maharashtra,Pune,APMC Manchar,potato,2025,4,1430.31,96.1
Maharashtra,Pune,APMC Manchar,potato,2025,5,1221.34,6.7
Maharashtra,Pune,APMC Manchar,potato,2025,6,1392.65,6.8
Maharashtra,Pune,APMC Manchar,potato,2025,7,1291.85,2.7
Maharashtra,Pune,APMC Manchar,potato,2025,8,1048.08,1.3
Maharashtra,Pune,APMC Manchar,potato,2025,9,1245.61,5.7
Maharashtra,Pune,APMC Manchar,potato,2025,10,1198.7,25.4
Maharashtra,Pune,APMC Manchar,potato,2025,11,1533.5,39.7
Maharashtra,Pune,APMC Manchar,potato,2025,12,1177.13,49.4
Maharashtra,Pune,APMC Manchar,potato,2026,1,915.32,242.4
Maharashtra,Pune,APMC Manchar,potato,2026,2,973.9,328.5
Maharashtra,Pune,APMC Manchar,potato,2026,3,1148.52,216.4
Maharashtra,Pune,APMC Manchar,potato,2026,4,899.3,28.5
Maharashtra,Pune,APMC Manchar,potato,2026,5,729.79,9.6
Maharashtra,Pune,APMC Manchar,potato,2026,6,1010.88,11.4
Maharashtra,Pune,APMC Manchar,potato,2026,7,908.22,13.2
Maharashtra,Pune,APMC Manchar,potato,2026,8,956.23,10.6
Maharashtra,Pune,APMC Manchar,potato,2026,9,986.97,3.3
Maharashtra,Pune,APMC Manchar,tomato,2019,8,1170.0,5.0
Maharashtra,Pune,APMC Manchar,tomato,2019,10,510.0,1.0
Maharashtra,Pune,APMC Manchar,tomato,2020,5,945.75,20.0
Maharashtra,Pune,APMC Manchar,tomato,2020,6,565.0,5.0
Maharashtra,Pune,APMC Manchar,tomato,2020,8,804.0,5.0
Maharashtra,Pune,APMC Manchar,tomato,2020,9,1055.0,1.0
Maharashtra,Pune,APMC Manchar,tomato,2021,1,543.33,3.0
Maharashtra,Pune,APMC Manchar,tomato,2021,5,1266.67,3.0
Maharashtra,Pune,APMC Manchar,tomato,2021,6,708.33,6.0
Maharashtra,Pune,APMC Manchar,tomato,2021,7,1025.0,4.0
Maharashtra,Pune,APMC Manchar,tomato,2021,8,350.0,1.0
Maharashtra,Pune,APMC Manchar,tomato,2021,10,2485.0,1.0
Maharashtra,Pune,APMC Manchar,tomato,2021,12,1966.67,3.0
Maharashtra,Pune,APMC Manchar,tomato,2022,1,1000.0,2.0
Maharashtra,Pune,APMC Manchar,tomato,2022,4,1900.0,2.0
Maharashtra,Pune,APMC Manchar,tomato,2022,5,3500.0,1.0
Maharashtra,Pune,APMC Manchar,tomato,2022,6,2175.0,2.0
Maharashtra,Pune,APMC Manchar,tomato,2022,7,2350.0,2.0
Maharashtra,Pune,APMC Manchar,tomato,2022,8,1730.0,5.0
Maharashtra,Pune,APMC Manchar,tomato,2022,11,2250.0,1.0
Maharashtra,Pune,APMC Manchar,tomato,2023,1,1750.0,2.0
Maharashtra,Pune,APMC Manchar,tomato,2023,2,2250.0,1.0
Maharashtra,Pune,APMC Manchar,tomato,2023,3,1875.0,4.0
Maharashtra,Pune,APMC Manchar,tomato,2023,4,1475.0,2.0
Maharashtra,Pune,APMC Manchar,tomato,2023,6,2933.33,3.0
Maharashtra,Pune,APMC Manchar,tomato,2023,7,2500.0,1.0
Maharashtra,Pune,APMC Manchar,tomato,2023,8,9505.0,1.0
Maharashtra,Pune,APMC Manchar,tomato,2023,9,750.0,1.0
Maharashtra,Pune,APMC Manchar,tomato,2023,10,865.0,5.0
Maharashtra,Pune,APMC Manchar,tomato,2023,11,1700.0,2.0
Maharashtra,Pune,APMC Manchar,tomato,2024,2,1858.7,2.3
Maharashtra,Pune,APMC Manchar,tomato,2024,3,1593.16,10.6
Maharashtra,Pune,APMC Manchar,tomato,2024,4,1642.57,14.8
Maharashtra,Pune,APMC Manchar,tomato,2024,5,1802.08,4.8
Maharashtra,Pune,APMC Manchar,tomato,2024,6,3885.0,0.6
Maharashtra,Pune,APMC Manchar,tomato,2024,7,4940.0,3.0
Maharashtra,Pune,APMC Manchar,tomato,2024,8,2760.71,1.4
Maharashtra,Pune,APMC Manchar,tomato,2024,9,3225.28,3.6
Maharashtra,Pune,APMC Manchar,tomato,2024,10,5214.55,2.2
Maharashtra,Pune,APMC Manchar,tomato,2024,11,4746.88,1.6
Maharashtra,Pune,APMC Manchar,tomato,2024,12,3661.08,7.9
Maharashtra,Pune,APMC Manchar,tomato,2025,1,1693.45,16.8
Maharashtra,Pune,APMC Manchar,tomato,2025,2,1719.0,10.0
Maharashtra,Pune,APMC Manchar,tomato,2025,3,1752.52,13.9
Maharashtra,Pune,APMC Manchar,tomato,2025,4,1859.34,6.8
Maharashtra,Pune,APMC Manchar,tomato,2025,5,2436.08,5.1
Maharashtra,Pune,APMC Manchar,tomato,2025,6,2899.83,8.9
Maharashtra,Pune,APMC Manchar,tomato,2025,7,3457.72,6.8
Maharashtra,Pune,APMC Manchar,tomato,2025,8,4878.95,3.8
Maharashtra,Pune,APMC Manchar,tomato,2025,9,2987.21,4.3
Maharashtra,Pune,APMC Manchar,tomato,2025,10,2905.56,3.6
Maharashtra,Pune,APMC Manchar,tomato,2025,11,3661.11,1.8
Maharashtra,Pune,APMC Manchar,tomato,2025,12,4260.53,3.8
Maharashtra,Pune,APMC Manchar,tomato,2026,1,3842.11,1.9
Maharashtra,Pune,APMC Manchar,tomato,2026,2,2146.43,1.4
Maharashtra,Pune,APMC Manchar,tomato,2026,3,1800.0,0.3
Maharashtra,Pune,APMC Manchar,tomato,2026,4,2612.33,5.8
Maharashtra,Pune,APMC Manchar,tomato,2026,5,2905.43,4.7
Maharashtra,Pune,APMC Manchar,tomato,2026,6,2756.38,2.9
Maharashtra,Pune,APMC Manchar,tomato,2026,7,3130.0,1.0
Maharashtra,Pune,APMC Manchar,tomato,2026,8,2050.0,1.7
Maharashtra,Pune,APMC Manchar,tomato,2026,9,2400.0,0.2
Maharashtra,Pune,APMC Pune,potato,2019,2,1038.93,13760.0
Maharashtra,Pune,APMC Pune,potato,2019,4,1045.68,15840.0
Maharashtra,Pune,APMC Pune,potato,2019,6,1343.09,16300.0
Maharashtra,Pune,APMC Pune,potato,2019,8,1238.39,18646.0
Maharashtra,Pune,APMC Pune,potato,2019,10,1362.65,20456.0
Maharashtra,Pune,APMC Pune,potato,2019,12,1969.61,18670.0
Maharashtra,Pune,APMC Pune,potato,2020,1,2021.48,16182.0
Maharashtra,Pune,APMC Pune,potato,2020,2,1652.29,12381.0
Maharashtra,Pune,APMC Pune,potato,2020,3,1659.55,8786.0
Maharashtra,Pune,APMC Pune,potato,2020,4,1929.2,2070.0
Maharashtra,Pune,APMC Pune,potato,2020,5,2000.0,134.0
Maharashtra,Pune,APMC Pune,potato,2020,6,1912.09,7129.0
Maharashtra,Pune,APMC Pune,potato,2020,7,2276.07,8742.0
Maharashtra,Pune,APMC Pune,potato,2020,8,2452.61,9483.0
Maharashtra,Pune,APMC Pune,potato,2020,9,2615.58,12769.0
Maharashtra,Pune,APMC Pune,potato,2020,10,2693.95,7681.0
Maharashtra,Pune,APMC Pune,potato,2020,11,3224.21,11248.0
Maharashtra,Pune,APMC Pune,potato,2020,12,2430.06,16885.0
Maharashtra,Pune,APMC Pune,potato,2021,1,1423.14,11629.0
Maharashtra,Pune,APMC Pune,potato,2021,2,1168.59,11219.0
Maharashtra,Pune,APMC Pune,potato,2021,3,1152.65,14092.0
Maharashtra,Pune,APMC Pune,potato,2021,4,1209.23,12640.0
Maharashtra,Pune,APMC Pune,potato,2021,5,1181.3,9717.0
Maharashtra,Pune,APMC Pune,potato,2021,6,1113.98,12678.0
Maharashtra,Pune,APMC Pune,potato,2021,7,992.86,10976.0
Maharashtra,Pune,APMC Pune,potato,2021,8,1001.07,9255.0
Maharashtra,Pune,APMC Pune,potato,2021,9,1071.28,14537.0
Maharashtra,Pune,APMC Pune,potato,2021,10,1319.63,21544.0
Maharashtra,Pune,APMC Pune,potato,2021,11,1613.9,17019.0
Maharashtra,Pune,APMC Pune,potato,2021,12,1300.42,20525.0
Maharashtra,Pune,APMC Pune,potato,2022,1,1098.49,14321.0
Maharashtra,Pune,APMC Pune,potato,2022,2,1190.76,12383.0
Maharashtra,Pune,APMC Pune,potato,2022,3,1361.51,16617.0
Maharashtra,Pune,APMC Pune,potato,2022,4,1483.19,13910.0
Maharashtra,Pune,APMC Pune,potato,2022,5,1770.8,14060.0
Maharashtra,Pune,APMC Pune,potato,2022,6,1785.48,13015.0
Maharashtra,Pune,APMC Pune,potato,2022,7,1874.83,15772.0
Maharashtra,Pune,APMC Pune,potato,2022,8,1948.77,14879.0
Maharashtra,Pune,APMC Pune,potato,2022,9,1996.88,12042.0
Maharashtra,Pune,APMC Pune,potato,2022,10,2242.16,14306.0
Maharashtra,Pune,APMC Pune,potato,2022,11,1923.74,13568.0
Maharashtra,Pune,APMC Pune,potato,2022,12,1861.64,14052.0
Maharashtra,Pune,APMC Pune,potato,2023,1,1653.76,11634.0
Maharashtra,Pune,APMC Pune,potato,2023,2,1175.76,15317.0
Maharashtra,Pune,APMC Pune,potato,2023,3,995.07,16651.0
Maharashtra,Pune,APMC Pune,potato,2023,4,1202.25,13953.0
Maharashtra,Pune,APMC Pune,potato,2023,5,1517.3,14741.0
Maharashtra,Pune,APMC Pune,potato,2023,6,1538.55,15480.0
Maharashtra,Pune,APMC Pune,potato,2023,7,1585.18,16095.0
Maharashtra,Pune,APMC Pune,potato,2023,8,1592.46,17601.0
Maharashtra,Pune,APMC Pune,potato,2023,9,1468.46,15762.0
Maharashtra,Pune,APMC Pune,potato,2023,10,1549.74,22872.0
Maharashtra,Pune,APMC Pune,potato,2023,11,1512.86,14581.0
Maharashtra,Pune,APMC Pune,potato,2023,12,1534.01,14922.0
Maharashtra,Pune,APMC Pune,potato,2024,1,1440.84,15843.0
Maharashtra,Pune,APMC Pune,potato,2024,2,2135.29,13391.9
Maharashtra,Pune,APMC Pune,potato,2024,3,1784.54,16054.3
Maharashtra,Pune,APMC Pune,potato,2024,4,2172.96,10651.6
Maharashtra,Pune,APMC Pune,potato,2024,5,2351.14,14554.6
Maharashtra,Pune,APMC Pune,potato,2024,6,2538.03,15772.9
Maharashtra,Pune,APMC Pune,potato,2024,7,2772.48,15421.9
Maharashtra,Pune,APMC Pune,potato,2024,8,2623.2,14938.0
Maharashtra,Pune,APMC Pune,potato,2024,9,2580.45,16059.1
Maharashtra,Pune,APMC Pune,potato,2024,10,2829.46,17439.8
Maharashtra,Pune,APMC Pune,potato,2024,11,3130.71,15034.9
Maharashtra,Pune,APMC Pune,potato,2024,12,2389.33,19017.3
Maharashtra,Pune,APMC Pune,potato,2025,1,1761.29,16182.4
Maharashtra,Pune,APMC Pune,potato,2025,2,1559.32,13627.7
Maharashtra,Pune,APMC Pune,potato,2025,3,1461.2,15775.1
Maharashtra,Pune,APMC Pune,potato,2025,4,1577.17,14671.0
Maharashtra,Pune,APMC Pune,potato,2025,5,1709.92,13367.6
Maharashtra,Pune,APMC Pune,potato,2025,6,1754.46,15342.6
Maharashtra,Pune,APMC Pune,potato,2025,7,2082.2,15444.9
Maharashtra,Pune,APMC Pune,potato,2025,8,1461.94,18938.6
Maharashtra,Pune,APMC Pune,potato,2025,9,1532.1,17214.9
Maharashtra,Pune,APMC Pune,potato,2025,10,1652.39,18054.2
Maharashtra,Pune,APMC Pune,potato,2025,11,1724.11,17399.5
Maharashtra,Pune,APMC Pune,potato,2025,12,1356.9,17926.8
Maharashtra,Pune,APMC Pune,potato,2026,1,962.37,13093.4
Maharashtra,Pune,APMC Pune,potato,2026,2,970.15,14724.9
Maharashtra,Pune,APMC Pune,potato,2026,3,937.11,15962.2
Maharashtra,Pune,APMC Pune,potato,2026,4,920.55,13858.5
Maharashtra,Pune,APMC Pune,potato,2026,5,1010.21,12184.8
Maharashtra,Pune,APMC Pune,potato,2026,6,1184.26,15531.6
Maharashtra,Pune,APMC Pune,potato,2026,7,1192.99,15247.2
Maharashtra,Pune,APMC Pune,potato,2026,8,1110.8,17076.8
Maharashtra,Pune,APMC Pune,potato,2026,9,1086.81,12254.7
Maharashtra,Pune,APMC Pune,tomato,2019,2,1180.62,4325.0
Maharashtra,Pune,APMC Pune,tomato,2019,4,950.15,4881.0
Maharashtra,Pune,APMC Pune,tomato,2019,6,1740.15,4032.0
Maharashtra,Pune,APMC Pune,tomato,2019,8,1470.25,5502.0
Maharashtra,Pune,APMC Pune,tomato,2019,10,1437.96,4700.0
Maharashtra,Pune,APMC Pune,tomato,2019,12,838.4,5385.0
Maharashtra,Pune,APMC Pune,tomato,2020,1,880.05,5581.0
Maharashtra,Pune,APMC Pune,tomato,2020,2,525.39,5506.0
Maharashtra,Pune,APMC Pune,tomato,2020,3,576.05,4004.0
Maharashtra,Pune,APMC Pune,tomato,2020,4,589.38,386.0
Maharashtra,Pune,APMC Pune,tomato,2020,5,900.0,29.0
Maharashtra,Pune,APMC Pune,tomato,2020,6,1274.03,2295.0
Maharashtra,Pune,APMC Pune,tomato,2020,7,1563.37,3134.0
Maharashtra,Pune,APMC Pune,tomato,2020,8,1203.68,2979.0
Maharashtra,Pune,APMC Pune,tomato,2020,9,2281.44,3278.0
Maharashtra,Pune,APMC Pune,tomato,2020,10,1529.06,1958.0
Maharashtra,Pune,APMC Pune,tomato,2020,11,1357.13,5232.0
Maharashtra,Pune,APMC Pune,tomato,2020,12,1306.24,3869.0
Maharashtra,Pune,APMC Pune,tomato,2021,1,532.77,3572.0
Maharashtra,Pune,APMC Pune,tomato,2021,2,755.34,4084.0
Maharashtra,Pune,APMC Pune,tomato,2021,3,664.87,3980.0
Maharashtra,Pune,APMC Pune,tomato,2021,4,860.07,3849.0
Maharashtra,Pune,APMC Pune,tomato,2021,5,767.99,3265.0
Maharashtra,Pune,APMC Pune,tomato,2021,6,689.48,5021.0
Maharashtra,Pune,APMC Pune,tomato,2021,7,764.55,5669.0
Maharashtra,Pune,APMC Pune,tomato,2021,8,706.3,5251.0
Maharashtra,Pune,APMC Pune,tomato,2021,9,829.74,4390.0
Maharashtra,Pune,APMC Pune,tomato,2021,10,2129.14,4190.0
Maharashtra,Pune,APMC Pune,tomato,2021,11,2506.38,3839.0
Maharashtra,Pune,APMC Pune,tomato,2021,12,2436.94,4548.0
Maharashtra,Pune,APMC Pune,tomato,2022,1,1463.0,4664.0
Maharashtra,Pune,APMC Pune,tomato,2022,2,1241.25,4719.0
Maharashtra,Pune,APMC Pune,tomato,2022,3,993.67,5517.0
Maharashtra,Pune,APMC Pune,tomato,2022,4,1160.14,4575.0
Maharashtra,Pune,APMC Pune,tomato,2022,5,3056.65,3382.0
Maharashtra,Pune,APMC Pune,tomato,2022,6,3010.17,3756.0
Maharashtra,Pune,APMC Pune,tomato,2022,7,1154.12,6512.0
Maharashtra,Pune,APMC Pune,tomato,2022,8,1060.98,5630.0
Maharashtra,Pune,APMC Pune,tomato,2022,9,1321.7,3639.0
Maharashtra,Pune,APMC Pune,tomato,2022,10,2023.09,4416.0
Maharashtra,Pune,APMC Pune,tomato,2022,11,915.77,4560.0
Maharashtra,Pune,APMC Pune,tomato,2022,12,581.21,4707.0
Maharashtra,Pune,APMC Pune,tomato,2023,1,796.63,3843.0
Maharashtra,Pune,APMC Pune,tomato,2023,2,956.35,4472.0
Maharashtra,Pune,APMC Pune,tomato,2023,3,1186.55,5176.0
Maharashtra,Pune,APMC Pune,tomato,2023,4,961.19,4917.0
Maharashtra,Pune,APMC Pune,tomato,2023,5,759.47,5339.0
Maharashtra,Pune,APMC Pune,tomato,2023,6,1955.06,4583.0
Maharashtra,Pune,APMC Pune,tomato,2023,7,5924.98,3106.0
Maharashtra,Pune,APMC Pune,tomato,2023,8,3711.37,3892.0
Maharashtra,Pune,APMC Pune,tomato,2023,9,768.03,4906.0
Maharashtra,Pune,APMC Pune,tomato,2023,10,617.71,5978.0
Maharashtra,Pune,APMC Pune,tomato,2023,11,1483.79,4245.0
Maharashtra,Pune,APMC Pune,tomato,2023,12,1619.75,5414.0
Maharashtra,Pune,APMC Pune,tomato,2024,1,1702.06,5283.0
Maharashtra,Pune,APMC Pune,tomato,2024,2,1781.8,5148.2
Maharashtra,Pune,APMC Pune,tomato,2024,3,1160.11,5534.3
Maharashtra,Pune,APMC Pune,tomato,2024,4,932.37,3873.7
Maharashtra,Pune,APMC Pune,tomato,2024,5,1135.94,5215.8
Maharashtra,Pune,APMC Pune,tomato,2024,6,2675.74,4683.7
Maharashtra,Pune,APMC Pune,tomato,2024,7,3404.68,4989.2
Maharashtra,Pune,APMC Pune,tomato,2024,8,1555.11,5619.2
Maharashtra,Pune,APMC Pune,tomato,2024,9,1748.61,4827.5
Maharashtra,Pune,APMC Pune,tomato,2024,10,2657.56,4649.6
Maharashtra,Pune,APMC Pune,tomato,2024,11,1659.28,4689.1
Maharashtra,Pune,APMC Pune,tomato,2024,12,1512.01,5761.4
Maharashtra,Pune,APMC Pune,tomato,2025,1,1506.21,8708.7
Maharashtra,Pune,APMC Pune,tomato,2025,2,862.06,5000.3
Maharashtra,Pune,APMC Pune,tomato,2025,3,870.21,5342.0
Maharashtra,Pune,APMC Pune,tomato,2025,4,841.02,5588.8
Maharashtra,Pune,APMC Pune,tomato,2025,5,1487.95,5488.3
Maharashtra,Pune,APMC Pune,tomato,2025,6,1463.98,6825.1
Maharashtra,Pune,APMC Pune,tomato,2025,7,1664.97,6011.4
Maharashtra,Pune,APMC Pune,tomato,2025,8,2236.32,5490.0
Maharashtra,Pune,APMC Pune,tomato,2025,9,1303.02,5641.9
Maharashtra,Pune,APMC Pune,tomato,2025,10,1211.58,5007.9
Maharashtra,Pune,APMC Pune,tomato,2025,11,1868.29,4536.7
Maharashtra,Pune,APMC Pune,tomato,2025,12,2348.22,4622.2
Maharashtra,Pune,APMC Pune,tomato,2026,1,1799.2,4989.9
Maharashtra,Pune,APMC Pune,tomato,2026,2,1143.33,5316.3
Maharashtra,Pune,APMC Pune,tomato,2026,3,1068.34,5523.8
Maharashtra,Pune,APMC Pune,tomato,2026,4,1161.08,4767.2
Maharashtra,Pune,APMC Pune,tomato,2026,5,1827.87,4300.7
Maharashtra,Pune,APMC Pune,tomato,2026,6,1815.26,5803.0
Maharashtra,Pune,APMC Pune,tomato,2026,7,1530.79,5898.9
Maharashtra,Pune,APMC Pune,tomato,2026,8,1219.98,5473.6
Maharashtra,Pune,APMC Pune,tomato,2026,9,1122.18,4421.2
Maharashtra,Pune,Junnar(Alephata),potato,2023,3,1000.0,3.0
Maharashtra,Pune,Junnar(Narayangaon),potato,2022,6,1733.33,3.0
Maharashtra,Pune,Junnar(Narayangaon),potato,2022,7,1763.33,15.0
Maharashtra,Pune,Junnar(Narayangaon),potato,2022,8,1782.14,14.0
Maharashtra,Pune,Junnar(Narayangaon),potato,2022,9,1925.0,8.0
Maharashtra,Pune,Junnar(Narayangaon),potato,2022,10,2006.67,15.0
Maharashtra,Pune,Junnar(Narayangaon),potato,2022,11,1657.58,33.0
Maharashtra,Pune,Junnar(Narayangaon),potato,2022,12,1480.33,61.0
Maharashtra,Pune,Junnar(Narayangaon),potato,2023,1,1161.02,59.0
Maharashtra,Pune,Junnar(Narayangaon),potato,2023,2,947.14,140.0
Maharashtra,Pune,Junnar(Narayangaon),potato,2023,3,883.85,130.0
Maharashtra,Pune,Junnar(Narayangaon),potato,2023,4,877.65,85.0
Maharashtra,Pune,Junnar(Narayangaon),potato,2023,5,1306.94,36.0
Maharashtra,Pune,Junnar(Narayangaon),potato,2023,6,1347.62,21.0
Maharashtra,Pune,Junnar(Narayangaon),potato,2023,7,1583.33,12.0
Maharashtra,Pune,Junnar(Narayangaon),potato,2023,8,1610.0,10.0
Maharashtra,Pune,Junnar(Narayangaon),potato,2023,9,1455.56,9.0
Maharashtra,Pune,Junnar(Narayangaon),potato,2023,10,1171.43,7.0
Maharashtra,Pune,Junnar(Narayangaon),potato,2023,11,1192.97,64.0
Maharashtra,Pune,Junnar(Narayangaon),potato,2023,12,1100.0,156.0
Maharashtra,Pune,Junnar(Narayangaon),potato,2024,1,1055.28,87.0
Maharashtra,Pune,Junnar(Narayangaon),potato,2024,2,1181.2,46.8
Maharashtra,Pune,Junnar(Narayangaon),potato,2024,3,1367.14,49.3
Maharashtra,Pune,Junnar(Narayangaon),potato,2024,4,2098.27,28.9
Maharashtra,Pune,Junnar(Narayangaon),potato,2024,5,2370.41,21.8
Maharashtra,Pune,Junnar(Narayangaon),potato,2024,6,2463.04,9.2
Maharashtra,Pune,Junnar(Narayangaon),potato,2024,7,2850.0,7.4
Maharashtra,Pune,Junnar(Narayangaon),potato,2024,8,3000.0,1.6
Maharashtra,Pune,Junnar(Narayangaon),potato,2024,9,2921.05,1.9
Maharashtra,Pune,Junnar(Narayangaon),potato,2024,10,3000.0,0.5
Maharashtra,Pune,Junnar(Narayangaon),potato,2024,11,2441.89,33.9
Maharashtra,Pune,Junnar(Narayangaon),potato,2024,12,1470.41,74.0
Maharashtra,Pune,Junnar(Narayangaon),potato,2025,1,1140.18,110.0
Maharashtra,Pune,Junnar(Narayangaon),potato,2025,2,1197.54,77.3
Maharashtra,Pune,Junnar(Narayangaon),potato,2025,3,1299.89,87.6
Maharashtra,Pune,Junnar(Narayangaon),potato,2025,4,1384.63,50.1
Maharashtra,Pune,Junnar(Narayangaon),potato,2025,5,1467.29,10.7
Maharashtra,Pune,Junnar(Narayangaon),potato,2025,6,1601.38,21.7
Maharashtra,Pune,Junnar(Narayangaon),potato,2025,7,1482.24,15.2
Maharashtra,Pune,Junnar(Narayangaon),potato,2025,8,1482.43,14.8
Maharashtra,Pune,Junnar(Narayangaon),potato,2025,9,1491.06,17.9
Maharashtra,Pune,Junnar(Narayangaon),potato,2025,10,1459.7,6.7
Maharashtra,Pune,Junnar(Narayangaon),potato,2025,11,1503.06,130.8
Maharashtra,Pune,Junnar(Narayangaon),potato,2025,12,1053.49,81.7
Maharashtra,Pune,Junnar(Narayangaon),potato,2026,1,780.98,193.5
Maharashtra,Pune,Junnar(Narayangaon),potato,2026,2,754.65,195.6
Maharashtra,Pune,Junnar(Narayangaon),potato,2026,3,797.24,224.5
Maharashtra,Pune,Junnar(Narayangaon),potato,2026,4,762.03,148.4
Maharashtra,Pune,Junnar(Narayangaon),potato,2026,5,928.0,45.0
Maharashtra,Pune,Junnar(Narayangaon),potato,2026,6,1285.18,47.9
Maharashtra,Pune,Junnar(Narayangaon),potato,2026,7,1264.09,57.5
Maharashtra,Pune,Junnar(Narayangaon),potato,2026,8,1312.14,35.5
Maharashtra,Pune,Junnar(Narayangaon),potato,2026,9,1016.5,49.1
Maharashtra,Pune,Junnar(Narayangaon),tomato,2019,2,1481.5,173.0
Maharashtra,Pune,Junnar(Narayangaon),tomato,2019,4,844.08,1394.0
Maharashtra,Pune,Junnar(Narayangaon),tomato,2019,6,1735.81,15330.0
Maharashtra,Pune,Junnar(Narayangaon),tomato,2019,8,2004.32,7131.0
Maharashtra,Pune,Junnar(Narayangaon),tomato,2019,10,2888.2,5050.0
Maharashtra,Pune,Junnar(Narayangaon),tomato,2019,12,803.28,338.0
Maharashtra,Pune,Junnar(Narayangaon),tomato,2020,1,1083.25,624.0
Maharashtra,Pune,Junnar(Narayangaon),tomato,2020,2,482.86,1374.0
Maharashtra,Pune,Junnar(Narayangaon),tomato,2020,3,409.08,7307.0
Maharashtra,Pune,Junnar(Narayangaon),tomato,2020,4,447.03,505.0
Maharashtra,Pune,Junnar(Narayangaon),tomato,2020,5,423.71,4403.0
Maharashtra,Pune,Junnar(Narayangaon),tomato,2020,6,1514.65,12844.0
Maharashtra,Pune,Junnar(Narayangaon),tomato,2020,7,1952.87,17351.0
Maharashtra,Pune,Junnar(Narayangaon),tomato,2020,8,2054.92,8126.0
Maharashtra,Pune,Junnar(Narayangaon),tomato,2020,9,2853.67,6779.0
Maharashtra,Pune,Junnar(Narayangaon),tomato,2020,10,2006.26,2350.0
Maharashtra,Pune,Junnar(Narayangaon),tomato,2020,11,1891.66,1182.0
Maharashtra,Pune,Junnar(Narayangaon),tomato,2020,12,1680.79,1312.0
Maharashtra,Pune,Junnar(Narayangaon),tomato,2021,1,684.81,1544.0
Maharashtra,Pune,Junnar(Narayangaon),tomato,2021,2,902.17,2583.0
Maharashtra,Pune,Junnar(Narayangaon),tomato,2021,3,996.12,1856.0
Maharashtra,Pune,Junnar(Narayangaon),tomato,2021,4,1080.96,1954.0
Maharashtra,Pune,Junnar(Narayangaon),tomato,2021,5,804.68,4482.0
Maharashtra,Pune,Junnar(Narayangaon),tomato,2021,6,567.62,12572.0
Maharashtra,Pune,Junnar(Narayangaon),tomato,2021,7,947.2,22490.0
Maharashtra,Pune,Junnar(Narayangaon),tomato,2021,8,824.13,15575.0
Maharashtra,Pune,Junnar(Narayangaon),tomato,2021,9,865.6,13387.0
Maharashtra,Pune,Junnar(Narayangaon),tomato,2021,10,2727.12,2581.0
Maharashtra,Pune,Junnar(Narayangaon),tomato,2021,11,1527.49,3048.0
Maharashtra,Pune,Junnar(Narayangaon),tomato,2021,12,2182.29,566.0
Maharashtra,Pune,Junnar(Narayangaon),tomato,2022,1,1373.73,750.0
Maharashtra,Pune,Junnar(Narayangaon),tomato,2022,2,1107.34,1002.0
Maharashtra,Pune,Junnar(Narayangaon),tomato,2022,3,993.16,1441.0
Maharashtra,Pune,Junnar(Narayangaon),tomato,2022,4,1059.44,2489.0
Maharashtra,Pune,Junnar(Narayangaon),tomato,2022,5,3059.48,4220.0
Maharashtra,Pune,Junnar(Narayangaon),tomato,2022,6,3483.75,6678.0
Maharashtra,Pune,Junnar(Narayangaon),tomato,2022,7,1339.3,11229.0
Maharashtra,Pune,Junnar(Narayangaon),tomato,2022,8,1088.75,9547.0
Maharashtra,Pune,Junnar(Narayangaon),tomato,2022,9,1541.89,6754.0
Maharashtra,Pune,Junnar(Narayangaon),tomato,2022,10,2071.04,2576.0
Maharashtra,Pune,Junnar(Narayangaon),tomato,2022,11,659.09,462.0
Maharashtra,Pune,Junnar(Narayangaon),tomato,2022,12,496.02,805.0
Maharashtra,Pune,Junnar(Narayangaon),tomato,2023,1,700.51,1360.0
Maharashtra,Pune,Junnar(Narayangaon),tomato,2023,2,844.89,1919.0
Maharashtra,Pune,Junnar(Narayangaon),tomato,2023,3,1122.12,1616.0
Maharashtra,Pune,Junnar(Narayangaon),tomato,2023,4,763.83,2101.0
Maharashtra,Pune,Junnar(Narayangaon),tomato,2023,5,601.22,7123.0
Maharashtra,Pune,Junnar(Narayangaon),tomato,2023,6,2209.13,17839.0
Maharashtra,Pune,Junnar(Narayangaon),tomato,2023,7,7230.07,8330.0
Maharashtra,Pune,Junnar(Narayangaon),tomato,2023,8,3673.64,5834.0
Maharashtra,Pune,Junnar(Narayangaon),tomato,2023,9,555.13,4563.0
Maharashtra,Pune,Junnar(Narayangaon),tomato,2023,10,528.77,3716.0
Maharashtra,Pune,Junnar(Narayangaon),tomato,2023,11,1708.46,1686.0
Maharashtra,Pune,Junnar(Narayangaon),tomato,2023,12,1674.5,1000.0
Maharashtra,Pune,Junnar(Narayangaon),tomato,2024,1,1747.07,939.0
Maharashtra,Pune,Junnar(Narayangaon),tomato,2024,2,1769.6,1339.0
Maharashtra,Pune,Junnar(Narayangaon),tomato,2024,3,1057.07,2758.8
Maharashtra,Pune,Junnar(Narayangaon),tomato,2024,4,840.15,4340.4
Maharashtra,Pune,Junnar(Narayangaon),tomato,2024,5,1042.57,7711.7
Maharashtra,Pune,Junnar(Narayangaon),tomato,2024,6,2631.76,2230.4
Maharashtra,Pune,Junnar(Narayangaon),tomato,2024,7,3730.3,2586.6
Maharashtra,Pune,Junnar(Narayangaon),tomato,2024,8,1675.21,6533.5
Maharashtra,Pune,Junnar(Narayangaon),tomato,2024,9,2019.94,5580.8
Maharashtra,Pune,Junnar(Narayangaon),tomato,2024,10,3895.27,3294.3
Maharashtra,Pune,Junnar(Narayangaon),tomato,2024,11,2023.04,1389.1
Maharashtra,Pune,Junnar(Narayangaon),tomato,2024,12,1754.31,1477.5
Maharashtra,Pune,Junnar(Narayangaon),tomato,2025,1,916.39,1559.9
Maharashtra,Pune,Junnar(Narayangaon),tomato,2025,2,892.75,1868.6
Maharashtra,Pune,Junnar(Narayangaon),tomato,2025,3,778.63,2987.4
Maharashtra,Pune,Junnar(Narayangaon),tomato,2025,4,939.89,3990.7
Maharashtra,Pune,Junnar(Narayangaon),tomato,2025,5,1466.41,11975.5
Maharashtra,Pune,Junnar(Narayangaon),tomato,2025,6,1452.37,9228.0
Maharashtra,Pune,Junnar(Narayangaon),tomato,2025,7,2335.35,12354.7
Maharashtra,Pune,Junnar(Narayangaon),tomato,2025,8,2903.36,11202.6
Maharashtra,Pune,Junnar(Narayangaon),tomato,2025,9,1174.26,6073.1
Maharashtra,Pune,Junnar(Narayangaon),tomato,2025,10,1075.78,2351.0
Maharashtra,Pune,Junnar(Narayangaon),tomato,2025,11,2494.67,1383.0
Maharashtra,Pune,Junnar(Narayangaon),tomato,2025,12,3067.05,1695.0
Maharashtra,Pune,Junnar(Narayangaon),tomato,2026,1,1801.54,3974.7
Maharashtra,Pune,Junnar(Narayangaon),tomato,2026,2,1079.02,5658.5
Maharashtra,Pune,Junnar(Narayangaon),tomato,2026,3,1214.65,4252.4
Maharashtra,Pune,Junnar(Narayangaon),tomato,2026,4,1382.34,6714.0
Maharashtra,Pune,Junnar(Narayangaon),tomato,2026,5,1949.87,9105.0
Maharashtra,Pune,Junnar(Narayangaon),tomato,2026,6,1907.74,18367.0
Maharashtra,Pune,Junnar(Narayangaon),tomato,2026,7,1881.44,14252.2
Maharashtra,Pune,Junnar(Narayangaon),tomato,2026,8,1288.13,12407.0
Maharashtra,Pune,Junnar(Narayangaon),tomato,2026,9,1298.11,18379.9
Maharashtra,Pune,Junnar(Otur),potato,2019,2,1100.0,6.0
Maharashtra,Pune,Junnar(Otur),potato,2019,4,925.0,12.0
Maharashtra,Pune,Junnar(Otur),potato,2019,10,1967.03,91.0
Maharashtra,Pune,Junnar(Otur),potato,2019,12,1700.0,29.0
Maharashtra,Pune,Junnar(Otur),potato,2020,1,1593.1,29.0
Maharashtra,Pune,Junnar(Otur),potato,2020,2,1201.52,99.0
Maharashtra,Pune,Junnar(Otur),potato,2020,3,1319.32,88.0
Maharashtra,Pune,Junnar(Otur),potato,2020,9,3494.27,1309.0
Maharashtra,Pune,Junnar(Otur),potato,2020,10,1692.31,13.0
Maharashtra,Pune,Junnar(Otur),potato,2020,11,2333.33,6.0
Maharashtra,Pune,Junnar(Otur),potato,2020,12,3451.61,186.0
Maharashtra,Pune,Junnar(Otur),potato,2021,1,1163.79,58.0
Maharashtra,Pune,Junnar(Otur),potato,2021,2,1057.53,93.0
Maharashtra,Pune,Junnar(Otur),potato,2021,4,1192.31,52.0
Maharashtra,Pune,Junnar(Otur),potato,2021,5,1252.78,36.0
Maharashtra,Pune,Junnar(Otur),potato,2021,6,1133.33,3.0
Maharashtra,Pune,Junnar(Otur),potato,2021,7,1000.0,1.0
Maharashtra,Pune,Junnar(Otur),potato,2021,11,1432.39,71.0
Maharashtra,Pune,Junnar(Otur),potato,2021,12,1000.0,9.0
Maharashtra,Pune,Junnar(Otur),potato,2022,1,977.5,20.0
Maharashtra,Pune,Junnar(Otur),potato,2022,2,1000.0,30.0
Maharashtra,Pune,Junnar(Otur),potato,2022,3,1000.0,63.0
Maharashtra,Pune,Junnar(Otur),potato,2022,4,1000.0,10.0
Maharashtra,Pune,Junnar(Otur),potato,2022,6,750.0,1.0
Maharashtra,Pune,Junnar(Otur),potato,2022,7,816.67,3.0
Maharashtra,Pune,Junnar(Otur),potato,2022,8,1487.5,4.0
Maharashtra,Pune,Junnar(Otur),potato,2022,9,1471.43,7.0
Maharashtra,Pune,Junnar(Otur),potato,2022,10,1645.95,37.0
Maharashtra,Pune,Junnar(Otur),potato,2022,11,1472.5,40.0
Maharashtra,Pune,Junnar(Otur),potato,2022,12,1490.91,11.0
Maharashtra,Pune,Junnar(Otur),potato,2023,1,1136.75,117.0
Maharashtra,Pune,Junnar(Otur),potato,2023,2,1044.01,192.0
Maharashtra,Pune,Junnar(Otur),potato,2023,3,926.33,188.0
Maharashtra,Pune,Junnar(Otur),potato,2023,4,926.56,128.0
Maharashtra,Pune,Junnar(Otur),potato,2023,5,969.81,53.0
Maharashtra,Pune,Junnar(Otur),potato,2023,6,965.0,10.0
Maharashtra,Pune,Junnar(Otur),potato,2023,10,1201.94,103.0
Maharashtra,Pune,Junnar(Otur),potato,2023,11,1246.3,27.0
Maharashtra,Pune,Junnar(Otur),potato,2023,12,1090.15,66.0
Maharashtra,Pune,Junnar(Otur),potato,2024,1,1003.6,111.0
Maharashtra,Pune,Junnar(Otur),potato,2024,2,1091.85,126.4
Maharashtra,Pune,Junnar(Otur),potato,2024,3,1402.68,149.3
Maharashtra,Pune,Junnar(Otur),potato,2024,4,1770.0,35.0
Maharashtra,Pune,Junnar(Otur),potato,2024,5,1715.65,29.4
Maharashtra,Pune,Junnar(Otur),potato,2024,6,1485.71,1.4
Maharashtra,Pune,Junnar(Otur),potato,2024,7,1773.91,4.6
Maharashtra,Pune,Junnar(Otur),potato,2024,8,1700.0,2.6
Maharashtra,Pune,Junnar(Otur),potato,2024,9,1961.2,89.3
Maharashtra,Pune,Junnar(Otur),potato,2024,10,1945.03,72.5
Maharashtra,Pune,Junnar(Otur),potato,2024,11,2208.0,10.0
Maharashtra,Pune,Junnar(Otur),potato,2024,12,1535.93,76.4
Maharashtra,Pune,Junnar(Otur),potato,2025,1,1270.95,181.4
Maharashtra,Pune,Junnar(Otur),potato,2025,2,1411.11,220.9
Maharashtra,Pune,Junnar(Otur),potato,2025,3,1449.33,312.7
Maharashtra,Pune,Junnar(Otur),potato,2025,4,1377.92,87.4
Maharashtra,Pune,Junnar(Otur),potato,2025,5,1461.19,33.5
Maharashtra,Pune,Junnar(Otur),potato,2025,6,1119.44,9.0
Maharashtra,Pune,Junnar(Otur),potato,2025,7,1335.29,6.8
Maharashtra,Pune,Junnar(Otur),potato,2025,8,1200.0,2.4
Maharashtra,Pune,Junnar(Otur),potato,2025,9,1145.36,199.3
Maharashtra,Pune,Junnar(Otur),potato,2025,10,1534.44,181.6
Maharashtra,Pune,Junnar(Otur),potato,2025,11,1802.44,28.7
Maharashtra,Pune,Junnar(Otur),potato,2025,12,1459.28,41.5
Maharashtra,Pune,Junnar(Otur),potato,2026,1,979.1,100.0
Maharashtra,Pune,Junnar(Otur),potato,2026,2,969.28,187.8
Maharashtra,Pune,Junnar(Otur),potato,2026,3,1132.62,195.3
Maharashtra,Pune,Junnar(Otur),potato,2026,4,1078.73,127.4
Maharashtra,Pune,Junnar(Otur),potato,2026,5,1161.9,12.6
Maharashtra,Pune,Junnar(Otur),potato,2026,6,1182.76,2.9
Maharashtra,Pune,Junnar(Otur),potato,2026,8,1000.0,1.7
Maharashtra,Pune,Junnar(Otur),tomato,2022,6,2465.38,13.0
Maharashtra,Pune,Junnar(Otur),tomato,2022,7,766.67,6.0
Maharashtra,Pune,Junnar(Otur),tomato,2023,12,1600.0,1.0
Maharashtra,Pune,Junnar(Otur),tomato,2024,1,1541.67,6.0
Maharashtra,Pune,Junnar(Otur),tomato,2024,2,900.0,5.0
Maharashtra,Pune,Junnar(Otur),tomato,2024,3,1019.86,14.6
Maharashtra,Pune,Junnar(Otur),tomato,2024,4,400.0,2.3
Maharashtra,Pune,Junnar(Otur),tomato,2024,5,600.0,2.6
Maharashtra,Pune,Junnar(Otur),tomato,2024,7,3000.0,0.9
Maharashtra,Pune,Junnar(Otur),tomato,2024,9,800.0,1.0
Maharashtra,Pune,Junnar(Otur),tomato,2024,11,1500.0,0.9
Maharashtra,Pune,Junnar(Otur),tomato,2024,12,1120.0,9.8
Maharashtra,Pune,Junnar(Otur),tomato,2025,1,600.0,0.2
Maharashtra,Pune,Junnar(Otur),tomato,2025,3,450.0,0.8
Maharashtra,Pune,Junnar(Otur),tomato,2025,4,550.0,0.3
Maharashtra,Pune,Junnar(Otur),tomato,2025,5,1291.46,4.1
Maharashtra,Pune,Junnar(Otur),tomato,2025,6,1058.58,20.4
Maharashtra,Pune,Junnar(Otur),tomato,2025,7,150.0,1.0
Maharashtra,Pune,Junnar(Otur),tomato,2025,9,400.0,0.2
Maharashtra,Pune,Khed(Chakan),potato,2019,2,993.4,288.0
Maharashtra,Pune,Khed(Chakan),potato,2019,4,1101.88,532.0
Maharashtra,Pune,Khed(Chakan),potato,2019,6,1031.03,593.0
Maharashtra,Pune,Khed(Chakan),potato,2019,8,1019.09,880.0
Maharashtra,Pune,Khed(Chakan),potato,2019,10,1351.16,1376.0
Maharashtra,Pune,Khed(Chakan),potato,2019,12,1693.57,902.0
Maharashtra,Pune,Khed(Chakan),potato,2020,1,1825.97,362.0
Maharashtra,Pune,Khed(Chakan),potato,2020,2,1255.33,638.0
Maharashtra,Pune,Khed(Chakan),potato,2020,3,1570.68,249.0
Maharashtra,Pune,Khed(Chakan),potato,2020,5,1755.17,290.0
Maharashtra,Pune,Khed(Chakan),potato,2020,6,1950.0,70.0
Maharashtra,Pune,Khed(Chakan),potato,2020,7,2400.0,10.0
Maharashtra,Pune,Khed(Chakan),potato,2020,8,2400.0,75.0
Maharashtra,Pune,Khed(Chakan),potato,2020,11,3277.86,743.0
Maharashtra,Pune,Khed(Chakan),potato,2020,12,2251.54,843.0
Maharashtra,Pune,Khed(Chakan),potato,2021,1,1479.65,565.0
Maharashtra,Pune,Khed(Chakan),potato,2021,2,1296.36,412.0
Maharashtra,Pune,Khed(Chakan),potato,2021,3,1228.66,813.0
Maharashtra,Pune,Khed(Chakan),potato,2021,4,1322.79,1360.0
Maharashtra,Pune,Khed(Chakan),potato,2021,5,1333.86,1255.0
Maharashtra,Pune,Khed(Chakan),potato,2021,6,1308.24,2185.0
Maharashtra,Pune,Khed(Chakan),potato,2021,7,1130.92,2240.0
Maharashtra,Pune,Khed(Chakan),potato,2021,8,1173.1,1970.0
Maharashtra,Pune,Khed(Chakan),potato,2021,9,1181.95,3020.0
Maharashtra,Pune,Khed(Chakan),potato,2021,10,1261.4,3465.0
Maharashtra,Pune,Khed(Chakan),potato,2021,11,1656.86,2115.0
Maharashtra,Pune,Khed(Chakan),potato,2021,12,1245.16,2790.0
Maharashtra,Pune,Khed(Chakan),potato,2022,1,1064.21,3097.0
Maharashtra,Pune,Khed(Chakan),potato,2022,2,1221.43,2415.0
Maharashtra,Pune,Khed(Chakan),potato,2022,3,1334.27,3720.0
Maharashtra,Pune,Khed(Chakan),potato,2022,4,1575.42,2453.0
Maharashtra,Pune,Khed(Chakan),potato,2022,5,1713.57,2560.0
Maharashtra,Pune,Khed(Chakan),potato,2022,6,1741.65,3265.0
Maharashtra,Pune,Khed(Chakan),potato,2022,7,1858.96,4100.0
Maharashtra,Pune,Khed(Chakan),potato,2022,8,1923.92,3966.0
Maharashtra,Pune,Khed(Chakan),potato,2022,9,1929.49,3756.0
Maharashtra,Pune,Khed(Chakan),potato,2022,10,2111.51,4690.0
Maharashtra,Pune,Khed(Chakan),potato,2022,11,2080.36,5600.0
Maharashtra,Pune,Khed(Chakan),potato,2022,12,1771.48,5120.0
Maharashtra,Pune,Khed(Chakan),potato,2023,1,1327.42,2270.0
Maharashtra,Pune,Khed(Chakan),potato,2023,2,1087.35,3683.0
Maharashtra,Pune,Khed(Chakan),potato,2023,3,1079.21,3945.0
Maharashtra,Pune,Khed(Chakan),potato,2023,4,1277.97,2553.0
Maharashtra,Pune,Khed(Chakan),potato,2023,5,1509.8,2418.0
Maharashtra,Pune,Khed(Chakan),potato,2023,6,1492.79,2704.0
Maharashtra,Pune,Khed(Chakan),potato,2023,7,1650.89,1965.0
Maharashtra,Pune,Khed(Chakan),potato,2023,8,1568.98,3240.0
Maharashtra,Pune,Khed(Chakan),potato,2023,9,1518.88,2410.0
Maharashtra,Pune,Khed(Chakan),potato,2023,10,1081.25,2545.0
Maharashtra,Pune,Khed(Chakan),potato,2023,11,1350.0,770.0
Maharashtra,Pune,Khed(Chakan),potato,2023,12,1335.16,2375.0
Maharashtra,Pune,Khed(Chakan),potato,2024,1,1294.52,2735.0
Maharashtra,Pune,Khed(Chakan),potato,2024,2,1495.95,3955.0
Maharashtra,Pune,Khed(Chakan),potato,2024,3,1659.53,3175.0
Maharashtra,Pune,Khed(Chakan),potato,2024,4,2153.99,1565.0
Maharashtra,Pune,Khed(Chakan),potato,2024,5,2247.36,2724.0
Maharashtra,Pune,Khed(Chakan),potato,2024,6,2466.18,4095.0
Maharashtra,Pune,Khed(Chakan),potato,2024,7,2715.74,3050.0
Maharashtra,Pune,Khed(Chakan),potato,2024,8,2678.48,4135.0
Maharashtra,Pune,Khed(Chakan),potato,2024,9,2510.0,4250.0
Maharashtra,Pune,Khed(Chakan),potato,2024,10,2743.69,4950.0
Maharashtra,Pune,Khed(Chakan),potato,2024,11,3006.5,3345.0
Maharashtra,Pune,Khed(Chakan),potato,2024,12,2054.96,4890.0
Maharashtra,Pune,Khed(Chakan),potato,2025,1,1572.82,4875.0
Maharashtra,Pune,Khed(Chakan),potato,2025,2,1467.8,3245.0
Maharashtra,Pune,Khed(Chakan),potato,2025,3,1438.5,2675.0
Maharashtra,Pune,Khed(Chakan),potato,2025,4,1537.5,2760.0
Maharashtra,Pune,Khed(Chakan),potato,2025,5,1602.97,2355.0
Maharashtra,Pune,Khed(Chakan),potato,2025,6,1641.56,3020.0
Maharashtra,Pune,Khed(Chakan),potato,2025,7,1522.29,2625.0
Maharashtra,Pune,Khed(Chakan),potato,2025,8,1499.46,2795.0
Maharashtra,Pune,Khed(Chakan),potato,2025,9,1475.23,2725.0
Maharashtra,Pune,Khed(Chakan),potato,2025,10,1540.0,3000.0
Maharashtra,Pune,Khed(Chakan),potato,2025,11,1604.89,2617.0
Maharashtra,Pune,Khed(Chakan),potato,2025,12,1415.9,1415.0
Maharashtra,Pune,Khed(Chakan),potato,2026,1,1223.76,2062.0
Maharashtra,Pune,Khed(Chakan),potato,2026,2,1022.25,2000.0
Maharashtra,Pune,Khed(Chakan),potato,2026,3,1004.07,1965.0
Maharashtra,Pune,Khed(Chakan),potato,2026,4,951.55,2580.0
Maharashtra,Pune,Khed(Chakan),potato,2026,5,1094.57,2300.0
Maharashtra,Pune,Khed(Chakan),potato,2026,6,1202.11,2367.5
Maharashtra,Pune,Khed(Chakan),potato,2026,7,1204.09,2870.0
Maharashtra,Pune,Khed(Chakan),potato,2026,8,1146.9,2740.0
Maharashtra,Pune,Khed(Chakan),potato,2026,9,1112.75,2550.0
Maharashtra,Pune,Khed(Chakan),tomato,2019,2,1247.73,308.0
Maharashtra,Pune,Khed(Chakan),tomato,2019,4,1154.86,360.0
Maharashtra,Pune,Khed(Chakan),tomato,2019,6,1821.68,256.0
Maharashtra,Pune,Khed(Chakan),tomato,2019,8,1893.13,415.0
Maharashtra,Pune,Khed(Chakan),tomato,2019,10,2329.81,463.0
Maharashtra,Pune,Khed(Chakan),tomato,2019,12,878.97,561.0
Maharashtra,Pune,Khed(Chakan),tomato,2020,1,1091.24,565.0
Maharashtra,Pune,Khed(Chakan),tomato,2020,2,501.91,472.0
Maharashtra,Pune,Khed(Chakan),tomato,2020,3,434.83,267.0
Maharashtra,Pune,Khed(Chakan),tomato,2020,4,900.0,6.0
Maharashtra,Pune,Khed(Chakan),tomato,2020,5,834.18,177.0
Maharashtra,Pune,Khed(Chakan),tomato,2020,6,1925.0,48.0
Maharashtra,Pune,Khed(Chakan),tomato,2020,7,2500.0,7.0
Maharashtra,Pune,Khed(Chakan),tomato,2020,8,1390.0,120.0
Maharashtra,Pune,Khed(Chakan),tomato,2020,11,2138.16,76.0
Maharashtra,Pune,Khed(Chakan),tomato,2020,12,1450.0,46.0
Maharashtra,Pune,Khed(Chakan),tomato,2021,1,613.1,42.0
Maharashtra,Pune,Khed(Chakan),tomato,2021,2,694.64,56.0
Maharashtra,Pune,Khed(Chakan),tomato,2021,3,711.97,71.0
Maharashtra,Pune,Khed(Chakan),tomato,2021,4,855.0,110.0
Maharashtra,Pune,Khed(Chakan),tomato,2021,5,837.59,133.0
Maharashtra,Pune,Khed(Chakan),tomato,2021,6,698.05,307.0
Maharashtra,Pune,Khed(Chakan),tomato,2021,7,928.88,419.0
Maharashtra,Pune,Khed(Chakan),tomato,2021,8,739.79,387.0
Maharashtra,Pune,Khed(Chakan),tomato,2021,9,826.94,373.0
Maharashtra,Pune,Khed(Chakan),tomato,2021,10,2758.37,209.0
Maharashtra,Pune,Khed(Chakan),tomato,2021,11,3257.53,332.0
Maharashtra,Pune,Khed(Chakan),tomato,2021,12,2709.39,394.0
Maharashtra,Pune,Khed(Chakan),tomato,2022,1,1561.43,516.0
Maharashtra,Pune,Khed(Chakan),tomato,2022,2,1510.04,548.0
Maharashtra,Pune,Khed(Chakan),tomato,2022,3,1233.1,562.0
Maharashtra,Pune,Khed(Chakan),tomato,2022,4,1530.65,540.0
Maharashtra,Pune,Khed(Chakan),tomato,2022,5,3485.34,307.0
Maharashtra,Pune,Khed(Chakan),tomato,2022,6,3937.97,403.0
Maharashtra,Pune,Khed(Chakan),tomato,2022,7,1518.69,511.0
Maharashtra,Pune,Khed(Chakan),tomato,2022,8,1146.46,579.0
Maharashtra,Pune,Khed(Chakan),tomato,2022,9,1480.56,445.0
Maharashtra,Pune,Khed(Chakan),tomato,2022,10,2418.92,547.0
Maharashtra,Pune,Khed(Chakan),tomato,2022,11,1060.02,644.0
Maharashtra,Pune,Khed(Chakan),tomato,2022,12,791.73,780.0
Maharashtra,Pune,Khed(Chakan),tomato,2023,1,1001.45,447.0
Maharashtra,Pune,Khed(Chakan),tomato,2023,2,1038.73,670.0
Maharashtra,Pune,Khed(Chakan),tomato,2023,3,1372.46,806.0
Maharashtra,Pune,Khed(Chakan),tomato,2023,4,1071.55,796.0
Maharashtra,Pune,Khed(Chakan),tomato,2023,5,752.58,563.0
Maharashtra,Pune,Khed(Chakan),tomato,2023,6,2676.08,648.0
Maharashtra,Pune,Khed(Chakan),tomato,2023,7,6948.5,301.0
Maharashtra,Pune,Khed(Chakan),tomato,2023,8,3605.61,606.0
Maharashtra,Pune,Khed(Chakan),tomato,2023,9,870.62,628.0
Maharashtra,Pune,Khed(Chakan),tomato,2023,10,685.59,725.0
Maharashtra,Pune,Khed(Chakan),tomato,2023,11,1749.9,510.0
Maharashtra,Pune,Khed(Chakan),tomato,2023,12,1884.1,522.0
Maharashtra,Pune,Khed(Chakan),tomato,2024,1,1929.66,526.0
Maharashtra,Pune,Khed(Chakan),tomato,2024,2,1933.99,863.5
Maharashtra,Pune,Khed(Chakan),tomato,2024,3,1078.89,852.3
Maharashtra,Pune,Khed(Chakan),tomato,2024,4,862.99,399.4
Maharashtra,Pune,Khed(Chakan),tomato,2024,5,1327.29,664.0
Maharashtra,Pune,Khed(Chakan),tomato,2024,6,3240.1,641.4
Maharashtra,Pune,Khed(Chakan),tomato,2024,7,4393.73,393.8
Maharashtra,Pune,Khed(Chakan),tomato,2024,8,1684.06,646.7
Maharashtra,Pune,Khed(Chakan),tomato,2024,9,2079.45,565.4
Maharashtra,Pune,Khed(Chakan),tomato,2024,10,3594.33,621.2
Maharashtra,Pune,Khed(Chakan),tomato,2024,11,2497.55,603.5
Maharashtra,Pune,Khed(Chakan),tomato,2024,12,1981.93,728.1
Maharashtra,Pune,Khed(Chakan),tomato,2025,1,936.05,726.2
Maharashtra,Pune,Khed(Chakan),tomato,2025,2,935.03,833.0
Maharashtra,Pune,Khed(Chakan),tomato,2025,3,955.31,804.2
Maharashtra,Pune,Khed(Chakan),tomato,2025,4,1028.53,767.2
Maharashtra,Pune,Khed(Chakan),tomato,2025,5,1319.98,659.2
Maharashtra,Pune,Khed(Chakan),tomato,2025,6,1580.63,845.2
Maharashtra,Pune,Khed(Chakan),tomato,2025,7,2143.04,586.0
Maharashtra,Pune,Khed(Chakan),tomato,2025,8,2613.89,697.7
Maharashtra,Pune,Khed(Chakan),tomato,2025,9,1184.07,778.2
Maharashtra,Pune,Khed(Chakan),tomato,2025,10,1282.35,662.3
Maharashtra,Pune,Khed(Chakan),tomato,2025,11,2535.99,797.4
Maharashtra,Pune,Khed(Chakan),tomato,2025,12,2709.47,423.3
Maharashtra,Pune,Khed(Chakan),tomato,2026,1,1946.58,658.6
Maharashtra,Pune,Khed(Chakan),tomato,2026,2,1035.06,615.6
Maharashtra,Pune,Khed(Chakan),tomato,2026,3,1159.3,621.9
Maharashtra,Pune,Khed(Chakan),tomato,2026,4,1256.83,721.8
Maharashtra,Pune,Khed(Chakan),tomato,2026,5,1943.43,590.4
Maharashtra,Pune,Khed(Chakan),tomato,2026,6,2378.5,689.2
Maharashtra,Pune,Khed(Chakan),tomato,2026,7,1807.64,712.2
Maharashtra,Pune,Khed(Chakan),tomato,2026,8,1271.48,688.6
Maharashtra,Pune,Khed(Chakan),tomato,2026,9,1205.59,722.5
Maharashtra,Pune,Pune(Khadiki),potato,2019,2,1008.67,75.0
Maharashtra,Pune,Pune(Khadiki),potato,2019,4,1011.9,21.0
Maharashtra,Pune,Pune(Khadiki),potato,2019,6,1273.33,15.0
Maharashtra,Pune,Pune(Khadiki),potato,2019,8,1216.0,25.0
Maharashtra,Pune,Pune(Khadiki),potato,2019,10,1281.58,19.0
Maharashtra,Pune,Pune(Khadiki),potato,2019,12,1331.25,8.0
Maharashtra,Pune,Pune(Khadiki),potato,2020,1,1750.0,1.0
Maharashtra,Pune,Pune(Khadiki),potato,2020,2,1040.0,50.0
Maharashtra,Pune,Pune(Khadiki),potato,2020,3,1252.59,58.0
Maharashtra,Pune,Pune(Khadiki),potato,2020,4,2250.0,1.0
Maharashtra,Pune,Pune(Khadiki),potato,2020,6,1933.33,3.0
Maharashtra,Pune,Pune(Khadiki),potato,2020,9,1766.67,3.0
Maharashtra,Pune,Pune(Khadiki),potato,2020,10,2300.0,1.0
Maharashtra,Pune,Pune(Khadiki),potato,2020,11,2416.67,3.0
Maharashtra,Pune,Pune(Khadiki),potato,2020,12,2025.0,4.0
Maharashtra,Pune,Pune(Khadiki),potato,2021,1,1558.33,6.0
Maharashtra,Pune,Pune(Khadiki),potato,2021,2,1302.5,20.0
Maharashtra,Pune,Pune(Khadiki),potato,2021,3,985.0,30.0
Maharashtra,Pune,Pune(Khadiki),potato,2021,4,1191.18,17.0
Maharashtra,Pune,Pune(Khadiki),potato,2021,5,1438.46,13.0
Maharashtra,Pune,Pune(Khadiki),potato,2021,6,1404.55,11.0
Maharashtra,Pune,Pune(Khadiki),potato,2021,7,1373.33,15.0
Maharashtra,Pune,Pune(Khadiki),potato,2021,8,1177.38,42.0
Maharashtra,Pune,Pune(Khadiki),potato,2021,9,1250.0,13.0
Maharashtra,Pune,Pune(Khadiki),potato,2021,10,1284.0,25.0
Maharashtra,Pune,Pune(Khadiki),potato,2021,11,1321.74,23.0
Maharashtra,Pune,Pune(Khadiki),potato,2021,12,1315.0,30.0
Maharashtra,Pune,Pune(Khadiki),potato,2022,1,1238.89,27.0
Maharashtra,Pune,Pune(Khadiki),potato,2022,2,1232.14,28.0
Maharashtra,Pune,Pune(Khadiki),potato,2022,3,1260.34,29.0
Maharashtra,Pune,Pune(Khadiki),potato,2022,4,1250.0,24.0
Maharashtra,Pune,Pune(Khadiki),potato,2022,5,1331.58,19.0
Maharashtra,Pune,Pune(Khadiki),potato,2022,6,1396.88,16.0
Maharashtra,Pune,Pune(Khadiki),potato,2022,7,1421.74,23.0
Maharashtra,Pune,Pune(Khadiki),potato,2022,8,1439.47,19.0
Maharashtra,Pune,Pune(Khadiki),potato,2022,9,1513.33,15.0
Maharashtra,Pune,Pune(Khadiki),potato,2022,10,1578.95,19.0
Maharashtra,Pune,Pune(Khadiki),potato,2022,11,1694.44,9.0
Maharashtra,Pune,Pune(Khadiki),potato,2022,12,1495.0,10.0
Maharashtra,Pune,Pune(Khadiki),potato,2023,1,1531.82,11.0
Maharashtra,Pune,Pune(Khadiki),potato,2023,2,1018.37,196.0
Maharashtra,Pune,Pune(Khadiki),potato,2023,3,1078.33,30.0
Maharashtra,Pune,Pune(Khadiki),potato,2023,4,1110.0,15.0
Maharashtra,Pune,Pune(Khadiki),potato,2023,5,1236.36,11.0
Maharashtra,Pune,Pune(Khadiki),potato,2023,6,1310.71,14.0
Maharashtra,Pune,Pune(Khadiki),potato,2023,7,1330.95,21.0
Maharashtra,Pune,Pune(Khadiki),potato,2023,8,1480.43,23.0
Maharashtra,Pune,Pune(Khadiki),potato,2023,9,1472.92,24.0
Maharashtra,Pune,Pune(Khadiki),potato,2023,10,1481.67,30.0
Maharashtra,Pune,Pune(Khadiki),potato,2023,11,1479.17,24.0
Maharashtra,Pune,Pune(Khadiki),potato,2023,12,1340.74,27.0
Maharashtra,Pune,Pune(Khadiki),potato,2024,1,1198.28,29.0
Maharashtra,Pune,Pune(Khadiki),potato,2024,2,1207.65,29.4
Maharashtra,Pune,Pune(Khadiki),potato,2024,3,1362.87,17.1
Maharashtra,Pune,Pune(Khadiki),potato,2024,4,1495.24,10.5
Maharashtra,Pune,Pune(Khadiki),potato,2024,5,1723.91,11.5
Maharashtra,Pune,Pune(Khadiki),potato,2024,6,1973.08,9.1
Maharashtra,Pune,Pune(Khadiki),potato,2024,7,2153.06,9.8
Maharashtra,Pune,Pune(Khadiki),potato,2024,8,2151.85,10.8
Maharashtra,Pune,Pune(Khadiki),potato,2024,9,2205.91,12.7
Maharashtra,Pune,Pune(Khadiki),potato,2024,10,2131.82,12.1
Maharashtra,Pune,Pune(Khadiki),potato,2024,11,2172.41,14.5
Maharashtra,Pune,Pune(Khadiki),potato,2024,12,2055.35,18.7
Maharashtra,Pune,Pune(Khadiki),potato,2025,1,1661.51,12.6
Maharashtra,Pune,Pune(Khadiki),potato,2025,2,1216.67,21.6
Maharashtra,Pune,Pune(Khadiki),potato,2025,3,1016.51,42.4
Maharashtra,Pune,Pune(Khadiki),potato,2025,4,1076.51,16.6
Maharashtra,Pune,Pune(Khadiki),potato,2025,5,1272.47,17.8
Maharashtra,Pune,Pune(Khadiki),potato,2025,6,1356.91,18.1
Maharashtra,Pune,Pune(Khadiki),potato,2025,7,1379.63,16.2
Maharashtra,Pune,Pune(Khadiki),potato,2025,8,1194.76,14.3
Maharashtra,Pune,Pune(Khadiki),potato,2025,9,1202.78,12.6
Maharashtra,Pune,Pune(Khadiki),potato,2025,10,1097.4,17.3
Maharashtra,Pune,Pune(Khadiki),potato,2025,11,1088.36,11.6
Maharashtra,Pune,Pune(Khadiki),potato,2025,12,1014.41,11.1
Maharashtra,Pune,Pune(Khadiki),potato,2026,1,1063.39,18.3
Maharashtra,Pune,Pune(Khadiki),potato,2026,2,1010.94,23.3
Maharashtra,Pune,Pune(Khadiki),potato,2026,3,980.59,21.9
Maharashtra,Pune,Pune(Khadiki),potato,2026,4,990.61,18.1
Maharashtra,Pune,Pune(Khadiki),potato,2026,5,959.32,11.8
Maharashtra,Pune,Pune(Khadiki),potato,2026,6,1004.04,16.1
Maharashtra,Pune,Pune(Khadiki),potato,2026,7,1014.72,23.1
Maharashtra,Pune,Pune(Khadiki),potato,2026,8,996.7,22.7
Maharashtra,Pune,Pune(Khadiki),potato,2026,9,980.67,19.4
Maharashtra,Pune,Pune(Khadiki),tomato,2019,2,1041.82,55.0
Maharashtra,Pune,Pune(Khadiki),tomato,2019,4,802.48,121.0
Maharashtra,Pune,Pune(Khadiki),tomato,2019,6,1586.05,86.0
Maharashtra,Pune,Pune(Khadiki),tomato,2019,8,1267.07,41.0
Maharashtra,Pune,Pune(Khadiki),tomato,2019,10,1641.94,62.0
Maharashtra,Pune,Pune(Khadiki),tomato,2019,12,870.4,125.0
Maharashtra,Pune,Pune(Khadiki),tomato,2020,1,909.9,101.0
Maharashtra,Pune,Pune(Khadiki),tomato,2020,2,573.14,121.0
Maharashtra,Pune,Pune(Khadiki),tomato,2020,3,798.41,157.0
Maharashtra,Pune,Pune(Khadiki),tomato,2020,4,550.0,8.0
Maharashtra,Pune,Pune(Khadiki),tomato,2020,6,1107.35,34.0
Maharashtra,Pune,Pune(Khadiki),tomato,2020,7,1431.58,19.0
Maharashtra,Pune,Pune(Khadiki),tomato,2020,8,1350.0,21.0
Maharashtra,Pune,Pune(Khadiki),tomato,2020,9,1888.64,22.0
Maharashtra,Pune,Pune(Khadiki),tomato,2020,10,1912.5,24.0
Maharashtra,Pune,Pune(Khadiki),tomato,2020,11,1610.71,42.0
Maharashtra,Pune,Pune(Khadiki),tomato,2020,12,1359.21,38.0
Maharashtra,Pune,Pune(Khadiki),tomato,2021,1,681.13,53.0
Maharashtra,Pune,Pune(Khadiki),tomato,2021,2,819.39,49.0
Maharashtra,Pune,Pune(Khadiki),tomato,2021,3,772.55,51.0
Maharashtra,Pune,Pune(Khadiki),tomato,2021,4,1011.11,54.0
Maharashtra,Pune,Pune(Khadiki),tomato,2021,5,901.32,38.0
Maharashtra,Pune,Pune(Khadiki),tomato,2021,6,733.33,51.0
Maharashtra,Pune,Pune(Khadiki),tomato,2021,7,868.37,49.0
Maharashtra,Pune,Pune(Khadiki),tomato,2021,8,841.46,41.0
Maharashtra,Pune,Pune(Khadiki),tomato,2021,9,737.25,51.0
Maharashtra,Pune,Pune(Khadiki),tomato,2021,10,1915.22,23.0
Maharashtra,Pune,Pune(Khadiki),tomato,2021,11,2180.95,21.0
Maharashtra,Pune,Pune(Khadiki),tomato,2021,12,1840.48,42.0
Maharashtra,Pune,Pune(Khadiki),tomato,2022,1,1462.22,45.0
Maharashtra,Pune,Pune(Khadiki),tomato,2022,2,1298.84,43.0
Maharashtra,Pune,Pune(Khadiki),tomato,2022,3,1060.0,55.0
Maharashtra,Pune,Pune(Khadiki),tomato,2022,4,1011.76,51.0
Maharashtra,Pune,Pune(Khadiki),tomato,2022,5,2058.33,18.0
Maharashtra,Pune,Pune(Khadiki),tomato,2022,6,2610.71,14.0
Maharashtra,Pune,Pune(Khadiki),tomato,2022,7,1474.42,43.0
Maharashtra,Pune,Pune(Khadiki),tomato,2022,8,1121.15,52.0
Maharashtra,Pune,Pune(Khadiki),tomato,2022,9,1077.5,40.0
Maharashtra,Pune,Pune(Khadiki),tomato,2022,10,1548.72,39.0
Maharashtra,Pune,Pune(Khadiki),tomato,2022,11,1082.54,59.0
Maharashtra,Pune,Pune(Khadiki),tomato,2022,12,671.13,71.0
Maharashtra,Pune,Pune(Khadiki),tomato,2023,1,846.88,48.0
Maharashtra,Pune,Pune(Khadiki),tomato,2023,2,991.03,39.0
Maharashtra,Pune,Pune(Khadiki),tomato,2023,3,1079.07,44.0
Maharashtra,Pune,Pune(Khadiki),tomato,2023,4,963.49,53.0
Maharashtra,Pune,Pune(Khadiki),tomato,2023,5,844.68,47.0
Maharashtra,Pune,Pune(Khadiki),tomato,2023,6,1292.39,46.0
Maharashtra,Pune,Pune(Khadiki),tomato,2023,7,3921.88,16.0
Maharashtra,Pune,Pune(Khadiki),tomato,2023,8,2335.29,17.0
Maharashtra,Pune,Pune(Khadiki),tomato,2023,9,817.05,44.0
Maharashtra,Pune,Pune(Khadiki),tomato,2023,10,623.61,72.0
Maharashtra,Pune,Pune(Khadiki),tomato,2023,11,1090.0,50.0
Maharashtra,Pune,Pune(Khadiki),tomato,2023,12,1353.0,50.0
Maharashtra,Pune,Pune(Khadiki),tomato,2024,1,1356.25,40.0
Maharashtra,Pune,Pune(Khadiki),tomato,2024,2,1434.37,35.5
Maharashtra,Pune,Pune(Khadiki),tomato,2024,3,993.88,38.4
Maharashtra,Pune,Pune(Khadiki),tomato,2024,4,1036.65,45.7
Maharashtra,Pune,Pune(Khadiki),tomato,2024,5,1070.52,46.3
Maharashtra,Pune,Pune(Khadiki),tomato,2024,6,1445.39,28.2
Maharashtra,Pune,Pune(Khadiki),tomato,2024,7,1934.28,22.9
Maharashtra,Pune,Pune(Khadiki),tomato,2024,8,1442.62,35.9
Maharashtra,Pune,Pune(Khadiki),tomato,2024,9,1255.91,38.9
Maharashtra,Pune,Pune(Khadiki),tomato,2024,10,1752.49,38.2
Maharashtra,Pune,Pune(Khadiki),tomato,2024,11,1478.1,42.0
Maharashtra,Pune,Pune(Khadiki),tomato,2024,12,1432.4,46.6
Maharashtra,Pune,Pune(Khadiki),tomato,2025,1,1058.64,46.9
Maharashtra,Pune,Pune(Khadiki),tomato,2025,2,836.51,43.0
Maharashtra,Pune,Pune(Khadiki),tomato,2025,3,1106.5,45.4
Maharashtra,Pune,Pune(Khadiki),tomato,2025,4,1117.03,32.3
Maharashtra,Pune,Pune(Khadiki),tomato,2025,5,1084.91,34.8
Maharashtra,Pune,Pune(Khadiki),tomato,2025,6,1346.36,31.6
Maharashtra,Pune,Pune(Khadiki),tomato,2025,7,1313.74,30.2
Maharashtra,Pune,Pune(Khadiki),tomato,2025,8,1488.28,29.0
Maharashtra,Pune,Pune(Khadiki),tomato,2025,9,1113.38,34.9
Maharashtra,Pune,Pune(Khadiki),tomato,2025,10,829.91,45.8
Maharashtra,Pune,Pune(Khadiki),tomato,2025,11,950.63,32.0
Maharashtra,Pune,Pune(Khadiki),tomato,2025,12,981.56,16.0
Maharashtra,Pune,Pune(Khadiki),tomato,2026,1,998.08,15.6
Maharashtra,Pune,Pune(Khadiki),tomato,2026,2,1020.36,25.3
Maharashtra,Pune,Pune(Khadiki),tomato,2026,3,953.74,29.4
Maharashtra,Pune,Pune(Khadiki),tomato,2026,4,945.44,29.6
Maharashtra,Pune,Pune(Khadiki),tomato,2026,5,961.89,18.5
Maharashtra,Pune,Pune(Khadiki),tomato,2026,6,995.64,27.5
Maharashtra,Pune,Pune(Khadiki),tomato,2026,7,1037.56,39.4
Maharashtra,Pune,Pune(Khadiki),tomato,2026,8,1059.97,36.6
Maharashtra,Pune,Pune(Khadiki),tomato,2026,9,1073.13,34.8
Maharashtra,Pune,Pune(Manjri),potato,2021,4,1500.0,2.0
Maharashtra,Pune,Pune(Manjri),potato,2021,5,1500.0,16.0
Maharashtra,Pune,Pune(Manjri),potato,2021,6,1500.0,28.0
Maharashtra,Pune,Pune(Manjri),potato,2021,7,1500.0,27.0
Maharashtra,Pune,Pune(Manjri),potato,2021,8,1500.0,37.0
Maharashtra,Pune,Pune(Manjri),potato,2021,9,1500.0,56.0
Maharashtra,Pune,Pune(Manjri),potato,2021,10,1491.38,58.0
Maharashtra,Pune,Pune(Manjri),potato,2021,11,1500.0,38.0
Maharashtra,Pune,Pune(Manjri),potato,2021,12,1500.0,38.0
Maharashtra,Pune,Pune(Manjri),potato,2022,1,1500.0,34.0
Maharashtra,Pune,Pune(Manjri),potato,2022,2,1500.0,28.0
Maharashtra,Pune,Pune(Manjri),potato,2022,3,1362.5,40.0
Maharashtra,Pune,Pune(Manjri),potato,2022,4,1400.0,37.0
Maharashtra,Pune,Pune(Manjri),potato,2022,5,1807.69,39.0
Maharashtra,Pune,Pune(Manjri),potato,2022,6,1768.42,38.0
Maharashtra,Pune,Pune(Manjri),potato,2022,7,1889.47,38.0
Maharashtra,Pune,Pune(Manjri),potato,2022,8,1885.42,48.0
Maharashtra,Pune,Pune(Manjri),potato,2022,9,1824.07,54.0
Maharashtra,Pune,Pune(Manjri),potato,2022,10,1786.84,38.0
Maharashtra,Pune,Pune(Manjri),potato,2022,11,2027.91,43.0
Maharashtra,Pune,Pune(Manjri),potato,2022,12,1856.38,47.0
Maharashtra,Pune,Pune(Manjri),potato,2023,1,1856.52,23.0
Maharashtra,Pune,Pune(Manjri),potato,2023,2,1687.88,33.0
Maharashtra,Pune,Pune(Manjri),potato,2023,3,1471.79,39.0
Maharashtra,Pune,Pune(Manjri),potato,2023,4,1481.4,43.0
Maharashtra,Pune,Pune(Manjri),potato,2023,5,1466.67,54.0
Maharashtra,Pune,Pune(Manjri),potato,2023,6,1484.0,50.0
Maharashtra,Pune,Pune(Manjri),potato,2023,7,1324.14,58.0
Maharashtra,Pune,Pune(Manjri),potato,2023,8,1597.89,95.0
Maharashtra,Pune,Pune(Manjri),potato,2023,9,1591.11,90.0
Maharashtra,Pune,Pune(Manjri),potato,2023,10,1695.89,73.0
Maharashtra,Pune,Pune(Manjri),potato,2023,11,1487.72,57.0
Maharashtra,Pune,Pune(Manjri),potato,2023,12,1540.0,50.0
Maharashtra,Pune,Pune(Manjri),potato,2024,1,1702.17,46.0
Maharashtra,Pune,Pune(Manjri),potato,2024,2,1785.04,48.8
Maharashtra,Pune,Pune(Manjri),potato,2024,3,1758.55,53.8
Maharashtra,Pune,Pune(Manjri),potato,2024,4,2026.81,36.0
Maharashtra,Pune,Pune(Manjri),potato,2024,5,2307.5,54.7
Maharashtra,Pune,Pune(Manjri),potato,2024,6,2458.85,41.8
Maharashtra,Pune,Pune(Manjri),potato,2024,7,2560.34,64.3
Maharashtra,Pune,Pune(Manjri),potato,2024,8,2752.76,63.5
Maharashtra,Pune,Pune(Manjri),potato,2024,9,2735.26,60.4
Maharashtra,Pune,Pune(Manjri),potato,2024,10,2632.98,57.0
Maharashtra,Pune,Pune(Manjri),potato,2024,11,2916.01,45.6
Maharashtra,Pune,Pune(Manjri),potato,2024,12,2459.78,46.5
Maharashtra,Pune,Pune(Manjri),potato,2025,1,1987.13,33.4
Maharashtra,Pune,Pune(Manjri),potato,2025,2,2033.79,29.0
Maharashtra,Pune,Pune(Manjri),potato,2025,3,2016.0,32.5
Maharashtra,Pune,Pune(Manjri),potato,2025,4,1900.44,45.0
Maharashtra,Pune,Pune(Manjri),potato,2025,5,1832.44,22.5
Maharashtra,Pune,Pune(Manjri),potato,2025,6,1908.5,35.3
Maharashtra,Pune,Pune(Manjri),potato,2025,7,1946.11,38.6
Maharashtra,Pune,Pune(Manjri),potato,2025,8,1869.91,33.9
Maharashtra,Pune,Pune(Manjri),potato,2025,9,1952.92,73.7
Maharashtra,Pune,Pune(Manjri),potato,2025,10,1799.66,29.1
Maharashtra,Pune,Pune(Manjri),potato,2025,11,1702.25,57.7
Maharashtra,Pune,Pune(Manjri),potato,2025,12,1655.73,63.7
Maharashtra,Pune,Pune(Manjri),potato,2026,1,1562.5,50.4
Maharashtra,Pune,Pune(Manjri),potato,2026,2,1683.65,62.4
Maharashtra,Pune,Pune(Manjri),potato,2026,3,1578.85,114.4
Maharashtra,Pune,Pune(Manjri),potato,2026,4,1454.02,107.0
Maharashtra,Pune,Pune(Manjri),potato,2026,5,1544.74,104.6
Maharashtra,Pune,Pune(Manjri),potato,2026,6,1491.36,145.9
Maharashtra,Pune,Pune(Manjri),potato,2026,7,1503.25,144.6
Maharashtra,Pune,Pune(Manjri),potato,2026,8,1601.45,144.5
Maharashtra,Pune,Pune(Manjri),potato,2026,9,1629.56,157.3
Maharashtra,Pune,Pune(Manjri),tomato,2020,5,683.33,96.0
Maharashtra,Pune,Pune(Manjri),tomato,2020,6,1468.99,129.0
Maharashtra,Pune,Pune(Manjri),tomato,2020,7,1874.29,105.0
Maharashtra,Pune,Pune(Manjri),tomato,2020,8,1659.41,303.0
Maharashtra,Pune,Pune(Manjri),tomato,2020,9,2694.29,420.0
Maharashtra,Pune,Pune(Manjri),tomato,2020,10,2077.59,232.0
Maharashtra,Pune,Pune(Manjri),tomato,2020,11,1770.0,240.0
Maharashtra,Pune,Pune(Manjri),tomato,2020,12,1668.64,169.0
Maharashtra,Pune,Pune(Manjri),tomato,2021,1,611.71,333.0
Maharashtra,Pune,Pune(Manjri),tomato,2021,2,1024.52,261.0
Maharashtra,Pune,Pune(Manjri),tomato,2021,3,927.69,307.0
Maharashtra,Pune,Pune(Manjri),tomato,2021,4,823.22,577.0
Maharashtra,Pune,Pune(Manjri),tomato,2021,5,855.81,387.0
Maharashtra,Pune,Pune(Manjri),tomato,2021,6,873.47,554.0
Maharashtra,Pune,Pune(Manjri),tomato,2021,7,938.09,512.0
Maharashtra,Pune,Pune(Manjri),tomato,2021,8,667.42,798.0
Maharashtra,Pune,Pune(Manjri),tomato,2021,9,847.03,706.0
Maharashtra,Pune,Pune(Manjri),tomato,2021,10,3040.62,741.0
Maharashtra,Pune,Pune(Manjri),tomato,2021,11,3549.51,614.0
Maharashtra,Pune,Pune(Manjri),tomato,2021,12,2947.15,684.0
Maharashtra,Pune,Pune(Manjri),tomato,2022,1,1883.1,633.0
Maharashtra,Pune,Pune(Manjri),tomato,2022,2,1542.14,833.0
Maharashtra,Pune,Pune(Manjri),tomato,2022,3,1225.33,1230.0
Maharashtra,Pune,Pune(Manjri),tomato,2022,4,1413.45,1145.0
Maharashtra,Pune,Pune(Manjri),tomato,2022,5,3854.02,870.0
Maharashtra,Pune,Pune(Manjri),tomato,2022,6,3933.15,914.0
Maharashtra,Pune,Pune(Manjri),tomato,2022,7,1619.1,801.0
Maharashtra,Pune,Pune(Manjri),tomato,2022,8,1098.57,1047.0
Maharashtra,Pune,Pune(Manjri),tomato,2022,9,1427.6,924.0
Maharashtra,Pune,Pune(Manjri),tomato,2022,10,2395.62,1027.0
Maharashtra,Pune,Pune(Manjri),tomato,2022,11,964.99,697.0
Maharashtra,Pune,Pune(Manjri),tomato,2022,12,629.38,953.0
Maharashtra,Pune,Pune(Manjri),tomato,2023,1,923.42,538.0
Maharashtra,Pune,Pune(Manjri),tomato,2023,2,1445.95,740.0
Maharashtra,Pune,Pune(Manjri),tomato,2023,3,1574.91,857.0
Maharashtra,Pune,Pune(Manjri),tomato,2023,4,1060.41,1023.0
Maharashtra,Pune,Pune(Manjri),tomato,2023,5,685.57,911.0
Maharashtra,Pune,Pune(Manjri),tomato,2023,6,2394.91,1060.0
Maharashtra,Pune,Pune(Manjri),tomato,2023,7,7896.05,1013.0
Maharashtra,Pune,Pune(Manjri),tomato,2023,8,4781.16,1433.0
Maharashtra,Pune,Pune(Manjri),tomato,2023,9,874.68,1394.0
Maharashtra,Pune,Pune(Manjri),tomato,2023,10,612.54,1739.0
Maharashtra,Pune,Pune(Manjri),tomato,2023,11,2051.66,1146.0
Maharashtra,Pune,Pune(Manjri),tomato,2023,12,2238.58,1151.0
Maharashtra,Pune,Pune(Manjri),tomato,2024,1,2285.3,1401.0
Maharashtra,Pune,Pune(Manjri),tomato,2024,2,2172.34,1417.4
Maharashtra,Pune,Pune(Manjri),tomato,2024,3,1178.25,1412.5
Maharashtra,Pune,Pune(Manjri),tomato,2024,4,1207.54,1242.2
Maharashtra,Pune,Pune(Manjri),tomato,2024,5,1330.7,1530.7
Maharashtra,Pune,Pune(Manjri),tomato,2024,6,3933.92,1641.7
Maharashtra,Pune,Pune(Manjri),tomato,2024,7,4899.85,1192.3
Maharashtra,Pune,Pune(Manjri),tomato,2024,8,1540.58,1648.9
Maharashtra,Pune,Pune(Manjri),tomato,2024,9,2523.79,1732.6
Maharashtra,Pune,Pune(Manjri),tomato,2024,10,3662.17,1548.4
Maharashtra,Pune,Pune(Manjri),tomato,2024,11,2383.27,1397.1
Maharashtra,Pune,Pune(Manjri),tomato,2024,12,1784.72,1569.6
Maharashtra,Pune,Pune(Manjri),tomato,2025,1,1064.3,1488.7
Maharashtra,Pune,Pune(Manjri),tomato,2025,2,1067.31,1474.3
Maharashtra,Pune,Pune(Manjri),tomato,2025,3,1163.89,1561.0
Maharashtra,Pune,Pune(Manjri),tomato,2025,4,1014.85,1540.9
Maharashtra,Pune,Pune(Manjri),tomato,2025,5,1621.04,1299.7
Maharashtra,Pune,Pune(Manjri),tomato,2025,6,1980.59,1185.7
Maharashtra,Pune,Pune(Manjri),tomato,2025,7,2234.55,1258.6
Maharashtra,Pune,Pune(Manjri),tomato,2025,8,2756.31,1230.9
Maharashtra,Pune,Pune(Manjri),tomato,2025,9,1604.84,1680.8
Maharashtra,Pune,Pune(Manjri),tomato,2025,10,1795.81,1232.1
Maharashtra,Pune,Pune(Manjri),tomato,2025,11,2550.68,1420.7
Maharashtra,Pune,Pune(Manjri),tomato,2025,12,3701.06,1709.7
Maharashtra,Pune,Pune(Manjri),tomato,2026,1,2368.9,1396.0
Maharashtra,Pune,Pune(Manjri),tomato,2026,2,1565.84,1232.7
Maharashtra,Pune,Pune(Manjri),tomato,2026,3,1625.52,1115.4
Maharashtra,Pune,Pune(Manjri),tomato,2026,4,1769.63,1367.3
Maharashtra,Pune,Pune(Manjri),tomato,2026,5,2698.8,1521.3
Maharashtra,Pune,Pune(Manjri),tomato,2026,6,2644.83,1571.5
Maharashtra,Pune,Pune(Manjri),tomato,2026,7,2052.95,1671.5
Maharashtra,Pune,Pune(Manjri),tomato,2026,8,1407.74,1756.5
Maharashtra,Pune,Pune(Manjri),tomato,2026,9,1421.75,1626.1
Maharashtra,Pune,Pune(Moshi),potato,2020,5,1532.33,430.0
Maharashtra,Pune,Pune(Moshi),potato,2020,6,1449.86,1061.0
Maharashtra,Pune,Pune(Moshi),potato,2020,7,1823.49,1079.0
Maharashtra,Pune,Pune(Moshi),potato,2020,8,1820.72,946.0
Maharashtra,Pune,Pune(Moshi),potato,2020,9,2088.88,1075.0
Maharashtra,Pune,Pune(Moshi),potato,2020,10,2108.55,643.0
Maharashtra,Pune,Pune(Moshi),potato,2020,11,2598.22,926.0
Maharashtra,Pune,Pune(Moshi),potato,2020,12,1861.62,964.0
Maharashtra,Pune,Pune(Moshi),potato,2021,1,953.71,808.0
Maharashtra,Pune,Pune(Moshi),potato,2021,2,710.48,1035.0
Maharashtra,Pune,Pune(Moshi),potato,2021,3,728.85,1033.0
Maharashtra,Pune,Pune(Moshi),potato,2021,4,889.48,1141.0
Maharashtra,Pune,Pune(Moshi),potato,2021,5,895.22,1015.0
Maharashtra,Pune,Pune(Moshi),potato,2021,6,972.8,1068.0
Maharashtra,Pune,Pune(Moshi),potato,2021,7,876.12,1181.0
Maharashtra,Pune,Pune(Moshi),potato,2021,8,883.12,1241.0
Maharashtra,Pune,Pune(Moshi),potato,2021,9,857.87,1334.0
Maharashtra,Pune,Pune(Moshi),potato,2021,10,1082.62,1171.0
Maharashtra,Pune,Pune(Moshi),potato,2021,11,1219.34,1122.0
Maharashtra,Pune,Pune(Moshi),potato,2021,12,972.43,1246.0
Maharashtra,Pune,Pune(Moshi),potato,2022,1,836.69,1112.0
Maharashtra,Pune,Pune(Moshi),potato,2022,2,862.52,1090.0
Maharashtra,Pune,Pune(Moshi),potato,2022,3,969.43,1266.0
Maharashtra,Pune,Pune(Moshi),potato,2022,4,1160.82,1473.0
Maharashtra,Pune,Pune(Moshi),potato,2022,5,1369.75,1281.0
Maharashtra,Pune,Pune(Moshi),potato,2022,6,1467.93,1079.0
Maharashtra,Pune,Pune(Moshi),potato,2022,7,1635.47,1366.0
Maharashtra,Pune,Pune(Moshi),potato,2022,8,1552.12,1461.0
Maharashtra,Pune,Pune(Moshi),potato,2022,9,1560.71,1289.0
Maharashtra,Pune,Pune(Moshi),potato,2022,10,1660.06,1168.0
Maharashtra,Pune,Pune(Moshi),potato,2022,11,1370.21,1123.0
Maharashtra,Pune,Pune(Moshi),potato,2022,12,1179.99,1287.0
Maharashtra,Pune,Pune(Moshi),potato,2023,1,1044.74,1178.0
Maharashtra,Pune,Pune(Moshi),potato,2023,2,700.6,1341.0
Maharashtra,Pune,Pune(Moshi),potato,2023,3,631.79,1631.0
Maharashtra,Pune,Pune(Moshi),potato,2023,4,827.09,1329.0
Maharashtra,Pune,Pune(Moshi),potato,2023,5,1006.59,1359.0
Maharashtra,Pune,Pune(Moshi),potato,2023,6,1010.8,1708.0
Maharashtra,Pune,Pune(Moshi),potato,2023,7,1156.35,1920.0
Maharashtra,Pune,Pune(Moshi),potato,2023,8,1145.43,1697.0
Maharashtra,Pune,Pune(Moshi),potato,2023,9,1134.21,1330.0
Maharashtra,Pune,Pune(Moshi),potato,2023,10,1120.92,1690.0
Maharashtra,Pune,Pune(Moshi),potato,2023,11,1079.72,1297.0
Maharashtra,Pune,Pune(Moshi),potato,2023,12,1046.67,1441.0
Maharashtra,Pune,Pune(Moshi),potato,2024,1,973.01,1738.0
Maharashtra,Pune,Pune(Moshi),potato,2024,2,1161.6,1712.8
Maharashtra,Pune,Pune(Moshi),potato,2024,3,1304.9,1737.1
Maharashtra,Pune,Pune(Moshi),potato,2024,4,1650.17,1459.3
Maharashtra,Pune,Pune(Moshi),potato,2024,5,1660.02,1937.3
Maharashtra,Pune,Pune(Moshi),potato,2024,6,1906.38,1971.5
Maharashtra,Pune,Pune(Moshi),potato,2024,7,2425.73,1986.9
Maharashtra,Pune,Pune(Moshi),potato,2024,8,2423.73,1972.0
Maharashtra,Pune,Pune(Moshi),potato,2024,9,2119.69,1877.8
Maharashtra,Pune,Pune(Moshi),potato,2024,10,2139.66,1762.0
Maharashtra,Pune,Pune(Moshi),potato,2024,11,2244.93,1397.4
Maharashtra,Pune,Pune(Moshi),potato,2024,12,1674.7,1571.6
Maharashtra,Pune,Pune(Moshi),potato,2025,1,1160.92,1861.8
Maharashtra,Pune,Pune(Moshi),potato,2025,2,1115.78,1745.7
Maharashtra,Pune,Pune(Moshi),potato,2025,3,1254.71,2099.9
Maharashtra,Pune,Pune(Moshi),potato,2025,4,1235.47,1784.0
Maharashtra,Pune,Pune(Moshi),potato,2025,5,1385.15,1803.5
Maharashtra,Pune,Pune(Moshi),potato,2025,6,1402.1,1956.7
Maharashtra,Pune,Pune(Moshi),potato,2025,7,1348.39,1934.6
Maharashtra,Pune,Pune(Moshi),potato,2025,8,1360.21,2241.6
Maharashtra,Pune,Pune(Moshi),potato,2025,9,1427.04,2226.5
Maharashtra,Pune,Pune(Moshi),potato,2025,10,1455.64,1668.0
Maharashtra,Pune,Pune(Moshi),potato,2025,11,1557.57,2070.4
Maharashtra,Pune,Pune(Moshi),potato,2025,12,1174.48,2098.1
Maharashtra,Pune,Pune(Moshi),potato,2026,1,949.33,2194.8
Maharashtra,Pune,Pune(Moshi),potato,2026,2,890.37,2040.0
Maharashtra,Pune,Pune(Moshi),potato,2026,3,979.04,2055.9
Maharashtra,Pune,Pune(Moshi),potato,2026,4,994.54,1833.2
Maharashtra,Pune,Pune(Moshi),potato,2026,5,1054.62,1947.6
Maharashtra,Pune,Pune(Moshi),potato,2026,6,1053.12,2227.0
Maharashtra,Pune,Pune(Moshi),potato,2026,7,1077.75,2173.0
Maharashtra,Pune,Pune(Moshi),potato,2026,8,1064.92,2323.0
Maharashtra,Pune,Pune(Moshi),potato,2026,9,1095.94,2334.2
Maharashtra,Pune,Pune(Moshi),tomato,2020,5,555.52,172.0
Maharashtra,Pune,Pune(Moshi),tomato,2020,6,1295.66,622.0
Maharashtra,Pune,Pune(Moshi),tomato,2020,7,2186.08,553.0
Maharashtra,Pune,Pune(Moshi),tomato,2020,8,1556.68,449.0
Maharashtra,Pune,Pune(Moshi),tomato,2020,9,2119.37,444.0
Maharashtra,Pune,Pune(Moshi),tomato,2020,10,1891.74,339.0
Maharashtra,Pune,Pune(Moshi),tomato,2020,11,1737.84,481.0
Maharashtra,Pune,Pune(Moshi),tomato,2020,12,1473.78,635.0
Maharashtra,Pune,Pune(Moshi),tomato,2021,1,505.97,578.0
Maharashtra,Pune,Pune(Moshi),tomato,2021,2,653.72,658.0
Maharashtra,Pune,Pune(Moshi),tomato,2021,3,562.43,668.0
Maharashtra,Pune,Pune(Moshi),tomato,2021,4,656.96,761.0
Maharashtra,Pune,Pune(Moshi),tomato,2021,5,550.32,770.0
Maharashtra,Pune,Pune(Moshi),tomato,2021,6,567.1,810.0
Maharashtra,Pune,Pune(Moshi),tomato,2021,7,646.97,841.0
Maharashtra,Pune,Pune(Moshi),tomato,2021,8,545.17,838.0
Maharashtra,Pune,Pune(Moshi),tomato,2021,9,681.97,760.0
Maharashtra,Pune,Pune(Moshi),tomato,2021,10,2098.51,606.0
Maharashtra,Pune,Pune(Moshi),tomato,2021,11,2496.39,457.0
Maharashtra,Pune,Pune(Moshi),tomato,2021,12,2028.4,713.0
Maharashtra,Pune,Pune(Moshi),tomato,2022,1,1156.19,703.0
Maharashtra,Pune,Pune(Moshi),tomato,2022,2,1071.31,758.0
Maharashtra,Pune,Pune(Moshi),tomato,2022,3,730.93,792.0
Maharashtra,Pune,Pune(Moshi),tomato,2022,4,930.79,794.0
Maharashtra,Pune,Pune(Moshi),tomato,2022,5,3088.75,560.0
Maharashtra,Pune,Pune(Moshi),tomato,2022,6,3261.32,499.0
Maharashtra,Pune,Pune(Moshi),tomato,2022,7,1183.35,820.0
Maharashtra,Pune,Pune(Moshi),tomato,2022,8,994.15,821.0
Maharashtra,Pune,Pune(Moshi),tomato,2022,9,1116.69,632.0
Maharashtra,Pune,Pune(Moshi),tomato,2022,10,1794.36,674.0
Maharashtra,Pune,Pune(Moshi),tomato,2022,11,871.15,792.0
Maharashtra,Pune,Pune(Moshi),tomato,2022,12,684.23,980.0
Maharashtra,Pune,Pune(Moshi),tomato,2023,1,1156.23,923.0
Maharashtra,Pune,Pune(Moshi),tomato,2023,2,935.0,910.0
Maharashtra,Pune,Pune(Moshi),tomato,2023,3,1030.81,1076.0
Maharashtra,Pune,Pune(Moshi),tomato,2023,4,766.39,1193.0
Maharashtra,Pune,Pune(Moshi),tomato,2023,5,595.41,1208.0
Maharashtra,Pune,Pune(Moshi),tomato,2023,6,1930.97,875.0
Maharashtra,Pune,Pune(Moshi),tomato,2023,7,6477.54,414.0
Maharashtra,Pune,Pune(Moshi),tomato,2023,8,3442.45,576.0
Maharashtra,Pune,Pune(Moshi),tomato,2023,9,750.34,1042.0
Maharashtra,Pune,Pune(Moshi),tomato,2023,10,865.98,1355.0
Maharashtra,Pune,Pune(Moshi),tomato,2023,11,1522.55,754.0
Maharashtra,Pune,Pune(Moshi),tomato,2023,12,1581.97,940.0
Maharashtra,Pune,Pune(Moshi),tomato,2024,1,1474.88,1059.0
Maharashtra,Pune,Pune(Moshi),tomato,2024,2,1649.79,1085.5
Maharashtra,Pune,Pune(Moshi),tomato,2024,3,903.87,1230.8
Maharashtra,Pune,Pune(Moshi),tomato,2024,4,867.08,1039.1
Maharashtra,Pune,Pune(Moshi),tomato,2024,5,974.78,1240.4
Maharashtra,Pune,Pune(Moshi),tomato,2024,6,2831.67,977.5
Maharashtra,Pune,Pune(Moshi),tomato,2024,7,4107.81,763.4
Maharashtra,Pune,Pune(Moshi),tomato,2024,8,1490.86,1121.9
Maharashtra,Pune,Pune(Moshi),tomato,2024,9,1677.45,983.5
Maharashtra,Pune,Pune(Moshi),tomato,2024,10,3114.69,794.9
Maharashtra,Pune,Pune(Moshi),tomato,2024,11,2114.0,907.7
Maharashtra,Pune,Pune(Moshi),tomato,2024,12,2149.28,1167.6
Maharashtra,Pune,Pune(Moshi),tomato,2025,1,1314.56,1313.8
Maharashtra,Pune,Pune(Moshi),tomato,2025,2,1089.66,1171.9
Maharashtra,Pune,Pune(Moshi),tomato,2025,3,876.35,1490.5
Maharashtra,Pune,Pune(Moshi),tomato,2025,4,796.27,1408.9
Maharashtra,Pune,Pune(Moshi),tomato,2025,5,1185.37,1415.9
Maharashtra,Pune,Pune(Moshi),tomato,2025,6,1664.7,1495.5
Maharashtra,Pune,Pune(Moshi),tomato,2025,7,1689.05,1187.1
Maharashtra,Pune,Pune(Moshi),tomato,2025,8,2409.32,1146.2
Maharashtra,Pune,Pune(Moshi),tomato,2025,9,1099.7,1529.1
Maharashtra,Pune,Pune(Moshi),tomato,2025,10,1383.57,1260.8
Maharashtra,Pune,Pune(Moshi),tomato,2025,11,2202.53,1340.7
Maharashtra,Pune,Pune(Moshi),tomato,2025,12,2955.61,1210.9
Maharashtra,Pune,Pune(Moshi),tomato,2026,1,2215.81,1565.4
Maharashtra,Pune,Pune(Moshi),tomato,2026,2,1296.11,1457.2
Maharashtra,Pune,Pune(Moshi),tomato,2026,3,935.09,1509.5
Maharashtra,Pune,Pune(Moshi),tomato,2026,4,906.18,1411.3
Maharashtra,Pune,Pune(Moshi),tomato,2026,5,1859.47,1295.8
Maharashtra,Pune,Pune(Moshi),tomato,2026,6,2478.16,1376.9
Maharashtra,Pune,Pune(Moshi),tomato,2026,7,1745.54,1377.4
Maharashtra,Pune,Pune(Moshi),tomato,2026,8,1134.58,1591.0
Maharashtra,Pune,Pune(Moshi),tomato,2026,9,1060.98,1495.1
Maharashtra,Pune,Pune(Pimpri),potato,2019,2,1000.0,1.0
Maharashtra,Pune,Pune(Pimpri),potato,2019,4,700.0,1.0
Maharashtra,Pune,Pune(Pimpri),potato,2019,12,2000.0,1.0
Maharashtra,Pune,Pune(Pimpri),potato,2020,2,1500.0,1.0
Maharashtra,Pune,Pune(Pimpri),potato,2020,3,1888.46,13.0
Maharashtra,Pune,Pune(Pimpri),potato,2020,4,1800.0,3.0
Maharashtra,Pune,Pune(Pimpri),potato,2020,12,1500.0,1.0
Maharashtra,Pune,Pune(Pimpri),potato,2021,1,1250.0,2.0
Maharashtra,Pune,Pune(Pimpri),potato,2021,2,1231.25,8.0
Maharashtra,Pune,Pune(Pimpri),potato,2021,3,950.0,2.0
Maharashtra,Pune,Pune(Pimpri),potato,2021,5,983.33,3.0
Maharashtra,Pune,Pune(Pimpri),potato,2021,11,1450.0,1.0
Maharashtra,Pune,Pune(Pimpri),potato,2021,12,1200.0,1.0
Maharashtra,Pune,Pune(Pimpri),potato,2022,1,1225.0,2.0
Maharashtra,Pune,Pune(Pimpri),potato,2022,2,1400.0,1.0
Maharashtra,Pune,Pune(Pimpri),potato,2022,3,1375.0,2.0
Maharashtra,Pune,Pune(Pimpri),potato,2022,12,2850.0,27.0
Maharashtra,Pune,Pune(Pimpri),potato,2023,2,1250.0,1.0
Maharashtra,Pune,Pune(Pimpri),potato,2023,3,1000.0,3.0
Maharashtra,Pune,Pune(Pimpri),potato,2024,3,1653.85,1.3
Maharashtra,Pune,Pune(Pimpri),potato,2024,4,1400.0,0.2
Maharashtra,Pune,Pune(Pimpri),potato,2025,1,1600.0,0.6
Maharashtra,Pune,Pune(Pimpri),potato,2025,2,1253.57,1.4
Maharashtra,Pune,Pune(Pimpri),potato,2025,3,1078.26,2.3
Maharashtra,Pune,Pune(Pimpri),potato,2025,4,400.0,0.2
Maharashtra,Pune,Pune(Pimpri),potato,2025,7,1300.0,0.1
Maharashtra,Pune,Pune(Pimpri),potato,2026,1,1200.0,0.7
Maharashtra,Pune,Pune(Pimpri),potato,2026,2,1026.0,2.5
Maharashtra,Pune,Pune(Pimpri),potato,2026,3,1014.29,0.7
Maharashtra,Pune,Pune(Pimpri),potato,2026,4,600.0,0.2
Maharashtra,Pune,Pune(Pimpri),tomato,2019,2,1670.45,22.0
Maharashtra,Pune,Pune(Pimpri),tomato,2019,4,1120.59,34.0
Maharashtra,Pune,Pune(Pimpri),tomato,2019,6,2318.48,46.0
Maharashtra,Pune,Pune(Pimpri),tomato,2019,8,2350.0,16.0
Maharashtra,Pune,Pune(Pimpri),tomato,2019,10,3088.89,9.0
Maharashtra,Pune,Pune(Pimpri),tomato,2019,12,1150.0,79.0
Maharashtra,Pune,Pune(Pimpri),tomato,2020,1,1264.63,82.0
Maharashtra,Pune,Pune(Pimpri),tomato,2020,2,800.0,73.0
Maharashtra,Pune,Pune(Pimpri),tomato,2020,3,904.49,78.0
Maharashtra,Pune,Pune(Pimpri),tomato,2020,4,781.82,11.0
Maharashtra,Pune,Pune(Pimpri),tomato,2020,6,1513.16,19.0
Maharashtra,Pune,Pune(Pimpri),tomato,2020,7,2750.0,1.0
Maharashtra,Pune,Pune(Pimpri),tomato,2020,9,2944.44,9.0
Maharashtra,Pune,Pune(Pimpri),tomato,2020,11,2737.5,24.0
Maharashtra,Pune,Pune(Pimpri),tomato,2020,12,1821.43,7.0
Maharashtra,Pune,Pune(Pimpri),tomato,2021,1,833.33,6.0
Maharashtra,Pune,Pune(Pimpri),tomato,2021,2,1100.0,10.0
Maharashtra,Pune,Pune(Pimpri),tomato,2021,3,929.17,24.0
Maharashtra,Pune,Pune(Pimpri),tomato,2021,4,1176.19,21.0
Maharashtra,Pune,Pune(Pimpri),tomato,2021,5,1147.83,23.0
Maharashtra,Pune,Pune(Pimpri),tomato,2021,6,1113.89,36.0
Maharashtra,Pune,Pune(Pimpri),tomato,2021,7,1123.21,28.0
Maharashtra,Pune,Pune(Pimpri),tomato,2021,8,898.61,36.0
Maharashtra,Pune,Pune(Pimpri),tomato,2021,9,1038.24,34.0
Maharashtra,Pune,Pune(Pimpri),tomato,2021,10,2943.33,30.0
Maharashtra,Pune,Pune(Pimpri),tomato,2021,11,2900.0,22.0
Maharashtra,Pune,Pune(Pimpri),tomato,2021,12,2568.0,25.0
Maharashtra,Pune,Pune(Pimpri),tomato,2022,1,2169.23,26.0
Maharashtra,Pune,Pune(Pimpri),tomato,2022,2,1811.54,26.0
Maharashtra,Pune,Pune(Pimpri),tomato,2022,3,1396.3,54.0
Maharashtra,Pune,Pune(Pimpri),tomato,2022,4,1198.0,50.0
Maharashtra,Pune,Pune(Pimpri),tomato,2022,5,3102.5,20.0
Maharashtra,Pune,Pune(Pimpri),tomato,2022,6,3338.89,18.0
Maharashtra,Pune,Pune(Pimpri),tomato,2022,7,1263.46,26.0
Maharashtra,Pune,Pune(Pimpri),tomato,2022,8,1138.89,36.0
Maharashtra,Pune,Pune(Pimpri),tomato,2022,9,1313.51,37.0
Maharashtra,Pune,Pune(Pimpri),tomato,2022,10,2738.1,21.0
Maharashtra,Pune,Pune(Pimpri),tomato,2022,11,1236.54,52.0
Maharashtra,Pune,Pune(Pimpri),tomato,2022,12,839.55,67.0
Maharashtra,Pune,Pune(Pimpri),tomato,2023,1,941.18,51.0
Maharashtra,Pune,Pune(Pimpri),tomato,2023,2,946.49,57.0
Maharashtra,Pune,Pune(Pimpri),tomato,2023,3,1035.71,49.0
Maharashtra,Pune,Pune(Pimpri),tomato,2023,4,968.75,64.0
Maharashtra,Pune,Pune(Pimpri),tomato,2023,5,983.87,62.0
Maharashtra,Pune,Pune(Pimpri),tomato,2023,6,1514.29,35.0
Maharashtra,Pune,Pune(Pimpri),tomato,2023,8,6200.0,5.0
Maharashtra,Pune,Pune(Pimpri),tomato,2023,9,995.83,84.0
Maharashtra,Pune,Pune(Pimpri),tomato,2023,10,781.17,77.0
Maharashtra,Pune,Pune(Pimpri),tomato,2023,11,1850.0,49.0
Maharashtra,Pune,Pune(Pimpri),tomato,2023,12,1837.78,45.0
Maharashtra,Pune,Pune(Pimpri),tomato,2024,1,2130.43,46.0
Maharashtra,Pune,Pune(Pimpri),tomato,2024,2,2074.1,44.4
Maharashtra,Pune,Pune(Pimpri),tomato,2024,3,1351.42,73.9
Maharashtra,Pune,Pune(Pimpri),tomato,2024,4,994.96,57.5
Maharashtra,Pune,Pune(Pimpri),tomato,2024,5,1212.68,61.1
Maharashtra,Pune,Pune(Pimpri),tomato,2024,6,2401.51,39.8
Maharashtra,Pune,Pune(Pimpri),tomato,2024,7,3549.21,12.7
Maharashtra,Pune,Pune(Pimpri),tomato,2024,8,1723.2,43.1
Maharashtra,Pune,Pune(Pimpri),tomato,2024,9,1832.02,36.7
Maharashtra,Pune,Pune(Pimpri),tomato,2024,10,3254.84,28.9
Maharashtra,Pune,Pune(Pimpri),tomato,2024,11,2124.93,37.1
Maharashtra,Pune,Pune(Pimpri),tomato,2024,12,2039.09,33.0
Maharashtra,Pune,Pune(Pimpri),tomato,2025,1,1161.1,71.6
Maharashtra,Pune,Pune(Pimpri),tomato,2025,2,1151.87,74.7
Maharashtra,Pune,Pune(Pimpri),tomato,2025,3,1087.14,79.7
Maharashtra,Pune,Pune(Pimpri),tomato,2025,4,992.51,74.8
Maharashtra,Pune,Pune(Pimpri),tomato,2025,5,1240.39,64.0
Maharashtra,Pune,Pune(Pimpri),tomato,2025,6,1694.96,45.6
Maharashtra,Pune,Pune(Pimpri),tomato,2025,7,1821.19,15.1
Maharashtra,Pune,Pune(Pimpri),tomato,2025,8,2600.0,11.5
Maharashtra,Pune,Pune(Pimpri),tomato,2025,9,1464.27,45.9
Maharashtra,Pune,Pune(Pimpri),tomato,2025,10,1500.75,39.8
Maharashtra,Pune,Pune(Pimpri),tomato,2025,11,2284.42,33.7
Maharashtra,Pune,Pune(Pimpri),tomato,2025,12,2965.9,26.1
Maharashtra,Pune,Pune(Pimpri),tomato,2026,1,2150.19,26.4
Maharashtra,Pune,Pune(Pimpri),tomato,2026,2,1408.68,35.2
Maharashtra,Pune,Pune(Pimpri),tomato,2026,3,1377.07,36.2
Maharashtra,Pune,Pune(Pimpri),tomato,2026,4,1403.55,32.4
Maharashtra,Pune,Pune(Pimpri),tomato,2026,5,2110.32,21.8
Maharashtra,Pune,Pune(Pimpri),tomato,2026,6,2406.15,13.0
Maharashtra,Pune,Pune(Pimpri),tomato,2026,7,2040.29,10.3
Maharashtra,Pune,Pune(Pimpri),tomato,2026,8,1425.91,16.4
Maharashtra,Pune,Pune(Pimpri),tomato,2026,9,1467.4,22.7
