# Source: UPAg Complete APY Dataset (District Level), DES DA&FW, final estimates. Downloaded 2026-10-03.
state,district,crop,season,crop_year,area_ha,production,production_unit,yield_kg_ha
Maharashtra,Ahilyanagar,chickpea,rabi,2013,120700.0,93300.0,tonnes,773.0
Maharashtra,Ahilyanagar,chickpea,rabi,2014,115200.0,85200.0,tonnes,740.0
Maharashtra,Ahilyanagar,chickpea,rabi,2015,135100.0,54300.0,tonnes,402.0
Maharashtra,Ahilyanagar,chickpea,rabi,2016,160100.0,130600.0,tonnes,816.0
Maharashtra,Ahilyanagar,chickpea,rabi,2017,208005.0,166000.0,tonnes,798.0
Maharashtra,Ahilyanagar,chickpea,rabi,2018,149700.0,78400.0,tonnes,524.0
Maharashtra,Ahilyanagar,chickpea,rabi,2019,97038.0,82529.0,tonnes,850.0
Maharashtra,Ahilyanagar,chickpea,rabi,2020,107760.0,92042.58,tonnes,854.0
Maharashtra,Ahilyanagar,chickpea,rabi,2021,114238.91,112409.95,tonnes,984.0
Maharashtra,Ahilyanagar,chickpea,rabi,2022,113139.7,112159.91,tonnes,991.0
Maharashtra,Ahilyanagar,chickpea,rabi,2023,101701.48,105139.21,tonnes,1034.0
Maharashtra,Ahilyanagar,chickpea,rabi,2024,107722.67,90910.48,tonnes,844.0
Maharashtra,Ahilyanagar,cotton,kharif,2013,104700.0,222400.0,bales_170kg,361.0
Maharashtra,Ahilyanagar,cotton,kharif,2014,102600.0,96700.0,bales_170kg,160.0
Maharashtra,Ahilyanagar,cotton,kharif,2015,73600.0,39000.0,bales_170kg,90.0
Maharashtra,Ahilyanagar,cotton,kharif,2016,132400.0,139400.0,bales_170kg,179.0
Maharashtra,Ahilyanagar,cotton,kharif,2017,132800.0,220600.0,bales_170kg,282.0
Maharashtra,Ahilyanagar,cotton,kharif,2018,129932.0,48381.0,bales_170kg,63.0
Maharashtra,Ahilyanagar,cotton,kharif,2019,159250.0,146932.0,bales_170kg,157.0
Maharashtra,Ahilyanagar,cotton,kharif,2020,172800.0,399500.0,bales_170kg,393.0
Maharashtra,Ahilyanagar,cotton,kharif,2021,162600.0,277400.0,bales_170kg,290.0
Maharashtra,Ahilyanagar,cotton,kharif,2022,131229.17,255061.86,bales_170kg,330.0
Maharashtra,Ahilyanagar,cotton,kharif,2023,154649.08,139091.08,bales_170kg,153.0
Maharashtra,Ahilyanagar,cotton,kharif,2024,161436.57,321730.75,bales_170kg,339.0
Maharashtra,Ahilyanagar,groundnut,kharif,2013,4700.0,3700.0,tonnes,787.0
Maharashtra,Ahilyanagar,groundnut,kharif,2014,4300.0,2800.0,tonnes,651.0
Maharashtra,Ahilyanagar,groundnut,kharif,2015,4900.0,2000.0,tonnes,408.0
Maharashtra,Ahilyanagar,groundnut,kharif,2016,7000.0,5600.0,tonnes,800.0
Maharashtra,Ahilyanagar,groundnut,kharif,2017,10400.0,10100.0,tonnes,971.0
Maharashtra,Ahilyanagar,groundnut,kharif,2018,10545.0,5346.0,tonnes,507.0
Maharashtra,Ahilyanagar,groundnut,kharif,2019,11935.0,6991.0,tonnes,586.0
Maharashtra,Ahilyanagar,groundnut,kharif,2020,13496.5,11272.68,tonnes,835.0
Maharashtra,Ahilyanagar,groundnut,kharif,2021,15363.13,13395.11,tonnes,872.0
Maharashtra,Ahilyanagar,groundnut,kharif,2022,5255.6,5503.14,tonnes,1047.0
Maharashtra,Ahilyanagar,groundnut,kharif,2023,5280.66,1956.77,tonnes,371.0
Maharashtra,Ahilyanagar,groundnut,kharif,2024,5176.05,5279.01,tonnes,1020.0
Maharashtra,Ahilyanagar,groundnut,summer,2013,1500.0,2400.0,tonnes,1600.0
Maharashtra,Ahilyanagar,groundnut,summer,2014,1600.0,2300.0,tonnes,1438.0
Maharashtra,Ahilyanagar,groundnut,summer,2015,800.0,800.0,tonnes,1000.0
Maharashtra,Ahilyanagar,groundnut,summer,2016,9200.0,16300.0,tonnes,1772.0
Maharashtra,Ahilyanagar,groundnut,summer,2017,5318.0,9400.0,tonnes,1768.0
Maharashtra,Ahilyanagar,groundnut,summer,2018,240.0,260.0,tonnes,1083.0
Maharashtra,Ahilyanagar,groundnut,summer,2019,365.0,593.0,tonnes,1625.0
Maharashtra,Ahilyanagar,groundnut,summer,2020,487.07,684.98,tonnes,1406.0
Maharashtra,Ahilyanagar,groundnut,summer,2021,415.99,592.56,tonnes,1424.0
Maharashtra,Ahilyanagar,groundnut,summer,2022,5824.0,7451.0,tonnes,1279.0
Maharashtra,Ahilyanagar,groundnut,summer,2023,5241.35,7331.85,tonnes,1399.0
Maharashtra,Ahilyanagar,groundnut,summer,2024,6500.15,7811.74,tonnes,1202.0
Maharashtra,Ahilyanagar,maize,kharif,2013,61000.0,296900.0,tonnes,4867.0
Maharashtra,Ahilyanagar,maize,kharif,2014,68100.0,176100.0,tonnes,2586.0
Maharashtra,Ahilyanagar,maize,kharif,2015,17200.0,23900.0,tonnes,1390.0
Maharashtra,Ahilyanagar,maize,kharif,2016,22000.0,68700.0,tonnes,3123.0
Maharashtra,Ahilyanagar,maize,kharif,2017,27400.0,77300.0,tonnes,2821.0
Maharashtra,Ahilyanagar,maize,kharif,2018,28211.0,94610.0,tonnes,3354.0
Maharashtra,Ahilyanagar,maize,kharif,2019,35708.0,12252.0,tonnes,343.0
Maharashtra,Ahilyanagar,maize,kharif,2020,43241.51,144642.87,tonnes,3345.0
Maharashtra,Ahilyanagar,maize,kharif,2021,46278.98,147412.44,tonnes,3185.0
Maharashtra,Ahilyanagar,maize,kharif,2022,49098.0,97824.0,tonnes,1992.0
Maharashtra,Ahilyanagar,maize,kharif,2023,85776.38,113086.53,tonnes,1318.0
Maharashtra,Ahilyanagar,maize,kharif,2024,90551.12,261740.82,tonnes,2891.0
Maharashtra,Ahilyanagar,maize,rabi,2013,20900.0,59300.0,tonnes,2837.0
Maharashtra,Ahilyanagar,maize,rabi,2014,29400.0,57600.0,tonnes,1959.0
Maharashtra,Ahilyanagar,maize,rabi,2015,26700.0,45900.0,tonnes,1719.0
Maharashtra,Ahilyanagar,maize,rabi,2016,44400.0,172400.0,tonnes,3883.0
Maharashtra,Ahilyanagar,maize,rabi,2017,49500.0,163300.0,tonnes,3299.0
Maharashtra,Ahilyanagar,maize,rabi,2018,28670.0,29600.0,tonnes,1032.0
Maharashtra,Ahilyanagar,maize,rabi,2019,38954.0,114492.0,tonnes,2939.0
Maharashtra,Ahilyanagar,maize,rabi,2020,44709.39,122023.24,tonnes,2729.0
Maharashtra,Ahilyanagar,maize,rabi,2021,45432.92,120165.53,tonnes,2645.0
Maharashtra,Ahilyanagar,maize,rabi,2022,46177.56,108212.49,tonnes,2343.0
Maharashtra,Ahilyanagar,maize,rabi,2023,43159.22,116955.46,tonnes,2710.0
Maharashtra,Ahilyanagar,maize,rabi,2024,42166.34,132994.33,tonnes,3154.0
Maharashtra,Ahilyanagar,maize,summer,2013,1000.0,1500.0,tonnes,1500.0
Maharashtra,Ahilyanagar,maize,summer,2014,200.0,400.0,tonnes,2000.0
Maharashtra,Ahilyanagar,maize,summer,2015,100.0,200.0,tonnes,2000.0
Maharashtra,Ahilyanagar,maize,summer,2016,1600.0,4300.0,tonnes,2688.0
Maharashtra,Ahilyanagar,maize,summer,2017,1479.0,1300.0,tonnes,879.0
Maharashtra,Ahilyanagar,maize,summer,2018,86.0,,tonnes,
Maharashtra,Ahilyanagar,maize,summer,2019,2087.0,5635.0,tonnes,2700.0
Maharashtra,Ahilyanagar,maize,summer,2020,2397.58,3164.81,tonnes,1320.0
Maharashtra,Ahilyanagar,maize,summer,2021,3048.14,4023.55,tonnes,1320.0
Maharashtra,Ahilyanagar,maize,summer,2022,5791.47,11032.75,tonnes,1905.0
Maharashtra,Ahilyanagar,maize,summer,2023,5791.81,11034.33,tonnes,1905.0
Maharashtra,Ahilyanagar,maize,summer,2024,6685.83,28568.06,tonnes,4273.0
Maharashtra,Ahilyanagar,pearl_millet,kharif,2013,181800.0,188200.0,tonnes,1035.0
Maharashtra,Ahilyanagar,pearl_millet,kharif,2014,186000.0,107700.0,tonnes,579.0
Maharashtra,Ahilyanagar,pearl_millet,kharif,2015,122000.0,30400.0,tonnes,249.0
Maharashtra,Ahilyanagar,pearl_millet,kharif,2016,146400.0,149800.0,tonnes,1023.0
Maharashtra,Ahilyanagar,pearl_millet,kharif,2017,119500.0,120100.0,tonnes,1005.0
Maharashtra,Ahilyanagar,pearl_millet,kharif,2018,130478.0,84115.0,tonnes,645.0
Maharashtra,Ahilyanagar,pearl_millet,kharif,2019,146822.0,127713.0,tonnes,870.0
Maharashtra,Ahilyanagar,pearl_millet,kharif,2020,150957.97,229822.23,tonnes,1522.0
Maharashtra,Ahilyanagar,pearl_millet,kharif,2021,147501.9,151916.36,tonnes,1030.0
Maharashtra,Ahilyanagar,pearl_millet,kharif,2022,110862.0,136744.0,tonnes,1233.0
Maharashtra,Ahilyanagar,pearl_millet,kharif,2023,82634.77,33889.51,tonnes,410.0
Maharashtra,Ahilyanagar,pearl_millet,kharif,2024,81489.96,111694.36,tonnes,1371.0
Maharashtra,Ahilyanagar,pearl_millet,summer,2021,2016.0,1834.56,tonnes,910.0
Maharashtra,Ahilyanagar,pearl_millet,summer,2022,5129.3,4667.66,tonnes,910.0
Maharashtra,Ahilyanagar,pearl_millet,summer,2023,4684.35,4262.73,tonnes,910.0
Maharashtra,Ahilyanagar,pearl_millet,summer,2024,3033.19,2760.0,tonnes,910.0
Maharashtra,Ahilyanagar,pigeon_pea,kharif,2013,11000.0,9200.0,tonnes,836.0
Maharashtra,Ahilyanagar,pigeon_pea,kharif,2014,9100.0,1800.0,tonnes,198.0
Maharashtra,Ahilyanagar,pigeon_pea,kharif,2015,9300.0,2200.0,tonnes,237.0
Maharashtra,Ahilyanagar,pigeon_pea,kharif,2016,21968.0,22038.0,tonnes,1003.0
Maharashtra,Ahilyanagar,pigeon_pea,kharif,2017,15700.0,15600.0,tonnes,994.0
Maharashtra,Ahilyanagar,pigeon_pea,kharif,2018,19058.0,4757.0,tonnes,250.0
Maharashtra,Ahilyanagar,pigeon_pea,kharif,2019,19747.0,9948.0,tonnes,504.0
Maharashtra,Ahilyanagar,pigeon_pea,kharif,2020,20664.59,15667.3,tonnes,758.0
Maharashtra,Ahilyanagar,pigeon_pea,kharif,2021,22874.75,18530.84,tonnes,810.0
Maharashtra,Ahilyanagar,pigeon_pea,kharif,2022,23881.0,22018.0,tonnes,922.0
Maharashtra,Ahilyanagar,pigeon_pea,kharif,2023,59786.7,30329.5,tonnes,507.0
Maharashtra,Ahilyanagar,pigeon_pea,kharif,2024,74915.59,73697.29,tonnes,984.0
Maharashtra,Ahilyanagar,rice,kharif,2013,7900.0,19000.0,tonnes,2405.0
Maharashtra,Ahilyanagar,rice,kharif,2014,8600.0,2200.0,tonnes,256.0
Maharashtra,Ahilyanagar,rice,kharif,2015,14000.0,17200.0,tonnes,1229.0
Maharashtra,Ahilyanagar,rice,kharif,2016,15000.0,26200.0,tonnes,1747.0
Maharashtra,Ahilyanagar,rice,kharif,2017,16200.0,37300.0,tonnes,2302.0
Maharashtra,Ahilyanagar,rice,kharif,2018,16245.0,6711.0,tonnes,413.0
Maharashtra,Ahilyanagar,rice,kharif,2019,17331.0,19469.0,tonnes,1123.0
Maharashtra,Ahilyanagar,rice,kharif,2020,17595.34,33172.49,tonnes,1885.0
Maharashtra,Ahilyanagar,rice,kharif,2021,19551.47,37007.02,tonnes,1893.0
Maharashtra,Ahilyanagar,rice,kharif,2022,20579.65,34228.07,tonnes,1663.0
Maharashtra,Ahilyanagar,rice,kharif,2023,18521.69,8610.83,tonnes,465.0
Maharashtra,Ahilyanagar,rice,kharif,2024,19208.38,51543.28,tonnes,2683.0
Maharashtra,Ahilyanagar,rice,summer,2021,10.0,31.13,tonnes,3113.0
Maharashtra,Ahilyanagar,sorghum,kharif,2016,1400.0,300.0,tonnes,214.0
Maharashtra,Ahilyanagar,sorghum,kharif,2017,1600.0,1000.0,tonnes,625.0
Maharashtra,Ahilyanagar,sorghum,kharif,2018,1578.0,468.0,tonnes,297.0
Maharashtra,Ahilyanagar,sorghum,kharif,2019,1541.0,430.0,tonnes,279.0
Maharashtra,Ahilyanagar,sorghum,kharif,2020,1080.76,667.26,tonnes,617.0
Maharashtra,Ahilyanagar,sorghum,kharif,2021,921.41,1040.33,tonnes,1129.0
Maharashtra,Ahilyanagar,sorghum,kharif,2022,426.97,243.89,tonnes,571.0
Maharashtra,Ahilyanagar,sorghum,kharif,2023,148.92,18.84,tonnes,127.0
Maharashtra,Ahilyanagar,sorghum,kharif,2024,149.14,61.19,tonnes,410.0
Maharashtra,Ahilyanagar,sorghum,rabi,2013,503900.0,354500.0,tonnes,704.0
Maharashtra,Ahilyanagar,sorghum,rabi,2014,443600.0,279800.0,tonnes,631.0
Maharashtra,Ahilyanagar,sorghum,rabi,2015,463900.0,105900.0,tonnes,228.0
Maharashtra,Ahilyanagar,sorghum,rabi,2016,492800.0,245700.0,tonnes,499.0
Maharashtra,Ahilyanagar,sorghum,rabi,2017,548900.0,298300.0,tonnes,543.0
Maharashtra,Ahilyanagar,sorghum,rabi,2018,435308.0,54800.0,tonnes,126.0
Maharashtra,Ahilyanagar,sorghum,rabi,2019,362789.0,188248.0,tonnes,519.0
Maharashtra,Ahilyanagar,sorghum,rabi,2020,336386.53,196522.75,tonnes,584.0
Maharashtra,Ahilyanagar,sorghum,rabi,2021,324627.56,221379.77,tonnes,682.0
Maharashtra,Ahilyanagar,sorghum,rabi,2022,142520.05,118049.36,tonnes,828.0
Maharashtra,Ahilyanagar,sorghum,rabi,2023,191102.37,177064.93,tonnes,927.0
Maharashtra,Ahilyanagar,sorghum,rabi,2024,149129.25,133007.43,tonnes,892.0
Maharashtra,Ahilyanagar,soybean,kharif,2013,65900.0,74500.0,tonnes,1131.0
Maharashtra,Ahilyanagar,soybean,kharif,2014,58200.0,35900.0,tonnes,617.0
Maharashtra,Ahilyanagar,soybean,kharif,2015,40900.0,19800.0,tonnes,484.0
Maharashtra,Ahilyanagar,soybean,kharif,2016,52000.0,41700.0,tonnes,802.0
Maharashtra,Ahilyanagar,soybean,kharif,2017,59284.0,86900.0,tonnes,1466.0
Maharashtra,Ahilyanagar,soybean,kharif,2018,60627.0,38254.0,tonnes,631.0
Maharashtra,Ahilyanagar,soybean,kharif,2019,70951.0,40505.0,tonnes,571.0
Maharashtra,Ahilyanagar,soybean,kharif,2020,84480.32,141300.37,tonnes,1673.0
Maharashtra,Ahilyanagar,soybean,kharif,2021,99300.03,157052.93,tonnes,1582.0
Maharashtra,Ahilyanagar,soybean,kharif,2022,110629.0,200692.0,tonnes,1814.0
Maharashtra,Ahilyanagar,soybean,kharif,2023,186428.54,66541.2,tonnes,357.0
Maharashtra,Ahilyanagar,soybean,kharif,2024,182325.31,380868.82,tonnes,2089.0
Maharashtra,Ahilyanagar,soybean,summer,2021,3195.0,4792.5,tonnes,1500.0
Maharashtra,Ahilyanagar,soybean,summer,2022,1475.0,2212.5,tonnes,1500.0
Maharashtra,Ahilyanagar,sugarcane,kharif,2013,110800.0,9643600.0,tonnes,87036.0
Maharashtra,Ahilyanagar,sugarcane,kharif,2014,122000.0,11761000.0,tonnes,96402.0
Maharashtra,Ahilyanagar,sugarcane,kharif,2015,112400.0,6607100.0,tonnes,58782.0
Maharashtra,Ahilyanagar,sugarcane,kharif,2016,60972.0,4181400.0,tonnes,68579.0
Maharashtra,Ahilyanagar,sugarcane,kharif,2017,104404.0,11308900.0,tonnes,108319.0
Maharashtra,Ahilyanagar,sugarcane,kharif,2018,134486.0,12776170.0,tonnes,95000.0
Maharashtra,Ahilyanagar,sugarcane,kharif,2019,70931.0,5103317.0,tonnes,71948.0
Maharashtra,Ahilyanagar,sugarcane,kharif,2020,109977.0,11945130.44,tonnes,108615.0
Maharashtra,Ahilyanagar,sugarcane,kharif,2021,207805.0,20676012.67,tonnes,99497.0
Maharashtra,Ahilyanagar,sugarcane,kharif,2022,160000.0,17600000.0,tonnes,110000.0
Maharashtra,Ahilyanagar,sugarcane,kharif,2023,152330.83,9096109.28,tonnes,59713.0
Maharashtra,Ahilyanagar,sugarcane,kharif,2024,142627.62,13403662.18,tonnes,93977.0
Maharashtra,Ahilyanagar,wheat,rabi,2013,51900.0,100700.0,tonnes,1940.0
Maharashtra,Ahilyanagar,wheat,rabi,2014,57200.0,85000.0,tonnes,1486.0
Maharashtra,Ahilyanagar,wheat,rabi,2015,41100.0,50100.0,tonnes,1219.0
Maharashtra,Ahilyanagar,wheat,rabi,2016,60000.0,127200.0,tonnes,2120.0
Maharashtra,Ahilyanagar,wheat,rabi,2017,79800.0,177500.0,tonnes,2224.0
Maharashtra,Ahilyanagar,wheat,rabi,2018,46190.0,87700.0,tonnes,1899.0
Maharashtra,Ahilyanagar,wheat,rabi,2019,67727.0,142189.0,tonnes,2099.0
Maharashtra,Ahilyanagar,wheat,rabi,2020,73932.09,150813.18,tonnes,2040.0
Maharashtra,Ahilyanagar,wheat,rabi,2021,67845.25,152820.07,tonnes,2252.0
Maharashtra,Ahilyanagar,wheat,rabi,2022,85790.86,191159.19,tonnes,2228.0
Maharashtra,Ahilyanagar,wheat,rabi,2023,114386.9,252430.83,tonnes,2207.0
Maharashtra,Ahilyanagar,wheat,rabi,2024,127641.12,254871.89,tonnes,1997.0
Maharashtra,Akola,chickpea,rabi,2013,95100.0,121200.0,tonnes,1274.0
Maharashtra,Akola,chickpea,rabi,2014,91100.0,59600.0,tonnes,654.0
Maharashtra,Akola,chickpea,rabi,2015,93400.0,60600.0,tonnes,649.0
Maharashtra,Akola,chickpea,rabi,2016,105600.0,109200.0,tonnes,1034.0
Maharashtra,Akola,chickpea,rabi,2017,75300.0,80700.0,tonnes,1072.0
Maharashtra,Akola,chickpea,rabi,2018,84600.0,82500.0,tonnes,975.0
Maharashtra,Akola,chickpea,rabi,2019,78542.0,98591.0,tonnes,1255.0
Maharashtra,Akola,chickpea,rabi,2020,84270.88,97007.73,tonnes,1151.0
Maharashtra,Akola,chickpea,rabi,2021,99878.4,125929.68,tonnes,1261.0
Maharashtra,Akola,chickpea,rabi,2022,120523.35,134040.04,tonnes,1112.0
Maharashtra,Akola,chickpea,rabi,2023,112281.98,128745.94,tonnes,1147.0
Maharashtra,Akola,chickpea,rabi,2024,118180.55,115932.01,tonnes,981.0
Maharashtra,Akola,cotton,kharif,2013,147300.0,343600.0,bales_170kg,397.0
Maharashtra,Akola,cotton,kharif,2014,147000.0,122600.0,bales_170kg,142.0
Maharashtra,Akola,cotton,kharif,2015,142900.0,194900.0,bales_170kg,232.0
Maharashtra,Akola,cotton,kharif,2016,155100.0,442700.0,bales_170kg,485.0
Maharashtra,Akola,cotton,kharif,2017,164550.0,240400.0,bales_170kg,248.0
Maharashtra,Akola,cotton,kharif,2018,168836.0,419575.0,bales_170kg,422.0
Maharashtra,Akola,cotton,kharif,2019,154440.0,380667.0,bales_170kg,419.0
Maharashtra,Akola,cotton,kharif,2020,159100.0,335500.0,bales_170kg,358.0
Maharashtra,Akola,cotton,kharif,2021,153000.0,305600.0,bales_170kg,340.0
Maharashtra,Akola,cotton,kharif,2022,149868.87,362488.72,bales_170kg,411.0
Maharashtra,Akola,cotton,kharif,2023,138514.36,330046.49,bales_170kg,405.0
Maharashtra,Akola,cotton,kharif,2024,122443.12,188037.76,bales_170kg,261.0
Maharashtra,Akola,groundnut,kharif,2019,108.0,73.0,tonnes,676.0
Maharashtra,Akola,groundnut,kharif,2020,79.66,72.43,tonnes,909.0
Maharashtra,Akola,groundnut,kharif,2021,1.44,1.83,tonnes,1265.0
Maharashtra,Akola,groundnut,summer,2013,3600.0,6000.0,tonnes,1667.0
Maharashtra,Akola,groundnut,summer,2014,3100.0,4400.0,tonnes,1419.0
Maharashtra,Akola,groundnut,summer,2015,4100.0,3700.0,tonnes,902.0
Maharashtra,Akola,groundnut,summer,2016,3900.0,5500.0,tonnes,1410.0
Maharashtra,Akola,groundnut,summer,2017,1696.0,2500.0,tonnes,1474.0
Maharashtra,Akola,groundnut,summer,2018,1520.0,1760.0,tonnes,1158.0
Maharashtra,Akola,groundnut,summer,2019,2117.0,5851.0,tonnes,2764.0
Maharashtra,Akola,groundnut,summer,2020,3504.7,4307.13,tonnes,1229.0
Maharashtra,Akola,groundnut,summer,2021,3813.23,5542.59,tonnes,1454.0
Maharashtra,Akola,groundnut,summer,2022,4437.0,7143.0,tonnes,1610.0
Maharashtra,Akola,groundnut,summer,2023,6655.83,14961.97,tonnes,2248.0
Maharashtra,Akola,groundnut,summer,2024,4503.51,3966.25,tonnes,881.0
Maharashtra,Akola,maize,kharif,2013,100.0,300.0,tonnes,3000.0
Maharashtra,Akola,maize,kharif,2014,100.0,200.0,tonnes,2000.0
Maharashtra,Akola,maize,kharif,2015,100.0,200.0,tonnes,2000.0
Maharashtra,Akola,maize,kharif,2016,100.0,200.0,tonnes,2000.0
Maharashtra,Akola,maize,kharif,2017,300.0,800.0,tonnes,2667.0
Maharashtra,Akola,maize,kharif,2018,236.0,339.0,tonnes,1436.0
Maharashtra,Akola,maize,kharif,2019,146.0,316.0,tonnes,2164.0
Maharashtra,Akola,maize,kharif,2020,296.85,1013.85,tonnes,3415.0
Maharashtra,Akola,maize,kharif,2021,248.97,734.83,tonnes,2951.0
Maharashtra,Akola,maize,kharif,2022,141.0,420.0,tonnes,2979.0
Maharashtra,Akola,maize,kharif,2023,73.73,230.0,tonnes,3120.0
Maharashtra,Akola,maize,kharif,2024,66.36,182.26,tonnes,2746.0
Maharashtra,Akola,maize,rabi,2015,100.0,100.0,tonnes,1000.0
Maharashtra,Akola,maize,rabi,2016,100.0,100.0,tonnes,1000.0
Maharashtra,Akola,maize,rabi,2017,200.0,200.0,tonnes,1000.0
Maharashtra,Akola,maize,rabi,2018,350.0,260.0,tonnes,743.0
Maharashtra,Akola,maize,rabi,2019,126.0,157.0,tonnes,1246.0
Maharashtra,Akola,maize,rabi,2020,372.82,480.91,tonnes,1290.0
Maharashtra,Akola,maize,rabi,2021,497.52,1082.85,tonnes,2176.0
Maharashtra,Akola,maize,rabi,2022,487.02,962.81,tonnes,1977.0
Maharashtra,Akola,maize,rabi,2023,326.62,291.27,tonnes,892.0
Maharashtra,Akola,maize,rabi,2024,287.62,359.5,tonnes,1250.0
Maharashtra,Akola,maize,summer,2016,100.0,100.0,tonnes,1000.0
Maharashtra,Akola,maize,summer,2017,53.0,100.0,tonnes,1887.0
Maharashtra,Akola,maize,summer,2021,788.0,1339.6,tonnes,1700.0
Maharashtra,Akola,maize,summer,2022,315.2,525.33,tonnes,1667.0
Maharashtra,Akola,maize,summer,2023,819.57,1366.06,tonnes,1667.0
Maharashtra,Akola,maize,summer,2024,363.0,605.05,tonnes,1667.0
Maharashtra,Akola,pearl_millet,kharif,2013,200.0,100.0,tonnes,500.0
Maharashtra,Akola,pearl_millet,kharif,2014,300.0,100.0,tonnes,333.0
Maharashtra,Akola,pearl_millet,kharif,2016,100.0,36.0,tonnes,360.0
Maharashtra,Akola,pearl_millet,kharif,2017,100.0,45.0,tonnes,450.0
Maharashtra,Akola,pearl_millet,kharif,2018,136.1,19.9,tonnes,146.0
Maharashtra,Akola,pearl_millet,kharif,2019,78.0,18.0,tonnes,231.0
Maharashtra,Akola,pearl_millet,kharif,2020,77.78,36.72,tonnes,472.0
Maharashtra,Akola,pearl_millet,kharif,2021,5.24,1.89,tonnes,361.0
Maharashtra,Akola,pearl_millet,kharif,2022,1419.0,510.0,tonnes,359.0
Maharashtra,Akola,pearl_millet,summer,2023,1.0,0.91,tonnes,910.0
Maharashtra,Akola,pigeon_pea,kharif,2013,66500.0,83800.0,tonnes,1260.0
Maharashtra,Akola,pigeon_pea,kharif,2014,50100.0,19600.0,tonnes,391.0
Maharashtra,Akola,pigeon_pea,kharif,2015,54300.0,45100.0,tonnes,831.0
Maharashtra,Akola,pigeon_pea,kharif,2016,59920.0,142043.0,tonnes,2371.0
Maharashtra,Akola,pigeon_pea,kharif,2017,58681.0,59742.0,tonnes,1018.0
Maharashtra,Akola,pigeon_pea,kharif,2018,57074.0,34547.0,tonnes,605.0
Maharashtra,Akola,pigeon_pea,kharif,2019,50907.0,115501.0,tonnes,2269.0
Maharashtra,Akola,pigeon_pea,kharif,2020,54116.38,50377.98,tonnes,931.0
Maharashtra,Akola,pigeon_pea,kharif,2021,57839.22,158086.14,tonnes,2733.0
Maharashtra,Akola,pigeon_pea,kharif,2022,55836.0,42268.0,tonnes,757.0
Maharashtra,Akola,pigeon_pea,kharif,2023,57638.01,60879.29,tonnes,1056.0
Maharashtra,Akola,pigeon_pea,kharif,2024,61328.02,77075.04,tonnes,1257.0
Maharashtra,Akola,rice,summer,2021,88.0,261.39,tonnes,2970.0
Maharashtra,Akola,sorghum,kharif,2013,36800.0,21800.0,tonnes,592.0
Maharashtra,Akola,sorghum,kharif,2014,12500.0,15100.0,tonnes,1208.0
Maharashtra,Akola,sorghum,kharif,2015,11400.0,10300.0,tonnes,904.0
Maharashtra,Akola,sorghum,kharif,2016,11300.0,16700.0,tonnes,1478.0
Maharashtra,Akola,sorghum,kharif,2017,10619.0,9800.0,tonnes,923.0
Maharashtra,Akola,sorghum,kharif,2018,9825.0,13373.0,tonnes,1361.0
Maharashtra,Akola,sorghum,kharif,2019,9512.0,7759.0,tonnes,816.0
Maharashtra,Akola,sorghum,kharif,2020,6973.0,5376.39,tonnes,771.0
Maharashtra,Akola,sorghum,kharif,2021,5175.29,1429.42,tonnes,276.0
Maharashtra,Akola,sorghum,kharif,2022,2243.27,1219.89,tonnes,544.0
Maharashtra,Akola,sorghum,kharif,2023,515.55,110.88,tonnes,215.0
Maharashtra,Akola,sorghum,kharif,2024,298.75,298.81,tonnes,1000.0
Maharashtra,Akola,sorghum,rabi,2015,100.0,100.0,tonnes,1000.0
Maharashtra,Akola,sorghum,rabi,2016,100.0,100.0,tonnes,1000.0
Maharashtra,Akola,sorghum,rabi,2017,3.0,2.0,tonnes,667.0
Maharashtra,Akola,sorghum,rabi,2018,1.0,,tonnes,
Maharashtra,Akola,sorghum,rabi,2019,1830.0,1445.0,tonnes,790.0
Maharashtra,Akola,sorghum,rabi,2020,3025.54,3351.85,tonnes,1108.0
Maharashtra,Akola,sorghum,rabi,2021,2751.65,2368.59,tonnes,861.0
Maharashtra,Akola,sorghum,rabi,2022,969.27,1193.1,tonnes,1231.0
Maharashtra,Akola,sorghum,rabi,2023,2131.98,3038.74,tonnes,1425.0
Maharashtra,Akola,sorghum,rabi,2024,1144.7,906.28,tonnes,792.0
Maharashtra,Akola,sorghum,summer,2021,139.8,116.23,tonnes,831.0
Maharashtra,Akola,sorghum,summer,2022,893.12,742.56,tonnes,831.0
Maharashtra,Akola,sorghum,summer,2023,3935.33,3271.19,tonnes,831.0
Maharashtra,Akola,sorghum,summer,2024,2420.48,2012.72,tonnes,832.0
Maharashtra,Akola,soybean,kharif,2013,187100.0,191900.0,tonnes,1026.0
Maharashtra,Akola,soybean,kharif,2014,233100.0,69600.0,tonnes,299.0
Maharashtra,Akola,soybean,kharif,2015,227200.0,102100.0,tonnes,449.0
Maharashtra,Akola,soybean,kharif,2016,216600.0,305700.0,tonnes,1411.0
Maharashtra,Akola,soybean,kharif,2017,204700.0,144000.0,tonnes,703.0
Maharashtra,Akola,soybean,kharif,2018,212808.0,298804.0,tonnes,1404.0
Maharashtra,Akola,soybean,kharif,2019,209650.0,190226.0,tonnes,907.0
Maharashtra,Akola,soybean,kharif,2020,216566.29,265587.88,tonnes,1226.0
Maharashtra,Akola,soybean,kharif,2021,235636.19,256678.5,tonnes,1089.0
Maharashtra,Akola,soybean,kharif,2022,242717.0,387667.0,tonnes,1597.0
Maharashtra,Akola,soybean,kharif,2023,246966.66,261353.23,tonnes,1058.0
Maharashtra,Akola,soybean,kharif,2024,236204.74,242180.18,tonnes,1025.0
Maharashtra,Akola,soybean,summer,2021,417.8,208.9,tonnes,500.0
Maharashtra,Akola,soybean,summer,2022,38.4,23.04,tonnes,600.0
Maharashtra,Akola,sugarcane,kharif,2015,100.0,6900.0,tonnes,69000.0
Maharashtra,Akola,sugarcane,kharif,2016,65.0,3700.0,tonnes,56923.0
Maharashtra,Akola,sugarcane,kharif,2017,45.0,2300.0,tonnes,51111.0
Maharashtra,Akola,sugarcane,kharif,2018,20.0,1000.0,tonnes,50000.0
Maharashtra,Akola,sugarcane,kharif,2019,27.0,1728.0,tonnes,64000.0
Maharashtra,Akola,sugarcane,kharif,2022,150.0,8307.0,tonnes,55380.0
Maharashtra,Akola,wheat,rabi,2013,19900.0,25200.0,tonnes,1266.0
Maharashtra,Akola,wheat,rabi,2014,18300.0,25800.0,tonnes,1410.0
Maharashtra,Akola,wheat,rabi,2015,14800.0,17700.0,tonnes,1196.0
Maharashtra,Akola,wheat,rabi,2016,16700.0,27500.0,tonnes,1647.0
Maharashtra,Akola,wheat,rabi,2017,15600.0,24500.0,tonnes,1571.0
Maharashtra,Akola,wheat,rabi,2018,20600.0,27300.0,tonnes,1325.0
Maharashtra,Akola,wheat,rabi,2019,24015.0,31025.0,tonnes,1292.0
Maharashtra,Akola,wheat,rabi,2020,27863.42,39939.7,tonnes,1433.0
Maharashtra,Akola,wheat,rabi,2021,30006.49,50269.87,tonnes,1675.0
Maharashtra,Akola,wheat,rabi,2022,32482.56,56821.74,tonnes,1749.0
Maharashtra,Akola,wheat,rabi,2023,28433.13,43329.35,tonnes,1524.0
Maharashtra,Akola,wheat,rabi,2024,28779.14,63623.48,tonnes,2211.0
Maharashtra,Amravati,chickpea,rabi,2013,89900.0,103300.0,tonnes,1149.0
Maharashtra,Amravati,chickpea,rabi,2014,126500.0,100400.0,tonnes,794.0
Maharashtra,Amravati,chickpea,rabi,2015,125700.0,99600.0,tonnes,792.0
Maharashtra,Amravati,chickpea,rabi,2016,133700.0,164200.0,tonnes,1228.0
Maharashtra,Amravati,chickpea,rabi,2017,103900.0,130900.0,tonnes,1260.0
Maharashtra,Amravati,chickpea,rabi,2018,86310.0,89500.0,tonnes,1037.0
Maharashtra,Amravati,chickpea,rabi,2019,94783.0,114439.0,tonnes,1207.0
Maharashtra,Amravati,chickpea,rabi,2020,94782.5,117826.31,tonnes,1243.0
Maharashtra,Amravati,chickpea,rabi,2021,109169.14,133859.92,tonnes,1226.0
Maharashtra,Amravati,chickpea,rabi,2022,126217.26,114980.14,tonnes,911.0
Maharashtra,Amravati,chickpea,rabi,2023,110652.45,175801.78,tonnes,1589.0
Maharashtra,Amravati,chickpea,rabi,2024,112009.08,155296.26,tonnes,1386.0
Maharashtra,Amravati,cotton,kharif,2013,186700.0,633200.0,bales_170kg,577.0
Maharashtra,Amravati,cotton,kharif,2014,196500.0,196200.0,bales_170kg,170.0
Maharashtra,Amravati,cotton,kharif,2015,200000.0,417000.0,bales_170kg,354.0
Maharashtra,Amravati,cotton,kharif,2016,200300.0,804000.0,bales_170kg,682.0
Maharashtra,Amravati,cotton,kharif,2017,207457.0,380300.0,bales_170kg,312.0
Maharashtra,Amravati,cotton,kharif,2018,209583.0,626027.0,bales_170kg,508.0
Maharashtra,Amravati,cotton,kharif,2019,276078.0,460287.0,bales_170kg,283.0
Maharashtra,Amravati,cotton,kharif,2020,276100.0,740400.0,bales_170kg,456.0
Maharashtra,Amravati,cotton,kharif,2021,275800.0,618900.0,bales_170kg,381.0
Maharashtra,Amravati,cotton,kharif,2022,272890.17,387477.41,bales_170kg,241.0
Maharashtra,Amravati,cotton,kharif,2023,274245.65,857240.1,bales_170kg,531.0
Maharashtra,Amravati,cotton,kharif,2024,237173.89,796743.44,bales_170kg,571.0
Maharashtra,Amravati,groundnut,kharif,2013,1000.0,1200.0,tonnes,1200.0
Maharashtra,Amravati,groundnut,kharif,2014,1100.0,500.0,tonnes,455.0
Maharashtra,Amravati,groundnut,kharif,2015,1100.0,600.0,tonnes,545.0
Maharashtra,Amravati,groundnut,kharif,2016,1200.0,1200.0,tonnes,1000.0
Maharashtra,Amravati,groundnut,kharif,2017,1500.0,1800.0,tonnes,1200.0
Maharashtra,Amravati,groundnut,kharif,2018,834.0,347.0,tonnes,416.0
Maharashtra,Amravati,groundnut,kharif,2019,670.0,222.0,tonnes,331.0
Maharashtra,Amravati,groundnut,kharif,2020,670.0,609.16,tonnes,909.0
Maharashtra,Amravati,groundnut,kharif,2021,644.66,1210.94,tonnes,1878.0
Maharashtra,Amravati,groundnut,kharif,2022,601.41,293.67,tonnes,488.0
Maharashtra,Amravati,groundnut,kharif,2023,300.71,308.46,tonnes,1026.0
Maharashtra,Amravati,groundnut,kharif,2024,386.14,700.74,tonnes,1815.0
Maharashtra,Amravati,groundnut,summer,2013,2800.0,4800.0,tonnes,1714.0
Maharashtra,Amravati,groundnut,summer,2014,4700.0,7200.0,tonnes,1532.0
Maharashtra,Amravati,groundnut,summer,2015,6800.0,10400.0,tonnes,1529.0
Maharashtra,Amravati,groundnut,summer,2016,3400.0,4900.0,tonnes,1441.0
Maharashtra,Amravati,groundnut,summer,2017,1866.0,2200.0,tonnes,1179.0
Maharashtra,Amravati,groundnut,summer,2018,1110.0,1120.0,tonnes,1009.0
Maharashtra,Amravati,groundnut,summer,2019,1762.0,2928.0,tonnes,1662.0
Maharashtra,Amravati,groundnut,summer,2020,1290.88,1185.0,tonnes,918.0
Maharashtra,Amravati,groundnut,summer,2021,1187.82,1026.46,tonnes,864.0
Maharashtra,Amravati,groundnut,summer,2022,1456.0,728.0,tonnes,500.0
Maharashtra,Amravati,groundnut,summer,2023,2038.81,2545.63,tonnes,1249.0
Maharashtra,Amravati,groundnut,summer,2024,1881.02,2351.82,tonnes,1250.0
Maharashtra,Amravati,maize,kharif,2013,1000.0,2900.0,tonnes,2900.0
Maharashtra,Amravati,maize,kharif,2014,800.0,1500.0,tonnes,1875.0
Maharashtra,Amravati,maize,kharif,2015,900.0,1200.0,tonnes,1333.0
Maharashtra,Amravati,maize,kharif,2016,1000.0,2700.0,tonnes,2700.0
Maharashtra,Amravati,maize,kharif,2017,6600.0,16700.0,tonnes,2530.0
Maharashtra,Amravati,maize,kharif,2018,8346.0,11962.0,tonnes,1433.0
Maharashtra,Amravati,maize,kharif,2019,9845.0,19690.0,tonnes,2000.0
Maharashtra,Amravati,maize,kharif,2020,9845.0,33624.61,tonnes,3415.0
Maharashtra,Amravati,maize,kharif,2021,10225.02,30179.15,tonnes,2952.0
Maharashtra,Amravati,maize,kharif,2022,10442.0,31202.0,tonnes,2988.0
Maharashtra,Amravati,maize,kharif,2023,21833.28,56024.14,tonnes,2566.0
Maharashtra,Amravati,maize,kharif,2024,24745.0,54904.84,tonnes,2219.0
Maharashtra,Amravati,maize,rabi,2014,1800.0,300.0,tonnes,167.0
Maharashtra,Amravati,maize,rabi,2016,1200.0,2000.0,tonnes,1667.0
Maharashtra,Amravati,maize,rabi,2017,600.0,600.0,tonnes,1000.0
Maharashtra,Amravati,maize,rabi,2018,870.0,600.0,tonnes,690.0
Maharashtra,Amravati,maize,rabi,2019,1081.0,842.0,tonnes,779.0
Maharashtra,Amravati,maize,rabi,2020,1081.0,1394.41,tonnes,1290.0
Maharashtra,Amravati,maize,rabi,2021,613.91,1336.18,tonnes,2176.0
Maharashtra,Amravati,maize,rabi,2022,718.15,1419.74,tonnes,1977.0
Maharashtra,Amravati,maize,rabi,2023,885.29,789.46,tonnes,892.0
Maharashtra,Amravati,maize,rabi,2024,718.11,752.29,tonnes,1048.0
Maharashtra,Amravati,maize,summer,2013,300.0,400.0,tonnes,1333.0
Maharashtra,Amravati,maize,summer,2015,100.0,200.0,tonnes,2000.0
Maharashtra,Amravati,maize,summer,2017,820.0,1500.0,tonnes,1829.0
Maharashtra,Amravati,maize,summer,2018,451.0,900.0,tonnes,1996.0
Maharashtra,Amravati,maize,summer,2019,1131.0,1479.0,tonnes,1308.0
Maharashtra,Amravati,maize,summer,2020,1131.0,2030.71,tonnes,1795.0
Maharashtra,Amravati,maize,summer,2021,1413.75,2538.39,tonnes,1795.0
Maharashtra,Amravati,maize,summer,2022,565.5,967.4,tonnes,1711.0
Maharashtra,Amravati,maize,summer,2023,452.43,774.03,tonnes,1711.0
Maharashtra,Amravati,maize,summer,2024,750.25,1283.59,tonnes,1711.0
Maharashtra,Amravati,pearl_millet,kharif,2015,100.0,0.0,tonnes,0.0
Maharashtra,Amravati,pearl_millet,kharif,2017,104.0,46.0,tonnes,442.0
Maharashtra,Amravati,pearl_millet,kharif,2018,1.0,0.1,tonnes,100.0
Maharashtra,Amravati,pearl_millet,kharif,2019,1.0,1.0,tonnes,1000.0
Maharashtra,Amravati,pearl_millet,kharif,2020,1.0,0.47,tonnes,470.0
Maharashtra,Amravati,pearl_millet,kharif,2023,172.0,73.97,tonnes,430.0
Maharashtra,Amravati,pearl_millet,kharif,2024,146.25,56.96,tonnes,390.0
Maharashtra,Amravati,pearl_millet,summer,2023,10.0,9.1,tonnes,910.0
Maharashtra,Amravati,pearl_millet,summer,2024,7.2,6.55,tonnes,910.0
Maharashtra,Amravati,pigeon_pea,kharif,2013,96200.0,133900.0,tonnes,1392.0
Maharashtra,Amravati,pigeon_pea,kharif,2014,103800.0,36800.0,tonnes,355.0
Maharashtra,Amravati,pigeon_pea,kharif,2015,108200.0,57600.0,tonnes,532.0
Maharashtra,Amravati,pigeon_pea,kharif,2016,122612.0,146932.0,tonnes,1198.0
Maharashtra,Amravati,pigeon_pea,kharif,2017,112300.0,111100.0,tonnes,989.0
Maharashtra,Amravati,pigeon_pea,kharif,2018,112813.0,125540.0,tonnes,1113.0
Maharashtra,Amravati,pigeon_pea,kharif,2019,110012.0,90183.0,tonnes,820.0
Maharashtra,Amravati,pigeon_pea,kharif,2020,110012.0,101099.96,tonnes,919.0
Maharashtra,Amravati,pigeon_pea,kharif,2021,114828.33,113392.98,tonnes,988.0
Maharashtra,Amravati,pigeon_pea,kharif,2022,116835.0,39630.0,tonnes,339.0
Maharashtra,Amravati,pigeon_pea,kharif,2023,113876.93,107508.08,tonnes,944.0
Maharashtra,Amravati,pigeon_pea,kharif,2024,117419.78,103997.39,tonnes,886.0
Maharashtra,Amravati,rice,kharif,2013,4700.0,800.0,tonnes,170.0
Maharashtra,Amravati,rice,kharif,2014,5300.0,1600.0,tonnes,302.0
Maharashtra,Amravati,rice,kharif,2015,5600.0,1200.0,tonnes,214.0
Maharashtra,Amravati,rice,kharif,2016,6900.0,4600.0,tonnes,667.0
Maharashtra,Amravati,rice,kharif,2017,8900.0,3000.0,tonnes,337.0
Maharashtra,Amravati,rice,kharif,2018,7258.0,2942.0,tonnes,405.0
Maharashtra,Amravati,rice,kharif,2019,6168.0,1186.0,tonnes,192.0
Maharashtra,Amravati,rice,kharif,2020,6168.0,3643.55,tonnes,591.0
Maharashtra,Amravati,rice,kharif,2021,6484.64,3273.45,tonnes,505.0
Maharashtra,Amravati,rice,kharif,2022,6736.2,2626.44,tonnes,390.0
Maharashtra,Amravati,rice,kharif,2023,5530.31,4408.69,tonnes,797.0
Maharashtra,Amravati,rice,kharif,2024,5522.93,5386.65,tonnes,975.0
Maharashtra,Amravati,sorghum,kharif,2013,35200.0,22700.0,tonnes,645.0
Maharashtra,Amravati,sorghum,kharif,2014,26800.0,27400.0,tonnes,1022.0
Maharashtra,Amravati,sorghum,kharif,2015,25400.0,18500.0,tonnes,728.0
Maharashtra,Amravati,sorghum,kharif,2016,23900.0,29400.0,tonnes,1230.0
Maharashtra,Amravati,sorghum,kharif,2017,18341.0,17500.0,tonnes,954.0
Maharashtra,Amravati,sorghum,kharif,2018,16391.0,11716.0,tonnes,715.0
Maharashtra,Amravati,sorghum,kharif,2019,13918.0,4649.0,tonnes,334.0
Maharashtra,Amravati,sorghum,kharif,2020,13925.0,11137.0,tonnes,800.0
Maharashtra,Amravati,sorghum,kharif,2021,14696.32,12337.56,tonnes,840.0
Maharashtra,Amravati,sorghum,kharif,2022,11144.73,5359.5,tonnes,481.0
Maharashtra,Amravati,sorghum,kharif,2023,10005.06,11172.65,tonnes,1117.0
Maharashtra,Amravati,sorghum,kharif,2024,7993.63,7427.12,tonnes,929.0
Maharashtra,Amravati,sorghum,rabi,2014,200.0,200.0,tonnes,1000.0
Maharashtra,Amravati,sorghum,rabi,2018,8.0,,tonnes,
Maharashtra,Amravati,sorghum,rabi,2019,57.0,45.0,tonnes,789.0
Maharashtra,Amravati,sorghum,rabi,2020,57.0,63.15,tonnes,1108.0
Maharashtra,Amravati,sorghum,rabi,2021,112.34,96.7,tonnes,861.0
Maharashtra,Amravati,sorghum,rabi,2022,103.58,127.5,tonnes,1231.0
Maharashtra,Amravati,sorghum,rabi,2023,372.89,531.47,tonnes,1425.0
Maharashtra,Amravati,sorghum,rabi,2024,430.0,341.27,tonnes,794.0
Maharashtra,Amravati,sorghum,summer,2022,3.0,2.49,tonnes,831.0
Maharashtra,Amravati,sorghum,summer,2023,2088.28,1735.85,tonnes,831.0
Maharashtra,Amravati,sorghum,summer,2024,1806.61,1502.27,tonnes,832.0
Maharashtra,Amravati,soybean,kharif,2013,366400.0,352700.0,tonnes,963.0
Maharashtra,Amravati,soybean,kharif,2014,370600.0,128300.0,tonnes,346.0
Maharashtra,Amravati,soybean,kharif,2015,365900.0,126700.0,tonnes,346.0
Maharashtra,Amravati,soybean,kharif,2016,362900.0,483400.0,tonnes,1332.0
Maharashtra,Amravati,soybean,kharif,2017,287100.0,265200.0,tonnes,924.0
Maharashtra,Amravati,soybean,kharif,2018,291642.0,351621.0,tonnes,1206.0
Maharashtra,Amravati,soybean,kharif,2019,238726.0,198940.0,tonnes,833.0
Maharashtra,Amravati,soybean,kharif,2020,238726.0,220266.32,tonnes,923.0
Maharashtra,Amravati,soybean,kharif,2021,248704.41,260194.55,tonnes,1046.0
Maharashtra,Amravati,soybean,kharif,2022,256438.0,181020.0,tonnes,706.0
Maharashtra,Amravati,soybean,kharif,2023,259565.72,334289.48,tonnes,1288.0
Maharashtra,Amravati,soybean,kharif,2024,259264.83,371184.65,tonnes,1432.0
Maharashtra,Amravati,soybean,summer,2021,595.0,297.5,tonnes,500.0
Maharashtra,Amravati,soybean,summer,2022,144.0,86.4,tonnes,600.0
Maharashtra,Amravati,sugarcane,kharif,2013,300.0,21700.0,tonnes,72333.0
Maharashtra,Amravati,sugarcane,kharif,2014,400.0,16100.0,tonnes,40250.0
Maharashtra,Amravati,sugarcane,kharif,2015,300.0,15900.0,tonnes,53000.0
Maharashtra,Amravati,sugarcane,kharif,2016,430.0,11800.0,tonnes,27442.0
Maharashtra,Amravati,sugarcane,kharif,2017,121.0,4800.0,tonnes,39669.0
Maharashtra,Amravati,sugarcane,kharif,2018,254.0,14478.0,tonnes,57000.0
Maharashtra,Amravati,sugarcane,kharif,2019,175.0,6043.0,tonnes,34531.0
Maharashtra,Amravati,sugarcane,kharif,2022,354.0,14071.5,tonnes,39750.0
Maharashtra,Amravati,sugarcane,kharif,2023,268.45,10618.94,tonnes,39557.0
Maharashtra,Amravati,sugarcane,kharif,2024,206.42,8204.21,tonnes,39745.0
Maharashtra,Amravati,wheat,rabi,2013,42000.0,65000.0,tonnes,1548.0
Maharashtra,Amravati,wheat,rabi,2014,66400.0,87200.0,tonnes,1313.0
Maharashtra,Amravati,wheat,rabi,2015,68000.0,69300.0,tonnes,1019.0
Maharashtra,Amravati,wheat,rabi,2016,73600.0,111900.0,tonnes,1520.0
Maharashtra,Amravati,wheat,rabi,2017,39300.0,69400.0,tonnes,1766.0
Maharashtra,Amravati,wheat,rabi,2018,26880.0,40000.0,tonnes,1488.0
Maharashtra,Amravati,wheat,rabi,2019,43046.0,74766.0,tonnes,1737.0
Maharashtra,Amravati,wheat,rabi,2020,43045.9,72173.44,tonnes,1677.0
Maharashtra,Amravati,wheat,rabi,2021,41749.96,68090.01,tonnes,1631.0
Maharashtra,Amravati,wheat,rabi,2022,44665.11,71245.32,tonnes,1595.0
Maharashtra,Amravati,wheat,rabi,2023,44414.29,95900.31,tonnes,2159.0
Maharashtra,Amravati,wheat,rabi,2024,52389.33,83996.06,tonnes,1603.0
Maharashtra,Beed,chickpea,rabi,2013,63400.0,47260.0,tonnes,745.0
Maharashtra,Beed,chickpea,rabi,2014,64400.0,24000.0,tonnes,373.0
Maharashtra,Beed,chickpea,rabi,2015,70600.0,18600.0,tonnes,263.0
Maharashtra,Beed,chickpea,rabi,2016,118200.0,100900.0,tonnes,854.0
Maharashtra,Beed,chickpea,rabi,2017,138400.0,83500.0,tonnes,603.0
Maharashtra,Beed,chickpea,rabi,2018,35450.0,31700.0,tonnes,894.0
Maharashtra,Beed,chickpea,rabi,2019,57618.0,57360.0,tonnes,996.0
Maharashtra,Beed,chickpea,rabi,2020,57617.56,64518.7,tonnes,1120.0
Maharashtra,Beed,chickpea,rabi,2021,57617.57,62629.72,tonnes,1087.0
Maharashtra,Beed,chickpea,rabi,2022,173460.0,178259.64,tonnes,1028.0
Maharashtra,Beed,chickpea,rabi,2023,184885.38,166732.59,tonnes,902.0
Maharashtra,Beed,chickpea,rabi,2024,185044.24,191114.12,tonnes,1033.0
Maharashtra,Beed,cotton,kharif,2013,338600.0,546400.0,bales_170kg,274.0
Maharashtra,Beed,cotton,kharif,2014,373300.0,167600.0,bales_170kg,76.0
Maharashtra,Beed,cotton,kharif,2015,334100.0,101000.0,bales_170kg,51.0
Maharashtra,Beed,cotton,kharif,2016,341400.0,476940.0,bales_170kg,237.0
Maharashtra,Beed,cotton,kharif,2017,348509.0,277800.0,bales_170kg,136.0
Maharashtra,Beed,cotton,kharif,2018,377515.0,135247.0,bales_170kg,61.0
Maharashtra,Beed,cotton,kharif,2019,384957.0,376379.0,bales_170kg,166.0
Maharashtra,Beed,cotton,kharif,2020,375800.0,857000.0,bales_170kg,388.0
Maharashtra,Beed,cotton,kharif,2021,313450.0,438900.0,bales_170kg,238.0
Maharashtra,Beed,cotton,kharif,2022,273118.0,475708.51,bales_170kg,296.0
Maharashtra,Beed,cotton,kharif,2023,268773.17,471987.92,bales_170kg,299.0
Maharashtra,Beed,cotton,kharif,2024,264170.98,334960.31,bales_170kg,216.0
Maharashtra,Beed,groundnut,kharif,2013,5900.0,5000.0,tonnes,847.0
Maharashtra,Beed,groundnut,kharif,2014,10800.0,2600.0,tonnes,241.0
Maharashtra,Beed,groundnut,kharif,2015,17500.0,500.0,tonnes,29.0
Maharashtra,Beed,groundnut,kharif,2016,26400.0,8840.0,tonnes,335.0
Maharashtra,Beed,groundnut,kharif,2017,29600.0,15450.0,tonnes,522.0
Maharashtra,Beed,groundnut,kharif,2018,4024.0,676.0,tonnes,168.0
Maharashtra,Beed,groundnut,kharif,2019,4519.0,1993.0,tonnes,441.0
Maharashtra,Beed,groundnut,kharif,2020,4207.44,3899.3,tonnes,927.0
Maharashtra,Beed,groundnut,kharif,2021,3985.48,2234.66,tonnes,561.0
Maharashtra,Beed,groundnut,kharif,2022,2441.0,2948.24,tonnes,1208.0
Maharashtra,Beed,groundnut,kharif,2023,1259.66,975.99,tonnes,775.0
Maharashtra,Beed,groundnut,kharif,2024,1242.37,1353.58,tonnes,1090.0
Maharashtra,Beed,groundnut,summer,2013,1800.0,2000.0,tonnes,1111.0
Maharashtra,Beed,groundnut,summer,2014,1600.0,1000.0,tonnes,625.0
Maharashtra,Beed,groundnut,summer,2015,900.0,400.0,tonnes,444.0
Maharashtra,Beed,groundnut,summer,2016,2100.0,2300.0,tonnes,1095.0
Maharashtra,Beed,groundnut,summer,2017,2060.0,2000.0,tonnes,971.0
Maharashtra,Beed,groundnut,summer,2019,2415.0,2809.0,tonnes,1163.0
Maharashtra,Beed,groundnut,summer,2020,2415.0,3166.3,tonnes,1311.0
Maharashtra,Beed,groundnut,summer,2021,2415.0,2925.77,tonnes,1212.0
Maharashtra,Beed,groundnut,summer,2022,3736.0,5710.0,tonnes,1528.0
Maharashtra,Beed,groundnut,summer,2023,933.98,808.53,tonnes,866.0
Maharashtra,Beed,groundnut,summer,2024,2066.12,1628.48,tonnes,788.0
Maharashtra,Beed,maize,kharif,2013,5200.0,6900.0,tonnes,1327.0
Maharashtra,Beed,maize,kharif,2014,6200.0,4700.0,tonnes,758.0
Maharashtra,Beed,maize,kharif,2015,7300.0,1300.0,tonnes,178.0
Maharashtra,Beed,maize,kharif,2016,9600.0,7830.0,tonnes,816.0
Maharashtra,Beed,maize,kharif,2017,7900.0,6510.0,tonnes,824.0
Maharashtra,Beed,maize,kharif,2018,11081.0,5532.0,tonnes,499.0
Maharashtra,Beed,maize,kharif,2019,13356.0,3691.0,tonnes,276.0
Maharashtra,Beed,maize,kharif,2020,13531.45,19374.33,tonnes,1432.0
Maharashtra,Beed,maize,kharif,2021,12264.33,15113.34,tonnes,1232.0
Maharashtra,Beed,maize,kharif,2022,6469.0,8223.0,tonnes,1271.0
Maharashtra,Beed,maize,kharif,2023,7016.58,11076.42,tonnes,1579.0
Maharashtra,Beed,maize,kharif,2024,7068.46,16306.35,tonnes,2307.0
Maharashtra,Beed,maize,rabi,2013,9200.0,11500.0,tonnes,1250.0
Maharashtra,Beed,maize,rabi,2014,8500.0,5900.0,tonnes,694.0
Maharashtra,Beed,maize,rabi,2015,9900.0,4100.0,tonnes,414.0
Maharashtra,Beed,maize,rabi,2016,31300.0,72440.0,tonnes,2314.0
Maharashtra,Beed,maize,rabi,2017,39700.0,28340.0,tonnes,714.0
Maharashtra,Beed,maize,rabi,2018,2890.0,1200.0,tonnes,415.0
Maharashtra,Beed,maize,rabi,2019,3443.0,3356.0,tonnes,975.0
Maharashtra,Beed,maize,rabi,2020,3443.33,11889.88,tonnes,3453.0
Maharashtra,Beed,maize,rabi,2021,3443.33,4348.93,tonnes,1263.0
Maharashtra,Beed,maize,rabi,2022,3942.0,11011.19,tonnes,2793.0
Maharashtra,Beed,maize,rabi,2023,2593.58,4492.33,tonnes,1732.0
Maharashtra,Beed,maize,rabi,2024,3493.28,8823.0,tonnes,2526.0
Maharashtra,Beed,maize,summer,2013,800.0,800.0,tonnes,1000.0
Maharashtra,Beed,maize,summer,2014,1300.0,600.0,tonnes,462.0
Maharashtra,Beed,maize,summer,2016,1300.0,2160.0,tonnes,1662.0
Maharashtra,Beed,maize,summer,2017,1229.0,1470.0,tonnes,1196.0
Maharashtra,Beed,maize,summer,2019,1080.0,2430.0,tonnes,2250.0
Maharashtra,Beed,maize,summer,2020,1080.0,1170.0,tonnes,1083.0
Maharashtra,Beed,maize,summer,2021,1080.0,1170.0,tonnes,1083.0
Maharashtra,Beed,maize,summer,2022,1544.0,2367.47,tonnes,1533.0
Maharashtra,Beed,maize,summer,2023,1168.97,1792.57,tonnes,1533.0
Maharashtra,Beed,maize,summer,2024,2050.89,3145.01,tonnes,1533.0
Maharashtra,Beed,pearl_millet,kharif,2013,122100.0,130300.0,tonnes,1067.0
Maharashtra,Beed,pearl_millet,kharif,2014,127100.0,56200.0,tonnes,442.0
Maharashtra,Beed,pearl_millet,kharif,2015,127600.0,32800.0,tonnes,257.0
Maharashtra,Beed,pearl_millet,kharif,2016,144700.0,93090.0,tonnes,643.0
Maharashtra,Beed,pearl_millet,kharif,2017,152700.0,90240.0,tonnes,591.0
Maharashtra,Beed,pearl_millet,kharif,2018,57506.0,15492.0,tonnes,269.0
Maharashtra,Beed,pearl_millet,kharif,2019,64497.0,51583.0,tonnes,800.0
Maharashtra,Beed,pearl_millet,kharif,2020,56397.45,94480.4,tonnes,1675.0
Maharashtra,Beed,pearl_millet,kharif,2021,41355.06,31917.72,tonnes,772.0
Maharashtra,Beed,pearl_millet,kharif,2022,36425.0,41572.0,tonnes,1141.0
Maharashtra,Beed,pearl_millet,kharif,2023,38574.52,43416.28,tonnes,1126.0
Maharashtra,Beed,pearl_millet,kharif,2024,32454.46,49769.87,tonnes,1534.0
Maharashtra,Beed,pearl_millet,summer,2021,4570.0,3427.5,tonnes,750.0
Maharashtra,Beed,pearl_millet,summer,2022,13131.0,11949.21,tonnes,910.0
Maharashtra,Beed,pearl_millet,summer,2023,7117.16,6476.58,tonnes,910.0
Maharashtra,Beed,pearl_millet,summer,2024,8578.71,7806.05,tonnes,910.0
Maharashtra,Beed,pigeon_pea,kharif,2013,56400.0,37700.0,tonnes,668.0
Maharashtra,Beed,pigeon_pea,kharif,2014,60600.0,10200.0,tonnes,168.0
Maharashtra,Beed,pigeon_pea,kharif,2015,72300.0,11700.0,tonnes,162.0
Maharashtra,Beed,pigeon_pea,kharif,2016,89190.0,81624.0,tonnes,915.0
Maharashtra,Beed,pigeon_pea,kharif,2017,92600.0,52200.0,tonnes,564.0
Maharashtra,Beed,pigeon_pea,kharif,2018,51121.0,5609.0,tonnes,110.0
Maharashtra,Beed,pigeon_pea,kharif,2019,58598.0,44228.0,tonnes,755.0
Maharashtra,Beed,pigeon_pea,kharif,2020,60460.09,87034.29,tonnes,1440.0
Maharashtra,Beed,pigeon_pea,kharif,2021,66224.16,54740.89,tonnes,827.0
Maharashtra,Beed,pigeon_pea,kharif,2022,48520.0,41795.0,tonnes,861.0
Maharashtra,Beed,pigeon_pea,kharif,2023,48545.25,41551.12,tonnes,856.0
Maharashtra,Beed,pigeon_pea,kharif,2024,51233.27,45284.57,tonnes,884.0
Maharashtra,Beed,rice,kharif,2013,500.0,300.0,tonnes,600.0
Maharashtra,Beed,rice,kharif,2014,400.0,100.0,tonnes,250.0
Maharashtra,Beed,rice,kharif,2015,300.0,0.0,tonnes,0.0
Maharashtra,Beed,rice,kharif,2016,100.0,70.0,tonnes,700.0
Maharashtra,Beed,rice,kharif,2017,65.0,30.0,tonnes,462.0
Maharashtra,Beed,rice,kharif,2018,29.0,9.0,tonnes,310.0
Maharashtra,Beed,rice,kharif,2019,16.0,2.0,tonnes,125.0
Maharashtra,Beed,rice,kharif,2020,17.25,52.56,tonnes,3047.0
Maharashtra,Beed,sorghum,kharif,2013,18100.0,23100.0,tonnes,1276.0
Maharashtra,Beed,sorghum,kharif,2014,19400.0,10300.0,tonnes,531.0
Maharashtra,Beed,sorghum,kharif,2015,19200.0,5600.0,tonnes,292.0
Maharashtra,Beed,sorghum,kharif,2016,19000.0,5640.0,tonnes,297.0
Maharashtra,Beed,sorghum,kharif,2017,21000.0,14610.0,tonnes,696.0
Maharashtra,Beed,sorghum,kharif,2018,7852.0,1973.0,tonnes,251.0
Maharashtra,Beed,sorghum,kharif,2019,8064.0,4388.0,tonnes,544.0
Maharashtra,Beed,sorghum,kharif,2020,7273.89,3532.2,tonnes,486.0
Maharashtra,Beed,sorghum,kharif,2021,2452.54,785.3,tonnes,320.0
Maharashtra,Beed,sorghum,kharif,2022,2278.0,1825.82,tonnes,802.0
Maharashtra,Beed,sorghum,kharif,2023,2047.62,1478.7,tonnes,722.0
Maharashtra,Beed,sorghum,kharif,2024,1083.23,545.99,tonnes,504.0
Maharashtra,Beed,sorghum,rabi,2013,262300.0,170200.0,tonnes,649.0
Maharashtra,Beed,sorghum,rabi,2014,250400.0,134800.0,tonnes,538.0
Maharashtra,Beed,sorghum,rabi,2015,282000.0,80600.0,tonnes,286.0
Maharashtra,Beed,sorghum,rabi,2016,449800.0,237470.0,tonnes,528.0
Maharashtra,Beed,sorghum,rabi,2017,500300.0,232640.0,tonnes,465.0
Maharashtra,Beed,sorghum,rabi,2018,79040.0,22200.0,tonnes,281.0
Maharashtra,Beed,sorghum,rabi,2019,101457.0,75857.0,tonnes,748.0
Maharashtra,Beed,sorghum,rabi,2020,101456.8,133060.31,tonnes,1311.0
Maharashtra,Beed,sorghum,rabi,2021,101456.8,121260.15,tonnes,1195.0
Maharashtra,Beed,sorghum,rabi,2022,145523.0,168659.7,tonnes,1159.0
Maharashtra,Beed,sorghum,rabi,2023,190650.65,271053.22,tonnes,1422.0
Maharashtra,Beed,sorghum,rabi,2024,180580.58,200123.88,tonnes,1108.0
Maharashtra,Beed,sorghum,summer,2022,100.0,32.38,tonnes,324.0
Maharashtra,Beed,sorghum,summer,2023,27.0,17.55,tonnes,650.0
Maharashtra,Beed,sorghum,summer,2024,70.61,54.73,tonnes,775.0
Maharashtra,Beed,soybean,kharif,2013,93500.0,174200.0,tonnes,1863.0
Maharashtra,Beed,soybean,kharif,2014,113400.0,39900.0,tonnes,352.0
Maharashtra,Beed,soybean,kharif,2015,145100.0,23800.0,tonnes,164.0
Maharashtra,Beed,soybean,kharif,2016,169200.0,132350.0,tonnes,782.0
Maharashtra,Beed,soybean,kharif,2017,181300.0,128300.0,tonnes,708.0
Maharashtra,Beed,soybean,kharif,2018,217791.0,52764.0,tonnes,242.0
Maharashtra,Beed,soybean,kharif,2019,245565.0,190397.0,tonnes,775.0
Maharashtra,Beed,soybean,kharif,2020,259964.67,514696.4,tonnes,1980.0
Maharashtra,Beed,soybean,kharif,2021,286183.4,267724.57,tonnes,935.0
Maharashtra,Beed,soybean,kharif,2022,344732.0,507514.0,tonnes,1472.0
Maharashtra,Beed,soybean,kharif,2023,377188.96,395952.39,tonnes,1050.0
Maharashtra,Beed,soybean,kharif,2024,380688.48,658689.7,tonnes,1730.0
Maharashtra,Beed,soybean,summer,2021,5506.0,2863.01,tonnes,520.0
Maharashtra,Beed,soybean,summer,2022,1541.0,1541.0,tonnes,1000.0
Maharashtra,Beed,sugarcane,kharif,2013,46000.0,2567300.0,tonnes,55811.0
Maharashtra,Beed,sugarcane,kharif,2014,37600.0,1723500.0,tonnes,45838.0
Maharashtra,Beed,sugarcane,kharif,2015,36100.0,797600.0,tonnes,22094.0
Maharashtra,Beed,sugarcane,kharif,2016,12292.0,495900.0,tonnes,40343.0
Maharashtra,Beed,sugarcane,kharif,2017,36050.0,2072850.0,tonnes,57499.0
Maharashtra,Beed,sugarcane,kharif,2018,49690.0,1765090.0,tonnes,35522.0
Maharashtra,Beed,sugarcane,kharif,2019,22717.0,1241011.0,tonnes,54629.0
Maharashtra,Beed,sugarcane,kharif,2020,63374.0,4785297.55,tonnes,75509.0
Maharashtra,Beed,sugarcane,kharif,2021,49581.0,2919221.71,tonnes,58878.0
Maharashtra,Beed,sugarcane,kharif,2022,84208.0,6736640.0,tonnes,80000.0
Maharashtra,Beed,sugarcane,kharif,2023,82153.31,6403454.77,tonnes,77945.0
Maharashtra,Beed,sugarcane,kharif,2024,49445.22,3352195.65,tonnes,67796.0
Maharashtra,Beed,wheat,rabi,2013,57800.0,57100.0,tonnes,988.0
Maharashtra,Beed,wheat,rabi,2014,59100.0,40000.0,tonnes,677.0
Maharashtra,Beed,wheat,rabi,2015,48000.0,13200.0,tonnes,275.0
Maharashtra,Beed,wheat,rabi,2016,47200.0,79430.0,tonnes,1683.0
Maharashtra,Beed,wheat,rabi,2017,53900.0,57590.0,tonnes,1068.0
Maharashtra,Beed,wheat,rabi,2018,7170.0,5200.0,tonnes,725.0
Maharashtra,Beed,wheat,rabi,2019,20590.0,26625.0,tonnes,1293.0
Maharashtra,Beed,wheat,rabi,2020,20589.78,44084.83,tonnes,2141.0
Maharashtra,Beed,wheat,rabi,2021,20589.78,40039.92,tonnes,1945.0
Maharashtra,Beed,wheat,rabi,2022,57983.0,124072.02,tonnes,2140.0
Maharashtra,Beed,wheat,rabi,2023,35761.54,69876.21,tonnes,1954.0
Maharashtra,Beed,wheat,rabi,2024,48341.59,80864.51,tonnes,1673.0
Maharashtra,Bhandara,chickpea,rabi,2013,11100.0,5700.0,tonnes,514.0
Maharashtra,Bhandara,chickpea,rabi,2014,16500.0,8200.0,tonnes,497.0
Maharashtra,Bhandara,chickpea,rabi,2015,6900.0,2700.0,tonnes,391.0
Maharashtra,Bhandara,chickpea,rabi,2016,11000.0,7400.0,tonnes,673.0
Maharashtra,Bhandara,chickpea,rabi,2017,11400.0,12100.0,tonnes,1061.0
Maharashtra,Bhandara,chickpea,rabi,2018,11460.0,13200.0,tonnes,1152.0
Maharashtra,Bhandara,chickpea,rabi,2019,17551.0,12267.0,tonnes,699.0
Maharashtra,Bhandara,chickpea,rabi,2020,19220.17,7984.86,tonnes,415.0
Maharashtra,Bhandara,chickpea,rabi,2021,22055.01,18859.9,tonnes,855.0
Maharashtra,Bhandara,chickpea,rabi,2022,19984.2,15789.92,tonnes,790.0
Maharashtra,Bhandara,chickpea,rabi,2023,17064.1,15318.38,tonnes,898.0
Maharashtra,Bhandara,chickpea,rabi,2024,18545.55,19204.9,tonnes,1036.0
Maharashtra,Bhandara,cotton,kharif,2017,38.0,100.0,bales_170kg,447.0
Maharashtra,Bhandara,cotton,kharif,2018,4.0,10.0,bales_170kg,425.0
Maharashtra,Bhandara,cotton,kharif,2019,107.0,287.0,bales_170kg,456.0
Maharashtra,Bhandara,cotton,kharif,2020,500.0,1400.0,bales_170kg,476.0
Maharashtra,Bhandara,cotton,kharif,2021,400.0,1200.0,bales_170kg,510.0
Maharashtra,Bhandara,cotton,kharif,2022,439.06,1176.51,bales_170kg,456.0
Maharashtra,Bhandara,cotton,kharif,2023,461.65,1300.87,bales_170kg,479.0
Maharashtra,Bhandara,cotton,kharif,2024,320.86,989.31,bales_170kg,524.0
Maharashtra,Bhandara,groundnut,summer,2013,100.0,100.0,tonnes,1000.0
Maharashtra,Bhandara,groundnut,summer,2016,10.0,5.0,tonnes,500.0
Maharashtra,Bhandara,groundnut,summer,2017,5.0,2.0,tonnes,400.0
Maharashtra,Bhandara,groundnut,summer,2018,5.0,8.0,tonnes,1600.0
Maharashtra,Bhandara,groundnut,summer,2021,7.0,13.19,tonnes,1884.0
Maharashtra,Bhandara,groundnut,summer,2022,11.0,17.0,tonnes,1545.0
Maharashtra,Bhandara,groundnut,summer,2023,10.5,24.1,tonnes,2295.0
Maharashtra,Bhandara,maize,kharif,2016,10.0,17.0,tonnes,1700.0
Maharashtra,Bhandara,maize,rabi,2021,152.8,332.57,tonnes,2176.0
Maharashtra,Bhandara,maize,rabi,2022,557.2,1101.55,tonnes,1977.0
Maharashtra,Bhandara,maize,rabi,2023,939.15,837.49,tonnes,892.0
Maharashtra,Bhandara,maize,rabi,2024,1426.72,4684.17,tonnes,3283.0
Maharashtra,Bhandara,maize,summer,2016,300.0,500.0,tonnes,1667.0
Maharashtra,Bhandara,maize,summer,2017,575.0,200.0,tonnes,348.0
Maharashtra,Bhandara,maize,summer,2021,455.0,441.12,tonnes,970.0
Maharashtra,Bhandara,maize,summer,2022,500.5,485.24,tonnes,970.0
Maharashtra,Bhandara,maize,summer,2023,300.32,291.18,tonnes,970.0
Maharashtra,Bhandara,maize,summer,2024,756.33,733.34,tonnes,970.0
Maharashtra,Bhandara,pigeon_pea,kharif,2013,11300.0,7100.0,tonnes,628.0
Maharashtra,Bhandara,pigeon_pea,kharif,2014,11600.0,4000.0,tonnes,345.0
Maharashtra,Bhandara,pigeon_pea,kharif,2015,11500.0,5200.0,tonnes,452.0
Maharashtra,Bhandara,pigeon_pea,kharif,2016,11824.0,22988.0,tonnes,1944.0
Maharashtra,Bhandara,pigeon_pea,kharif,2017,12305.0,13120.0,tonnes,1066.0
Maharashtra,Bhandara,pigeon_pea,kharif,2018,12865.0,12743.0,tonnes,991.0
Maharashtra,Bhandara,pigeon_pea,kharif,2019,10414.0,5207.0,tonnes,500.0
Maharashtra,Bhandara,pigeon_pea,kharif,2020,10886.4,16266.46,tonnes,1494.0
Maharashtra,Bhandara,pigeon_pea,kharif,2021,10963.93,6541.08,tonnes,597.0
Maharashtra,Bhandara,pigeon_pea,kharif,2022,11041.0,4710.0,tonnes,427.0
Maharashtra,Bhandara,pigeon_pea,kharif,2023,9667.4,3752.08,tonnes,388.0
Maharashtra,Bhandara,pigeon_pea,kharif,2024,9427.49,4116.66,tonnes,437.0
Maharashtra,Bhandara,rice,kharif,2013,186200.0,303500.0,tonnes,1630.0
Maharashtra,Bhandara,rice,kharif,2014,188600.0,305400.0,tonnes,1619.0
Maharashtra,Bhandara,rice,kharif,2015,180200.0,268000.0,tonnes,1487.0
Maharashtra,Bhandara,rice,kharif,2016,168400.0,346800.0,tonnes,2059.0
Maharashtra,Bhandara,rice,kharif,2017,164700.0,200900.0,tonnes,1220.0
Maharashtra,Bhandara,rice,kharif,2018,165010.0,351437.0,tonnes,2130.0
Maharashtra,Bhandara,rice,kharif,2019,177510.0,288254.0,tonnes,1624.0
Maharashtra,Bhandara,rice,kharif,2020,177821.85,359897.03,tonnes,2024.0
Maharashtra,Bhandara,rice,kharif,2021,176994.98,359581.76,tonnes,2032.0
Maharashtra,Bhandara,rice,kharif,2022,177018.89,378850.48,tonnes,2140.0
Maharashtra,Bhandara,rice,kharif,2023,180575.31,422618.87,tonnes,2340.0
Maharashtra,Bhandara,rice,kharif,2024,184862.5,391288.0,tonnes,2117.0
Maharashtra,Bhandara,rice,summer,2013,8400.0,20770.0,tonnes,2473.0
Maharashtra,Bhandara,rice,summer,2014,7600.0,17400.0,tonnes,2289.0
Maharashtra,Bhandara,rice,summer,2015,7700.0,15900.0,tonnes,2065.0
Maharashtra,Bhandara,rice,summer,2016,14000.0,31600.0,tonnes,2257.0
Maharashtra,Bhandara,rice,summer,2017,8181.0,18700.0,tonnes,2286.0
Maharashtra,Bhandara,rice,summer,2018,10780.0,30800.0,tonnes,2857.0
Maharashtra,Bhandara,rice,summer,2019,13054.0,35015.0,tonnes,2682.0
Maharashtra,Bhandara,rice,summer,2020,13053.96,37927.55,tonnes,2905.0
Maharashtra,Bhandara,rice,summer,2021,16515.87,45645.57,tonnes,2764.0
Maharashtra,Bhandara,rice,summer,2022,62760.31,161538.76,tonnes,2574.0
Maharashtra,Bhandara,rice,summer,2023,64015.1,154106.77,tonnes,2407.0
Maharashtra,Bhandara,rice,summer,2024,64965.53,179279.46,tonnes,2760.0
Maharashtra,Bhandara,sorghum,rabi,2023,103.0,54.66,tonnes,531.0
Maharashtra,Bhandara,sorghum,rabi,2024,15.0,5.97,tonnes,398.0
Maharashtra,Bhandara,soybean,kharif,2013,7000.0,2800.0,tonnes,400.0
Maharashtra,Bhandara,soybean,kharif,2014,8100.0,3700.0,tonnes,457.0
Maharashtra,Bhandara,soybean,kharif,2015,6600.0,900.0,tonnes,136.0
Maharashtra,Bhandara,soybean,kharif,2016,11800.0,13300.0,tonnes,1127.0
Maharashtra,Bhandara,soybean,kharif,2017,5300.0,6400.0,tonnes,1208.0
Maharashtra,Bhandara,soybean,kharif,2018,4111.0,4649.0,tonnes,1131.0
Maharashtra,Bhandara,soybean,kharif,2019,269.0,280.0,tonnes,1041.0
Maharashtra,Bhandara,soybean,kharif,2020,275.46,174.49,tonnes,633.0
Maharashtra,Bhandara,soybean,kharif,2021,262.08,235.35,tonnes,898.0
Maharashtra,Bhandara,soybean,kharif,2022,346.0,344.0,tonnes,994.0
Maharashtra,Bhandara,soybean,kharif,2023,409.91,337.24,tonnes,823.0
Maharashtra,Bhandara,soybean,kharif,2024,469.28,386.43,tonnes,823.0
Maharashtra,Bhandara,soybean,summer,2021,5.9,3.54,tonnes,600.0
Maharashtra,Bhandara,soybean,summer,2022,18.4,11.04,tonnes,600.0
Maharashtra,Bhandara,sugarcane,kharif,2013,600.0,36100.0,tonnes,60167.0
Maharashtra,Bhandara,sugarcane,kharif,2014,6700.0,490800.0,tonnes,73254.0
Maharashtra,Bhandara,sugarcane,kharif,2015,4400.0,294500.0,tonnes,66932.0
Maharashtra,Bhandara,sugarcane,kharif,2016,4210.0,285300.0,tonnes,67767.0
Maharashtra,Bhandara,sugarcane,kharif,2017,3574.0,232300.0,tonnes,64997.0
Maharashtra,Bhandara,sugarcane,kharif,2018,4208.0,282104.0,tonnes,67040.0
Maharashtra,Bhandara,sugarcane,kharif,2019,3450.0,237498.0,tonnes,68840.0
Maharashtra,Bhandara,sugarcane,kharif,2020,4850.0,271041.54,tonnes,55885.0
Maharashtra,Bhandara,sugarcane,kharif,2021,2338.0,158470.32,tonnes,67780.0
Maharashtra,Bhandara,sugarcane,kharif,2022,3918.0,121458.0,tonnes,31000.0
Maharashtra,Bhandara,sugarcane,kharif,2023,4012.84,239617.88,tonnes,59713.0
Maharashtra,Bhandara,sugarcane,kharif,2024,3485.2,273849.81,tonnes,78575.0
Maharashtra,Bhandara,wheat,rabi,2013,11900.0,13600.0,tonnes,1143.0
Maharashtra,Bhandara,wheat,rabi,2014,11400.0,13900.0,tonnes,1219.0
Maharashtra,Bhandara,wheat,rabi,2015,10900.0,12000.0,tonnes,1101.0
Maharashtra,Bhandara,wheat,rabi,2016,10900.0,13800.0,tonnes,1266.0
Maharashtra,Bhandara,wheat,rabi,2017,10171.0,12700.0,tonnes,1249.0
Maharashtra,Bhandara,wheat,rabi,2018,9990.0,13800.0,tonnes,1381.0
Maharashtra,Bhandara,wheat,rabi,2019,9971.0,12096.0,tonnes,1213.0
Maharashtra,Bhandara,wheat,rabi,2020,10436.8,13848.95,tonnes,1327.0
Maharashtra,Bhandara,wheat,rabi,2021,9996.96,12690.04,tonnes,1269.0
Maharashtra,Bhandara,wheat,rabi,2022,10685.2,14478.45,tonnes,1355.0
Maharashtra,Bhandara,wheat,rabi,2023,10787.62,13793.44,tonnes,1279.0
Maharashtra,Bhandara,wheat,rabi,2024,12929.47,18880.76,tonnes,1460.0
Maharashtra,Buldhana,chickpea,rabi,2013,79000.0,63100.0,tonnes,799.0
Maharashtra,Buldhana,chickpea,rabi,2014,57200.0,36600.0,tonnes,640.0
Maharashtra,Buldhana,chickpea,rabi,2015,55700.0,31000.0,tonnes,557.0
Maharashtra,Buldhana,chickpea,rabi,2016,70100.0,78400.0,tonnes,1118.0
Maharashtra,Buldhana,chickpea,rabi,2017,132200.0,107700.0,tonnes,815.0
Maharashtra,Buldhana,chickpea,rabi,2018,108510.0,75200.0,tonnes,693.0
Maharashtra,Buldhana,chickpea,rabi,2019,160241.0,212906.0,tonnes,1329.0
Maharashtra,Buldhana,chickpea,rabi,2020,191664.24,239103.61,tonnes,1248.0
Maharashtra,Buldhana,chickpea,rabi,2021,216416.47,355909.87,tonnes,1645.0
Maharashtra,Buldhana,chickpea,rabi,2022,208150.63,206710.23,tonnes,993.0
Maharashtra,Buldhana,chickpea,rabi,2023,245709.74,279831.77,tonnes,1139.0
Maharashtra,Buldhana,chickpea,rabi,2024,256319.37,334952.53,tonnes,1307.0
Maharashtra,Buldhana,cotton,kharif,2013,227900.0,639600.0,bales_170kg,477.0
Maharashtra,Buldhana,cotton,kharif,2014,174300.0,132500.0,bales_170kg,129.0
Maharashtra,Buldhana,cotton,kharif,2015,170700.0,165800.0,bales_170kg,165.0
Maharashtra,Buldhana,cotton,kharif,2016,169550.0,516600.0,bales_170kg,518.0
Maharashtra,Buldhana,cotton,kharif,2017,174539.0,180900.0,bales_170kg,176.0
Maharashtra,Buldhana,cotton,kharif,2018,177928.0,308970.0,bales_170kg,295.0
Maharashtra,Buldhana,cotton,kharif,2019,196553.0,157132.0,bales_170kg,136.0
Maharashtra,Buldhana,cotton,kharif,2020,203500.0,475100.0,bales_170kg,397.0
Maharashtra,Buldhana,cotton,kharif,2021,203800.0,547300.0,bales_170kg,457.0
Maharashtra,Buldhana,cotton,kharif,2022,212220.31,542517.73,bales_170kg,435.0
Maharashtra,Buldhana,cotton,kharif,2023,204540.81,469931.4,bales_170kg,391.0
Maharashtra,Buldhana,cotton,kharif,2024,165701.49,273291.11,bales_170kg,280.0
Maharashtra,Buldhana,groundnut,kharif,2013,300.0,400.0,tonnes,1333.0
Maharashtra,Buldhana,groundnut,kharif,2014,1100.0,600.0,tonnes,545.0
Maharashtra,Buldhana,groundnut,kharif,2015,1000.0,500.0,tonnes,500.0
Maharashtra,Buldhana,groundnut,kharif,2016,970.0,900.0,tonnes,928.0
Maharashtra,Buldhana,groundnut,kharif,2017,1250.0,1500.0,tonnes,1200.0
Maharashtra,Buldhana,groundnut,kharif,2018,1277.0,1206.0,tonnes,944.0
Maharashtra,Buldhana,groundnut,kharif,2019,1436.0,1226.0,tonnes,854.0
Maharashtra,Buldhana,groundnut,kharif,2020,1583.89,1440.07,tonnes,909.0
Maharashtra,Buldhana,groundnut,kharif,2021,1640.27,1679.31,tonnes,1024.0
Maharashtra,Buldhana,groundnut,kharif,2022,603.66,952.58,tonnes,1578.0
Maharashtra,Buldhana,groundnut,kharif,2023,591.08,508.09,tonnes,860.0
Maharashtra,Buldhana,groundnut,kharif,2024,523.44,516.75,tonnes,987.0
Maharashtra,Buldhana,groundnut,summer,2013,2300.0,3700.0,tonnes,1609.0
Maharashtra,Buldhana,groundnut,summer,2014,2700.0,3500.0,tonnes,1296.0
Maharashtra,Buldhana,groundnut,summer,2015,2800.0,2600.0,tonnes,929.0
Maharashtra,Buldhana,groundnut,summer,2016,4100.0,4800.0,tonnes,1171.0
Maharashtra,Buldhana,groundnut,summer,2017,974.0,1500.0,tonnes,1540.0
Maharashtra,Buldhana,groundnut,summer,2018,330.0,330.0,tonnes,1000.0
Maharashtra,Buldhana,groundnut,summer,2019,5334.0,10459.0,tonnes,1961.0
Maharashtra,Buldhana,groundnut,summer,2020,5334.0,10404.5,tonnes,1951.0
Maharashtra,Buldhana,groundnut,summer,2021,5313.29,7521.56,tonnes,1416.0
Maharashtra,Buldhana,groundnut,summer,2022,4251.0,6613.0,tonnes,1556.0
Maharashtra,Buldhana,groundnut,summer,2023,4548.07,7382.78,tonnes,1623.0
Maharashtra,Buldhana,groundnut,summer,2024,4462.9,3341.25,tonnes,749.0
Maharashtra,Buldhana,maize,kharif,2013,15000.0,42900.0,tonnes,2860.0
Maharashtra,Buldhana,maize,kharif,2014,30000.0,54400.0,tonnes,1813.0
Maharashtra,Buldhana,maize,kharif,2015,27100.0,35600.0,tonnes,1314.0
Maharashtra,Buldhana,maize,kharif,2016,27380.0,75700.0,tonnes,2765.0
Maharashtra,Buldhana,maize,kharif,2017,31840.0,79900.0,tonnes,2509.0
Maharashtra,Buldhana,maize,kharif,2018,33120.0,47468.0,tonnes,1433.0
Maharashtra,Buldhana,maize,kharif,2019,48811.0,26675.0,tonnes,546.0
Maharashtra,Buldhana,maize,kharif,2020,47593.4,162550.51,tonnes,3415.0
Maharashtra,Buldhana,maize,kharif,2021,42790.39,126295.84,tonnes,2951.0
Maharashtra,Buldhana,maize,kharif,2022,40254.0,120287.0,tonnes,2988.0
Maharashtra,Buldhana,maize,kharif,2023,21633.44,79571.03,tonnes,3678.0
Maharashtra,Buldhana,maize,kharif,2024,26182.13,92993.69,tonnes,3552.0
Maharashtra,Buldhana,maize,rabi,2013,16600.0,41900.0,tonnes,2524.0
Maharashtra,Buldhana,maize,rabi,2014,17200.0,2700.0,tonnes,157.0
Maharashtra,Buldhana,maize,rabi,2015,15300.0,13000.0,tonnes,850.0
Maharashtra,Buldhana,maize,rabi,2016,31380.0,55000.0,tonnes,1753.0
Maharashtra,Buldhana,maize,rabi,2017,6900.0,7200.0,tonnes,1043.0
Maharashtra,Buldhana,maize,rabi,2018,4830.0,3500.0,tonnes,725.0
Maharashtra,Buldhana,maize,rabi,2019,12166.0,16397.0,tonnes,1348.0
Maharashtra,Buldhana,maize,rabi,2020,11437.1,14753.0,tonnes,1290.0
Maharashtra,Buldhana,maize,rabi,2021,13596.34,29592.43,tonnes,2176.0
Maharashtra,Buldhana,maize,rabi,2022,16140.27,31908.39,tonnes,1977.0
Maharashtra,Buldhana,maize,rabi,2023,14717.98,13124.78,tonnes,892.0
Maharashtra,Buldhana,maize,rabi,2024,17355.0,68462.0,tonnes,3945.0
Maharashtra,Buldhana,maize,summer,2013,1800.0,2600.0,tonnes,1444.0
Maharashtra,Buldhana,maize,summer,2014,1700.0,3000.0,tonnes,1765.0
Maharashtra,Buldhana,maize,summer,2015,300.0,500.0,tonnes,1667.0
Maharashtra,Buldhana,maize,summer,2016,1600.0,2600.0,tonnes,1625.0
Maharashtra,Buldhana,maize,summer,2017,861.0,1700.0,tonnes,1974.0
Maharashtra,Buldhana,maize,summer,2018,720.0,1450.0,tonnes,2014.0
Maharashtra,Buldhana,maize,summer,2019,6475.0,10282.0,tonnes,1588.0
Maharashtra,Buldhana,maize,summer,2020,6475.0,11737.88,tonnes,1813.0
Maharashtra,Buldhana,maize,summer,2021,8148.53,14771.66,tonnes,1813.0
Maharashtra,Buldhana,maize,summer,2022,5296.54,9534.62,tonnes,1800.0
Maharashtra,Buldhana,maize,summer,2023,8210.12,14780.78,tonnes,1800.0
Maharashtra,Buldhana,maize,summer,2024,6752.16,12156.19,tonnes,1800.0
Maharashtra,Buldhana,pearl_millet,kharif,2013,3500.0,2300.0,tonnes,657.0
Maharashtra,Buldhana,pearl_millet,kharif,2014,1700.0,300.0,tonnes,176.0
Maharashtra,Buldhana,pearl_millet,kharif,2015,1900.0,200.0,tonnes,105.0
Maharashtra,Buldhana,pearl_millet,kharif,2016,2090.0,700.0,tonnes,335.0
Maharashtra,Buldhana,pearl_millet,kharif,2017,2180.0,1000.0,tonnes,459.0
Maharashtra,Buldhana,pearl_millet,kharif,2018,2267.3,332.0,tonnes,146.0
Maharashtra,Buldhana,pearl_millet,kharif,2019,2408.0,546.0,tonnes,227.0
Maharashtra,Buldhana,pearl_millet,kharif,2020,2076.41,980.27,tonnes,472.0
Maharashtra,Buldhana,pearl_millet,kharif,2021,1456.02,527.1,tonnes,362.0
Maharashtra,Buldhana,pearl_millet,kharif,2022,16.0,6.0,tonnes,375.0
Maharashtra,Buldhana,pearl_millet,kharif,2023,134.55,57.86,tonnes,430.0
Maharashtra,Buldhana,pearl_millet,kharif,2024,126.65,40.98,tonnes,324.0
Maharashtra,Buldhana,pearl_millet,summer,2021,115.0,104.65,tonnes,910.0
Maharashtra,Buldhana,pearl_millet,summer,2022,155.0,141.05,tonnes,910.0
Maharashtra,Buldhana,pearl_millet,summer,2023,1621.31,1475.38,tonnes,910.0
Maharashtra,Buldhana,pearl_millet,summer,2024,1118.92,1018.15,tonnes,910.0
Maharashtra,Buldhana,pigeon_pea,kharif,2013,21100.0,14800.0,tonnes,701.0
Maharashtra,Buldhana,pigeon_pea,kharif,2014,69600.0,18500.0,tonnes,266.0
Maharashtra,Buldhana,pigeon_pea,kharif,2015,72600.0,24200.0,tonnes,333.0
Maharashtra,Buldhana,pigeon_pea,kharif,2016,77864.0,64484.0,tonnes,828.0
Maharashtra,Buldhana,pigeon_pea,kharif,2017,76195.0,47788.0,tonnes,627.0
Maharashtra,Buldhana,pigeon_pea,kharif,2018,88381.0,45400.0,tonnes,514.0
Maharashtra,Buldhana,pigeon_pea,kharif,2019,93099.0,111274.0,tonnes,1195.0
Maharashtra,Buldhana,pigeon_pea,kharif,2020,94953.55,142648.3,tonnes,1502.0
Maharashtra,Buldhana,pigeon_pea,kharif,2021,100510.05,371696.23,tonnes,3698.0
Maharashtra,Buldhana,pigeon_pea,kharif,2022,78974.0,68944.0,tonnes,873.0
Maharashtra,Buldhana,pigeon_pea,kharif,2023,82507.35,55488.32,tonnes,673.0
Maharashtra,Buldhana,pigeon_pea,kharif,2024,89061.45,169635.37,tonnes,1905.0
Maharashtra,Buldhana,rice,kharif,2016,10.0,4.0,tonnes,400.0
Maharashtra,Buldhana,sorghum,kharif,2013,44600.0,38200.0,tonnes,857.0
Maharashtra,Buldhana,sorghum,kharif,2014,20600.0,22100.0,tonnes,1073.0
Maharashtra,Buldhana,sorghum,kharif,2015,20400.0,12700.0,tonnes,623.0
Maharashtra,Buldhana,sorghum,kharif,2016,22460.0,32100.0,tonnes,1429.0
Maharashtra,Buldhana,sorghum,kharif,2017,20202.0,18600.0,tonnes,921.0
Maharashtra,Buldhana,sorghum,kharif,2018,19649.0,21059.0,tonnes,1072.0
Maharashtra,Buldhana,sorghum,kharif,2019,10449.0,1645.0,tonnes,157.0
Maharashtra,Buldhana,sorghum,kharif,2020,9818.12,10592.29,tonnes,1079.0
Maharashtra,Buldhana,sorghum,kharif,2021,9793.66,10906.22,tonnes,1114.0
Maharashtra,Buldhana,sorghum,kharif,2022,3821.21,2661.86,tonnes,697.0
Maharashtra,Buldhana,sorghum,kharif,2023,2028.92,2451.0,tonnes,1208.0
Maharashtra,Buldhana,sorghum,kharif,2024,1964.21,2515.36,tonnes,1281.0
Maharashtra,Buldhana,sorghum,rabi,2013,13300.0,10700.0,tonnes,805.0
Maharashtra,Buldhana,sorghum,rabi,2014,10800.0,8900.0,tonnes,824.0
Maharashtra,Buldhana,sorghum,rabi,2015,10300.0,5800.0,tonnes,563.0
Maharashtra,Buldhana,sorghum,rabi,2016,13350.0,15500.0,tonnes,1161.0
Maharashtra,Buldhana,sorghum,rabi,2017,13231.0,9100.0,tonnes,688.0
Maharashtra,Buldhana,sorghum,rabi,2018,11980.0,5800.0,tonnes,484.0
Maharashtra,Buldhana,sorghum,rabi,2019,12839.0,11854.0,tonnes,923.0
Maharashtra,Buldhana,sorghum,rabi,2020,15306.75,19007.23,tonnes,1242.0
Maharashtra,Buldhana,sorghum,rabi,2021,17022.05,17808.98,tonnes,1046.0
Maharashtra,Buldhana,sorghum,rabi,2022,10166.2,14126.65,tonnes,1390.0
Maharashtra,Buldhana,sorghum,rabi,2023,21573.4,30263.19,tonnes,1403.0
Maharashtra,Buldhana,sorghum,rabi,2024,16004.51,18417.24,tonnes,1151.0
Maharashtra,Buldhana,sorghum,summer,2021,293.8,244.27,tonnes,831.0
Maharashtra,Buldhana,sorghum,summer,2022,1481.4,1231.67,tonnes,831.0
Maharashtra,Buldhana,sorghum,summer,2023,7066.6,5874.01,tonnes,831.0
Maharashtra,Buldhana,sorghum,summer,2024,4132.78,3436.57,tonnes,832.0
Maharashtra,Buldhana,soybean,kharif,2013,323200.0,479000.0,tonnes,1482.0
Maharashtra,Buldhana,soybean,kharif,2014,352500.0,189100.0,tonnes,536.0
Maharashtra,Buldhana,soybean,kharif,2015,352400.0,160400.0,tonnes,455.0
Maharashtra,Buldhana,soybean,kharif,2016,365010.0,703600.0,tonnes,1928.0
Maharashtra,Buldhana,soybean,kharif,2017,370290.0,439600.0,tonnes,1187.0
Maharashtra,Buldhana,soybean,kharif,2018,404209.0,448429.0,tonnes,1109.0
Maharashtra,Buldhana,soybean,kharif,2019,396413.0,535844.0,tonnes,1352.0
Maharashtra,Buldhana,soybean,kharif,2020,415693.31,695094.79,tonnes,1672.0
Maharashtra,Buldhana,soybean,kharif,2021,438282.82,747798.15,tonnes,1706.0
Maharashtra,Buldhana,soybean,kharif,2022,444649.0,791652.0,tonnes,1780.0
Maharashtra,Buldhana,soybean,kharif,2023,422675.77,485588.28,tonnes,1149.0
Maharashtra,Buldhana,soybean,kharif,2024,432328.89,1015195.29,tonnes,2348.0
Maharashtra,Buldhana,soybean,summer,2021,5565.8,2782.9,tonnes,500.0
Maharashtra,Buldhana,soybean,summer,2022,1305.8,783.48,tonnes,600.0
Maharashtra,Buldhana,sugarcane,kharif,2013,100.0,8100.0,tonnes,81000.0
Maharashtra,Buldhana,sugarcane,kharif,2014,300.0,18700.0,tonnes,62333.0
Maharashtra,Buldhana,sugarcane,kharif,2015,300.0,15000.0,tonnes,50000.0
Maharashtra,Buldhana,sugarcane,kharif,2016,535.0,35700.0,tonnes,66729.0
Maharashtra,Buldhana,sugarcane,kharif,2017,257.0,12900.0,tonnes,50195.0
Maharashtra,Buldhana,sugarcane,kharif,2018,311.0,13995.0,tonnes,45000.0
Maharashtra,Buldhana,sugarcane,kharif,2019,397.0,27731.0,tonnes,69851.0
Maharashtra,Buldhana,sugarcane,kharif,2022,1092.0,63237.72,tonnes,57910.0
Maharashtra,Buldhana,sugarcane,kharif,2023,535.2,30845.86,tonnes,57634.0
Maharashtra,Buldhana,sugarcane,kharif,2024,913.26,52886.2,tonnes,57909.0
Maharashtra,Buldhana,wheat,rabi,2013,59000.0,73900.0,tonnes,1253.0
Maharashtra,Buldhana,wheat,rabi,2014,73500.0,95500.0,tonnes,1299.0
Maharashtra,Buldhana,wheat,rabi,2015,60100.0,48800.0,tonnes,812.0
Maharashtra,Buldhana,wheat,rabi,2016,103880.0,162400.0,tonnes,1563.0
Maharashtra,Buldhana,wheat,rabi,2017,35920.0,56300.0,tonnes,1567.0
Maharashtra,Buldhana,wheat,rabi,2018,27400.0,32100.0,tonnes,1172.0
Maharashtra,Buldhana,wheat,rabi,2019,45555.0,84916.0,tonnes,1864.0
Maharashtra,Buldhana,wheat,rabi,2020,55560.18,112018.24,tonnes,2016.0
Maharashtra,Buldhana,wheat,rabi,2021,61964.68,168480.11,tonnes,2719.0
Maharashtra,Buldhana,wheat,rabi,2022,70773.35,133188.37,tonnes,1882.0
Maharashtra,Buldhana,wheat,rabi,2023,58027.21,120814.51,tonnes,2082.0
Maharashtra,Buldhana,wheat,rabi,2024,67751.84,128686.9,tonnes,1899.0
Maharashtra,Chandrapur,chickpea,rabi,2013,32800.0,17200.0,tonnes,524.0
Maharashtra,Chandrapur,chickpea,rabi,2014,29100.0,12000.0,tonnes,412.0
Maharashtra,Chandrapur,chickpea,rabi,2015,28600.0,18500.0,tonnes,647.0
Maharashtra,Chandrapur,chickpea,rabi,2016,27900.0,15500.0,tonnes,556.0
Maharashtra,Chandrapur,chickpea,rabi,2017,23900.0,15900.0,tonnes,665.0
Maharashtra,Chandrapur,chickpea,rabi,2018,26390.0,25100.0,tonnes,951.0
Maharashtra,Chandrapur,chickpea,rabi,2019,41619.0,34463.0,tonnes,828.0
Maharashtra,Chandrapur,chickpea,rabi,2020,44587.08,41172.93,tonnes,923.0
Maharashtra,Chandrapur,chickpea,rabi,2021,34522.46,32470.1,tonnes,941.0
Maharashtra,Chandrapur,chickpea,rabi,2022,62915.17,81380.14,tonnes,1293.0
Maharashtra,Chandrapur,chickpea,rabi,2023,67959.12,55744.45,tonnes,820.0
Maharashtra,Chandrapur,chickpea,rabi,2024,66433.56,32826.98,tonnes,494.0
Maharashtra,Chandrapur,cotton,kharif,2013,107100.0,202300.0,bales_170kg,321.0
Maharashtra,Chandrapur,cotton,kharif,2014,123700.0,143900.0,bales_170kg,198.0
Maharashtra,Chandrapur,cotton,kharif,2015,156900.0,203200.0,bales_170kg,220.0
Maharashtra,Chandrapur,cotton,kharif,2016,162800.0,549300.0,bales_170kg,574.0
Maharashtra,Chandrapur,cotton,kharif,2017,165040.0,325200.0,bales_170kg,335.0
Maharashtra,Chandrapur,cotton,kharif,2018,153291.0,322452.0,bales_170kg,358.0
Maharashtra,Chandrapur,cotton,kharif,2019,154660.0,371371.0,bales_170kg,408.0
Maharashtra,Chandrapur,cotton,kharif,2020,154900.0,378400.0,bales_170kg,415.0
Maharashtra,Chandrapur,cotton,kharif,2021,153700.0,351200.0,bales_170kg,388.0
Maharashtra,Chandrapur,cotton,kharif,2022,152447.55,442486.06,bales_170kg,493.0
Maharashtra,Chandrapur,cotton,kharif,2023,172249.31,376538.71,bales_170kg,372.0
Maharashtra,Chandrapur,cotton,kharif,2024,186132.45,588691.28,bales_170kg,538.0
Maharashtra,Chandrapur,groundnut,summer,2015,10.0,16.0,tonnes,1600.0
Maharashtra,Chandrapur,groundnut,summer,2016,100.0,60.0,tonnes,600.0
Maharashtra,Chandrapur,groundnut,summer,2017,29.0,34.0,tonnes,1172.0
Maharashtra,Chandrapur,groundnut,summer,2018,10.0,10.0,tonnes,1000.0
Maharashtra,Chandrapur,groundnut,summer,2019,98.0,74.0,tonnes,755.0
Maharashtra,Chandrapur,groundnut,summer,2020,98.0,49.88,tonnes,509.0
Maharashtra,Chandrapur,groundnut,summer,2021,98.0,193.36,tonnes,1973.0
Maharashtra,Chandrapur,groundnut,summer,2022,294.0,557.0,tonnes,1895.0
Maharashtra,Chandrapur,groundnut,summer,2023,264.59,537.62,tonnes,2032.0
Maharashtra,Chandrapur,groundnut,summer,2024,493.9,1086.83,tonnes,2201.0
Maharashtra,Chandrapur,maize,kharif,2015,100.0,100.0,tonnes,1000.0
Maharashtra,Chandrapur,maize,kharif,2016,30.0,83.0,tonnes,2767.0
Maharashtra,Chandrapur,maize,kharif,2017,26.0,65.0,tonnes,2500.0
Maharashtra,Chandrapur,maize,kharif,2019,17.0,29.0,tonnes,1706.0
Maharashtra,Chandrapur,maize,rabi,2017,1.0,,tonnes,
Maharashtra,Chandrapur,maize,rabi,2020,50.0,64.5,tonnes,1290.0
Maharashtra,Chandrapur,maize,rabi,2021,681.5,1483.29,tonnes,2177.0
Maharashtra,Chandrapur,maize,rabi,2022,1291.87,2553.95,tonnes,1977.0
Maharashtra,Chandrapur,maize,rabi,2023,844.89,753.43,tonnes,892.0
Maharashtra,Chandrapur,maize,rabi,2024,633.68,297.21,tonnes,469.0
Maharashtra,Chandrapur,maize,summer,2014,100.0,100.0,tonnes,1000.0
Maharashtra,Chandrapur,maize,summer,2016,200.0,300.0,tonnes,1500.0
Maharashtra,Chandrapur,maize,summer,2017,16.0,6.0,tonnes,375.0
Maharashtra,Chandrapur,maize,summer,2019,22.0,22.0,tonnes,1000.0
Maharashtra,Chandrapur,maize,summer,2020,22.0,14.96,tonnes,680.0
Maharashtra,Chandrapur,maize,summer,2021,22.0,14.96,tonnes,680.0
Maharashtra,Chandrapur,maize,summer,2022,36.47,24.8,tonnes,680.0
Maharashtra,Chandrapur,maize,summer,2023,79.43,54.02,tonnes,680.0
Maharashtra,Chandrapur,maize,summer,2024,43.8,29.79,tonnes,680.0
Maharashtra,Chandrapur,pearl_millet,kharif,2016,33.0,11.0,tonnes,333.0
Maharashtra,Chandrapur,pearl_millet,summer,2022,7.2,6.55,tonnes,910.0
Maharashtra,Chandrapur,pearl_millet,summer,2023,0.4,0.36,tonnes,910.0
Maharashtra,Chandrapur,pigeon_pea,kharif,2013,32600.0,28500.0,tonnes,874.0
Maharashtra,Chandrapur,pigeon_pea,kharif,2014,38200.0,19800.0,tonnes,518.0
Maharashtra,Chandrapur,pigeon_pea,kharif,2015,38700.0,26200.0,tonnes,677.0
Maharashtra,Chandrapur,pigeon_pea,kharif,2016,40143.0,72902.0,tonnes,1816.0
Maharashtra,Chandrapur,pigeon_pea,kharif,2017,40431.0,53949.0,tonnes,1334.0
Maharashtra,Chandrapur,pigeon_pea,kharif,2018,44322.0,48875.0,tonnes,1103.0
Maharashtra,Chandrapur,pigeon_pea,kharif,2019,46520.0,62586.0,tonnes,1345.0
Maharashtra,Chandrapur,pigeon_pea,kharif,2020,47931.74,77837.08,tonnes,1624.0
Maharashtra,Chandrapur,pigeon_pea,kharif,2021,49800.35,45029.47,tonnes,904.0
Maharashtra,Chandrapur,pigeon_pea,kharif,2022,51520.0,91289.0,tonnes,1772.0
Maharashtra,Chandrapur,pigeon_pea,kharif,2023,32776.61,32603.29,tonnes,995.0
Maharashtra,Chandrapur,pigeon_pea,kharif,2024,32360.54,36554.23,tonnes,1130.0
Maharashtra,Chandrapur,rice,kharif,2013,160200.0,211300.0,tonnes,1319.0
Maharashtra,Chandrapur,rice,kharif,2014,141800.0,106700.0,tonnes,752.0
Maharashtra,Chandrapur,rice,kharif,2015,137400.0,113200.0,tonnes,824.0
Maharashtra,Chandrapur,rice,kharif,2016,136400.0,234000.0,tonnes,1716.0
Maharashtra,Chandrapur,rice,kharif,2017,129400.0,92700.0,tonnes,716.0
Maharashtra,Chandrapur,rice,kharif,2018,132251.0,232195.0,tonnes,1756.0
Maharashtra,Chandrapur,rice,kharif,2019,138598.0,193610.0,tonnes,1397.0
Maharashtra,Chandrapur,rice,kharif,2020,142764.59,194685.78,tonnes,1364.0
Maharashtra,Chandrapur,rice,kharif,2021,143676.03,249044.55,tonnes,1733.0
Maharashtra,Chandrapur,rice,kharif,2022,149246.85,248433.75,tonnes,1665.0
Maharashtra,Chandrapur,rice,kharif,2023,181553.9,300467.3,tonnes,1655.0
Maharashtra,Chandrapur,rice,kharif,2024,190609.6,348506.45,tonnes,1828.0
Maharashtra,Chandrapur,rice,summer,2013,3200.0,6900.0,tonnes,2156.0
Maharashtra,Chandrapur,rice,summer,2014,4000.0,6800.0,tonnes,1700.0
Maharashtra,Chandrapur,rice,summer,2015,2300.0,4000.0,tonnes,1739.0
Maharashtra,Chandrapur,rice,summer,2016,6700.0,11500.0,tonnes,1716.0
Maharashtra,Chandrapur,rice,summer,2017,3188.0,6400.0,tonnes,2008.0
Maharashtra,Chandrapur,rice,summer,2018,2720.0,4350.0,tonnes,1599.0
Maharashtra,Chandrapur,rice,summer,2019,5208.0,12968.0,tonnes,2490.0
Maharashtra,Chandrapur,rice,summer,2020,5208.0,10526.86,tonnes,2021.0
Maharashtra,Chandrapur,rice,summer,2021,5728.8,11520.79,tonnes,2011.0
Maharashtra,Chandrapur,rice,summer,2022,10311.84,22335.76,tonnes,2166.0
Maharashtra,Chandrapur,rice,summer,2023,12002.03,24551.17,tonnes,2046.0
Maharashtra,Chandrapur,rice,summer,2024,8323.87,22061.61,tonnes,2650.0
Maharashtra,Chandrapur,sorghum,kharif,2013,2700.0,2100.0,tonnes,778.0
Maharashtra,Chandrapur,sorghum,kharif,2014,2800.0,11100.0,tonnes,3964.0
Maharashtra,Chandrapur,sorghum,kharif,2015,2700.0,1800.0,tonnes,667.0
Maharashtra,Chandrapur,sorghum,kharif,2016,2700.0,1000.0,tonnes,370.0
Maharashtra,Chandrapur,sorghum,kharif,2017,2200.0,1300.0,tonnes,591.0
Maharashtra,Chandrapur,sorghum,kharif,2018,1966.0,1157.0,tonnes,589.0
Maharashtra,Chandrapur,sorghum,kharif,2019,2029.0,1559.0,tonnes,768.0
Maharashtra,Chandrapur,sorghum,kharif,2020,596.53,324.63,tonnes,544.0
Maharashtra,Chandrapur,sorghum,kharif,2021,531.21,324.09,tonnes,610.0
Maharashtra,Chandrapur,sorghum,kharif,2022,527.32,313.28,tonnes,594.0
Maharashtra,Chandrapur,sorghum,kharif,2023,518.27,255.6,tonnes,493.0
Maharashtra,Chandrapur,sorghum,kharif,2024,1454.47,952.31,tonnes,655.0
Maharashtra,Chandrapur,sorghum,rabi,2013,5100.0,2300.0,tonnes,451.0
Maharashtra,Chandrapur,sorghum,rabi,2014,5900.0,2600.0,tonnes,441.0
Maharashtra,Chandrapur,sorghum,rabi,2015,5700.0,2000.0,tonnes,351.0
Maharashtra,Chandrapur,sorghum,rabi,2016,4300.0,2700.0,tonnes,628.0
Maharashtra,Chandrapur,sorghum,rabi,2017,1300.0,300.0,tonnes,231.0
Maharashtra,Chandrapur,sorghum,rabi,2018,1330.0,900.0,tonnes,677.0
Maharashtra,Chandrapur,sorghum,rabi,2019,1505.0,721.0,tonnes,479.0
Maharashtra,Chandrapur,sorghum,rabi,2020,1547.49,847.34,tonnes,548.0
Maharashtra,Chandrapur,sorghum,rabi,2021,2646.88,2410.09,tonnes,911.0
Maharashtra,Chandrapur,sorghum,rabi,2022,5508.81,3469.5,tonnes,630.0
Maharashtra,Chandrapur,sorghum,rabi,2023,6361.47,2754.66,tonnes,433.0
Maharashtra,Chandrapur,sorghum,rabi,2024,4485.71,2691.32,tonnes,600.0
Maharashtra,Chandrapur,sorghum,summer,2021,86.6,72.0,tonnes,831.0
Maharashtra,Chandrapur,sorghum,summer,2022,54.5,46.33,tonnes,850.0
Maharashtra,Chandrapur,sorghum,summer,2023,198.12,168.36,tonnes,850.0
Maharashtra,Chandrapur,sorghum,summer,2024,357.04,296.89,tonnes,832.0
Maharashtra,Chandrapur,soybean,kharif,2013,142100.0,88400.0,tonnes,622.0
Maharashtra,Chandrapur,soybean,kharif,2014,126200.0,64300.0,tonnes,510.0
Maharashtra,Chandrapur,soybean,kharif,2015,117100.0,59400.0,tonnes,507.0
Maharashtra,Chandrapur,soybean,kharif,2016,108500.0,108300.0,tonnes,998.0
Maharashtra,Chandrapur,soybean,kharif,2017,65900.0,62000.0,tonnes,941.0
Maharashtra,Chandrapur,soybean,kharif,2018,75376.0,120538.0,tonnes,1599.0
Maharashtra,Chandrapur,soybean,kharif,2019,75499.0,66209.0,tonnes,877.0
Maharashtra,Chandrapur,soybean,kharif,2020,81447.19,69731.09,tonnes,856.0
Maharashtra,Chandrapur,soybean,kharif,2021,82220.33,120691.23,tonnes,1468.0
Maharashtra,Chandrapur,soybean,kharif,2022,87901.0,109454.0,tonnes,1245.0
Maharashtra,Chandrapur,soybean,kharif,2023,68336.24,25989.77,tonnes,380.0
Maharashtra,Chandrapur,soybean,kharif,2024,59446.94,58287.13,tonnes,980.0
Maharashtra,Chandrapur,soybean,summer,2021,571.3,342.78,tonnes,600.0
Maharashtra,Chandrapur,soybean,summer,2022,257.3,154.38,tonnes,600.0
Maharashtra,Chandrapur,sugarcane,kharif,2014,100.0,9000.0,tonnes,90000.0
Maharashtra,Chandrapur,sugarcane,kharif,2015,100.0,6900.0,tonnes,69000.0
Maharashtra,Chandrapur,sugarcane,kharif,2016,50.0,2000.0,tonnes,40000.0
Maharashtra,Chandrapur,sugarcane,kharif,2017,26.0,1300.0,tonnes,50000.0
Maharashtra,Chandrapur,sugarcane,kharif,2018,64.0,3840.0,tonnes,60000.0
Maharashtra,Chandrapur,sugarcane,kharif,2022,18.0,1080.0,tonnes,60000.0
Maharashtra,Chandrapur,sugarcane,kharif,2023,19.5,970.33,tonnes,49761.0
Maharashtra,Chandrapur,sugarcane,kharif,2024,43.7,2184.92,tonnes,49998.0
Maharashtra,Chandrapur,wheat,rabi,2013,25600.0,28600.0,tonnes,1117.0
Maharashtra,Chandrapur,wheat,rabi,2014,24200.0,17800.0,tonnes,736.0
Maharashtra,Chandrapur,wheat,rabi,2015,20800.0,16200.0,tonnes,779.0
Maharashtra,Chandrapur,wheat,rabi,2016,19900.0,25000.0,tonnes,1256.0
Maharashtra,Chandrapur,wheat,rabi,2017,18124.0,20300.0,tonnes,1120.0
Maharashtra,Chandrapur,wheat,rabi,2018,17420.0,23000.0,tonnes,1320.0
Maharashtra,Chandrapur,wheat,rabi,2019,17422.0,12553.0,tonnes,721.0
Maharashtra,Chandrapur,wheat,rabi,2020,18162.18,20166.74,tonnes,1110.0
Maharashtra,Chandrapur,wheat,rabi,2021,18463.38,23990.02,tonnes,1299.0
Maharashtra,Chandrapur,wheat,rabi,2022,19718.22,29963.81,tonnes,1520.0
Maharashtra,Chandrapur,wheat,rabi,2023,17249.52,19444.61,tonnes,1127.0
Maharashtra,Chandrapur,wheat,rabi,2024,16377.2,19134.18,tonnes,1168.0
Maharashtra,Chhatrapati Sambhajinagar,chickpea,rabi,2013,42900.0,32600.0,tonnes,760.0
Maharashtra,Chhatrapati Sambhajinagar,chickpea,rabi,2014,41800.0,16300.0,tonnes,390.0
Maharashtra,Chhatrapati Sambhajinagar,chickpea,rabi,2015,46800.0,17200.0,tonnes,368.0
Maharashtra,Chhatrapati Sambhajinagar,chickpea,rabi,2016,66400.0,73200.0,tonnes,1102.0
Maharashtra,Chhatrapati Sambhajinagar,chickpea,rabi,2017,86400.0,57800.0,tonnes,669.0
Maharashtra,Chhatrapati Sambhajinagar,chickpea,rabi,2018,40650.0,24400.0,tonnes,600.0
Maharashtra,Chhatrapati Sambhajinagar,chickpea,rabi,2019,62755.0,63036.0,tonnes,1004.0
Maharashtra,Chhatrapati Sambhajinagar,chickpea,rabi,2020,67451.19,38999.78,tonnes,578.0
Maharashtra,Chhatrapati Sambhajinagar,chickpea,rabi,2021,67451.19,54669.86,tonnes,811.0
Maharashtra,Chhatrapati Sambhajinagar,chickpea,rabi,2022,64781.93,44529.8,tonnes,687.0
Maharashtra,Chhatrapati Sambhajinagar,chickpea,rabi,2023,70512.85,58903.82,tonnes,835.0
Maharashtra,Chhatrapati Sambhajinagar,chickpea,rabi,2024,71054.54,62581.78,tonnes,881.0
Maharashtra,Chhatrapati Sambhajinagar,cotton,kharif,2013,422600.0,1036100.0,bales_170kg,417.0
Maharashtra,Chhatrapati Sambhajinagar,cotton,kharif,2014,422600.0,244300.0,bales_170kg,98.0
Maharashtra,Chhatrapati Sambhajinagar,cotton,kharif,2015,458000.0,271300.0,bales_170kg,101.0
Maharashtra,Chhatrapati Sambhajinagar,cotton,kharif,2016,506500.0,992300.0,bales_170kg,333.0
Maharashtra,Chhatrapati Sambhajinagar,cotton,kharif,2017,521353.0,415200.0,bales_170kg,135.0
Maharashtra,Chhatrapati Sambhajinagar,cotton,kharif,2018,385441.0,374332.0,bales_170kg,165.0
Maharashtra,Chhatrapati Sambhajinagar,cotton,kharif,2019,434491.0,611894.0,bales_170kg,239.0
Maharashtra,Chhatrapati Sambhajinagar,cotton,kharif,2020,454600.0,840100.0,bales_170kg,314.0
Maharashtra,Chhatrapati Sambhajinagar,cotton,kharif,2021,454600.0,498700.0,bales_170kg,186.0
Maharashtra,Chhatrapati Sambhajinagar,cotton,kharif,2022,400404.99,452630.51,bales_170kg,192.0
Maharashtra,Chhatrapati Sambhajinagar,cotton,kharif,2023,386117.48,399820.69,bales_170kg,176.0
Maharashtra,Chhatrapati Sambhajinagar,cotton,kharif,2024,362429.59,275729.44,bales_170kg,129.0
Maharashtra,Chhatrapati Sambhajinagar,groundnut,kharif,2013,4500.0,5300.0,tonnes,1178.0
Maharashtra,Chhatrapati Sambhajinagar,groundnut,kharif,2014,4100.0,900.0,tonnes,220.0
Maharashtra,Chhatrapati Sambhajinagar,groundnut,kharif,2015,4500.0,1750.0,tonnes,389.0
Maharashtra,Chhatrapati Sambhajinagar,groundnut,kharif,2016,6500.0,5800.0,tonnes,892.0
Maharashtra,Chhatrapati Sambhajinagar,groundnut,kharif,2017,7000.0,5100.0,tonnes,729.0
Maharashtra,Chhatrapati Sambhajinagar,groundnut,kharif,2018,8907.0,3662.0,tonnes,411.0
Maharashtra,Chhatrapati Sambhajinagar,groundnut,kharif,2019,9470.0,9263.0,tonnes,978.0
Maharashtra,Chhatrapati Sambhajinagar,groundnut,kharif,2020,9722.72,4261.19,tonnes,438.0
Maharashtra,Chhatrapati Sambhajinagar,groundnut,kharif,2021,9722.72,5850.16,tonnes,602.0
Maharashtra,Chhatrapati Sambhajinagar,groundnut,kharif,2022,5954.93,6580.36,tonnes,1105.0
Maharashtra,Chhatrapati Sambhajinagar,groundnut,kharif,2023,5532.98,3669.57,tonnes,663.0
Maharashtra,Chhatrapati Sambhajinagar,groundnut,kharif,2024,5937.57,4941.59,tonnes,832.0
Maharashtra,Chhatrapati Sambhajinagar,groundnut,summer,2015,10.0,2.0,tonnes,200.0
Maharashtra,Chhatrapati Sambhajinagar,groundnut,summer,2016,300.0,300.0,tonnes,1000.0
Maharashtra,Chhatrapati Sambhajinagar,groundnut,summer,2017,442.0,300.0,tonnes,679.0
Maharashtra,Chhatrapati Sambhajinagar,groundnut,summer,2018,5.0,4.0,tonnes,800.0
Maharashtra,Chhatrapati Sambhajinagar,groundnut,summer,2019,868.0,694.0,tonnes,800.0
Maharashtra,Chhatrapati Sambhajinagar,groundnut,summer,2020,1302.0,1707.05,tonnes,1311.0
Maharashtra,Chhatrapati Sambhajinagar,groundnut,summer,2021,1302.0,1577.37,tonnes,1212.0
Maharashtra,Chhatrapati Sambhajinagar,groundnut,summer,2022,781.0,1194.0,tonnes,1529.0
Maharashtra,Chhatrapati Sambhajinagar,groundnut,summer,2023,390.59,468.76,tonnes,1200.0
Maharashtra,Chhatrapati Sambhajinagar,groundnut,summer,2024,840.0,798.19,tonnes,950.0
Maharashtra,Chhatrapati Sambhajinagar,maize,kharif,2013,167900.0,759800.0,tonnes,4525.0
Maharashtra,Chhatrapati Sambhajinagar,maize,kharif,2014,191700.0,175800.0,tonnes,917.0
Maharashtra,Chhatrapati Sambhajinagar,maize,kharif,2015,212700.0,229800.0,tonnes,1080.0
Maharashtra,Chhatrapati Sambhajinagar,maize,kharif,2016,49300.0,172000.0,tonnes,3489.0
Maharashtra,Chhatrapati Sambhajinagar,maize,kharif,2017,38000.0,75600.0,tonnes,1989.0
Maharashtra,Chhatrapati Sambhajinagar,maize,kharif,2018,39302.0,56812.0,tonnes,1446.0
Maharashtra,Chhatrapati Sambhajinagar,maize,kharif,2019,44634.0,48036.0,tonnes,1076.0
Maharashtra,Chhatrapati Sambhajinagar,maize,kharif,2020,47147.75,165102.0,tonnes,3502.0
Maharashtra,Chhatrapati Sambhajinagar,maize,kharif,2021,47147.75,91655.23,tonnes,1944.0
Maharashtra,Chhatrapati Sambhajinagar,maize,kharif,2022,58259.0,122046.0,tonnes,2095.0
Maharashtra,Chhatrapati Sambhajinagar,maize,kharif,2023,170371.93,325564.15,tonnes,1911.0
Maharashtra,Chhatrapati Sambhajinagar,maize,kharif,2024,206418.75,445361.45,tonnes,2158.0
Maharashtra,Chhatrapati Sambhajinagar,maize,rabi,2013,6400.0,22100.0,tonnes,3453.0
Maharashtra,Chhatrapati Sambhajinagar,maize,rabi,2014,9000.0,11400.0,tonnes,1267.0
Maharashtra,Chhatrapati Sambhajinagar,maize,rabi,2015,9400.0,10100.0,tonnes,1074.0
Maharashtra,Chhatrapati Sambhajinagar,maize,rabi,2016,16000.0,52800.0,tonnes,3300.0
Maharashtra,Chhatrapati Sambhajinagar,maize,rabi,2017,7800.0,18500.0,tonnes,2372.0
Maharashtra,Chhatrapati Sambhajinagar,maize,rabi,2019,32329.0,64306.0,tonnes,1989.0
Maharashtra,Chhatrapati Sambhajinagar,maize,rabi,2020,42345.0,130021.36,tonnes,3071.0
Maharashtra,Chhatrapati Sambhajinagar,maize,rabi,2021,42345.0,134796.84,tonnes,3183.0
Maharashtra,Chhatrapati Sambhajinagar,maize,rabi,2022,41741.0,91980.47,tonnes,2204.0
Maharashtra,Chhatrapati Sambhajinagar,maize,rabi,2023,39719.24,109417.29,tonnes,2755.0
Maharashtra,Chhatrapati Sambhajinagar,maize,rabi,2024,51415.76,139748.32,tonnes,2718.0
Maharashtra,Chhatrapati Sambhajinagar,maize,summer,2013,1100.0,1400.0,tonnes,1273.0
Maharashtra,Chhatrapati Sambhajinagar,maize,summer,2014,3400.0,1500.0,tonnes,441.0
Maharashtra,Chhatrapati Sambhajinagar,maize,summer,2015,800.0,400.0,tonnes,500.0
Maharashtra,Chhatrapati Sambhajinagar,maize,summer,2016,1700.0,2700.0,tonnes,1588.0
Maharashtra,Chhatrapati Sambhajinagar,maize,summer,2017,913.0,1100.0,tonnes,1205.0
Maharashtra,Chhatrapati Sambhajinagar,maize,summer,2018,162.0,150.0,tonnes,926.0
Maharashtra,Chhatrapati Sambhajinagar,maize,summer,2019,8125.0,9750.0,tonnes,1200.0
Maharashtra,Chhatrapati Sambhajinagar,maize,summer,2020,9750.0,8970.0,tonnes,920.0
Maharashtra,Chhatrapati Sambhajinagar,maize,summer,2021,9750.0,8970.0,tonnes,920.0
Maharashtra,Chhatrapati Sambhajinagar,maize,summer,2022,9847.5,11462.49,tonnes,1164.0
Maharashtra,Chhatrapati Sambhajinagar,maize,summer,2023,5908.85,6878.48,tonnes,1164.0
Maharashtra,Chhatrapati Sambhajinagar,maize,summer,2024,10383.92,29597.14,tonnes,2850.0
Maharashtra,Chhatrapati Sambhajinagar,pearl_millet,kharif,2013,31000.0,38000.0,tonnes,1226.0
Maharashtra,Chhatrapati Sambhajinagar,pearl_millet,kharif,2014,45300.0,24200.0,tonnes,534.0
Maharashtra,Chhatrapati Sambhajinagar,pearl_millet,kharif,2015,51900.0,22400.0,tonnes,432.0
Maharashtra,Chhatrapati Sambhajinagar,pearl_millet,kharif,2016,52000.0,57900.0,tonnes,1113.0
Maharashtra,Chhatrapati Sambhajinagar,pearl_millet,kharif,2017,54200.0,37200.0,tonnes,686.0
Maharashtra,Chhatrapati Sambhajinagar,pearl_millet,kharif,2018,54728.0,24911.0,tonnes,455.0
Maharashtra,Chhatrapati Sambhajinagar,pearl_millet,kharif,2019,59443.0,54263.0,tonnes,913.0
Maharashtra,Chhatrapati Sambhajinagar,pearl_millet,kharif,2020,58339.77,94599.74,tonnes,1622.0
Maharashtra,Chhatrapati Sambhajinagar,pearl_millet,kharif,2021,58339.77,34805.51,tonnes,597.0
Maharashtra,Chhatrapati Sambhajinagar,pearl_millet,kharif,2022,16599.0,14484.0,tonnes,873.0
Maharashtra,Chhatrapati Sambhajinagar,pearl_millet,kharif,2023,15862.32,10150.89,tonnes,640.0
Maharashtra,Chhatrapati Sambhajinagar,pearl_millet,kharif,2024,14012.42,15922.91,tonnes,1136.0
Maharashtra,Chhatrapati Sambhajinagar,pearl_millet,summer,2021,3007.0,2255.25,tonnes,750.0
Maharashtra,Chhatrapati Sambhajinagar,pearl_millet,summer,2022,7024.5,6392.3,tonnes,910.0
Maharashtra,Chhatrapati Sambhajinagar,pearl_millet,summer,2023,6575.73,5983.87,tonnes,910.0
Maharashtra,Chhatrapati Sambhajinagar,pearl_millet,summer,2024,6943.02,6317.69,tonnes,910.0
Maharashtra,Chhatrapati Sambhajinagar,pigeon_pea,kharif,2013,28600.0,26800.0,tonnes,937.0
Maharashtra,Chhatrapati Sambhajinagar,pigeon_pea,kharif,2014,32900.0,8700.0,tonnes,264.0
Maharashtra,Chhatrapati Sambhajinagar,pigeon_pea,kharif,2015,44600.0,12100.0,tonnes,271.0
Maharashtra,Chhatrapati Sambhajinagar,pigeon_pea,kharif,2016,60725.0,71469.0,tonnes,1177.0
Maharashtra,Chhatrapati Sambhajinagar,pigeon_pea,kharif,2017,63900.0,52600.0,tonnes,823.0
Maharashtra,Chhatrapati Sambhajinagar,pigeon_pea,kharif,2018,37901.0,9835.0,tonnes,259.0
Maharashtra,Chhatrapati Sambhajinagar,pigeon_pea,kharif,2019,37808.0,29059.0,tonnes,769.0
Maharashtra,Chhatrapati Sambhajinagar,pigeon_pea,kharif,2020,40863.31,28337.08,tonnes,693.0
Maharashtra,Chhatrapati Sambhajinagar,pigeon_pea,kharif,2021,40863.31,25200.4,tonnes,617.0
Maharashtra,Chhatrapati Sambhajinagar,pigeon_pea,kharif,2022,32605.0,19674.0,tonnes,603.0
Maharashtra,Chhatrapati Sambhajinagar,pigeon_pea,kharif,2023,28096.42,15678.49,tonnes,558.0
Maharashtra,Chhatrapati Sambhajinagar,pigeon_pea,kharif,2024,36152.77,30618.56,tonnes,847.0
Maharashtra,Chhatrapati Sambhajinagar,rice,kharif,2016,6500.0,3100.0,tonnes,477.0
Maharashtra,Chhatrapati Sambhajinagar,rice,kharif,2019,5.0,1.0,tonnes,200.0
Maharashtra,Chhatrapati Sambhajinagar,rice,kharif,2020,0.25,0.76,tonnes,3040.0
Maharashtra,Chhatrapati Sambhajinagar,sorghum,kharif,2013,3600.0,6500.0,tonnes,1806.0
Maharashtra,Chhatrapati Sambhajinagar,sorghum,kharif,2014,3700.0,1700.0,tonnes,459.0
Maharashtra,Chhatrapati Sambhajinagar,sorghum,kharif,2015,3400.0,1400.0,tonnes,412.0
Maharashtra,Chhatrapati Sambhajinagar,sorghum,kharif,2016,3600.0,3900.0,tonnes,1083.0
Maharashtra,Chhatrapati Sambhajinagar,sorghum,kharif,2017,3300.0,4800.0,tonnes,1455.0
Maharashtra,Chhatrapati Sambhajinagar,sorghum,kharif,2018,1827.0,855.0,tonnes,468.0
Maharashtra,Chhatrapati Sambhajinagar,sorghum,kharif,2019,1302.0,408.0,tonnes,313.0
Maharashtra,Chhatrapati Sambhajinagar,sorghum,kharif,2020,985.41,1452.83,tonnes,1474.0
Maharashtra,Chhatrapati Sambhajinagar,sorghum,kharif,2021,985.41,392.69,tonnes,398.0
Maharashtra,Chhatrapati Sambhajinagar,sorghum,kharif,2022,447.84,342.33,tonnes,764.0
Maharashtra,Chhatrapati Sambhajinagar,sorghum,kharif,2023,498.61,419.38,tonnes,841.0
Maharashtra,Chhatrapati Sambhajinagar,sorghum,rabi,2013,86200.0,65400.0,tonnes,759.0
Maharashtra,Chhatrapati Sambhajinagar,sorghum,rabi,2014,107100.0,44900.0,tonnes,419.0
Maharashtra,Chhatrapati Sambhajinagar,sorghum,rabi,2015,123400.0,39400.0,tonnes,319.0
Maharashtra,Chhatrapati Sambhajinagar,sorghum,rabi,2016,146900.0,130100.0,tonnes,886.0
Maharashtra,Chhatrapati Sambhajinagar,sorghum,rabi,2017,156900.0,106300.0,tonnes,678.0
Maharashtra,Chhatrapati Sambhajinagar,sorghum,rabi,2018,55450.0,17200.0,tonnes,310.0
Maharashtra,Chhatrapati Sambhajinagar,sorghum,rabi,2019,60375.0,58941.0,tonnes,976.0
Maharashtra,Chhatrapati Sambhajinagar,sorghum,rabi,2020,58474.16,41987.06,tonnes,718.0
Maharashtra,Chhatrapati Sambhajinagar,sorghum,rabi,2021,58474.16,43690.14,tonnes,747.0
Maharashtra,Chhatrapati Sambhajinagar,sorghum,rabi,2022,28389.15,19599.87,tonnes,690.0
Maharashtra,Chhatrapati Sambhajinagar,sorghum,rabi,2023,37371.98,36331.13,tonnes,972.0
Maharashtra,Chhatrapati Sambhajinagar,sorghum,rabi,2024,32808.11,34976.94,tonnes,1066.0
Maharashtra,Chhatrapati Sambhajinagar,sorghum,summer,2021,206.0,171.27,tonnes,831.0
Maharashtra,Chhatrapati Sambhajinagar,sorghum,summer,2022,59.0,47.2,tonnes,800.0
Maharashtra,Chhatrapati Sambhajinagar,sorghum,summer,2023,278.02,180.68,tonnes,650.0
Maharashtra,Chhatrapati Sambhajinagar,sorghum,summer,2024,362.04,280.62,tonnes,775.0
Maharashtra,Chhatrapati Sambhajinagar,soybean,kharif,2013,11500.0,12500.0,tonnes,1087.0
Maharashtra,Chhatrapati Sambhajinagar,soybean,kharif,2014,18700.0,8500.0,tonnes,455.0
Maharashtra,Chhatrapati Sambhajinagar,soybean,kharif,2015,20900.0,9500.0,tonnes,455.0
Maharashtra,Chhatrapati Sambhajinagar,soybean,kharif,2016,29300.0,31100.0,tonnes,1061.0
Maharashtra,Chhatrapati Sambhajinagar,soybean,kharif,2017,26200.0,11500.0,tonnes,439.0
Maharashtra,Chhatrapati Sambhajinagar,soybean,kharif,2018,14022.0,9054.0,tonnes,646.0
Maharashtra,Chhatrapati Sambhajinagar,soybean,kharif,2019,19024.0,15551.0,tonnes,817.0
Maharashtra,Chhatrapati Sambhajinagar,soybean,kharif,2020,16746.39,20763.89,tonnes,1240.0
Maharashtra,Chhatrapati Sambhajinagar,soybean,kharif,2021,16746.39,12697.11,tonnes,758.0
Maharashtra,Chhatrapati Sambhajinagar,soybean,kharif,2022,30417.0,23932.0,tonnes,787.0
Maharashtra,Chhatrapati Sambhajinagar,soybean,kharif,2023,30941.87,16993.71,tonnes,549.0
Maharashtra,Chhatrapati Sambhajinagar,soybean,kharif,2024,32435.89,30208.9,tonnes,931.0
Maharashtra,Chhatrapati Sambhajinagar,soybean,summer,2021,2952.1,2361.68,tonnes,800.0
Maharashtra,Chhatrapati Sambhajinagar,soybean,summer,2022,404.0,262.6,tonnes,650.0
Maharashtra,Chhatrapati Sambhajinagar,sugarcane,kharif,2013,14600.0,1170600.0,tonnes,80178.0
Maharashtra,Chhatrapati Sambhajinagar,sugarcane,kharif,2014,13900.0,932200.0,tonnes,67065.0
Maharashtra,Chhatrapati Sambhajinagar,sugarcane,kharif,2015,15300.0,670700.0,tonnes,43837.0
Maharashtra,Chhatrapati Sambhajinagar,sugarcane,kharif,2016,14644.0,873100.0,tonnes,59622.0
Maharashtra,Chhatrapati Sambhajinagar,sugarcane,kharif,2017,21325.0,1172900.0,tonnes,55001.0
Maharashtra,Chhatrapati Sambhajinagar,sugarcane,kharif,2018,26337.0,1327730.0,tonnes,50413.0
Maharashtra,Chhatrapati Sambhajinagar,sugarcane,kharif,2019,13304.0,741275.0,tonnes,55718.0
Maharashtra,Chhatrapati Sambhajinagar,sugarcane,kharif,2020,18603.4,1442196.88,tonnes,77523.0
Maharashtra,Chhatrapati Sambhajinagar,sugarcane,kharif,2021,40030.0,2287961.28,tonnes,57156.0
Maharashtra,Chhatrapati Sambhajinagar,sugarcane,kharif,2022,40000.0,3209600.0,tonnes,80240.0
Maharashtra,Chhatrapati Sambhajinagar,sugarcane,kharif,2023,38516.44,3246825.48,tonnes,84297.0
Maharashtra,Chhatrapati Sambhajinagar,sugarcane,kharif,2024,31702.15,1891120.06,tonnes,59653.0
Maharashtra,Chhatrapati Sambhajinagar,wheat,rabi,2013,35400.0,54200.0,tonnes,1531.0
Maharashtra,Chhatrapati Sambhajinagar,wheat,rabi,2014,35400.0,33900.0,tonnes,958.0
Maharashtra,Chhatrapati Sambhajinagar,wheat,rabi,2015,32200.0,33300.0,tonnes,1034.0
Maharashtra,Chhatrapati Sambhajinagar,wheat,rabi,2016,64500.0,135400.0,tonnes,2099.0
Maharashtra,Chhatrapati Sambhajinagar,wheat,rabi,2017,69900.0,115000.0,tonnes,1645.0
Maharashtra,Chhatrapati Sambhajinagar,wheat,rabi,2018,28880.0,37300.0,tonnes,1292.0
Maharashtra,Chhatrapati Sambhajinagar,wheat,rabi,2019,32760.0,69221.0,tonnes,2113.0
Maharashtra,Chhatrapati Sambhajinagar,wheat,rabi,2020,47569.98,88209.42,tonnes,1854.0
Maharashtra,Chhatrapati Sambhajinagar,wheat,rabi,2021,47569.97,89950.06,tonnes,1891.0
Maharashtra,Chhatrapati Sambhajinagar,wheat,rabi,2022,44924.32,70616.54,tonnes,1572.0
Maharashtra,Chhatrapati Sambhajinagar,wheat,rabi,2023,67140.48,120494.94,tonnes,1795.0
Maharashtra,Chhatrapati Sambhajinagar,wheat,rabi,2024,87624.15,272095.91,tonnes,3105.0
Maharashtra,Dharashiv,chickpea,rabi,2013,85900.0,74700.0,tonnes,870.0
Maharashtra,Dharashiv,chickpea,rabi,2014,112900.0,48700.0,tonnes,431.0
Maharashtra,Dharashiv,chickpea,rabi,2015,68400.0,15400.0,tonnes,225.0
Maharashtra,Dharashiv,chickpea,rabi,2016,77700.0,61600.0,tonnes,793.0
Maharashtra,Dharashiv,chickpea,rabi,2017,153482.0,117900.0,tonnes,768.0
Maharashtra,Dharashiv,chickpea,rabi,2018,86910.0,51900.0,tonnes,597.0
Maharashtra,Dharashiv,chickpea,rabi,2019,196818.0,177959.0,tonnes,904.0
Maharashtra,Dharashiv,chickpea,rabi,2020,217137.96,253623.75,tonnes,1168.0
Maharashtra,Dharashiv,chickpea,rabi,2021,227885.51,214410.64,tonnes,941.0
Maharashtra,Dharashiv,chickpea,rabi,2022,256907.07,237379.56,tonnes,924.0
Maharashtra,Dharashiv,chickpea,rabi,2023,168860.0,136806.24,tonnes,810.0
Maharashtra,Dharashiv,chickpea,rabi,2024,194357.36,236274.97,tonnes,1216.0
Maharashtra,Dharashiv,cotton,kharif,2013,29300.0,57300.0,bales_170kg,332.0
Maharashtra,Dharashiv,cotton,kharif,2014,29300.0,23000.0,bales_170kg,133.0
Maharashtra,Dharashiv,cotton,kharif,2015,15400.0,6800.0,bales_170kg,75.0
Maharashtra,Dharashiv,cotton,kharif,2016,13300.0,21100.0,bales_170kg,270.0
Maharashtra,Dharashiv,cotton,kharif,2017,13448.0,8000.0,bales_170kg,101.0
Maharashtra,Dharashiv,cotton,kharif,2018,16254.0,8251.0,bales_170kg,86.0
Maharashtra,Dharashiv,cotton,kharif,2019,25198.0,13039.0,bales_170kg,88.0
Maharashtra,Dharashiv,cotton,kharif,2020,20000.0,33200.0,bales_170kg,282.0
Maharashtra,Dharashiv,cotton,kharif,2021,12900.0,17900.0,bales_170kg,236.0
Maharashtra,Dharashiv,cotton,kharif,2022,2027.43,3026.29,bales_170kg,254.0
Maharashtra,Dharashiv,cotton,kharif,2023,757.69,1114.98,bales_170kg,250.0
Maharashtra,Dharashiv,cotton,kharif,2024,653.42,1470.68,bales_170kg,383.0
Maharashtra,Dharashiv,groundnut,kharif,2013,7100.0,6200.0,tonnes,873.0
Maharashtra,Dharashiv,groundnut,kharif,2014,7100.0,1900.0,tonnes,268.0
Maharashtra,Dharashiv,groundnut,kharif,2015,4500.0,800.0,tonnes,178.0
Maharashtra,Dharashiv,groundnut,kharif,2016,3700.0,1200.0,tonnes,324.0
Maharashtra,Dharashiv,groundnut,kharif,2017,4807.0,3000.0,tonnes,624.0
Maharashtra,Dharashiv,groundnut,kharif,2018,4282.0,2283.0,tonnes,533.0
Maharashtra,Dharashiv,groundnut,kharif,2019,3924.0,2107.0,tonnes,537.0
Maharashtra,Dharashiv,groundnut,kharif,2020,4034.95,1476.53,tonnes,366.0
Maharashtra,Dharashiv,groundnut,kharif,2021,4187.26,3701.95,tonnes,884.0
Maharashtra,Dharashiv,groundnut,kharif,2022,1263.62,956.06,tonnes,757.0
Maharashtra,Dharashiv,groundnut,kharif,2023,649.65,371.36,tonnes,572.0
Maharashtra,Dharashiv,groundnut,kharif,2024,468.0,306.69,tonnes,655.0
Maharashtra,Dharashiv,groundnut,summer,2013,2000.0,2300.0,tonnes,1150.0
Maharashtra,Dharashiv,groundnut,summer,2014,1900.0,800.0,tonnes,421.0
Maharashtra,Dharashiv,groundnut,summer,2015,1100.0,400.0,tonnes,364.0
Maharashtra,Dharashiv,groundnut,summer,2016,1800.0,1700.0,tonnes,944.0
Maharashtra,Dharashiv,groundnut,summer,2017,1563.0,1300.0,tonnes,832.0
Maharashtra,Dharashiv,groundnut,summer,2018,98.0,80.0,tonnes,816.0
Maharashtra,Dharashiv,groundnut,summer,2019,2001.0,1903.0,tonnes,951.0
Maharashtra,Dharashiv,groundnut,summer,2020,2479.01,3670.76,tonnes,1481.0
Maharashtra,Dharashiv,groundnut,summer,2021,2992.97,4198.9,tonnes,1403.0
Maharashtra,Dharashiv,groundnut,summer,2022,2394.0,2826.0,tonnes,1180.0
Maharashtra,Dharashiv,groundnut,summer,2023,838.01,972.01,tonnes,1160.0
Maharashtra,Dharashiv,groundnut,summer,2024,4428.99,6423.53,tonnes,1450.0
Maharashtra,Dharashiv,maize,kharif,2013,21200.0,23000.0,tonnes,1085.0
Maharashtra,Dharashiv,maize,kharif,2014,21200.0,8000.0,tonnes,377.0
Maharashtra,Dharashiv,maize,kharif,2015,14600.0,3300.0,tonnes,226.0
Maharashtra,Dharashiv,maize,kharif,2016,17300.0,5600.0,tonnes,324.0
Maharashtra,Dharashiv,maize,kharif,2017,19000.0,15600.0,tonnes,821.0
Maharashtra,Dharashiv,maize,kharif,2018,19608.0,8876.0,tonnes,453.0
Maharashtra,Dharashiv,maize,kharif,2019,20775.0,11036.0,tonnes,531.0
Maharashtra,Dharashiv,maize,kharif,2020,20826.43,24096.17,tonnes,1157.0
Maharashtra,Dharashiv,maize,kharif,2021,21393.6,18334.31,tonnes,857.0
Maharashtra,Dharashiv,maize,kharif,2022,18198.0,17952.0,tonnes,986.0
Maharashtra,Dharashiv,maize,kharif,2023,8168.49,7178.68,tonnes,879.0
Maharashtra,Dharashiv,maize,kharif,2024,8721.69,13766.67,tonnes,1578.0
Maharashtra,Dharashiv,maize,rabi,2013,2500.0,6600.0,tonnes,2640.0
Maharashtra,Dharashiv,maize,rabi,2014,2700.0,1600.0,tonnes,593.0
Maharashtra,Dharashiv,maize,rabi,2015,1300.0,400.0,tonnes,308.0
Maharashtra,Dharashiv,maize,rabi,2016,2100.0,4000.0,tonnes,1905.0
Maharashtra,Dharashiv,maize,rabi,2017,7800.0,7400.0,tonnes,949.0
Maharashtra,Dharashiv,maize,rabi,2018,8060.0,7000.0,tonnes,868.0
Maharashtra,Dharashiv,maize,rabi,2019,8124.0,14691.0,tonnes,1808.0
Maharashtra,Dharashiv,maize,rabi,2020,9351.33,14521.68,tonnes,1553.0
Maharashtra,Dharashiv,maize,rabi,2021,8982.98,9936.07,tonnes,1106.0
Maharashtra,Dharashiv,maize,rabi,2022,8754.17,11005.74,tonnes,1257.0
Maharashtra,Dharashiv,maize,rabi,2023,4534.57,4043.71,tonnes,892.0
Maharashtra,Dharashiv,maize,rabi,2024,5459.62,6248.11,tonnes,1144.0
Maharashtra,Dharashiv,maize,summer,2013,1300.0,1000.0,tonnes,769.0
Maharashtra,Dharashiv,maize,summer,2014,1300.0,800.0,tonnes,615.0
Maharashtra,Dharashiv,maize,summer,2015,700.0,400.0,tonnes,571.0
Maharashtra,Dharashiv,maize,summer,2016,1300.0,2100.0,tonnes,1615.0
Maharashtra,Dharashiv,maize,summer,2017,1757.0,1700.0,tonnes,968.0
Maharashtra,Dharashiv,maize,summer,2018,129.0,,tonnes,
Maharashtra,Dharashiv,maize,summer,2019,1583.0,1498.0,tonnes,946.0
Maharashtra,Dharashiv,maize,summer,2020,2051.46,1576.34,tonnes,768.0
Maharashtra,Dharashiv,maize,summer,2021,2468.89,1897.1,tonnes,768.0
Maharashtra,Dharashiv,maize,summer,2022,2468.89,2633.32,tonnes,1067.0
Maharashtra,Dharashiv,maize,summer,2023,1382.66,1474.87,tonnes,1067.0
Maharashtra,Dharashiv,maize,summer,2024,4690.06,5002.92,tonnes,1067.0
Maharashtra,Dharashiv,pearl_millet,kharif,2013,17700.0,12000.0,tonnes,678.0
Maharashtra,Dharashiv,pearl_millet,kharif,2014,17700.0,4400.0,tonnes,249.0
Maharashtra,Dharashiv,pearl_millet,kharif,2015,10200.0,1700.0,tonnes,167.0
Maharashtra,Dharashiv,pearl_millet,kharif,2016,10400.0,3300.0,tonnes,317.0
Maharashtra,Dharashiv,pearl_millet,kharif,2017,9900.0,4600.0,tonnes,465.0
Maharashtra,Dharashiv,pearl_millet,kharif,2018,8754.0,1093.0,tonnes,125.0
Maharashtra,Dharashiv,pearl_millet,kharif,2019,7677.0,2337.0,tonnes,304.0
Maharashtra,Dharashiv,pearl_millet,kharif,2020,7314.29,3675.91,tonnes,503.0
Maharashtra,Dharashiv,pearl_millet,kharif,2021,6302.77,2412.7,tonnes,383.0
Maharashtra,Dharashiv,pearl_millet,kharif,2022,232.0,83.0,tonnes,358.0
Maharashtra,Dharashiv,pearl_millet,kharif,2023,1242.55,368.55,tonnes,297.0
Maharashtra,Dharashiv,pearl_millet,kharif,2024,1256.99,691.74,tonnes,550.0
Maharashtra,Dharashiv,pearl_millet,summer,2024,3.0,2.73,tonnes,910.0
Maharashtra,Dharashiv,pigeon_pea,kharif,2013,101000.0,115700.0,tonnes,1146.0
Maharashtra,Dharashiv,pigeon_pea,kharif,2014,101000.0,28600.0,tonnes,283.0
Maharashtra,Dharashiv,pigeon_pea,kharif,2015,60500.0,8700.0,tonnes,144.0
Maharashtra,Dharashiv,pigeon_pea,kharif,2016,66804.0,58649.0,tonnes,878.0
Maharashtra,Dharashiv,pigeon_pea,kharif,2017,70300.0,58100.0,tonnes,826.0
Maharashtra,Dharashiv,pigeon_pea,kharif,2018,58049.0,13351.0,tonnes,230.0
Maharashtra,Dharashiv,pigeon_pea,kharif,2019,66619.0,24783.0,tonnes,372.0
Maharashtra,Dharashiv,pigeon_pea,kharif,2020,69376.95,65014.01,tonnes,937.0
Maharashtra,Dharashiv,pigeon_pea,kharif,2021,69628.55,49450.19,tonnes,710.0
Maharashtra,Dharashiv,pigeon_pea,kharif,2022,41972.0,26094.0,tonnes,622.0
Maharashtra,Dharashiv,pigeon_pea,kharif,2023,34273.58,19763.64,tonnes,577.0
Maharashtra,Dharashiv,pigeon_pea,kharif,2024,43358.81,38367.57,tonnes,885.0
Maharashtra,Dharashiv,rice,kharif,2013,13100.0,6400.0,tonnes,489.0
Maharashtra,Dharashiv,rice,kharif,2014,13100.0,2500.0,tonnes,191.0
Maharashtra,Dharashiv,rice,kharif,2015,6200.0,600.0,tonnes,97.0
Maharashtra,Dharashiv,rice,kharif,2016,6300.0,1200.0,tonnes,190.0
Maharashtra,Dharashiv,rice,kharif,2017,7500.0,2200.0,tonnes,293.0
Maharashtra,Dharashiv,rice,kharif,2019,1221.0,139.0,tonnes,114.0
Maharashtra,Dharashiv,rice,kharif,2020,1141.76,749.33,tonnes,656.0
Maharashtra,Dharashiv,rice,kharif,2021,665.82,229.84,tonnes,345.0
Maharashtra,Dharashiv,rice,kharif,2022,367.67,143.37,tonnes,390.0
Maharashtra,Dharashiv,rice,kharif,2023,92.75,73.97,tonnes,798.0
Maharashtra,Dharashiv,rice,kharif,2024,109.42,68.4,tonnes,625.0
Maharashtra,Dharashiv,sorghum,kharif,2013,45300.0,45600.0,tonnes,1007.0
Maharashtra,Dharashiv,sorghum,kharif,2014,45300.0,12000.0,tonnes,265.0
Maharashtra,Dharashiv,sorghum,kharif,2015,14000.0,2800.0,tonnes,200.0
Maharashtra,Dharashiv,sorghum,kharif,2016,14100.0,6300.0,tonnes,447.0
Maharashtra,Dharashiv,sorghum,kharif,2017,12936.0,9000.0,tonnes,696.0
Maharashtra,Dharashiv,sorghum,kharif,2018,12784.0,4132.0,tonnes,323.0
Maharashtra,Dharashiv,sorghum,kharif,2019,12183.0,7019.0,tonnes,576.0
Maharashtra,Dharashiv,sorghum,kharif,2020,13127.96,13955.35,tonnes,1063.0
Maharashtra,Dharashiv,sorghum,kharif,2021,11153.82,3446.53,tonnes,309.0
Maharashtra,Dharashiv,sorghum,kharif,2022,1903.01,283.74,tonnes,149.0
Maharashtra,Dharashiv,sorghum,kharif,2023,1124.49,461.99,tonnes,411.0
Maharashtra,Dharashiv,sorghum,kharif,2024,1058.8,915.83,tonnes,865.0
Maharashtra,Dharashiv,sorghum,rabi,2013,199100.0,167400.0,tonnes,841.0
Maharashtra,Dharashiv,sorghum,rabi,2014,215900.0,74500.0,tonnes,345.0
Maharashtra,Dharashiv,sorghum,rabi,2015,129000.0,38600.0,tonnes,299.0
Maharashtra,Dharashiv,sorghum,rabi,2016,146600.0,122000.0,tonnes,832.0
Maharashtra,Dharashiv,sorghum,rabi,2017,162308.0,117400.0,tonnes,723.0
Maharashtra,Dharashiv,sorghum,rabi,2018,114470.0,76500.0,tonnes,668.0
Maharashtra,Dharashiv,sorghum,rabi,2019,136745.0,126120.0,tonnes,922.0
Maharashtra,Dharashiv,sorghum,rabi,2020,144630.84,189567.48,tonnes,1311.0
Maharashtra,Dharashiv,sorghum,rabi,2021,155522.02,178229.79,tonnes,1146.0
Maharashtra,Dharashiv,sorghum,rabi,2022,139397.51,171539.79,tonnes,1231.0
Maharashtra,Dharashiv,sorghum,rabi,2023,174075.49,162890.75,tonnes,936.0
Maharashtra,Dharashiv,sorghum,rabi,2024,172744.56,226761.17,tonnes,1313.0
Maharashtra,Dharashiv,sorghum,summer,2021,274.0,227.81,tonnes,831.0
Maharashtra,Dharashiv,sorghum,summer,2022,317.7,264.14,tonnes,831.0
Maharashtra,Dharashiv,sorghum,summer,2023,253.02,210.32,tonnes,831.0
Maharashtra,Dharashiv,sorghum,summer,2024,364.04,302.72,tonnes,832.0
Maharashtra,Dharashiv,soybean,kharif,2013,133500.0,270400.0,tonnes,2025.0
Maharashtra,Dharashiv,soybean,kharif,2014,133500.0,65600.0,tonnes,491.0
Maharashtra,Dharashiv,soybean,kharif,2015,90900.0,14900.0,tonnes,164.0
Maharashtra,Dharashiv,soybean,kharif,2016,102000.0,28200.0,tonnes,276.0
Maharashtra,Dharashiv,soybean,kharif,2017,115400.0,79400.0,tonnes,688.0
Maharashtra,Dharashiv,soybean,kharif,2018,214165.0,117791.0,tonnes,550.0
Maharashtra,Dharashiv,soybean,kharif,2019,229766.0,276894.0,tonnes,1205.0
Maharashtra,Dharashiv,soybean,kharif,2020,243729.95,410948.0,tonnes,1686.0
Maharashtra,Dharashiv,soybean,kharif,2021,266322.21,286269.74,tonnes,1075.0
Maharashtra,Dharashiv,soybean,kharif,2022,437775.0,500201.0,tonnes,1143.0
Maharashtra,Dharashiv,soybean,kharif,2023,483212.47,467206.03,tonnes,967.0
Maharashtra,Dharashiv,soybean,kharif,2024,454313.04,640785.1,tonnes,1410.0
Maharashtra,Dharashiv,soybean,summer,2021,4441.4,2309.44,tonnes,520.0
Maharashtra,Dharashiv,soybean,summer,2022,968.2,503.45,tonnes,520.0
Maharashtra,Dharashiv,sugarcane,kharif,2013,68900.0,3175200.0,tonnes,46084.0
Maharashtra,Dharashiv,sugarcane,kharif,2014,39800.0,1592200.0,tonnes,40005.0
Maharashtra,Dharashiv,sugarcane,kharif,2015,22700.0,613700.0,tonnes,27035.0
Maharashtra,Dharashiv,sugarcane,kharif,2016,12000.0,427900.0,tonnes,35658.0
Maharashtra,Dharashiv,sugarcane,kharif,2017,35000.0,1575000.0,tonnes,45000.0
Maharashtra,Dharashiv,sugarcane,kharif,2018,57200.0,2839246.0,tonnes,49637.0
Maharashtra,Dharashiv,sugarcane,kharif,2019,30006.0,1621905.0,tonnes,54053.0
Maharashtra,Dharashiv,sugarcane,kharif,2020,60000.0,4627647.19,tonnes,77127.0
Maharashtra,Dharashiv,sugarcane,kharif,2021,93396.0,6327878.46,tonnes,67753.0
Maharashtra,Dharashiv,sugarcane,kharif,2022,74275.0,4047244.75,tonnes,54490.0
Maharashtra,Dharashiv,sugarcane,kharif,2023,75074.92,4949910.53,tonnes,65933.0
Maharashtra,Dharashiv,sugarcane,kharif,2024,31981.31,2330394.69,tonnes,72867.0
Maharashtra,Dharashiv,wheat,rabi,2013,26700.0,41200.0,tonnes,1543.0
Maharashtra,Dharashiv,wheat,rabi,2014,24100.0,7100.0,tonnes,295.0
Maharashtra,Dharashiv,wheat,rabi,2015,10900.0,3100.0,tonnes,284.0
Maharashtra,Dharashiv,wheat,rabi,2016,14600.0,11100.0,tonnes,760.0
Maharashtra,Dharashiv,wheat,rabi,2017,30300.0,19400.0,tonnes,640.0
Maharashtra,Dharashiv,wheat,rabi,2018,19580.0,15000.0,tonnes,766.0
Maharashtra,Dharashiv,wheat,rabi,2019,24572.0,13769.0,tonnes,560.0
Maharashtra,Dharashiv,wheat,rabi,2020,28286.74,43420.44,tonnes,1535.0
Maharashtra,Dharashiv,wheat,rabi,2021,28375.82,27050.1,tonnes,953.0
Maharashtra,Dharashiv,wheat,rabi,2022,33447.78,51987.88,tonnes,1554.0
Maharashtra,Dharashiv,wheat,rabi,2023,18243.27,25995.13,tonnes,1425.0
Maharashtra,Dharashiv,wheat,rabi,2024,23650.22,32554.89,tonnes,1377.0
Maharashtra,Dhule,chickpea,rabi,2013,42300.0,53260.0,tonnes,1259.0
Maharashtra,Dhule,chickpea,rabi,2014,22300.0,17800.0,tonnes,798.0
Maharashtra,Dhule,chickpea,rabi,2015,28000.0,23640.0,tonnes,844.0
Maharashtra,Dhule,chickpea,rabi,2016,33100.0,94800.0,tonnes,2864.0
Maharashtra,Dhule,chickpea,rabi,2017,69700.0,149700.0,tonnes,2148.0
Maharashtra,Dhule,chickpea,rabi,2018,61270.0,53500.0,tonnes,873.0
Maharashtra,Dhule,chickpea,rabi,2019,61271.0,81577.0,tonnes,1331.0
Maharashtra,Dhule,chickpea,rabi,2020,66194.01,63555.27,tonnes,960.0
Maharashtra,Dhule,chickpea,rabi,2021,66688.94,75890.01,tonnes,1138.0
Maharashtra,Dhule,chickpea,rabi,2022,34017.88,24959.94,tonnes,734.0
Maharashtra,Dhule,chickpea,rabi,2023,32394.11,39745.69,tonnes,1227.0
Maharashtra,Dhule,chickpea,rabi,2024,37186.32,52640.81,tonnes,1416.0
Maharashtra,Dhule,cotton,kharif,2013,173200.0,432700.0,bales_170kg,425.0
Maharashtra,Dhule,cotton,kharif,2014,209900.0,258200.0,bales_170kg,209.0
Maharashtra,Dhule,cotton,kharif,2015,228100.0,232600.0,bales_170kg,173.0
Maharashtra,Dhule,cotton,kharif,2016,196100.0,345600.0,bales_170kg,300.0
Maharashtra,Dhule,cotton,kharif,2017,200400.0,379400.0,bales_170kg,322.0
Maharashtra,Dhule,cotton,kharif,2018,217874.0,210521.0,bales_170kg,164.0
Maharashtra,Dhule,cotton,kharif,2019,239542.0,192984.0,bales_170kg,137.0
Maharashtra,Dhule,cotton,kharif,2020,239100.0,501400.0,bales_170kg,356.0
Maharashtra,Dhule,cotton,kharif,2021,250600.0,295900.0,bales_170kg,201.0
Maharashtra,Dhule,cotton,kharif,2022,258513.52,545985.2,bales_170kg,359.0
Maharashtra,Dhule,cotton,kharif,2023,234655.7,342885.08,bales_170kg,248.0
Maharashtra,Dhule,cotton,kharif,2024,217186.5,330462.59,bales_170kg,259.0
Maharashtra,Dhule,groundnut,kharif,2013,14800.0,14100.0,tonnes,953.0
Maharashtra,Dhule,groundnut,kharif,2014,15100.0,9100.0,tonnes,603.0
Maharashtra,Dhule,groundnut,kharif,2015,21000.0,10000.0,tonnes,476.0
Maharashtra,Dhule,groundnut,kharif,2016,16500.0,11500.0,tonnes,697.0
Maharashtra,Dhule,groundnut,kharif,2017,15200.0,17600.0,tonnes,1158.0
Maharashtra,Dhule,groundnut,kharif,2018,17220.0,8665.0,tonnes,503.0
Maharashtra,Dhule,groundnut,kharif,2019,20321.0,11813.0,tonnes,581.0
Maharashtra,Dhule,groundnut,kharif,2020,20636.91,13552.46,tonnes,657.0
Maharashtra,Dhule,groundnut,kharif,2021,20311.41,11660.78,tonnes,574.0
Maharashtra,Dhule,groundnut,kharif,2022,9662.07,9495.88,tonnes,983.0
Maharashtra,Dhule,groundnut,kharif,2023,6772.61,4686.07,tonnes,692.0
Maharashtra,Dhule,groundnut,kharif,2024,8053.58,6465.48,tonnes,803.0
Maharashtra,Dhule,groundnut,summer,2013,5100.0,9600.0,tonnes,1882.0
Maharashtra,Dhule,groundnut,summer,2014,5200.0,8500.0,tonnes,1635.0
Maharashtra,Dhule,groundnut,summer,2015,4700.0,5000.0,tonnes,1064.0
Maharashtra,Dhule,groundnut,summer,2016,2100.0,2730.0,tonnes,1300.0
Maharashtra,Dhule,groundnut,summer,2017,3512.0,3770.0,tonnes,1073.0
Maharashtra,Dhule,groundnut,summer,2018,1370.0,1090.0,tonnes,796.0
Maharashtra,Dhule,groundnut,summer,2019,2111.0,3583.0,tonnes,1697.0
Maharashtra,Dhule,groundnut,summer,2020,2522.95,2559.3,tonnes,1014.0
Maharashtra,Dhule,groundnut,summer,2021,3486.17,2940.42,tonnes,843.0
Maharashtra,Dhule,groundnut,summer,2022,2789.0,2881.0,tonnes,1033.0
Maharashtra,Dhule,groundnut,summer,2023,2231.1,3007.68,tonnes,1348.0
Maharashtra,Dhule,groundnut,summer,2024,3284.42,2111.55,tonnes,643.0
Maharashtra,Dhule,maize,kharif,2013,82100.0,265100.0,tonnes,3229.0
Maharashtra,Dhule,maize,kharif,2014,89600.0,178200.0,tonnes,1989.0
Maharashtra,Dhule,maize,kharif,2015,97900.0,166900.0,tonnes,1705.0
Maharashtra,Dhule,maize,kharif,2016,63200.0,167500.0,tonnes,2650.0
Maharashtra,Dhule,maize,kharif,2017,63900.0,212200.0,tonnes,3321.0
Maharashtra,Dhule,maize,kharif,2018,68048.0,141745.0,tonnes,2083.0
Maharashtra,Dhule,maize,kharif,2019,57965.0,62400.0,tonnes,1077.0
Maharashtra,Dhule,maize,kharif,2020,58579.1,130736.83,tonnes,2232.0
Maharashtra,Dhule,maize,kharif,2021,56927.32,94243.17,tonnes,1656.0
Maharashtra,Dhule,maize,kharif,2022,54624.0,159759.0,tonnes,2925.0
Maharashtra,Dhule,maize,kharif,2023,59171.31,143333.19,tonnes,2422.0
Maharashtra,Dhule,maize,kharif,2024,73467.68,50730.13,tonnes,691.0
Maharashtra,Dhule,maize,rabi,2013,2900.0,5900.0,tonnes,2034.0
Maharashtra,Dhule,maize,rabi,2014,10400.0,37400.0,tonnes,3596.0
Maharashtra,Dhule,maize,rabi,2015,11600.0,32400.0,tonnes,2793.0
Maharashtra,Dhule,maize,rabi,2016,4900.0,15600.0,tonnes,3184.0
Maharashtra,Dhule,maize,rabi,2017,5600.0,19500.0,tonnes,3482.0
Maharashtra,Dhule,maize,rabi,2018,5630.0,15500.0,tonnes,2753.0
Maharashtra,Dhule,maize,rabi,2019,8007.0,41117.0,tonnes,5135.0
Maharashtra,Dhule,maize,rabi,2020,7815.96,16225.16,tonnes,2076.0
Maharashtra,Dhule,maize,rabi,2021,8489.85,38348.65,tonnes,4517.0
Maharashtra,Dhule,maize,rabi,2022,9364.57,24522.06,tonnes,2619.0
Maharashtra,Dhule,maize,rabi,2023,15020.2,47024.23,tonnes,3131.0
Maharashtra,Dhule,maize,rabi,2024,18645.17,54107.3,tonnes,2902.0
Maharashtra,Dhule,maize,summer,2013,900.0,1000.0,tonnes,1111.0
Maharashtra,Dhule,maize,summer,2014,600.0,600.0,tonnes,1000.0
Maharashtra,Dhule,maize,summer,2015,1200.0,1300.0,tonnes,1083.0
Maharashtra,Dhule,maize,summer,2016,600.0,1600.0,tonnes,2667.0
Maharashtra,Dhule,maize,summer,2017,346.0,800.0,tonnes,2312.0
Maharashtra,Dhule,maize,summer,2019,3585.0,4908.0,tonnes,1369.0
Maharashtra,Dhule,maize,summer,2020,4141.54,7641.15,tonnes,1845.0
Maharashtra,Dhule,maize,summer,2021,4400.02,8118.04,tonnes,1845.0
Maharashtra,Dhule,maize,summer,2022,1540.01,3388.02,tonnes,2200.0
Maharashtra,Dhule,maize,summer,2023,1078.07,2262.53,tonnes,2099.0
Maharashtra,Dhule,maize,summer,2024,1908.75,6223.16,tonnes,3260.0
Maharashtra,Dhule,pearl_millet,kharif,2013,99900.0,132900.0,tonnes,1330.0
Maharashtra,Dhule,pearl_millet,kharif,2014,116800.0,97500.0,tonnes,835.0
Maharashtra,Dhule,pearl_millet,kharif,2015,117700.0,68400.0,tonnes,581.0
Maharashtra,Dhule,pearl_millet,kharif,2016,77400.0,60400.0,tonnes,780.0
Maharashtra,Dhule,pearl_millet,kharif,2017,77800.0,103300.0,tonnes,1328.0
Maharashtra,Dhule,pearl_millet,kharif,2018,81923.0,47140.0,tonnes,575.0
Maharashtra,Dhule,pearl_millet,kharif,2019,55366.0,29009.0,tonnes,524.0
Maharashtra,Dhule,pearl_millet,kharif,2020,56385.85,70284.99,tonnes,1247.0
Maharashtra,Dhule,pearl_millet,kharif,2021,54622.98,38945.17,tonnes,713.0
Maharashtra,Dhule,pearl_millet,kharif,2022,50093.0,55786.0,tonnes,1114.0
Maharashtra,Dhule,pearl_millet,kharif,2023,37217.85,31620.83,tonnes,850.0
Maharashtra,Dhule,pearl_millet,kharif,2024,40052.62,43053.17,tonnes,1075.0
Maharashtra,Dhule,pearl_millet,summer,2021,830.0,755.3,tonnes,910.0
Maharashtra,Dhule,pearl_millet,summer,2022,1876.0,1782.2,tonnes,950.0
Maharashtra,Dhule,pearl_millet,summer,2023,1296.85,1180.12,tonnes,910.0
Maharashtra,Dhule,pearl_millet,summer,2024,2649.82,2411.16,tonnes,910.0
Maharashtra,Dhule,pigeon_pea,kharif,2013,9000.0,7500.0,tonnes,833.0
Maharashtra,Dhule,pigeon_pea,kharif,2014,11600.0,5200.0,tonnes,448.0
Maharashtra,Dhule,pigeon_pea,kharif,2015,15000.0,5300.0,tonnes,353.0
Maharashtra,Dhule,pigeon_pea,kharif,2016,9082.0,7639.0,tonnes,841.0
Maharashtra,Dhule,pigeon_pea,kharif,2017,9900.0,9300.0,tonnes,939.0
Maharashtra,Dhule,pigeon_pea,kharif,2018,11036.0,4240.0,tonnes,384.0
Maharashtra,Dhule,pigeon_pea,kharif,2019,15594.0,8019.0,tonnes,514.0
Maharashtra,Dhule,pigeon_pea,kharif,2020,15939.95,10242.6,tonnes,643.0
Maharashtra,Dhule,pigeon_pea,kharif,2021,17541.57,9916.25,tonnes,565.0
Maharashtra,Dhule,pigeon_pea,kharif,2022,3097.0,1992.0,tonnes,643.0
Maharashtra,Dhule,pigeon_pea,kharif,2023,3029.95,1738.21,tonnes,574.0
Maharashtra,Dhule,pigeon_pea,kharif,2024,3585.27,2537.09,tonnes,708.0
Maharashtra,Dhule,rice,kharif,2013,7700.0,9700.0,tonnes,1260.0
Maharashtra,Dhule,rice,kharif,2014,100.0,0.0,tonnes,0.0
Maharashtra,Dhule,rice,kharif,2015,2300.0,2700.0,tonnes,1174.0
Maharashtra,Dhule,rice,kharif,2016,6400.0,10500.0,tonnes,1641.0
Maharashtra,Dhule,rice,kharif,2017,7000.0,14100.0,tonnes,2014.0
Maharashtra,Dhule,rice,kharif,2018,6870.0,9305.0,tonnes,1354.0
Maharashtra,Dhule,rice,kharif,2019,6838.0,9742.0,tonnes,1425.0
Maharashtra,Dhule,rice,kharif,2020,6830.0,8480.13,tonnes,1242.0
Maharashtra,Dhule,rice,kharif,2021,6983.93,8236.14,tonnes,1179.0
Maharashtra,Dhule,rice,kharif,2022,7275.66,12358.44,tonnes,1699.0
Maharashtra,Dhule,rice,kharif,2023,4510.91,6439.8,tonnes,1428.0
Maharashtra,Dhule,rice,kharif,2024,4502.73,6867.54,tonnes,1525.0
Maharashtra,Dhule,rice,summer,2021,24.0,64.44,tonnes,2685.0
Maharashtra,Dhule,sorghum,kharif,2013,19700.0,35100.0,tonnes,1782.0
Maharashtra,Dhule,sorghum,kharif,2014,19800.0,23500.0,tonnes,1187.0
Maharashtra,Dhule,sorghum,kharif,2015,21100.0,19600.0,tonnes,929.0
Maharashtra,Dhule,sorghum,kharif,2016,20000.0,24300.0,tonnes,1215.0
Maharashtra,Dhule,sorghum,kharif,2017,22000.0,32700.0,tonnes,1486.0
Maharashtra,Dhule,sorghum,kharif,2018,25435.0,21189.0,tonnes,833.0
Maharashtra,Dhule,sorghum,kharif,2019,10486.0,7533.0,tonnes,718.0
Maharashtra,Dhule,sorghum,kharif,2020,10503.81,14706.42,tonnes,1400.0
Maharashtra,Dhule,sorghum,kharif,2021,7406.71,5513.55,tonnes,744.0
Maharashtra,Dhule,sorghum,kharif,2022,7495.29,8389.48,tonnes,1119.0
Maharashtra,Dhule,sorghum,kharif,2023,5283.16,5683.02,tonnes,1076.0
Maharashtra,Dhule,sorghum,kharif,2024,4291.9,4903.46,tonnes,1142.0
Maharashtra,Dhule,sorghum,rabi,2013,19200.0,26700.0,tonnes,1391.0
Maharashtra,Dhule,sorghum,rabi,2014,11000.0,14800.0,tonnes,1345.0
Maharashtra,Dhule,sorghum,rabi,2015,11600.0,10500.0,tonnes,905.0
Maharashtra,Dhule,sorghum,rabi,2016,12100.0,13800.0,tonnes,1140.0
Maharashtra,Dhule,sorghum,rabi,2017,16300.0,16800.0,tonnes,1031.0
Maharashtra,Dhule,sorghum,rabi,2018,15990.0,11700.0,tonnes,732.0
Maharashtra,Dhule,sorghum,rabi,2019,12587.0,24172.0,tonnes,1920.0
Maharashtra,Dhule,sorghum,rabi,2020,14074.62,23057.86,tonnes,1638.0
Maharashtra,Dhule,sorghum,rabi,2021,15382.63,23660.02,tonnes,1538.0
Maharashtra,Dhule,sorghum,rabi,2022,10247.35,15660.0,tonnes,1528.0
Maharashtra,Dhule,sorghum,rabi,2023,9326.51,15994.93,tonnes,1715.0
Maharashtra,Dhule,sorghum,rabi,2024,13083.54,24589.52,tonnes,1879.0
Maharashtra,Dhule,soybean,kharif,2013,12000.0,16200.0,tonnes,1350.0
Maharashtra,Dhule,soybean,kharif,2014,15500.0,20000.0,tonnes,1290.0
Maharashtra,Dhule,soybean,kharif,2015,20800.0,13400.0,tonnes,644.0
Maharashtra,Dhule,soybean,kharif,2016,18300.0,25300.0,tonnes,1383.0
Maharashtra,Dhule,soybean,kharif,2017,18456.0,32700.0,tonnes,1772.0
Maharashtra,Dhule,soybean,kharif,2018,20076.0,31835.0,tonnes,1586.0
Maharashtra,Dhule,soybean,kharif,2019,19328.0,14861.0,tonnes,769.0
Maharashtra,Dhule,soybean,kharif,2020,20077.22,25932.41,tonnes,1292.0
Maharashtra,Dhule,soybean,kharif,2021,21418.46,26982.97,tonnes,1260.0
Maharashtra,Dhule,soybean,kharif,2022,30114.0,44192.0,tonnes,1467.0
Maharashtra,Dhule,soybean,kharif,2023,17954.17,20448.33,tonnes,1139.0
Maharashtra,Dhule,soybean,kharif,2024,15917.23,19478.28,tonnes,1224.0
Maharashtra,Dhule,soybean,summer,2021,545.0,817.5,tonnes,1500.0
Maharashtra,Dhule,soybean,summer,2022,43.0,64.5,tonnes,1500.0
Maharashtra,Dhule,sugarcane,kharif,2013,6500.0,536900.0,tonnes,82600.0
Maharashtra,Dhule,sugarcane,kharif,2014,7000.0,438400.0,tonnes,62629.0
Maharashtra,Dhule,sugarcane,kharif,2015,2100.0,154000.0,tonnes,73333.0
Maharashtra,Dhule,sugarcane,kharif,2016,4508.0,522400.0,tonnes,115883.0
Maharashtra,Dhule,sugarcane,kharif,2017,2501.0,199200.0,tonnes,79648.0
Maharashtra,Dhule,sugarcane,kharif,2018,2924.0,204680.0,tonnes,70000.0
Maharashtra,Dhule,sugarcane,kharif,2021,4000.0,373437.61,tonnes,93359.0
Maharashtra,Dhule,sugarcane,kharif,2022,4381.0,394290.0,tonnes,90000.0
Maharashtra,Dhule,sugarcane,kharif,2023,4927.99,441396.96,tonnes,89569.0
Maharashtra,Dhule,sugarcane,kharif,2024,5739.98,508013.56,tonnes,88504.0
Maharashtra,Dhule,wheat,rabi,2013,47200.0,77500.0,tonnes,1642.0
Maharashtra,Dhule,wheat,rabi,2014,36000.0,65700.0,tonnes,1825.0
Maharashtra,Dhule,wheat,rabi,2015,46700.0,74900.0,tonnes,1604.0
Maharashtra,Dhule,wheat,rabi,2016,40400.0,87300.0,tonnes,2161.0
Maharashtra,Dhule,wheat,rabi,2017,52896.0,116900.0,tonnes,2210.0
Maharashtra,Dhule,wheat,rabi,2018,46520.0,80600.0,tonnes,1733.0
Maharashtra,Dhule,wheat,rabi,2019,54078.0,133700.0,tonnes,2472.0
Maharashtra,Dhule,wheat,rabi,2020,58318.3,96324.99,tonnes,1652.0
Maharashtra,Dhule,wheat,rabi,2021,61801.54,100169.79,tonnes,1621.0
Maharashtra,Dhule,wheat,rabi,2022,58452.51,96294.67,tonnes,1647.0
Maharashtra,Dhule,wheat,rabi,2023,38031.34,88038.82,tonnes,2315.0
Maharashtra,Dhule,wheat,rabi,2024,42727.84,101780.3,tonnes,2382.0
Maharashtra,Gadchiroli,chickpea,rabi,2013,3600.0,1700.0,tonnes,472.0
Maharashtra,Gadchiroli,chickpea,rabi,2014,3800.0,2300.0,tonnes,605.0
Maharashtra,Gadchiroli,chickpea,rabi,2015,10200.0,4500.0,tonnes,441.0
Maharashtra,Gadchiroli,chickpea,rabi,2016,16100.0,7200.0,tonnes,447.0
Maharashtra,Gadchiroli,chickpea,rabi,2017,13700.0,7300.0,tonnes,533.0
Maharashtra,Gadchiroli,chickpea,rabi,2018,13390.0,7800.0,tonnes,583.0
Maharashtra,Gadchiroli,chickpea,rabi,2019,13539.0,10778.0,tonnes,796.0
Maharashtra,Gadchiroli,chickpea,rabi,2020,13654.15,6974.77,tonnes,511.0
Maharashtra,Gadchiroli,chickpea,rabi,2021,16601.69,7862.06,tonnes,474.0
Maharashtra,Gadchiroli,chickpea,rabi,2022,5481.63,2722.01,tonnes,497.0
Maharashtra,Gadchiroli,chickpea,rabi,2023,5416.21,2882.69,tonnes,532.0
Maharashtra,Gadchiroli,chickpea,rabi,2024,5195.55,9265.2,tonnes,1783.0
Maharashtra,Gadchiroli,cotton,kharif,2013,5300.0,8100.0,bales_170kg,260.0
Maharashtra,Gadchiroli,cotton,kharif,2014,4200.0,7600.0,bales_170kg,308.0
Maharashtra,Gadchiroli,cotton,kharif,2015,4100.0,6900.0,bales_170kg,286.0
Maharashtra,Gadchiroli,cotton,kharif,2016,4900.0,14500.0,bales_170kg,503.0
Maharashtra,Gadchiroli,cotton,kharif,2017,5654.0,22600.0,bales_170kg,680.0
Maharashtra,Gadchiroli,cotton,kharif,2018,6897.0,14773.0,bales_170kg,364.0
Maharashtra,Gadchiroli,cotton,kharif,2019,6702.0,20194.0,bales_170kg,512.0
Maharashtra,Gadchiroli,cotton,kharif,2020,6900.0,17300.0,bales_170kg,426.0
Maharashtra,Gadchiroli,cotton,kharif,2021,7200.0,17100.0,bales_170kg,404.0
Maharashtra,Gadchiroli,cotton,kharif,2022,7106.81,16612.8,bales_170kg,397.0
Maharashtra,Gadchiroli,cotton,kharif,2023,13998.12,35054.62,bales_170kg,426.0
Maharashtra,Gadchiroli,cotton,kharif,2024,15934.11,53986.35,bales_170kg,576.0
Maharashtra,Gadchiroli,groundnut,kharif,2016,10.0,17.0,tonnes,1700.0
Maharashtra,Gadchiroli,groundnut,kharif,2019,35.0,8.0,tonnes,229.0
Maharashtra,Gadchiroli,groundnut,kharif,2021,12.05,13.3,tonnes,1103.0
Maharashtra,Gadchiroli,groundnut,kharif,2022,4.0,2.62,tonnes,654.0
Maharashtra,Gadchiroli,groundnut,kharif,2023,4.0,1.92,tonnes,480.0
Maharashtra,Gadchiroli,groundnut,summer,2017,1.0,1.0,tonnes,1000.0
Maharashtra,Gadchiroli,groundnut,summer,2019,1.0,2.0,tonnes,2000.0
Maharashtra,Gadchiroli,groundnut,summer,2020,1.0,1.49,tonnes,1490.0
Maharashtra,Gadchiroli,groundnut,summer,2021,5.0,10.01,tonnes,2002.0
Maharashtra,Gadchiroli,maize,kharif,2013,1700.0,4900.0,tonnes,2882.0
Maharashtra,Gadchiroli,maize,kharif,2014,1500.0,2700.0,tonnes,1800.0
Maharashtra,Gadchiroli,maize,kharif,2015,1600.0,2100.0,tonnes,1313.0
Maharashtra,Gadchiroli,maize,kharif,2016,1600.0,4500.0,tonnes,2813.0
Maharashtra,Gadchiroli,maize,kharif,2017,1600.0,4100.0,tonnes,2563.0
Maharashtra,Gadchiroli,maize,kharif,2018,1383.0,1982.0,tonnes,1433.0
Maharashtra,Gadchiroli,maize,kharif,2019,1438.0,2733.0,tonnes,1901.0
Maharashtra,Gadchiroli,maize,kharif,2020,1528.06,5218.94,tonnes,3415.0
Maharashtra,Gadchiroli,maize,kharif,2021,1205.58,3558.28,tonnes,2952.0
Maharashtra,Gadchiroli,maize,kharif,2022,810.0,2419.0,tonnes,2986.0
Maharashtra,Gadchiroli,maize,kharif,2023,626.34,1953.87,tonnes,3120.0
Maharashtra,Gadchiroli,maize,kharif,2024,403.81,2851.5,tonnes,7062.0
Maharashtra,Gadchiroli,maize,rabi,2013,1000.0,2500.0,tonnes,2500.0
Maharashtra,Gadchiroli,maize,rabi,2014,300.0,,tonnes,
Maharashtra,Gadchiroli,maize,rabi,2015,100.0,100.0,tonnes,1000.0
Maharashtra,Gadchiroli,maize,rabi,2016,300.0,500.0,tonnes,1667.0
Maharashtra,Gadchiroli,maize,rabi,2017,400.0,500.0,tonnes,1250.0
Maharashtra,Gadchiroli,maize,rabi,2018,620.0,400.0,tonnes,645.0
Maharashtra,Gadchiroli,maize,rabi,2019,2571.0,3824.0,tonnes,1487.0
Maharashtra,Gadchiroli,maize,rabi,2020,3338.74,4306.72,tonnes,1290.0
Maharashtra,Gadchiroli,maize,rabi,2021,3071.89,6685.97,tonnes,2177.0
Maharashtra,Gadchiroli,maize,rabi,2022,5528.63,10929.79,tonnes,1977.0
Maharashtra,Gadchiroli,maize,rabi,2023,5585.74,4981.1,tonnes,892.0
Maharashtra,Gadchiroli,maize,rabi,2024,8408.23,43380.47,tonnes,5159.0
Maharashtra,Gadchiroli,maize,summer,2015,300.0,600.0,tonnes,2000.0
Maharashtra,Gadchiroli,maize,summer,2017,326.0,800.0,tonnes,2454.0
Maharashtra,Gadchiroli,maize,summer,2018,70.0,50.0,tonnes,714.0
Maharashtra,Gadchiroli,maize,summer,2019,646.0,897.0,tonnes,1389.0
Maharashtra,Gadchiroli,maize,summer,2020,786.36,1226.57,tonnes,1560.0
Maharashtra,Gadchiroli,maize,summer,2021,910.66,1420.45,tonnes,1560.0
Maharashtra,Gadchiroli,maize,summer,2022,1111.48,1722.08,tonnes,1549.0
Maharashtra,Gadchiroli,maize,summer,2023,389.04,602.82,tonnes,1549.0
Maharashtra,Gadchiroli,maize,summer,2024,1362.53,2111.27,tonnes,1550.0
Maharashtra,Gadchiroli,pearl_millet,kharif,2016,18.0,6.0,tonnes,333.0
Maharashtra,Gadchiroli,pigeon_pea,kharif,2013,4100.0,2600.0,tonnes,634.0
Maharashtra,Gadchiroli,pigeon_pea,kharif,2014,4600.0,1600.0,tonnes,348.0
Maharashtra,Gadchiroli,pigeon_pea,kharif,2015,4600.0,1800.0,tonnes,391.0
Maharashtra,Gadchiroli,pigeon_pea,kharif,2016,4648.0,9037.0,tonnes,1944.0
Maharashtra,Gadchiroli,pigeon_pea,kharif,2017,5299.0,5650.0,tonnes,1066.0
Maharashtra,Gadchiroli,pigeon_pea,kharif,2018,5409.0,5358.0,tonnes,991.0
Maharashtra,Gadchiroli,pigeon_pea,kharif,2019,5349.0,4814.0,tonnes,900.0
Maharashtra,Gadchiroli,pigeon_pea,kharif,2020,5617.79,8394.11,tonnes,1494.0
Maharashtra,Gadchiroli,pigeon_pea,kharif,2021,5362.21,6396.58,tonnes,1193.0
Maharashtra,Gadchiroli,pigeon_pea,kharif,2022,5224.0,5729.0,tonnes,1097.0
Maharashtra,Gadchiroli,pigeon_pea,kharif,2023,5856.69,5549.37,tonnes,948.0
Maharashtra,Gadchiroli,pigeon_pea,kharif,2024,6001.81,5215.36,tonnes,869.0
Maharashtra,Gadchiroli,rice,kharif,2013,153000.0,225600.0,tonnes,1475.0
Maharashtra,Gadchiroli,rice,kharif,2014,152800.0,201600.0,tonnes,1319.0
Maharashtra,Gadchiroli,rice,kharif,2015,150500.0,126300.0,tonnes,839.0
Maharashtra,Gadchiroli,rice,kharif,2016,148300.0,274900.0,tonnes,1854.0
Maharashtra,Gadchiroli,rice,kharif,2017,148500.0,181800.0,tonnes,1224.0
Maharashtra,Gadchiroli,rice,kharif,2018,150119.0,269686.0,tonnes,1796.0
Maharashtra,Gadchiroli,rice,kharif,2019,171267.0,291081.0,tonnes,1700.0
Maharashtra,Gadchiroli,rice,kharif,2020,171321.16,273230.69,tonnes,1595.0
Maharashtra,Gadchiroli,rice,kharif,2021,175277.08,266085.07,tonnes,1518.0
Maharashtra,Gadchiroli,rice,kharif,2022,178684.75,321665.03,tonnes,1800.0
Maharashtra,Gadchiroli,rice,kharif,2023,190852.09,425571.04,tonnes,2230.0
Maharashtra,Gadchiroli,rice,kharif,2024,189826.78,398909.33,tonnes,2101.0
Maharashtra,Gadchiroli,rice,summer,2013,3000.0,6400.0,tonnes,2133.0
Maharashtra,Gadchiroli,rice,summer,2014,2900.0,4500.0,tonnes,1552.0
Maharashtra,Gadchiroli,rice,summer,2015,2200.0,4400.0,tonnes,2000.0
Maharashtra,Gadchiroli,rice,summer,2016,5100.0,10400.0,tonnes,2039.0
Maharashtra,Gadchiroli,rice,summer,2017,3295.0,6400.0,tonnes,1942.0
Maharashtra,Gadchiroli,rice,summer,2018,4040.0,7480.0,tonnes,1851.0
Maharashtra,Gadchiroli,rice,summer,2019,9130.0,21176.0,tonnes,2319.0
Maharashtra,Gadchiroli,rice,summer,2020,10043.0,25221.89,tonnes,2511.0
Maharashtra,Gadchiroli,rice,summer,2021,15321.14,35246.28,tonnes,2301.0
Maharashtra,Gadchiroli,rice,summer,2022,10724.8,24259.28,tonnes,2262.0
Maharashtra,Gadchiroli,rice,summer,2023,11044.11,26509.08,tonnes,2400.0
Maharashtra,Gadchiroli,rice,summer,2024,10573.88,26318.16,tonnes,2489.0
Maharashtra,Gadchiroli,sorghum,kharif,2017,23.0,12.0,tonnes,522.0
Maharashtra,Gadchiroli,sorghum,kharif,2019,55.0,29.0,tonnes,527.0
Maharashtra,Gadchiroli,sorghum,kharif,2020,15.71,8.53,tonnes,543.0
Maharashtra,Gadchiroli,sorghum,kharif,2021,7.86,4.72,tonnes,601.0
Maharashtra,Gadchiroli,sorghum,kharif,2022,7.86,3.51,tonnes,447.0
Maharashtra,Gadchiroli,sorghum,kharif,2023,31.86,12.25,tonnes,384.0
Maharashtra,Gadchiroli,sorghum,rabi,2013,1100.0,1100.0,tonnes,1000.0
Maharashtra,Gadchiroli,sorghum,rabi,2014,400.0,300.0,tonnes,750.0
Maharashtra,Gadchiroli,sorghum,rabi,2015,200.0,100.0,tonnes,500.0
Maharashtra,Gadchiroli,sorghum,rabi,2016,100.0,100.0,tonnes,1000.0
Maharashtra,Gadchiroli,sorghum,rabi,2017,1300.0,700.0,tonnes,538.0
Maharashtra,Gadchiroli,sorghum,rabi,2018,1290.0,530.0,tonnes,411.0
Maharashtra,Gadchiroli,sorghum,rabi,2019,1257.0,845.0,tonnes,672.0
Maharashtra,Gadchiroli,sorghum,rabi,2020,1324.91,938.15,tonnes,708.0
Maharashtra,Gadchiroli,sorghum,rabi,2021,2192.62,1814.81,tonnes,828.0
Maharashtra,Gadchiroli,sorghum,rabi,2022,2055.4,2846.5,tonnes,1385.0
Maharashtra,Gadchiroli,sorghum,rabi,2023,2631.52,2086.93,tonnes,793.0
Maharashtra,Gadchiroli,sorghum,rabi,2024,2626.96,1825.66,tonnes,695.0
Maharashtra,Gadchiroli,soybean,kharif,2013,5200.0,3800.0,tonnes,731.0
Maharashtra,Gadchiroli,soybean,kharif,2014,4400.0,3000.0,tonnes,682.0
Maharashtra,Gadchiroli,soybean,kharif,2015,3500.0,1500.0,tonnes,429.0
Maharashtra,Gadchiroli,soybean,kharif,2016,2100.0,1800.0,tonnes,857.0
Maharashtra,Gadchiroli,soybean,kharif,2017,200.0,300.0,tonnes,1500.0
Maharashtra,Gadchiroli,soybean,kharif,2018,164.0,376.0,tonnes,2293.0
Maharashtra,Gadchiroli,soybean,kharif,2019,104.0,239.0,tonnes,2298.0
Maharashtra,Gadchiroli,soybean,kharif,2020,95.27,52.61,tonnes,552.0
Maharashtra,Gadchiroli,soybean,kharif,2021,3.09,4.33,tonnes,1403.0
Maharashtra,Gadchiroli,soybean,kharif,2022,15.0,25.0,tonnes,1667.0
Maharashtra,Gadchiroli,soybean,kharif,2023,10.01,5.48,tonnes,547.0
Maharashtra,Gadchiroli,soybean,kharif,2024,9.8,5.45,tonnes,556.0
Maharashtra,Gadchiroli,soybean,summer,2021,6.0,3.6,tonnes,600.0
Maharashtra,Gadchiroli,soybean,summer,2022,0.4,0.24,tonnes,600.0
Maharashtra,Gadchiroli,sugarcane,kharif,2014,100.0,9900.0,tonnes,99000.0
Maharashtra,Gadchiroli,sugarcane,kharif,2015,100.0,4600.0,tonnes,46000.0
Maharashtra,Gadchiroli,sugarcane,kharif,2018,15.0,1009.0,tonnes,67267.0
Maharashtra,Gadchiroli,sugarcane,kharif,2019,14.0,949.0,tonnes,67786.0
Maharashtra,Gadchiroli,wheat,rabi,2013,500.0,700.0,tonnes,1400.0
Maharashtra,Gadchiroli,wheat,rabi,2014,1200.0,1200.0,tonnes,1000.0
Maharashtra,Gadchiroli,wheat,rabi,2015,1000.0,700.0,tonnes,700.0
Maharashtra,Gadchiroli,wheat,rabi,2016,900.0,1300.0,tonnes,1444.0
Maharashtra,Gadchiroli,wheat,rabi,2017,533.0,600.0,tonnes,1126.0
Maharashtra,Gadchiroli,wheat,rabi,2018,430.0,500.0,tonnes,1163.0
Maharashtra,Gadchiroli,wheat,rabi,2019,607.0,436.0,tonnes,718.0
Maharashtra,Gadchiroli,wheat,rabi,2020,570.94,353.87,tonnes,620.0
Maharashtra,Gadchiroli,wheat,rabi,2021,598.59,660.0,tonnes,1103.0
Maharashtra,Gadchiroli,wheat,rabi,2022,438.04,579.62,tonnes,1323.0
Maharashtra,Gadchiroli,wheat,rabi,2023,425.23,698.78,tonnes,1643.0
Maharashtra,Gadchiroli,wheat,rabi,2024,491.85,435.17,tonnes,885.0
Maharashtra,Gondia,chickpea,rabi,2013,5900.0,2900.0,tonnes,492.0
Maharashtra,Gondia,chickpea,rabi,2014,5200.0,3400.0,tonnes,654.0
Maharashtra,Gondia,chickpea,rabi,2015,4100.0,2000.0,tonnes,488.0
Maharashtra,Gondia,chickpea,rabi,2016,5100.0,2600.0,tonnes,510.0
Maharashtra,Gondia,chickpea,rabi,2017,4000.0,2700.0,tonnes,675.0
Maharashtra,Gondia,chickpea,rabi,2018,4160.0,3200.0,tonnes,769.0
Maharashtra,Gondia,chickpea,rabi,2019,8743.0,3429.0,tonnes,392.0
Maharashtra,Gondia,chickpea,rabi,2020,7229.59,5143.47,tonnes,711.0
Maharashtra,Gondia,chickpea,rabi,2021,7235.06,4290.03,tonnes,593.0
Maharashtra,Gondia,chickpea,rabi,2022,7283.59,5660.01,tonnes,777.0
Maharashtra,Gondia,chickpea,rabi,2023,5675.21,3739.63,tonnes,659.0
Maharashtra,Gondia,chickpea,rabi,2024,5794.31,3796.6,tonnes,655.0
Maharashtra,Gondia,cotton,kharif,2019,2.0,5.0,bales_170kg,425.0
Maharashtra,Gondia,cotton,kharif,2021,8.0,22.0,bales_170kg,468.0
Maharashtra,Gondia,groundnut,kharif,2019,2.0,0.5,tonnes,250.0
Maharashtra,Gondia,groundnut,kharif,2020,2.0,1.82,tonnes,910.0
Maharashtra,Gondia,groundnut,kharif,2021,2.0,2.21,tonnes,1104.0
Maharashtra,Gondia,groundnut,summer,2019,5.0,,tonnes,
Maharashtra,Gondia,groundnut,summer,2021,9.0,16.95,tonnes,1884.0
Maharashtra,Gondia,maize,kharif,2013,100.0,300.0,tonnes,3000.0
Maharashtra,Gondia,maize,kharif,2016,10.0,40.0,tonnes,4000.0
Maharashtra,Gondia,maize,kharif,2019,5.0,2.0,tonnes,400.0
Maharashtra,Gondia,maize,kharif,2020,8.33,28.46,tonnes,3417.0
Maharashtra,Gondia,maize,kharif,2021,2.89,8.53,tonnes,2952.0
Maharashtra,Gondia,maize,kharif,2022,3.0,9.0,tonnes,3000.0
Maharashtra,Gondia,maize,kharif,2023,2.89,9.02,tonnes,3120.0
Maharashtra,Gondia,maize,kharif,2024,2.31,13.63,tonnes,5899.0
Maharashtra,Gondia,maize,rabi,2014,400.0,100.0,tonnes,250.0
Maharashtra,Gondia,maize,rabi,2015,2200.0,1900.0,tonnes,864.0
Maharashtra,Gondia,maize,rabi,2016,6.0,11.0,tonnes,1833.0
Maharashtra,Gondia,maize,rabi,2017,29.0,30.0,tonnes,1034.0
Maharashtra,Gondia,maize,rabi,2018,10.0,,tonnes,
Maharashtra,Gondia,maize,rabi,2019,19.0,15.0,tonnes,789.0
Maharashtra,Gondia,maize,rabi,2020,561.0,723.65,tonnes,1290.0
Maharashtra,Gondia,maize,rabi,2021,895.25,1948.51,tonnes,2177.0
Maharashtra,Gondia,maize,rabi,2022,1853.8,3664.86,tonnes,1977.0
Maharashtra,Gondia,maize,rabi,2023,2049.95,1828.05,tonnes,892.0
Maharashtra,Gondia,maize,rabi,2024,3097.08,10349.84,tonnes,3342.0
Maharashtra,Gondia,maize,summer,2014,200.0,200.0,tonnes,1000.0
Maharashtra,Gondia,maize,summer,2016,600.0,900.0,tonnes,1500.0
Maharashtra,Gondia,maize,summer,2017,139.0,100.0,tonnes,719.0
Maharashtra,Gondia,maize,summer,2018,30.0,20.0,tonnes,667.0
Maharashtra,Gondia,maize,summer,2019,206.0,247.0,tonnes,1199.0
Maharashtra,Gondia,maize,summer,2020,375.76,343.73,tonnes,915.0
Maharashtra,Gondia,maize,summer,2021,375.76,217.94,tonnes,580.0
Maharashtra,Gondia,maize,summer,2022,556.12,530.84,tonnes,955.0
Maharashtra,Gondia,maize,summer,2023,389.3,371.64,tonnes,955.0
Maharashtra,Gondia,maize,summer,2024,616.24,2865.79,tonnes,4650.0
Maharashtra,Gondia,pigeon_pea,kharif,2013,6000.0,3800.0,tonnes,633.0
Maharashtra,Gondia,pigeon_pea,kharif,2014,6500.0,2200.0,tonnes,338.0
Maharashtra,Gondia,pigeon_pea,kharif,2015,6500.0,2900.0,tonnes,446.0
Maharashtra,Gondia,pigeon_pea,kharif,2016,6560.0,12754.0,tonnes,1944.0
Maharashtra,Gondia,pigeon_pea,kharif,2017,6354.0,6775.0,tonnes,1066.0
Maharashtra,Gondia,pigeon_pea,kharif,2018,5751.0,5696.0,tonnes,990.0
Maharashtra,Gondia,pigeon_pea,kharif,2019,5868.0,4107.0,tonnes,700.0
Maharashtra,Gondia,pigeon_pea,kharif,2020,5985.11,8942.95,tonnes,1494.0
Maharashtra,Gondia,pigeon_pea,kharif,2021,5860.25,6990.7,tonnes,1193.0
Maharashtra,Gondia,pigeon_pea,kharif,2022,5785.0,6344.0,tonnes,1097.0
Maharashtra,Gondia,pigeon_pea,kharif,2023,5552.21,5260.87,tonnes,948.0
Maharashtra,Gondia,pigeon_pea,kharif,2024,5573.21,2681.86,tonnes,481.0
Maharashtra,Gondia,rice,kharif,2013,188100.0,292500.0,tonnes,1555.0
Maharashtra,Gondia,rice,kharif,2014,174700.0,340600.0,tonnes,1950.0
Maharashtra,Gondia,rice,kharif,2015,172100.0,263600.0,tonnes,1532.0
Maharashtra,Gondia,rice,kharif,2016,173200.0,423300.0,tonnes,2444.0
Maharashtra,Gondia,rice,kharif,2017,138500.0,218500.0,tonnes,1578.0
Maharashtra,Gondia,rice,kharif,2018,128536.0,321010.0,tonnes,2497.0
Maharashtra,Gondia,rice,kharif,2019,151992.0,302721.0,tonnes,1992.0
Maharashtra,Gondia,rice,kharif,2020,152861.58,300671.33,tonnes,1967.0
Maharashtra,Gondia,rice,kharif,2021,153446.3,310499.37,tonnes,2024.0
Maharashtra,Gondia,rice,kharif,2022,190841.17,489692.62,tonnes,2566.0
Maharashtra,Gondia,rice,kharif,2023,191362.99,510280.77,tonnes,2667.0
Maharashtra,Gondia,rice,kharif,2024,193469.5,455216.03,tonnes,2353.0
Maharashtra,Gondia,rice,summer,2013,13400.0,32820.0,tonnes,2449.0
Maharashtra,Gondia,rice,summer,2014,12900.0,36100.0,tonnes,2798.0
Maharashtra,Gondia,rice,summer,2015,10400.0,26300.0,tonnes,2529.0
Maharashtra,Gondia,rice,summer,2016,36100.0,87000.0,tonnes,2410.0
Maharashtra,Gondia,rice,summer,2017,4511.0,11000.0,tonnes,2438.0
Maharashtra,Gondia,rice,summer,2018,23510.0,69800.0,tonnes,2969.0
Maharashtra,Gondia,rice,summer,2019,40835.0,106718.0,tonnes,2613.0
Maharashtra,Gondia,rice,summer,2020,52759.76,172014.62,tonnes,3260.0
Maharashtra,Gondia,rice,summer,2021,57946.99,191291.13,tonnes,3301.0
Maharashtra,Gondia,rice,summer,2022,75331.09,237997.28,tonnes,3159.0
Maharashtra,Gondia,rice,summer,2023,75330.6,215732.68,tonnes,2864.0
Maharashtra,Gondia,rice,summer,2024,71867.94,194879.68,tonnes,2712.0
Maharashtra,Gondia,sorghum,rabi,2020,89.6,29.76,tonnes,332.0
Maharashtra,Gondia,sorghum,rabi,2021,149.8,121.2,tonnes,809.0
Maharashtra,Gondia,sorghum,rabi,2022,356.7,321.6,tonnes,902.0
Maharashtra,Gondia,sorghum,rabi,2023,1040.85,505.66,tonnes,486.0
Maharashtra,Gondia,sorghum,rabi,2024,439.8,157.72,tonnes,359.0
Maharashtra,Gondia,soybean,summer,2022,6.0,3.6,tonnes,600.0
Maharashtra,Gondia,sugarcane,kharif,2013,300.0,21500.0,tonnes,71667.0
Maharashtra,Gondia,sugarcane,kharif,2014,1500.0,97000.0,tonnes,64667.0
Maharashtra,Gondia,sugarcane,kharif,2015,1000.0,57700.0,tonnes,57700.0
Maharashtra,Gondia,sugarcane,kharif,2016,667.0,28300.0,tonnes,42429.0
Maharashtra,Gondia,sugarcane,kharif,2017,1129.0,45200.0,tonnes,40035.0
Maharashtra,Gondia,sugarcane,kharif,2018,1528.0,102812.0,tonnes,67285.0
Maharashtra,Gondia,sugarcane,kharif,2019,1030.0,76838.0,tonnes,74600.0
Maharashtra,Gondia,sugarcane,kharif,2022,1728.0,105632.64,tonnes,61130.0
Maharashtra,Gondia,sugarcane,kharif,2023,1735.59,111025.27,tonnes,63970.0
Maharashtra,Gondia,sugarcane,kharif,2024,1418.86,91197.17,tonnes,64275.0
Maharashtra,Gondia,wheat,rabi,2013,1700.0,1100.0,tonnes,647.0
Maharashtra,Gondia,wheat,rabi,2014,2400.0,1500.0,tonnes,625.0
Maharashtra,Gondia,wheat,rabi,2015,2200.0,1400.0,tonnes,636.0
Maharashtra,Gondia,wheat,rabi,2016,2000.0,2100.0,tonnes,1050.0
Maharashtra,Gondia,wheat,rabi,2017,3016.0,2400.0,tonnes,796.0
Maharashtra,Gondia,wheat,rabi,2018,2540.0,3100.0,tonnes,1220.0
Maharashtra,Gondia,wheat,rabi,2019,3032.0,1690.0,tonnes,557.0
Maharashtra,Gondia,wheat,rabi,2020,2635.42,2008.73,tonnes,762.0
Maharashtra,Gondia,wheat,rabi,2021,2415.72,2930.0,tonnes,1213.0
Maharashtra,Gondia,wheat,rabi,2022,2603.49,2911.74,tonnes,1118.0
Maharashtra,Gondia,wheat,rabi,2023,1511.65,1266.6,tonnes,838.0
Maharashtra,Gondia,wheat,rabi,2024,1420.71,1036.19,tonnes,729.0
Maharashtra,Hingoli,chickpea,rabi,2013,99300.0,105400.0,tonnes,1061.0
Maharashtra,Hingoli,chickpea,rabi,2014,77300.0,220400.0,tonnes,2851.0
Maharashtra,Hingoli,chickpea,rabi,2015,68800.0,26500.0,tonnes,385.0
Maharashtra,Hingoli,chickpea,rabi,2016,69900.0,78700.0,tonnes,1126.0
Maharashtra,Hingoli,chickpea,rabi,2017,75199.0,84000.0,tonnes,1117.0
Maharashtra,Hingoli,chickpea,rabi,2018,60650.0,43000.0,tonnes,709.0
Maharashtra,Hingoli,chickpea,rabi,2019,90216.0,94151.0,tonnes,1044.0
Maharashtra,Hingoli,chickpea,rabi,2020,110417.4,102079.79,tonnes,924.0
Maharashtra,Hingoli,chickpea,rabi,2021,111511.95,137799.78,tonnes,1236.0
Maharashtra,Hingoli,chickpea,rabi,2022,137266.49,170170.64,tonnes,1240.0
Maharashtra,Hingoli,chickpea,rabi,2023,155900.71,185320.12,tonnes,1189.0
Maharashtra,Hingoli,chickpea,rabi,2024,161424.58,171622.96,tonnes,1063.0
Maharashtra,Hingoli,cotton,kharif,2013,96000.0,192400.0,bales_170kg,341.0
Maharashtra,Hingoli,cotton,kharif,2014,94700.0,85400.0,bales_170kg,153.0
Maharashtra,Hingoli,cotton,kharif,2015,84200.0,46500.0,bales_170kg,94.0
Maharashtra,Hingoli,cotton,kharif,2016,75000.0,157400.0,bales_170kg,357.0
Maharashtra,Hingoli,cotton,kharif,2017,86974.0,134200.0,bales_170kg,262.0
Maharashtra,Hingoli,cotton,kharif,2018,83681.0,163749.0,bales_170kg,333.0
Maharashtra,Hingoli,cotton,kharif,2019,47011.0,118022.0,bales_170kg,427.0
Maharashtra,Hingoli,cotton,kharif,2020,45700.0,85600.0,bales_170kg,318.0
Maharashtra,Hingoli,cotton,kharif,2021,44900.0,78700.0,bales_170kg,298.0
Maharashtra,Hingoli,cotton,kharif,2022,32475.94,78215.44,bales_170kg,409.0
Maharashtra,Hingoli,cotton,kharif,2023,31310.19,61616.27,bales_170kg,335.0
Maharashtra,Hingoli,cotton,kharif,2024,30480.56,67195.18,bales_170kg,375.0
Maharashtra,Hingoli,groundnut,kharif,2016,200.0,100.0,tonnes,500.0
Maharashtra,Hingoli,groundnut,kharif,2017,284.0,800.0,tonnes,2817.0
Maharashtra,Hingoli,groundnut,kharif,2018,538.0,259.2,tonnes,482.0
Maharashtra,Hingoli,groundnut,kharif,2019,664.0,321.0,tonnes,483.0
Maharashtra,Hingoli,groundnut,kharif,2020,578.95,261.92,tonnes,452.0
Maharashtra,Hingoli,groundnut,kharif,2021,578.95,425.88,tonnes,736.0
Maharashtra,Hingoli,groundnut,summer,2013,3900.0,3900.0,tonnes,1000.0
Maharashtra,Hingoli,groundnut,summer,2014,4400.0,4200.0,tonnes,955.0
Maharashtra,Hingoli,groundnut,summer,2015,4400.0,2500.0,tonnes,568.0
Maharashtra,Hingoli,groundnut,summer,2016,1900.0,2100.0,tonnes,1105.0
Maharashtra,Hingoli,groundnut,summer,2017,804.0,700.0,tonnes,871.0
Maharashtra,Hingoli,groundnut,summer,2018,225.0,190.0,tonnes,844.0
Maharashtra,Hingoli,groundnut,summer,2019,559.0,1291.0,tonnes,2309.0
Maharashtra,Hingoli,groundnut,summer,2020,728.07,777.8,tonnes,1068.0
Maharashtra,Hingoli,groundnut,summer,2021,651.58,838.14,tonnes,1286.0
Maharashtra,Hingoli,groundnut,summer,2022,4887.0,5885.0,tonnes,1204.0
Maharashtra,Hingoli,groundnut,summer,2023,11483.84,14248.71,tonnes,1241.0
Maharashtra,Hingoli,groundnut,summer,2024,6040.17,7974.87,tonnes,1320.0
Maharashtra,Hingoli,maize,kharif,2013,400.0,500.0,tonnes,1250.0
Maharashtra,Hingoli,maize,kharif,2014,1300.0,500.0,tonnes,385.0
Maharashtra,Hingoli,maize,kharif,2015,2000.0,500.0,tonnes,250.0
Maharashtra,Hingoli,maize,kharif,2016,2200.0,800.0,tonnes,364.0
Maharashtra,Hingoli,maize,kharif,2017,1100.0,900.0,tonnes,818.0
Maharashtra,Hingoli,maize,kharif,2018,997.0,493.0,tonnes,494.0
Maharashtra,Hingoli,maize,kharif,2019,23.0,10.0,tonnes,435.0
Maharashtra,Hingoli,maize,kharif,2020,990.83,1055.83,tonnes,1066.0
Maharashtra,Hingoli,maize,kharif,2021,1023.11,876.8,tonnes,857.0
Maharashtra,Hingoli,maize,kharif,2022,453.0,447.0,tonnes,987.0
Maharashtra,Hingoli,maize,kharif,2023,443.13,389.43,tonnes,879.0
Maharashtra,Hingoli,maize,kharif,2024,470.54,331.41,tonnes,704.0
Maharashtra,Hingoli,maize,rabi,2013,400.0,1000.0,tonnes,2500.0
Maharashtra,Hingoli,maize,rabi,2014,500.0,100.0,tonnes,200.0
Maharashtra,Hingoli,maize,rabi,2015,1900.0,1600.0,tonnes,842.0
Maharashtra,Hingoli,maize,rabi,2016,2000.0,3500.0,tonnes,1750.0
Maharashtra,Hingoli,maize,rabi,2017,100.0,100.0,tonnes,1000.0
Maharashtra,Hingoli,maize,rabi,2018,97.0,100.0,tonnes,1031.0
Maharashtra,Hingoli,maize,rabi,2019,257.0,325.0,tonnes,1265.0
Maharashtra,Hingoli,maize,rabi,2020,808.03,1042.27,tonnes,1290.0
Maharashtra,Hingoli,maize,rabi,2021,811.7,1766.67,tonnes,2176.0
Maharashtra,Hingoli,maize,rabi,2022,679.67,1343.67,tonnes,1977.0
Maharashtra,Hingoli,maize,rabi,2023,466.38,415.89,tonnes,892.0
Maharashtra,Hingoli,maize,rabi,2024,1218.3,1386.98,tonnes,1138.0
Maharashtra,Hingoli,maize,summer,2013,1200.0,1600.0,tonnes,1333.0
Maharashtra,Hingoli,maize,summer,2014,1600.0,1000.0,tonnes,625.0
Maharashtra,Hingoli,maize,summer,2015,4900.0,3200.0,tonnes,653.0
Maharashtra,Hingoli,maize,summer,2016,900.0,1400.0,tonnes,1556.0
Maharashtra,Hingoli,maize,summer,2017,350.0,200.0,tonnes,571.0
Maharashtra,Hingoli,maize,summer,2019,1209.0,1023.0,tonnes,846.0
Maharashtra,Hingoli,maize,summer,2020,1020.75,888.82,tonnes,871.0
Maharashtra,Hingoli,maize,summer,2021,1175.26,1023.36,tonnes,871.0
Maharashtra,Hingoli,maize,summer,2022,822.68,804.12,tonnes,977.0
Maharashtra,Hingoli,maize,summer,2023,205.68,201.06,tonnes,978.0
Maharashtra,Hingoli,maize,summer,2024,835.38,816.61,tonnes,978.0
Maharashtra,Hingoli,pearl_millet,kharif,2015,100.0,0.0,tonnes,0.0
Maharashtra,Hingoli,pearl_millet,kharif,2016,300.0,86.0,tonnes,287.0
Maharashtra,Hingoli,pearl_millet,kharif,2017,300.0,100.0,tonnes,333.0
Maharashtra,Hingoli,pearl_millet,kharif,2019,6.0,1.0,tonnes,167.0
Maharashtra,Hingoli,pearl_millet,kharif,2020,8.4,3.97,tonnes,473.0
Maharashtra,Hingoli,pearl_millet,kharif,2021,10.5,3.8,tonnes,362.0
Maharashtra,Hingoli,pearl_millet,kharif,2022,431.0,155.0,tonnes,360.0
Maharashtra,Hingoli,pearl_millet,kharif,2023,3.0,1.29,tonnes,430.0
Maharashtra,Hingoli,pearl_millet,kharif,2024,1.0,0.38,tonnes,379.0
Maharashtra,Hingoli,pearl_millet,summer,2024,11.0,10.01,tonnes,910.0
Maharashtra,Hingoli,pigeon_pea,kharif,2013,38900.0,33200.0,tonnes,853.0
Maharashtra,Hingoli,pigeon_pea,kharif,2014,41100.0,18500.0,tonnes,450.0
Maharashtra,Hingoli,pigeon_pea,kharif,2015,47000.0,13600.0,tonnes,289.0
Maharashtra,Hingoli,pigeon_pea,kharif,2016,76379.0,82738.0,tonnes,1083.0
Maharashtra,Hingoli,pigeon_pea,kharif,2017,77000.0,61900.0,tonnes,804.0
Maharashtra,Hingoli,pigeon_pea,kharif,2018,47044.0,18150.0,tonnes,386.0
Maharashtra,Hingoli,pigeon_pea,kharif,2019,50494.0,46688.0,tonnes,925.0
Maharashtra,Hingoli,pigeon_pea,kharif,2020,46272.87,13092.29,tonnes,283.0
Maharashtra,Hingoli,pigeon_pea,kharif,2021,45690.81,45028.29,tonnes,985.0
Maharashtra,Hingoli,pigeon_pea,kharif,2022,44459.0,27311.0,tonnes,614.0
Maharashtra,Hingoli,pigeon_pea,kharif,2023,34427.07,30185.42,tonnes,877.0
Maharashtra,Hingoli,pigeon_pea,kharif,2024,31338.35,32319.49,tonnes,1031.0
Maharashtra,Hingoli,sorghum,kharif,2013,46900.0,46500.0,tonnes,991.0
Maharashtra,Hingoli,sorghum,kharif,2014,47900.0,19200.0,tonnes,401.0
Maharashtra,Hingoli,sorghum,kharif,2015,47800.0,18700.0,tonnes,391.0
Maharashtra,Hingoli,sorghum,kharif,2016,54800.0,25500.0,tonnes,465.0
Maharashtra,Hingoli,sorghum,kharif,2017,56997.0,33800.0,tonnes,593.0
Maharashtra,Hingoli,sorghum,kharif,2018,56244.0,15813.0,tonnes,281.0
Maharashtra,Hingoli,sorghum,kharif,2019,44716.0,31643.0,tonnes,708.0
Maharashtra,Hingoli,sorghum,kharif,2020,45753.96,8601.74,tonnes,188.0
Maharashtra,Hingoli,sorghum,kharif,2021,42176.56,15213.08,tonnes,361.0
Maharashtra,Hingoli,sorghum,kharif,2022,5238.29,2652.15,tonnes,506.0
Maharashtra,Hingoli,sorghum,kharif,2023,3488.95,2035.13,tonnes,583.0
Maharashtra,Hingoli,sorghum,kharif,2024,2213.38,1429.24,tonnes,646.0
Maharashtra,Hingoli,sorghum,rabi,2013,10100.0,11200.0,tonnes,1109.0
Maharashtra,Hingoli,sorghum,rabi,2014,7300.0,5000.0,tonnes,685.0
Maharashtra,Hingoli,sorghum,rabi,2015,10000.0,3900.0,tonnes,390.0
Maharashtra,Hingoli,sorghum,rabi,2016,8100.0,5500.0,tonnes,679.0
Maharashtra,Hingoli,sorghum,rabi,2017,11669.0,10800.0,tonnes,926.0
Maharashtra,Hingoli,sorghum,rabi,2018,6740.0,4700.0,tonnes,697.0
Maharashtra,Hingoli,sorghum,rabi,2019,8206.0,9815.0,tonnes,1196.0
Maharashtra,Hingoli,sorghum,rabi,2020,7101.34,7095.09,tonnes,999.0
Maharashtra,Hingoli,sorghum,rabi,2021,7901.54,7330.02,tonnes,928.0
Maharashtra,Hingoli,sorghum,rabi,2022,7535.43,5779.98,tonnes,767.0
Maharashtra,Hingoli,sorghum,rabi,2023,17094.72,15884.85,tonnes,929.0
Maharashtra,Hingoli,sorghum,rabi,2024,17479.06,17827.91,tonnes,1020.0
Maharashtra,Hingoli,sorghum,summer,2021,299.0,248.6,tonnes,831.0
Maharashtra,Hingoli,sorghum,summer,2022,420.0,349.2,tonnes,831.0
Maharashtra,Hingoli,sorghum,summer,2023,1897.16,1576.99,tonnes,831.0
Maharashtra,Hingoli,sorghum,summer,2024,2150.75,1788.43,tonnes,832.0
Maharashtra,Hingoli,soybean,kharif,2013,170000.0,186000.0,tonnes,1094.0
Maharashtra,Hingoli,soybean,kharif,2014,137700.0,38400.0,tonnes,279.0
Maharashtra,Hingoli,soybean,kharif,2015,165100.0,78900.0,tonnes,478.0
Maharashtra,Hingoli,soybean,kharif,2016,171600.0,184000.0,tonnes,1072.0
Maharashtra,Hingoli,soybean,kharif,2017,175800.0,199400.0,tonnes,1134.0
Maharashtra,Hingoli,soybean,kharif,2018,215800.0,300739.0,tonnes,1394.0
Maharashtra,Hingoli,soybean,kharif,2019,234176.0,463500.0,tonnes,1979.0
Maharashtra,Hingoli,soybean,kharif,2020,235553.92,254685.73,tonnes,1081.0
Maharashtra,Hingoli,soybean,kharif,2021,252058.53,241824.95,tonnes,959.0
Maharashtra,Hingoli,soybean,kharif,2022,249507.0,387409.0,tonnes,1553.0
Maharashtra,Hingoli,soybean,kharif,2023,272249.74,279230.37,tonnes,1026.0
Maharashtra,Hingoli,soybean,kharif,2024,275313.59,295673.65,tonnes,1074.0
Maharashtra,Hingoli,soybean,summer,2021,4351.1,2262.49,tonnes,520.0
Maharashtra,Hingoli,soybean,summer,2022,4763.7,2477.03,tonnes,520.0
Maharashtra,Hingoli,sugarcane,kharif,2013,7200.0,516500.0,tonnes,71736.0
Maharashtra,Hingoli,sugarcane,kharif,2014,15200.0,855700.0,tonnes,56296.0
Maharashtra,Hingoli,sugarcane,kharif,2015,15200.0,462800.0,tonnes,30447.0
Maharashtra,Hingoli,sugarcane,kharif,2016,5000.0,312700.0,tonnes,62540.0
Maharashtra,Hingoli,sugarcane,kharif,2017,9500.0,66500.0,tonnes,7000.0
Maharashtra,Hingoli,sugarcane,kharif,2018,11200.0,784000.0,tonnes,70000.0
Maharashtra,Hingoli,sugarcane,kharif,2019,6121.0,401124.0,tonnes,65532.0
Maharashtra,Hingoli,sugarcane,kharif,2020,13500.0,1017432.18,tonnes,75365.0
Maharashtra,Hingoli,sugarcane,kharif,2021,27968.0,2311725.13,tonnes,82656.0
Maharashtra,Hingoli,sugarcane,kharif,2022,17520.0,1203448.8,tonnes,68690.0
Maharashtra,Hingoli,sugarcane,kharif,2023,8571.55,585924.46,tonnes,68357.0
Maharashtra,Hingoli,sugarcane,kharif,2024,19684.35,1351982.45,tonnes,68683.0
Maharashtra,Hingoli,wheat,rabi,2013,77200.0,74200.0,tonnes,961.0
Maharashtra,Hingoli,wheat,rabi,2014,49500.0,33000.0,tonnes,667.0
Maharashtra,Hingoli,wheat,rabi,2015,26200.0,16100.0,tonnes,615.0
Maharashtra,Hingoli,wheat,rabi,2016,31800.0,49900.0,tonnes,1569.0
Maharashtra,Hingoli,wheat,rabi,2017,29700.0,34500.0,tonnes,1162.0
Maharashtra,Hingoli,wheat,rabi,2018,27100.0,35300.0,tonnes,1303.0
Maharashtra,Hingoli,wheat,rabi,2019,36557.0,28835.0,tonnes,789.0
Maharashtra,Hingoli,wheat,rabi,2020,33529.33,52475.04,tonnes,1565.0
Maharashtra,Hingoli,wheat,rabi,2021,30677.44,45740.06,tonnes,1491.0
Maharashtra,Hingoli,wheat,rabi,2022,29966.96,51312.43,tonnes,1712.0
Maharashtra,Hingoli,wheat,rabi,2023,36615.17,60268.14,tonnes,1646.0
Maharashtra,Hingoli,wheat,rabi,2024,40718.74,63520.76,tonnes,1560.0
Maharashtra,Jalgaon,chickpea,rabi,2013,34400.0,39800.0,tonnes,1157.0
Maharashtra,Jalgaon,chickpea,rabi,2014,51600.0,54400.0,tonnes,1054.0
Maharashtra,Jalgaon,chickpea,rabi,2015,49100.0,46500.0,tonnes,947.0
Maharashtra,Jalgaon,chickpea,rabi,2016,64300.0,89200.0,tonnes,1387.0
Maharashtra,Jalgaon,chickpea,rabi,2017,72300.0,92200.0,tonnes,1275.0
Maharashtra,Jalgaon,chickpea,rabi,2018,65870.0,71000.0,tonnes,1078.0
Maharashtra,Jalgaon,chickpea,rabi,2019,71507.0,98618.0,tonnes,1379.0
Maharashtra,Jalgaon,chickpea,rabi,2020,78638.76,89338.23,tonnes,1136.0
Maharashtra,Jalgaon,chickpea,rabi,2021,86095.29,130880.34,tonnes,1520.0
Maharashtra,Jalgaon,chickpea,rabi,2022,86656.42,91950.26,tonnes,1061.0
Maharashtra,Jalgaon,chickpea,rabi,2023,70073.35,102238.97,tonnes,1459.0
Maharashtra,Jalgaon,chickpea,rabi,2024,80632.39,97408.9,tonnes,1208.0
Maharashtra,Jalgaon,cotton,kharif,2013,558800.0,1504000.0,bales_170kg,458.0
Maharashtra,Jalgaon,cotton,kharif,2014,471100.0,768100.0,bales_170kg,277.0
Maharashtra,Jalgaon,cotton,kharif,2015,461600.0,605900.0,bales_170kg,223.0
Maharashtra,Jalgaon,cotton,kharif,2016,504200.0,1462300.0,bales_170kg,493.0
Maharashtra,Jalgaon,cotton,kharif,2017,514300.0,834900.0,bales_170kg,276.0
Maharashtra,Jalgaon,cotton,kharif,2018,503476.0,905203.0,bales_170kg,306.0
Maharashtra,Jalgaon,cotton,kharif,2019,534101.0,502286.0,bales_170kg,160.0
Maharashtra,Jalgaon,cotton,kharif,2020,540600.0,1402200.0,bales_170kg,441.0
Maharashtra,Jalgaon,cotton,kharif,2021,489400.0,731200.0,bales_170kg,254.0
Maharashtra,Jalgaon,cotton,kharif,2022,531076.79,1294918.6,bales_170kg,415.0
Maharashtra,Jalgaon,cotton,kharif,2023,560757.65,596325.4,bales_170kg,181.0
Maharashtra,Jalgaon,cotton,kharif,2024,506697.71,806443.29,bales_170kg,271.0
Maharashtra,Jalgaon,groundnut,kharif,2013,1100.0,1300.0,tonnes,1182.0
Maharashtra,Jalgaon,groundnut,kharif,2014,2400.0,2100.0,tonnes,875.0
Maharashtra,Jalgaon,groundnut,kharif,2015,2600.0,1200.0,tonnes,462.0
Maharashtra,Jalgaon,groundnut,kharif,2016,2700.0,3600.0,tonnes,1333.0
Maharashtra,Jalgaon,groundnut,kharif,2017,3000.0,3100.0,tonnes,1033.0
Maharashtra,Jalgaon,groundnut,kharif,2018,3395.0,2413.0,tonnes,711.0
Maharashtra,Jalgaon,groundnut,kharif,2019,3457.0,2570.0,tonnes,743.0
Maharashtra,Jalgaon,groundnut,kharif,2020,3524.95,3481.95,tonnes,988.0
Maharashtra,Jalgaon,groundnut,kharif,2021,3280.23,2309.61,tonnes,704.0
Maharashtra,Jalgaon,groundnut,kharif,2022,3506.88,2933.51,tonnes,836.0
Maharashtra,Jalgaon,groundnut,kharif,2023,1067.89,548.4,tonnes,514.0
Maharashtra,Jalgaon,groundnut,kharif,2024,1112.62,1121.41,tonnes,1008.0
Maharashtra,Jalgaon,groundnut,summer,2013,2000.0,2300.0,tonnes,1150.0
Maharashtra,Jalgaon,groundnut,summer,2014,2400.0,3100.0,tonnes,1292.0
Maharashtra,Jalgaon,groundnut,summer,2015,1900.0,2000.0,tonnes,1053.0
Maharashtra,Jalgaon,groundnut,summer,2016,2200.0,3200.0,tonnes,1455.0
Maharashtra,Jalgaon,groundnut,summer,2017,2054.0,2500.0,tonnes,1217.0
Maharashtra,Jalgaon,groundnut,summer,2018,410.0,510.0,tonnes,1244.0
Maharashtra,Jalgaon,groundnut,summer,2019,1058.0,2445.0,tonnes,2311.0
Maharashtra,Jalgaon,groundnut,summer,2020,1308.95,2350.08,tonnes,1795.0
Maharashtra,Jalgaon,groundnut,summer,2021,1471.41,2472.98,tonnes,1681.0
Maharashtra,Jalgaon,groundnut,summer,2022,2595.0,4306.0,tonnes,1659.0
Maharashtra,Jalgaon,groundnut,summer,2023,1997.95,2914.8,tonnes,1459.0
Maharashtra,Jalgaon,groundnut,summer,2024,3446.59,4848.18,tonnes,1407.0
Maharashtra,Jalgaon,maize,kharif,2013,70700.0,270500.0,tonnes,3826.0
Maharashtra,Jalgaon,maize,kharif,2014,94600.0,235100.0,tonnes,2485.0
Maharashtra,Jalgaon,maize,kharif,2015,94600.0,124900.0,tonnes,1320.0
Maharashtra,Jalgaon,maize,kharif,2016,113300.0,420000.0,tonnes,3707.0
Maharashtra,Jalgaon,maize,kharif,2017,120500.0,411500.0,tonnes,3415.0
Maharashtra,Jalgaon,maize,kharif,2018,125887.0,217339.0,tonnes,1726.0
Maharashtra,Jalgaon,maize,kharif,2019,136345.0,103816.0,tonnes,761.0
Maharashtra,Jalgaon,maize,kharif,2020,131607.77,434967.0,tonnes,3305.0
Maharashtra,Jalgaon,maize,kharif,2021,132530.7,256844.49,tonnes,1938.0
Maharashtra,Jalgaon,maize,kharif,2022,136344.0,418032.0,tonnes,3066.0
Maharashtra,Jalgaon,maize,kharif,2023,86961.09,161801.39,tonnes,1861.0
Maharashtra,Jalgaon,maize,kharif,2024,130341.14,405736.27,tonnes,3113.0
Maharashtra,Jalgaon,maize,rabi,2013,11600.0,26100.0,tonnes,2250.0
Maharashtra,Jalgaon,maize,rabi,2014,50100.0,188200.0,tonnes,3756.0
Maharashtra,Jalgaon,maize,rabi,2015,51500.0,131600.0,tonnes,2555.0
Maharashtra,Jalgaon,maize,rabi,2016,64200.0,203100.0,tonnes,3164.0
Maharashtra,Jalgaon,maize,rabi,2017,72900.0,290200.0,tonnes,3981.0
Maharashtra,Jalgaon,maize,rabi,2018,49060.0,129700.0,tonnes,2644.0
Maharashtra,Jalgaon,maize,rabi,2019,70069.0,220717.0,tonnes,3150.0
Maharashtra,Jalgaon,maize,rabi,2020,71546.91,196468.56,tonnes,2746.0
Maharashtra,Jalgaon,maize,rabi,2021,80321.92,382910.66,tonnes,4767.0
Maharashtra,Jalgaon,maize,rabi,2022,91096.32,305588.85,tonnes,3355.0
Maharashtra,Jalgaon,maize,rabi,2023,78712.02,241118.56,tonnes,3063.0
Maharashtra,Jalgaon,maize,rabi,2024,97575.28,306960.03,tonnes,3146.0
Maharashtra,Jalgaon,maize,summer,2013,5200.0,8000.0,tonnes,1538.0
Maharashtra,Jalgaon,maize,summer,2014,9400.0,23500.0,tonnes,2500.0
Maharashtra,Jalgaon,maize,summer,2015,2800.0,4300.0,tonnes,1536.0
Maharashtra,Jalgaon,maize,summer,2016,20100.0,47200.0,tonnes,2348.0
Maharashtra,Jalgaon,maize,summer,2017,9266.0,21800.0,tonnes,2353.0
Maharashtra,Jalgaon,maize,summer,2018,3100.0,4810.0,tonnes,1552.0
Maharashtra,Jalgaon,maize,summer,2019,6633.0,23880.0,tonnes,3600.0
Maharashtra,Jalgaon,maize,summer,2020,6469.77,13327.72,tonnes,2060.0
Maharashtra,Jalgaon,maize,summer,2021,7635.0,15728.1,tonnes,2060.0
Maharashtra,Jalgaon,maize,summer,2022,14239.0,33917.3,tonnes,2382.0
Maharashtra,Jalgaon,maize,summer,2023,8116.71,19335.62,tonnes,2382.0
Maharashtra,Jalgaon,maize,summer,2024,14589.73,53228.64,tonnes,3648.0
Maharashtra,Jalgaon,pearl_millet,kharif,2013,17700.0,20800.0,tonnes,1175.0
Maharashtra,Jalgaon,pearl_millet,kharif,2014,19000.0,23200.0,tonnes,1221.0
Maharashtra,Jalgaon,pearl_millet,kharif,2015,18400.0,11400.0,tonnes,620.0
Maharashtra,Jalgaon,pearl_millet,kharif,2016,20500.0,28700.0,tonnes,1400.0
Maharashtra,Jalgaon,pearl_millet,kharif,2017,20200.0,20200.0,tonnes,1000.0
Maharashtra,Jalgaon,pearl_millet,kharif,2018,20019.0,15573.0,tonnes,778.0
Maharashtra,Jalgaon,pearl_millet,kharif,2019,11896.0,9472.0,tonnes,796.0
Maharashtra,Jalgaon,pearl_millet,kharif,2020,10971.26,13883.17,tonnes,1265.0
Maharashtra,Jalgaon,pearl_millet,kharif,2021,10717.73,5182.02,tonnes,484.0
Maharashtra,Jalgaon,pearl_millet,kharif,2022,10637.0,12628.0,tonnes,1187.0
Maharashtra,Jalgaon,pearl_millet,kharif,2023,9800.66,4332.52,tonnes,442.0
Maharashtra,Jalgaon,pearl_millet,kharif,2024,8173.51,9795.06,tonnes,1198.0
Maharashtra,Jalgaon,pearl_millet,summer,2021,7257.0,6603.87,tonnes,910.0
Maharashtra,Jalgaon,pearl_millet,summer,2022,6805.1,6192.64,tonnes,910.0
Maharashtra,Jalgaon,pearl_millet,summer,2023,7115.86,6475.4,tonnes,910.0
Maharashtra,Jalgaon,pearl_millet,summer,2024,6442.96,5018.69,tonnes,779.0
Maharashtra,Jalgaon,pigeon_pea,kharif,2013,18400.0,20400.0,tonnes,1109.0
Maharashtra,Jalgaon,pigeon_pea,kharif,2014,15600.0,8200.0,tonnes,526.0
Maharashtra,Jalgaon,pigeon_pea,kharif,2015,15500.0,7700.0,tonnes,497.0
Maharashtra,Jalgaon,pigeon_pea,kharif,2016,19764.0,21387.0,tonnes,1082.0
Maharashtra,Jalgaon,pigeon_pea,kharif,2017,19500.0,14400.0,tonnes,738.0
Maharashtra,Jalgaon,pigeon_pea,kharif,2018,20891.0,10516.0,tonnes,503.0
Maharashtra,Jalgaon,pigeon_pea,kharif,2019,21751.0,11066.0,tonnes,509.0
Maharashtra,Jalgaon,pigeon_pea,kharif,2020,21085.5,17119.11,tonnes,812.0
Maharashtra,Jalgaon,pigeon_pea,kharif,2021,22786.21,13156.76,tonnes,577.0
Maharashtra,Jalgaon,pigeon_pea,kharif,2022,11916.0,9023.0,tonnes,757.0
Maharashtra,Jalgaon,pigeon_pea,kharif,2023,11535.19,6527.18,tonnes,566.0
Maharashtra,Jalgaon,pigeon_pea,kharif,2024,14582.35,11545.24,tonnes,792.0
Maharashtra,Jalgaon,sorghum,kharif,2013,77600.0,178300.0,tonnes,2298.0
Maharashtra,Jalgaon,sorghum,kharif,2014,53500.0,119600.0,tonnes,2236.0
Maharashtra,Jalgaon,sorghum,kharif,2015,51500.0,64100.0,tonnes,1245.0
Maharashtra,Jalgaon,sorghum,kharif,2016,54900.0,126400.0,tonnes,2302.0
Maharashtra,Jalgaon,sorghum,kharif,2017,55700.0,105800.0,tonnes,1899.0
Maharashtra,Jalgaon,sorghum,kharif,2018,59327.0,87350.0,tonnes,1472.0
Maharashtra,Jalgaon,sorghum,kharif,2019,38982.0,25783.0,tonnes,661.0
Maharashtra,Jalgaon,sorghum,kharif,2020,39875.97,69793.06,tonnes,1750.0
Maharashtra,Jalgaon,sorghum,kharif,2021,36062.99,37685.82,tonnes,1045.0
Maharashtra,Jalgaon,sorghum,kharif,2022,22278.17,43346.64,tonnes,1946.0
Maharashtra,Jalgaon,sorghum,kharif,2023,19668.88,24313.54,tonnes,1236.0
Maharashtra,Jalgaon,sorghum,kharif,2024,19867.53,30049.48,tonnes,1512.0
Maharashtra,Jalgaon,sorghum,rabi,2013,25700.0,40300.0,tonnes,1568.0
Maharashtra,Jalgaon,sorghum,rabi,2014,32500.0,45300.0,tonnes,1394.0
Maharashtra,Jalgaon,sorghum,rabi,2015,30800.0,34700.0,tonnes,1127.0
Maharashtra,Jalgaon,sorghum,rabi,2016,34100.0,53800.0,tonnes,1578.0
Maharashtra,Jalgaon,sorghum,rabi,2017,35400.0,60800.0,tonnes,1718.0
Maharashtra,Jalgaon,sorghum,rabi,2018,30704.0,44700.0,tonnes,1456.0
Maharashtra,Jalgaon,sorghum,rabi,2019,46132.0,75935.0,tonnes,1646.0
Maharashtra,Jalgaon,sorghum,rabi,2020,47850.42,75726.83,tonnes,1583.0
Maharashtra,Jalgaon,sorghum,rabi,2021,53429.19,91629.99,tonnes,1715.0
Maharashtra,Jalgaon,sorghum,rabi,2022,38751.14,70599.93,tonnes,1822.0
Maharashtra,Jalgaon,sorghum,rabi,2023,47684.18,94929.29,tonnes,1991.0
Maharashtra,Jalgaon,sorghum,rabi,2024,74085.24,126013.85,tonnes,1701.0
Maharashtra,Jalgaon,sorghum,summer,2021,229.0,190.4,tonnes,831.0
Maharashtra,Jalgaon,sorghum,summer,2022,175.0,145.5,tonnes,831.0
Maharashtra,Jalgaon,sorghum,summer,2023,955.08,793.9,tonnes,831.0
Maharashtra,Jalgaon,sorghum,summer,2024,1744.1,1450.29,tonnes,832.0
Maharashtra,Jalgaon,soybean,kharif,2013,15000.0,26500.0,tonnes,1767.0
Maharashtra,Jalgaon,soybean,kharif,2014,25000.0,35400.0,tonnes,1416.0
Maharashtra,Jalgaon,soybean,kharif,2015,31800.0,17600.0,tonnes,553.0
Maharashtra,Jalgaon,soybean,kharif,2016,33900.0,63600.0,tonnes,1876.0
Maharashtra,Jalgaon,soybean,kharif,2017,34139.0,55900.0,tonnes,1637.0
Maharashtra,Jalgaon,soybean,kharif,2018,32232.0,46823.0,tonnes,1453.0
Maharashtra,Jalgaon,soybean,kharif,2019,32790.0,18001.0,tonnes,549.0
Maharashtra,Jalgaon,soybean,kharif,2020,33220.92,39601.77,tonnes,1192.0
Maharashtra,Jalgaon,soybean,kharif,2021,28319.61,16159.17,tonnes,571.0
Maharashtra,Jalgaon,soybean,kharif,2022,24434.0,35581.0,tonnes,1456.0
Maharashtra,Jalgaon,soybean,kharif,2023,19889.98,14970.95,tonnes,753.0
Maharashtra,Jalgaon,soybean,kharif,2024,20628.05,25308.56,tonnes,1227.0
Maharashtra,Jalgaon,soybean,summer,2021,1430.4,2145.6,tonnes,1500.0
Maharashtra,Jalgaon,soybean,summer,2022,641.0,961.5,tonnes,1500.0
Maharashtra,Jalgaon,sugarcane,kharif,2013,11700.0,883200.0,tonnes,75487.0
Maharashtra,Jalgaon,sugarcane,kharif,2014,7900.0,553600.0,tonnes,70076.0
Maharashtra,Jalgaon,sugarcane,kharif,2015,10000.0,776600.0,tonnes,77660.0
Maharashtra,Jalgaon,sugarcane,kharif,2016,9163.0,845900.0,tonnes,92317.0
Maharashtra,Jalgaon,sugarcane,kharif,2017,9330.0,793100.0,tonnes,85005.0
Maharashtra,Jalgaon,sugarcane,kharif,2018,10006.0,689413.0,tonnes,68900.0
Maharashtra,Jalgaon,sugarcane,kharif,2019,6988.0,483270.0,tonnes,69157.0
Maharashtra,Jalgaon,sugarcane,kharif,2020,4860.0,535070.41,tonnes,110097.0
Maharashtra,Jalgaon,sugarcane,kharif,2021,12035.0,731795.42,tonnes,60806.0
Maharashtra,Jalgaon,sugarcane,kharif,2022,16000.0,1120000.0,tonnes,70000.0
Maharashtra,Jalgaon,sugarcane,kharif,2023,6357.99,442929.58,tonnes,69665.0
Maharashtra,Jalgaon,sugarcane,kharif,2024,3706.99,315430.69,tonnes,85091.0
Maharashtra,Jalgaon,wheat,rabi,2013,25300.0,64800.0,tonnes,2561.0
Maharashtra,Jalgaon,wheat,rabi,2014,49600.0,81100.0,tonnes,1635.0
Maharashtra,Jalgaon,wheat,rabi,2015,42300.0,63500.0,tonnes,1501.0
Maharashtra,Jalgaon,wheat,rabi,2016,52700.0,106100.0,tonnes,2013.0
Maharashtra,Jalgaon,wheat,rabi,2017,51014.0,97300.0,tonnes,1907.0
Maharashtra,Jalgaon,wheat,rabi,2018,41540.0,55500.0,tonnes,1336.0
Maharashtra,Jalgaon,wheat,rabi,2019,77133.0,190532.0,tonnes,2470.0
Maharashtra,Jalgaon,wheat,rabi,2020,81020.76,144857.52,tonnes,1788.0
Maharashtra,Jalgaon,wheat,rabi,2021,79731.24,122840.33,tonnes,1541.0
Maharashtra,Jalgaon,wheat,rabi,2022,79887.65,166773.46,tonnes,2088.0
Maharashtra,Jalgaon,wheat,rabi,2023,44272.17,95199.47,tonnes,2150.0
Maharashtra,Jalgaon,wheat,rabi,2024,56126.91,138287.25,tonnes,2464.0
Maharashtra,Jalna,chickpea,rabi,2013,26900.0,23600.0,tonnes,877.0
Maharashtra,Jalna,chickpea,rabi,2014,27100.0,6800.0,tonnes,251.0
Maharashtra,Jalna,chickpea,rabi,2015,29800.0,8400.0,tonnes,282.0
Maharashtra,Jalna,chickpea,rabi,2016,56300.0,67600.0,tonnes,1201.0
Maharashtra,Jalna,chickpea,rabi,2017,59200.0,43000.0,tonnes,726.0
Maharashtra,Jalna,chickpea,rabi,2018,23880.0,11200.0,tonnes,469.0
Maharashtra,Jalna,chickpea,rabi,2019,29420.0,30081.0,tonnes,1022.0
Maharashtra,Jalna,chickpea,rabi,2020,38665.51,48275.35,tonnes,1249.0
Maharashtra,Jalna,chickpea,rabi,2021,43046.97,56779.81,tonnes,1319.0
Maharashtra,Jalna,chickpea,rabi,2022,105875.02,127700.1,tonnes,1206.0
Maharashtra,Jalna,chickpea,rabi,2023,88729.06,84861.38,tonnes,956.0
Maharashtra,Jalna,chickpea,rabi,2024,104043.93,132990.33,tonnes,1278.0
Maharashtra,Jalna,cotton,kharif,2013,298800.0,681400.0,bales_170kg,388.0
Maharashtra,Jalna,cotton,kharif,2014,294200.0,159100.0,bales_170kg,92.0
Maharashtra,Jalna,cotton,kharif,2015,286100.0,149100.0,bales_170kg,89.0
Maharashtra,Jalna,cotton,kharif,2016,266400.0,698800.0,bales_170kg,446.0
Maharashtra,Jalna,cotton,kharif,2017,279539.0,174600.0,bales_170kg,106.0
Maharashtra,Jalna,cotton,kharif,2018,302725.0,347347.0,bales_170kg,195.0
Maharashtra,Jalna,cotton,kharif,2019,330994.0,771154.0,bales_170kg,396.0
Maharashtra,Jalna,cotton,kharif,2020,342500.0,785900.0,bales_170kg,390.0
Maharashtra,Jalna,cotton,kharif,2021,333880.0,610800.0,bales_170kg,311.0
Maharashtra,Jalna,cotton,kharif,2022,303128.95,687786.4,bales_170kg,386.0
Maharashtra,Jalna,cotton,kharif,2023,297468.94,531505.93,bales_170kg,304.0
Maharashtra,Jalna,cotton,kharif,2024,292076.53,480297.47,bales_170kg,280.0
Maharashtra,Jalna,groundnut,kharif,2013,200.0,170.0,tonnes,850.0
Maharashtra,Jalna,groundnut,kharif,2014,800.0,300.0,tonnes,375.0
Maharashtra,Jalna,groundnut,kharif,2015,900.0,300.0,tonnes,333.0
Maharashtra,Jalna,groundnut,kharif,2016,900.0,500.0,tonnes,556.0
Maharashtra,Jalna,groundnut,kharif,2017,1286.0,700.0,tonnes,544.0
Maharashtra,Jalna,groundnut,kharif,2018,910.0,1199.0,tonnes,1318.0
Maharashtra,Jalna,groundnut,kharif,2019,1027.0,2406.0,tonnes,2343.0
Maharashtra,Jalna,groundnut,kharif,2020,1228.4,1101.61,tonnes,897.0
Maharashtra,Jalna,groundnut,kharif,2021,1560.09,1078.65,tonnes,691.0
Maharashtra,Jalna,groundnut,kharif,2022,1554.88,1467.34,tonnes,944.0
Maharashtra,Jalna,groundnut,kharif,2023,1963.85,644.26,tonnes,328.0
Maharashtra,Jalna,groundnut,kharif,2024,1707.66,1893.8,tonnes,1109.0
Maharashtra,Jalna,groundnut,summer,2013,800.0,500.0,tonnes,625.0
Maharashtra,Jalna,groundnut,summer,2015,400.0,200.0,tonnes,500.0
Maharashtra,Jalna,groundnut,summer,2016,200.0,300.0,tonnes,1500.0
Maharashtra,Jalna,groundnut,summer,2017,272.0,300.0,tonnes,1103.0
Maharashtra,Jalna,groundnut,summer,2018,255.0,210.0,tonnes,824.0
Maharashtra,Jalna,groundnut,summer,2019,2019.0,2019.0,tonnes,1000.0
Maharashtra,Jalna,groundnut,summer,2020,2019.0,2647.11,tonnes,1311.0
Maharashtra,Jalna,groundnut,summer,2021,2019.0,2446.02,tonnes,1212.0
Maharashtra,Jalna,groundnut,summer,2022,808.0,1234.0,tonnes,1527.0
Maharashtra,Jalna,groundnut,summer,2023,565.31,440.53,tonnes,779.0
Maharashtra,Jalna,groundnut,summer,2024,1245.22,747.31,tonnes,600.0
Maharashtra,Jalna,maize,kharif,2013,73500.0,196400.0,tonnes,2672.0
Maharashtra,Jalna,maize,kharif,2014,57600.0,32200.0,tonnes,559.0
Maharashtra,Jalna,maize,kharif,2015,54400.0,44500.0,tonnes,818.0
Maharashtra,Jalna,maize,kharif,2016,53600.0,130900.0,tonnes,2442.0
Maharashtra,Jalna,maize,kharif,2017,59900.0,119300.0,tonnes,1992.0
Maharashtra,Jalna,maize,kharif,2018,42838.0,57227.0,tonnes,1336.0
Maharashtra,Jalna,maize,kharif,2019,48814.0,164404.0,tonnes,3368.0
Maharashtra,Jalna,maize,kharif,2020,48772.45,190295.45,tonnes,3902.0
Maharashtra,Jalna,maize,kharif,2021,42238.6,117778.12,tonnes,2788.0
Maharashtra,Jalna,maize,kharif,2022,46655.0,157168.0,tonnes,3369.0
Maharashtra,Jalna,maize,kharif,2023,32838.08,80674.35,tonnes,2457.0
Maharashtra,Jalna,maize,kharif,2024,32125.61,89307.93,tonnes,2780.0
Maharashtra,Jalna,maize,rabi,2013,7500.0,16400.0,tonnes,2187.0
Maharashtra,Jalna,maize,rabi,2015,7500.0,12400.0,tonnes,1653.0
Maharashtra,Jalna,maize,rabi,2016,17200.0,76200.0,tonnes,4430.0
Maharashtra,Jalna,maize,rabi,2017,5600.0,13300.0,tonnes,2375.0
Maharashtra,Jalna,maize,rabi,2018,1830.0,2500.0,tonnes,1366.0
Maharashtra,Jalna,maize,rabi,2019,2398.0,9204.0,tonnes,3838.0
Maharashtra,Jalna,maize,rabi,2020,13185.36,61725.89,tonnes,4681.0
Maharashtra,Jalna,maize,rabi,2021,15215.25,93677.25,tonnes,6157.0
Maharashtra,Jalna,maize,rabi,2022,19642.85,97734.96,tonnes,4976.0
Maharashtra,Jalna,maize,rabi,2023,10575.3,21776.13,tonnes,2059.0
Maharashtra,Jalna,maize,rabi,2024,14462.36,46807.23,tonnes,3236.0
Maharashtra,Jalna,maize,summer,2013,2300.0,1200.0,tonnes,522.0
Maharashtra,Jalna,maize,summer,2014,200.0,100.0,tonnes,500.0
Maharashtra,Jalna,maize,summer,2016,500.0,800.0,tonnes,1600.0
Maharashtra,Jalna,maize,summer,2017,440.0,500.0,tonnes,1136.0
Maharashtra,Jalna,maize,summer,2018,48.0,40.0,tonnes,833.0
Maharashtra,Jalna,maize,summer,2019,6177.0,15443.0,tonnes,2500.0
Maharashtra,Jalna,maize,summer,2020,6177.0,9265.5,tonnes,1500.0
Maharashtra,Jalna,maize,summer,2021,6177.0,9265.5,tonnes,1500.0
Maharashtra,Jalna,maize,summer,2022,2779.65,4169.48,tonnes,1500.0
Maharashtra,Jalna,maize,summer,2023,1195.32,1554.05,tonnes,1300.0
Maharashtra,Jalna,maize,summer,2024,3546.24,6029.21,tonnes,1700.0
Maharashtra,Jalna,pearl_millet,kharif,2013,16700.0,20100.0,tonnes,1204.0
Maharashtra,Jalna,pearl_millet,kharif,2014,23300.0,7700.0,tonnes,330.0
Maharashtra,Jalna,pearl_millet,kharif,2015,22700.0,5800.0,tonnes,256.0
Maharashtra,Jalna,pearl_millet,kharif,2016,21900.0,18500.0,tonnes,845.0
Maharashtra,Jalna,pearl_millet,kharif,2017,19500.0,12300.0,tonnes,631.0
Maharashtra,Jalna,pearl_millet,kharif,2018,12362.0,4268.0,tonnes,345.0
Maharashtra,Jalna,pearl_millet,kharif,2019,14571.0,18761.0,tonnes,1288.0
Maharashtra,Jalna,pearl_millet,kharif,2020,15122.19,17402.16,tonnes,1151.0
Maharashtra,Jalna,pearl_millet,kharif,2021,14817.92,9098.62,tonnes,614.0
Maharashtra,Jalna,pearl_millet,kharif,2022,11588.0,9960.0,tonnes,860.0
Maharashtra,Jalna,pearl_millet,kharif,2023,7531.93,5429.52,tonnes,721.0
Maharashtra,Jalna,pearl_millet,kharif,2024,7704.75,7083.13,tonnes,919.0
Maharashtra,Jalna,pearl_millet,summer,2021,73.0,54.75,tonnes,750.0
Maharashtra,Jalna,pearl_millet,summer,2022,2605.0,2084.0,tonnes,800.0
Maharashtra,Jalna,pearl_millet,summer,2023,1403.23,982.26,tonnes,700.0
Maharashtra,Jalna,pearl_millet,summer,2024,4141.11,3519.69,tonnes,850.0
Maharashtra,Jalna,pigeon_pea,kharif,2013,44200.0,47500.0,tonnes,1075.0
Maharashtra,Jalna,pigeon_pea,kharif,2014,47200.0,11900.0,tonnes,252.0
Maharashtra,Jalna,pigeon_pea,kharif,2015,46500.0,10100.0,tonnes,217.0
Maharashtra,Jalna,pigeon_pea,kharif,2016,46176.0,61424.0,tonnes,1330.0
Maharashtra,Jalna,pigeon_pea,kharif,2017,54400.0,42600.0,tonnes,783.0
Maharashtra,Jalna,pigeon_pea,kharif,2018,54333.0,19263.0,tonnes,355.0
Maharashtra,Jalna,pigeon_pea,kharif,2019,54922.0,70046.0,tonnes,1275.0
Maharashtra,Jalna,pigeon_pea,kharif,2020,53863.75,66346.67,tonnes,1232.0
Maharashtra,Jalna,pigeon_pea,kharif,2021,61715.52,69226.3,tonnes,1122.0
Maharashtra,Jalna,pigeon_pea,kharif,2022,48935.0,56114.0,tonnes,1147.0
Maharashtra,Jalna,pigeon_pea,kharif,2023,48118.39,40666.39,tonnes,845.0
Maharashtra,Jalna,pigeon_pea,kharif,2024,50693.34,45216.4,tonnes,892.0
Maharashtra,Jalna,rice,kharif,2019,11.0,2.0,tonnes,182.0
Maharashtra,Jalna,sorghum,kharif,2013,1600.0,1900.0,tonnes,1188.0
Maharashtra,Jalna,sorghum,kharif,2014,1100.0,300.0,tonnes,273.0
Maharashtra,Jalna,sorghum,kharif,2015,1000.0,200.0,tonnes,200.0
Maharashtra,Jalna,sorghum,kharif,2016,2200.0,3300.0,tonnes,1500.0
Maharashtra,Jalna,sorghum,kharif,2017,200.0,46.0,tonnes,230.0
Maharashtra,Jalna,sorghum,kharif,2018,161.0,35.0,tonnes,217.0
Maharashtra,Jalna,sorghum,kharif,2019,163.0,177.0,tonnes,1086.0
Maharashtra,Jalna,sorghum,kharif,2020,456.51,1084.84,tonnes,2376.0
Maharashtra,Jalna,sorghum,kharif,2021,268.96,143.76,tonnes,534.0
Maharashtra,Jalna,sorghum,kharif,2022,331.65,315.8,tonnes,952.0
Maharashtra,Jalna,sorghum,kharif,2023,252.42,188.17,tonnes,745.0
Maharashtra,Jalna,sorghum,kharif,2024,153.02,164.52,tonnes,1075.0
Maharashtra,Jalna,sorghum,rabi,2013,111400.0,88800.0,tonnes,797.0
Maharashtra,Jalna,sorghum,rabi,2014,23100.0,6500.0,tonnes,281.0
Maharashtra,Jalna,sorghum,rabi,2015,109400.0,33400.0,tonnes,305.0
Maharashtra,Jalna,sorghum,rabi,2016,102200.0,113800.0,tonnes,1114.0
Maharashtra,Jalna,sorghum,rabi,2017,91700.0,68000.0,tonnes,742.0
Maharashtra,Jalna,sorghum,rabi,2018,51070.0,23800.0,tonnes,466.0
Maharashtra,Jalna,sorghum,rabi,2019,99836.0,91888.0,tonnes,920.0
Maharashtra,Jalna,sorghum,rabi,2020,110673.98,120419.4,tonnes,1088.0
Maharashtra,Jalna,sorghum,rabi,2021,124345.8,136760.49,tonnes,1100.0
Maharashtra,Jalna,sorghum,rabi,2022,76663.0,92490.08,tonnes,1206.0
Maharashtra,Jalna,sorghum,rabi,2023,99269.65,92388.89,tonnes,931.0
Maharashtra,Jalna,sorghum,rabi,2024,86119.28,95715.95,tonnes,1111.0
Maharashtra,Jalna,sorghum,summer,2022,9.0,7.2,tonnes,800.0
Maharashtra,Jalna,sorghum,summer,2023,158.71,103.14,tonnes,650.0
Maharashtra,Jalna,sorghum,summer,2024,252.33,195.58,tonnes,775.0
Maharashtra,Jalna,soybean,kharif,2013,74600.0,123600.0,tonnes,1657.0
Maharashtra,Jalna,soybean,kharif,2014,109300.0,40300.0,tonnes,369.0
Maharashtra,Jalna,soybean,kharif,2015,120200.0,57400.0,tonnes,478.0
Maharashtra,Jalna,soybean,kharif,2016,112800.0,171500.0,tonnes,1520.0
Maharashtra,Jalna,soybean,kharif,2017,115400.0,80500.0,tonnes,698.0
Maharashtra,Jalna,soybean,kharif,2018,135760.0,122115.0,tonnes,899.0
Maharashtra,Jalna,soybean,kharif,2019,144771.0,248095.0,tonnes,1714.0
Maharashtra,Jalna,soybean,kharif,2020,159698.65,319306.36,tonnes,1999.0
Maharashtra,Jalna,soybean,kharif,2021,180552.44,241326.39,tonnes,1337.0
Maharashtra,Jalna,soybean,kharif,2022,205362.0,353593.0,tonnes,1722.0
Maharashtra,Jalna,soybean,kharif,2023,217706.98,223409.15,tonnes,1026.0
Maharashtra,Jalna,soybean,kharif,2024,217340.26,305865.21,tonnes,1407.0
Maharashtra,Jalna,soybean,summer,2021,4601.0,4601.0,tonnes,1000.0
Maharashtra,Jalna,soybean,summer,2022,2287.9,2287.9,tonnes,1000.0
Maharashtra,Jalna,sugarcane,kharif,2013,13500.0,972300.0,tonnes,72022.0
Maharashtra,Jalna,sugarcane,kharif,2014,21100.0,1007500.0,tonnes,47749.0
Maharashtra,Jalna,sugarcane,kharif,2015,26100.0,1334100.0,tonnes,51115.0
Maharashtra,Jalna,sugarcane,kharif,2016,16430.0,611600.0,tonnes,37225.0
Maharashtra,Jalna,sugarcane,kharif,2017,23792.0,1417400.0,tonnes,59575.0
Maharashtra,Jalna,sugarcane,kharif,2018,37766.0,2001598.0,tonnes,53000.0
Maharashtra,Jalna,sugarcane,kharif,2019,26471.0,1490170.0,tonnes,56294.0
Maharashtra,Jalna,sugarcane,kharif,2020,39093.0,3009886.66,tonnes,76993.0
Maharashtra,Jalna,sugarcane,kharif,2021,34434.0,2001481.13,tonnes,58125.0
Maharashtra,Jalna,sugarcane,kharif,2022,47227.0,3778160.0,tonnes,80000.0
Maharashtra,Jalna,sugarcane,kharif,2023,48275.1,3363084.64,tonnes,69665.0
Maharashtra,Jalna,sugarcane,kharif,2024,31694.02,2041021.28,tonnes,64398.0
Maharashtra,Jalna,wheat,rabi,2013,9800.0,13700.0,tonnes,1398.0
Maharashtra,Jalna,wheat,rabi,2014,1900.0,1500.0,tonnes,789.0
Maharashtra,Jalna,wheat,rabi,2015,11600.0,8300.0,tonnes,716.0
Maharashtra,Jalna,wheat,rabi,2016,39100.0,63000.0,tonnes,1611.0
Maharashtra,Jalna,wheat,rabi,2017,33200.0,38600.0,tonnes,1163.0
Maharashtra,Jalna,wheat,rabi,2018,14730.0,15500.0,tonnes,1052.0
Maharashtra,Jalna,wheat,rabi,2019,18162.0,29023.0,tonnes,1598.0
Maharashtra,Jalna,wheat,rabi,2020,23879.33,41767.15,tonnes,1749.0
Maharashtra,Jalna,wheat,rabi,2021,24166.43,44840.09,tonnes,1855.0
Maharashtra,Jalna,wheat,rabi,2022,26697.9,54469.06,tonnes,2040.0
Maharashtra,Jalna,wheat,rabi,2023,41546.08,68978.39,tonnes,1660.0
Maharashtra,Jalna,wheat,rabi,2024,58377.23,109063.88,tonnes,1868.0
Maharashtra,Kolhapur,chickpea,rabi,2013,11400.0,13600.0,tonnes,1193.0
Maharashtra,Kolhapur,chickpea,rabi,2014,6300.0,5700.0,tonnes,905.0
Maharashtra,Kolhapur,chickpea,rabi,2015,4800.0,4000.0,tonnes,833.0
Maharashtra,Kolhapur,chickpea,rabi,2016,8900.0,7500.0,tonnes,843.0
Maharashtra,Kolhapur,chickpea,rabi,2017,5400.0,4600.0,tonnes,852.0
Maharashtra,Kolhapur,chickpea,rabi,2018,5430.0,6400.0,tonnes,1179.0
Maharashtra,Kolhapur,chickpea,rabi,2019,4557.0,4834.0,tonnes,1061.0
Maharashtra,Kolhapur,chickpea,rabi,2020,4864.89,4518.9,tonnes,929.0
Maharashtra,Kolhapur,chickpea,rabi,2021,4817.59,4850.01,tonnes,1007.0
Maharashtra,Kolhapur,chickpea,rabi,2022,4913.73,5430.02,tonnes,1105.0
Maharashtra,Kolhapur,chickpea,rabi,2023,3820.6,3959.6,tonnes,1036.0
Maharashtra,Kolhapur,chickpea,rabi,2024,4016.91,3439.05,tonnes,856.0
Maharashtra,Kolhapur,cotton,kharif,2017,13.0,12.0,bales_170kg,157.0
Maharashtra,Kolhapur,groundnut,kharif,2013,51000.0,89000.0,tonnes,1745.0
Maharashtra,Kolhapur,groundnut,kharif,2014,51300.0,77700.0,tonnes,1515.0
Maharashtra,Kolhapur,groundnut,kharif,2015,53700.0,85100.0,tonnes,1585.0
Maharashtra,Kolhapur,groundnut,kharif,2016,48000.0,90200.0,tonnes,1879.0
Maharashtra,Kolhapur,groundnut,kharif,2017,53800.0,80700.0,tonnes,1500.0
Maharashtra,Kolhapur,groundnut,kharif,2018,42203.0,60741.0,tonnes,1439.0
Maharashtra,Kolhapur,groundnut,kharif,2019,41175.0,48965.0,tonnes,1189.0
Maharashtra,Kolhapur,groundnut,kharif,2020,39561.16,55553.11,tonnes,1404.0
Maharashtra,Kolhapur,groundnut,kharif,2021,42143.39,71597.41,tonnes,1699.0
Maharashtra,Kolhapur,groundnut,kharif,2022,35995.56,51754.42,tonnes,1438.0
Maharashtra,Kolhapur,groundnut,kharif,2023,35945.88,65420.67,tonnes,1820.0
Maharashtra,Kolhapur,groundnut,kharif,2024,34164.15,71435.42,tonnes,2091.0
Maharashtra,Kolhapur,groundnut,summer,2013,2600.0,6100.0,tonnes,2346.0
Maharashtra,Kolhapur,groundnut,summer,2014,3100.0,6400.0,tonnes,2065.0
Maharashtra,Kolhapur,groundnut,summer,2015,2600.0,4800.0,tonnes,1846.0
Maharashtra,Kolhapur,groundnut,summer,2016,900.0,2500.0,tonnes,2778.0
Maharashtra,Kolhapur,groundnut,summer,2017,700.0,1700.0,tonnes,2429.0
Maharashtra,Kolhapur,groundnut,summer,2018,700.0,1670.0,tonnes,2386.0
Maharashtra,Kolhapur,groundnut,summer,2019,911.0,2049.0,tonnes,2249.0
Maharashtra,Kolhapur,groundnut,summer,2020,1124.12,2622.08,tonnes,2333.0
Maharashtra,Kolhapur,groundnut,summer,2021,1240.41,2212.06,tonnes,1783.0
Maharashtra,Kolhapur,groundnut,summer,2022,992.0,1707.0,tonnes,1721.0
Maharashtra,Kolhapur,groundnut,summer,2023,1091.54,2663.93,tonnes,2441.0
Maharashtra,Kolhapur,groundnut,summer,2024,1210.56,2195.7,tonnes,1814.0
Maharashtra,Kolhapur,maize,kharif,2013,2200.0,5000.0,tonnes,2273.0
Maharashtra,Kolhapur,maize,kharif,2014,2900.0,9800.0,tonnes,3379.0
Maharashtra,Kolhapur,maize,kharif,2015,3200.0,6100.0,tonnes,1906.0
Maharashtra,Kolhapur,maize,kharif,2016,3400.0,13700.0,tonnes,4029.0
Maharashtra,Kolhapur,maize,kharif,2017,4400.0,10800.0,tonnes,2455.0
Maharashtra,Kolhapur,maize,kharif,2018,2434.0,7363.0,tonnes,3025.0
Maharashtra,Kolhapur,maize,kharif,2019,1426.0,3839.0,tonnes,2692.0
Maharashtra,Kolhapur,maize,kharif,2020,1036.0,3584.04,tonnes,3459.0
Maharashtra,Kolhapur,maize,kharif,2021,1044.3,3203.19,tonnes,3067.0
Maharashtra,Kolhapur,maize,kharif,2022,1070.0,3134.0,tonnes,2929.0
Maharashtra,Kolhapur,maize,kharif,2023,246.61,554.3,tonnes,2248.0
Maharashtra,Kolhapur,maize,kharif,2024,248.34,776.93,tonnes,3129.0
Maharashtra,Kolhapur,maize,rabi,2013,4300.0,11600.0,tonnes,2698.0
Maharashtra,Kolhapur,maize,rabi,2014,6500.0,19400.0,tonnes,2985.0
Maharashtra,Kolhapur,maize,rabi,2015,7000.0,21100.0,tonnes,3014.0
Maharashtra,Kolhapur,maize,rabi,2016,7400.0,28100.0,tonnes,3797.0
Maharashtra,Kolhapur,maize,rabi,2017,5100.0,17200.0,tonnes,3373.0
Maharashtra,Kolhapur,maize,rabi,2018,2320.0,9300.0,tonnes,4009.0
Maharashtra,Kolhapur,maize,rabi,2019,3201.0,9126.0,tonnes,2851.0
Maharashtra,Kolhapur,maize,rabi,2020,2948.52,8559.14,tonnes,2903.0
Maharashtra,Kolhapur,maize,rabi,2021,2181.4,4341.64,tonnes,1990.0
Maharashtra,Kolhapur,maize,rabi,2022,2568.43,11034.23,tonnes,4296.0
Maharashtra,Kolhapur,maize,rabi,2023,1442.24,5395.31,tonnes,3741.0
Maharashtra,Kolhapur,maize,rabi,2024,1612.77,5446.3,tonnes,3377.0
Maharashtra,Kolhapur,maize,summer,2013,100.0,200.0,tonnes,2000.0
Maharashtra,Kolhapur,maize,summer,2014,100.0,300.0,tonnes,3000.0
Maharashtra,Kolhapur,maize,summer,2015,1700.0,4300.0,tonnes,2529.0
Maharashtra,Kolhapur,maize,summer,2016,1200.0,2600.0,tonnes,2167.0
Maharashtra,Kolhapur,maize,summer,2017,940.0,2400.0,tonnes,2553.0
Maharashtra,Kolhapur,maize,summer,2018,660.0,1620.0,tonnes,2455.0
Maharashtra,Kolhapur,maize,summer,2019,935.0,2273.0,tonnes,2431.0
Maharashtra,Kolhapur,maize,summer,2020,1076.67,2745.5,tonnes,2550.0
Maharashtra,Kolhapur,maize,summer,2021,1250.83,3127.08,tonnes,2500.0
Maharashtra,Kolhapur,maize,summer,2022,750.5,1913.78,tonnes,2550.0
Maharashtra,Kolhapur,maize,summer,2023,825.6,1981.6,tonnes,2400.0
Maharashtra,Kolhapur,maize,summer,2024,889.1,2222.97,tonnes,2500.0
Maharashtra,Kolhapur,pigeon_pea,kharif,2013,400.0,200.0,tonnes,500.0
Maharashtra,Kolhapur,pigeon_pea,kharif,2014,1500.0,400.0,tonnes,267.0
Maharashtra,Kolhapur,pigeon_pea,kharif,2015,1500.0,200.0,tonnes,133.0
Maharashtra,Kolhapur,pigeon_pea,kharif,2016,1321.0,498.0,tonnes,377.0
Maharashtra,Kolhapur,pigeon_pea,kharif,2017,2000.0,300.0,tonnes,150.0
Maharashtra,Kolhapur,pigeon_pea,kharif,2018,1887.0,2504.0,tonnes,1327.0
Maharashtra,Kolhapur,pigeon_pea,kharif,2019,786.0,1545.0,tonnes,1966.0
Maharashtra,Kolhapur,pigeon_pea,kharif,2020,695.57,418.25,tonnes,601.0
Maharashtra,Kolhapur,pigeon_pea,kharif,2021,888.16,1284.19,tonnes,1446.0
Maharashtra,Kolhapur,pigeon_pea,kharif,2022,881.0,1045.0,tonnes,1186.0
Maharashtra,Kolhapur,pigeon_pea,kharif,2023,480.6,167.12,tonnes,348.0
Maharashtra,Kolhapur,pigeon_pea,kharif,2024,349.52,198.41,tonnes,568.0
Maharashtra,Kolhapur,rice,kharif,2013,108800.0,339600.0,tonnes,3121.0
Maharashtra,Kolhapur,rice,kharif,2014,110900.0,335200.0,tonnes,3023.0
Maharashtra,Kolhapur,rice,kharif,2015,111500.0,273300.0,tonnes,2451.0
Maharashtra,Kolhapur,rice,kharif,2016,113800.0,396000.0,tonnes,3480.0
Maharashtra,Kolhapur,rice,kharif,2017,109200.0,333300.0,tonnes,3052.0
Maharashtra,Kolhapur,rice,kharif,2018,106512.0,327615.0,tonnes,3076.0
Maharashtra,Kolhapur,rice,kharif,2019,111359.0,270993.0,tonnes,2434.0
Maharashtra,Kolhapur,rice,kharif,2020,101775.35,341243.79,tonnes,3353.0
Maharashtra,Kolhapur,rice,kharif,2021,95182.0,319462.31,tonnes,3356.0
Maharashtra,Kolhapur,rice,kharif,2022,94433.27,290546.82,tonnes,3077.0
Maharashtra,Kolhapur,rice,kharif,2023,91318.44,291863.54,tonnes,3196.0
Maharashtra,Kolhapur,rice,kharif,2024,88779.58,330919.12,tonnes,3727.0
Maharashtra,Kolhapur,rice,summer,2013,800.0,2200.0,tonnes,2750.0
Maharashtra,Kolhapur,rice,summer,2014,900.0,3400.0,tonnes,3778.0
Maharashtra,Kolhapur,rice,summer,2015,900.0,3300.0,tonnes,3667.0
Maharashtra,Kolhapur,rice,summer,2016,400.0,1800.0,tonnes,4500.0
Maharashtra,Kolhapur,rice,summer,2017,256.0,1000.0,tonnes,3906.0
Maharashtra,Kolhapur,rice,summer,2018,390.0,1330.0,tonnes,3410.0
Maharashtra,Kolhapur,rice,summer,2019,437.0,1487.0,tonnes,3403.0
Maharashtra,Kolhapur,rice,summer,2020,484.24,1274.33,tonnes,2632.0
Maharashtra,Kolhapur,rice,summer,2021,423.71,1318.99,tonnes,3113.0
Maharashtra,Kolhapur,rice,summer,2022,296.6,1173.06,tonnes,3955.0
Maharashtra,Kolhapur,rice,summer,2023,192.79,517.12,tonnes,2682.0
Maharashtra,Kolhapur,rice,summer,2024,252.36,782.21,tonnes,3100.0
Maharashtra,Kolhapur,sorghum,kharif,2013,6600.0,12200.0,tonnes,1848.0
Maharashtra,Kolhapur,sorghum,kharif,2014,6000.0,10900.0,tonnes,1817.0
Maharashtra,Kolhapur,sorghum,kharif,2015,5700.0,10100.0,tonnes,1772.0
Maharashtra,Kolhapur,sorghum,kharif,2016,6000.0,9800.0,tonnes,1633.0
Maharashtra,Kolhapur,sorghum,kharif,2017,4900.0,8600.0,tonnes,1755.0
Maharashtra,Kolhapur,sorghum,kharif,2018,3109.0,4437.0,tonnes,1427.0
Maharashtra,Kolhapur,sorghum,kharif,2019,2970.0,3215.0,tonnes,1082.0
Maharashtra,Kolhapur,sorghum,kharif,2020,3114.86,4844.41,tonnes,1555.0
Maharashtra,Kolhapur,sorghum,kharif,2021,2362.87,4292.86,tonnes,1817.0
Maharashtra,Kolhapur,sorghum,kharif,2022,1186.47,2041.92,tonnes,1721.0
Maharashtra,Kolhapur,sorghum,kharif,2023,766.22,1125.14,tonnes,1468.0
Maharashtra,Kolhapur,sorghum,kharif,2024,861.29,1410.71,tonnes,1638.0
Maharashtra,Kolhapur,sorghum,rabi,2013,20300.0,31200.0,tonnes,1537.0
Maharashtra,Kolhapur,sorghum,rabi,2014,17100.0,27100.0,tonnes,1585.0
Maharashtra,Kolhapur,sorghum,rabi,2015,11400.0,13900.0,tonnes,1219.0
Maharashtra,Kolhapur,sorghum,rabi,2016,15100.0,32600.0,tonnes,2159.0
Maharashtra,Kolhapur,sorghum,rabi,2017,12600.0,19100.0,tonnes,1516.0
Maharashtra,Kolhapur,sorghum,rabi,2018,12200.0,16600.0,tonnes,1361.0
Maharashtra,Kolhapur,sorghum,rabi,2019,13678.0,22357.0,tonnes,1635.0
Maharashtra,Kolhapur,sorghum,rabi,2020,10500.39,18159.11,tonnes,1729.0
Maharashtra,Kolhapur,sorghum,rabi,2021,12143.68,20780.02,tonnes,1711.0
Maharashtra,Kolhapur,sorghum,rabi,2022,13042.25,25820.0,tonnes,1980.0
Maharashtra,Kolhapur,sorghum,rabi,2023,11259.81,17475.42,tonnes,1552.0
Maharashtra,Kolhapur,sorghum,rabi,2024,12274.04,25336.02,tonnes,2064.0
Maharashtra,Kolhapur,soybean,kharif,2013,55400.0,132530.0,tonnes,2392.0
Maharashtra,Kolhapur,soybean,kharif,2014,56000.0,121200.0,tonnes,2164.0
Maharashtra,Kolhapur,soybean,kharif,2015,53900.0,102390.0,tonnes,1900.0
Maharashtra,Kolhapur,soybean,kharif,2016,52700.0,124300.0,tonnes,2359.0
Maharashtra,Kolhapur,soybean,kharif,2017,51300.0,109700.0,tonnes,2138.0
Maharashtra,Kolhapur,soybean,kharif,2018,47645.0,105099.0,tonnes,2206.0
Maharashtra,Kolhapur,soybean,kharif,2019,51583.0,102952.0,tonnes,1996.0
Maharashtra,Kolhapur,soybean,kharif,2020,45217.65,105950.03,tonnes,2343.0
Maharashtra,Kolhapur,soybean,kharif,2021,41711.31,93324.89,tonnes,2237.0
Maharashtra,Kolhapur,soybean,kharif,2022,43601.0,92957.0,tonnes,2132.0
Maharashtra,Kolhapur,soybean,kharif,2023,41394.09,86107.62,tonnes,2080.0
Maharashtra,Kolhapur,soybean,kharif,2024,39668.45,84620.83,tonnes,2133.0
Maharashtra,Kolhapur,soybean,summer,2021,1961.0,3725.9,tonnes,1900.0
Maharashtra,Kolhapur,soybean,summer,2022,414.0,683.1,tonnes,1650.0
Maharashtra,Kolhapur,sugarcane,kharif,2013,135200.0,13580200.0,tonnes,100445.0
Maharashtra,Kolhapur,sugarcane,kharif,2014,146300.0,15031600.0,tonnes,102745.0
Maharashtra,Kolhapur,sugarcane,kharif,2015,145300.0,13097700.0,tonnes,90142.0
Maharashtra,Kolhapur,sugarcane,kharif,2016,132631.0,12499000.0,tonnes,94239.0
Maharashtra,Kolhapur,sugarcane,kharif,2017,143905.0,14779000.0,tonnes,102700.0
Maharashtra,Kolhapur,sugarcane,kharif,2018,149280.0,12491750.0,tonnes,83680.0
Maharashtra,Kolhapur,sugarcane,kharif,2019,140484.0,11384118.0,tonnes,81035.0
Maharashtra,Kolhapur,sugarcane,kharif,2020,157752.0,14699900.74,tonnes,93184.0
Maharashtra,Kolhapur,sugarcane,kharif,2021,178091.0,17146726.25,tonnes,96281.0
Maharashtra,Kolhapur,sugarcane,kharif,2022,175560.0,15817956.0,tonnes,90100.0
Maharashtra,Kolhapur,sugarcane,kharif,2023,188089.79,13496373.77,tonnes,71755.0
Maharashtra,Kolhapur,sugarcane,kharif,2024,186904.78,21403566.69,tonnes,114516.0
Maharashtra,Kolhapur,wheat,rabi,2013,16600.0,41700.0,tonnes,2512.0
Maharashtra,Kolhapur,wheat,rabi,2014,6800.0,15100.0,tonnes,2221.0
Maharashtra,Kolhapur,wheat,rabi,2015,2000.0,4500.0,tonnes,2250.0
Maharashtra,Kolhapur,wheat,rabi,2016,4300.0,9700.0,tonnes,2256.0
Maharashtra,Kolhapur,wheat,rabi,2017,2800.0,6500.0,tonnes,2321.0
Maharashtra,Kolhapur,wheat,rabi,2018,3340.0,8200.0,tonnes,2455.0
Maharashtra,Kolhapur,wheat,rabi,2019,3398.0,8001.0,tonnes,2355.0
Maharashtra,Kolhapur,wheat,rabi,2020,1581.35,3667.14,tonnes,2319.0
Maharashtra,Kolhapur,wheat,rabi,2021,1531.41,4000.0,tonnes,2612.0
Maharashtra,Kolhapur,wheat,rabi,2022,1801.8,5249.36,tonnes,2913.0
Maharashtra,Kolhapur,wheat,rabi,2023,1360.15,2949.79,tonnes,2169.0
Maharashtra,Kolhapur,wheat,rabi,2024,1084.13,1784.8,tonnes,1646.0
Maharashtra,Latur,chickpea,rabi,2013,88200.0,131500.0,tonnes,1491.0
Maharashtra,Latur,chickpea,rabi,2014,67000.0,20000.0,tonnes,299.0
Maharashtra,Latur,chickpea,rabi,2015,77700.0,19000.0,tonnes,245.0
Maharashtra,Latur,chickpea,rabi,2016,161100.0,158200.0,tonnes,982.0
Maharashtra,Latur,chickpea,rabi,2017,209351.0,147500.0,tonnes,705.0
Maharashtra,Latur,chickpea,rabi,2018,142580.0,77600.0,tonnes,544.0
Maharashtra,Latur,chickpea,rabi,2019,181313.0,203875.0,tonnes,1124.0
Maharashtra,Latur,chickpea,rabi,2020,212429.22,216574.7,tonnes,1020.0
Maharashtra,Latur,chickpea,rabi,2021,233114.31,235270.62,tonnes,1009.0
Maharashtra,Latur,chickpea,rabi,2022,314408.71,269429.4,tonnes,857.0
Maharashtra,Latur,chickpea,rabi,2023,293775.67,256001.75,tonnes,871.0
Maharashtra,Latur,chickpea,rabi,2024,305314.76,213826.24,tonnes,700.0
Maharashtra,Latur,cotton,kharif,2013,4400.0,14200.0,bales_170kg,549.0
Maharashtra,Latur,cotton,kharif,2014,3800.0,2700.0,bales_170kg,121.0
Maharashtra,Latur,cotton,kharif,2015,3300.0,1600.0,bales_170kg,82.0
Maharashtra,Latur,cotton,kharif,2016,2700.0,11800.0,bales_170kg,743.0
Maharashtra,Latur,cotton,kharif,2017,3111.0,11700.0,bales_170kg,639.0
Maharashtra,Latur,cotton,kharif,2018,5861.0,4963.0,bales_170kg,144.0
Maharashtra,Latur,cotton,kharif,2019,6269.0,9557.0,bales_170kg,259.0
Maharashtra,Latur,cotton,kharif,2020,7900.0,19800.0,bales_170kg,426.0
Maharashtra,Latur,cotton,kharif,2021,7900.0,12600.0,bales_170kg,271.0
Maharashtra,Latur,cotton,kharif,2022,7283.88,27221.14,bales_170kg,635.0
Maharashtra,Latur,cotton,kharif,2023,7584.43,19619.12,bales_170kg,440.0
Maharashtra,Latur,cotton,kharif,2024,16027.8,51791.44,bales_170kg,549.0
Maharashtra,Latur,groundnut,kharif,2013,2900.0,2600.0,tonnes,897.0
Maharashtra,Latur,groundnut,kharif,2014,1700.0,400.0,tonnes,235.0
Maharashtra,Latur,groundnut,kharif,2015,1400.0,200.0,tonnes,143.0
Maharashtra,Latur,groundnut,kharif,2016,1400.0,500.0,tonnes,357.0
Maharashtra,Latur,groundnut,kharif,2017,1297.0,500.0,tonnes,386.0
Maharashtra,Latur,groundnut,kharif,2018,1363.0,434.0,tonnes,318.0
Maharashtra,Latur,groundnut,kharif,2019,897.0,298.0,tonnes,332.0
Maharashtra,Latur,groundnut,kharif,2020,1052.83,825.04,tonnes,784.0
Maharashtra,Latur,groundnut,kharif,2021,1214.8,271.75,tonnes,224.0
Maharashtra,Latur,groundnut,kharif,2022,406.99,242.49,tonnes,596.0
Maharashtra,Latur,groundnut,kharif,2023,286.63,415.79,tonnes,1451.0
Maharashtra,Latur,groundnut,kharif,2024,322.93,139.89,tonnes,433.0
Maharashtra,Latur,groundnut,summer,2013,3300.0,4800.0,tonnes,1455.0
Maharashtra,Latur,groundnut,summer,2014,1500.0,1100.0,tonnes,733.0
Maharashtra,Latur,groundnut,summer,2015,8.0,1.0,tonnes,125.0
Maharashtra,Latur,groundnut,summer,2016,2800.0,3400.0,tonnes,1214.0
Maharashtra,Latur,groundnut,summer,2017,1176.0,1400.0,tonnes,1190.0
Maharashtra,Latur,groundnut,summer,2018,20.0,20.0,tonnes,1000.0
Maharashtra,Latur,groundnut,summer,2019,1572.0,2113.0,tonnes,1344.0
Maharashtra,Latur,groundnut,summer,2020,1977.65,2349.12,tonnes,1188.0
Maharashtra,Latur,groundnut,summer,2021,2105.95,2618.71,tonnes,1243.0
Maharashtra,Latur,groundnut,summer,2022,1685.0,2194.0,tonnes,1302.0
Maharashtra,Latur,groundnut,summer,2023,842.36,1120.1,tonnes,1330.0
Maharashtra,Latur,groundnut,summer,2024,1974.11,1737.62,tonnes,880.0
Maharashtra,Latur,maize,kharif,2013,7100.0,18500.0,tonnes,2606.0
Maharashtra,Latur,maize,kharif,2014,6700.0,4100.0,tonnes,612.0
Maharashtra,Latur,maize,kharif,2015,7900.0,2000.0,tonnes,253.0
Maharashtra,Latur,maize,kharif,2016,7200.0,3700.0,tonnes,514.0
Maharashtra,Latur,maize,kharif,2017,6700.0,4400.0,tonnes,657.0
Maharashtra,Latur,maize,kharif,2018,7339.0,4957.0,tonnes,675.0
Maharashtra,Latur,maize,kharif,2019,6981.0,1564.0,tonnes,224.0
Maharashtra,Latur,maize,kharif,2020,6591.01,5108.03,tonnes,775.0
Maharashtra,Latur,maize,kharif,2021,6086.26,5215.93,tonnes,857.0
Maharashtra,Latur,maize,kharif,2022,6000.0,5919.0,tonnes,987.0
Maharashtra,Latur,maize,kharif,2023,2852.1,2506.5,tonnes,879.0
Maharashtra,Latur,maize,kharif,2024,2920.08,1854.48,tonnes,635.0
Maharashtra,Latur,maize,rabi,2013,3200.0,7500.0,tonnes,2344.0
Maharashtra,Latur,maize,rabi,2014,2000.0,1100.0,tonnes,550.0
Maharashtra,Latur,maize,rabi,2015,1400.0,800.0,tonnes,571.0
Maharashtra,Latur,maize,rabi,2016,2200.0,3800.0,tonnes,1727.0
Maharashtra,Latur,maize,rabi,2017,4700.0,1900.0,tonnes,404.0
Maharashtra,Latur,maize,rabi,2018,3560.0,1000.0,tonnes,281.0
Maharashtra,Latur,maize,rabi,2019,3335.0,4347.0,tonnes,1303.0
Maharashtra,Latur,maize,rabi,2020,3950.15,2636.05,tonnes,667.0
Maharashtra,Latur,maize,rabi,2021,5222.47,11366.71,tonnes,2177.0
Maharashtra,Latur,maize,rabi,2022,5315.65,10804.06,tonnes,2033.0
Maharashtra,Latur,maize,rabi,2023,2207.65,1968.67,tonnes,892.0
Maharashtra,Latur,maize,rabi,2024,2598.53,2113.68,tonnes,813.0
Maharashtra,Latur,maize,summer,2013,500.0,600.0,tonnes,1200.0
Maharashtra,Latur,maize,summer,2015,100.0,50.0,tonnes,500.0
Maharashtra,Latur,maize,summer,2016,500.0,900.0,tonnes,1800.0
Maharashtra,Latur,maize,summer,2017,384.0,300.0,tonnes,781.0
Maharashtra,Latur,maize,summer,2021,327.0,257.1,tonnes,786.0
Maharashtra,Latur,maize,summer,2022,366.39,469.71,tonnes,1282.0
Maharashtra,Latur,maize,summer,2023,622.9,798.62,tonnes,1282.0
Maharashtra,Latur,maize,summer,2024,448.94,575.6,tonnes,1282.0
Maharashtra,Latur,pearl_millet,kharif,2013,2700.0,1300.0,tonnes,481.0
Maharashtra,Latur,pearl_millet,kharif,2014,2500.0,400.0,tonnes,160.0
Maharashtra,Latur,pearl_millet,kharif,2015,2300.0,300.0,tonnes,130.0
Maharashtra,Latur,pearl_millet,kharif,2016,2200.0,300.0,tonnes,136.0
Maharashtra,Latur,pearl_millet,kharif,2017,1500.0,300.0,tonnes,200.0
Maharashtra,Latur,pearl_millet,kharif,2018,1549.0,378.0,tonnes,244.0
Maharashtra,Latur,pearl_millet,kharif,2019,1668.0,371.0,tonnes,222.0
Maharashtra,Latur,pearl_millet,kharif,2020,1661.58,468.59,tonnes,282.0
Maharashtra,Latur,pearl_millet,kharif,2021,918.36,115.08,tonnes,125.0
Maharashtra,Latur,pearl_millet,kharif,2023,342.77,147.4,tonnes,430.0
Maharashtra,Latur,pearl_millet,kharif,2024,281.1,70.3,tonnes,250.0
Maharashtra,Latur,pearl_millet,summer,2022,40.6,35.57,tonnes,876.0
Maharashtra,Latur,pigeon_pea,kharif,2013,112400.0,156200.0,tonnes,1390.0
Maharashtra,Latur,pigeon_pea,kharif,2014,113200.0,28300.0,tonnes,250.0
Maharashtra,Latur,pigeon_pea,kharif,2015,116200.0,30900.0,tonnes,266.0
Maharashtra,Latur,pigeon_pea,kharif,2016,126097.0,432434.0,tonnes,3429.0
Maharashtra,Latur,pigeon_pea,kharif,2017,111300.0,131400.0,tonnes,1181.0
Maharashtra,Latur,pigeon_pea,kharif,2018,114087.0,54420.0,tonnes,477.0
Maharashtra,Latur,pigeon_pea,kharif,2019,108642.0,132824.0,tonnes,1223.0
Maharashtra,Latur,pigeon_pea,kharif,2020,111326.31,164494.09,tonnes,1478.0
Maharashtra,Latur,pigeon_pea,kharif,2021,115458.26,73916.38,tonnes,640.0
Maharashtra,Latur,pigeon_pea,kharif,2022,68615.0,23521.0,tonnes,343.0
Maharashtra,Latur,pigeon_pea,kharif,2023,64547.13,43473.47,tonnes,674.0
Maharashtra,Latur,pigeon_pea,kharif,2024,73083.9,118056.59,tonnes,1615.0
Maharashtra,Latur,rice,kharif,2013,7600.0,5100.0,tonnes,671.0
Maharashtra,Latur,rice,kharif,2014,5800.0,1100.0,tonnes,190.0
Maharashtra,Latur,rice,kharif,2015,3800.0,300.0,tonnes,79.0
Maharashtra,Latur,rice,kharif,2016,3300.0,900.0,tonnes,273.0
Maharashtra,Latur,rice,kharif,2017,2800.0,800.0,tonnes,286.0
Maharashtra,Latur,rice,kharif,2018,1945.0,404.0,tonnes,208.0
Maharashtra,Latur,rice,kharif,2019,879.0,71.0,tonnes,81.0
Maharashtra,Latur,rice,kharif,2020,907.55,595.63,tonnes,656.0
Maharashtra,Latur,rice,kharif,2021,611.36,209.99,tonnes,343.0
Maharashtra,Latur,rice,kharif,2022,350.61,136.7,tonnes,390.0
Maharashtra,Latur,rice,kharif,2023,189.55,151.14,tonnes,797.0
Maharashtra,Latur,rice,kharif,2024,176.82,50.71,tonnes,287.0
Maharashtra,Latur,sorghum,kharif,2013,96000.0,147200.0,tonnes,1533.0
Maharashtra,Latur,sorghum,kharif,2014,88300.0,94600.0,tonnes,1071.0
Maharashtra,Latur,sorghum,kharif,2015,83500.0,39600.0,tonnes,474.0
Maharashtra,Latur,sorghum,kharif,2016,87800.0,77600.0,tonnes,884.0
Maharashtra,Latur,sorghum,kharif,2017,78408.0,67200.0,tonnes,857.0
Maharashtra,Latur,sorghum,kharif,2018,79498.0,56006.0,tonnes,704.0
Maharashtra,Latur,sorghum,kharif,2019,63056.0,49570.0,tonnes,786.0
Maharashtra,Latur,sorghum,kharif,2020,56343.09,47244.73,tonnes,839.0
Maharashtra,Latur,sorghum,kharif,2021,57358.52,32952.47,tonnes,574.0
Maharashtra,Latur,sorghum,kharif,2022,7068.54,2090.17,tonnes,296.0
Maharashtra,Latur,sorghum,kharif,2023,5298.68,2949.77,tonnes,557.0
Maharashtra,Latur,sorghum,kharif,2024,4637.73,4150.09,tonnes,895.0
Maharashtra,Latur,sorghum,rabi,2013,30100.0,29900.0,tonnes,993.0
Maharashtra,Latur,sorghum,rabi,2014,22200.0,8100.0,tonnes,365.0
Maharashtra,Latur,sorghum,rabi,2015,24700.0,9200.0,tonnes,372.0
Maharashtra,Latur,sorghum,rabi,2016,40100.0,43600.0,tonnes,1087.0
Maharashtra,Latur,sorghum,rabi,2017,32759.0,24700.0,tonnes,754.0
Maharashtra,Latur,sorghum,rabi,2018,23800.0,16200.0,tonnes,681.0
Maharashtra,Latur,sorghum,rabi,2019,33693.0,32016.0,tonnes,950.0
Maharashtra,Latur,sorghum,rabi,2020,37764.35,50727.77,tonnes,1343.0
Maharashtra,Latur,sorghum,rabi,2021,40790.24,49780.0,tonnes,1220.0
Maharashtra,Latur,sorghum,rabi,2022,31944.62,30949.87,tonnes,969.0
Maharashtra,Latur,sorghum,rabi,2023,39091.85,43223.47,tonnes,1106.0
Maharashtra,Latur,sorghum,rabi,2024,37163.62,33603.09,tonnes,904.0
Maharashtra,Latur,sorghum,summer,2022,230.0,191.23,tonnes,831.0
Maharashtra,Latur,sorghum,summer,2023,241.62,200.84,tonnes,831.0
Maharashtra,Latur,sorghum,summer,2024,632.47,525.93,tonnes,832.0
Maharashtra,Latur,soybean,kharif,2013,308400.0,670400.0,tonnes,2174.0
Maharashtra,Latur,soybean,kharif,2014,336800.0,210000.0,tonnes,624.0
Maharashtra,Latur,soybean,kharif,2015,340800.0,109000.0,tonnes,320.0
Maharashtra,Latur,soybean,kharif,2016,370300.0,297900.0,tonnes,804.0
Maharashtra,Latur,soybean,kharif,2017,392800.0,465000.0,tonnes,1184.0
Maharashtra,Latur,soybean,kharif,2018,435969.0,445480.0,tonnes,1022.0
Maharashtra,Latur,soybean,kharif,2019,413012.0,455564.0,tonnes,1103.0
Maharashtra,Latur,soybean,kharif,2020,442391.19,774232.16,tonnes,1750.0
Maharashtra,Latur,soybean,kharif,2021,475381.11,583720.46,tonnes,1228.0
Maharashtra,Latur,soybean,kharif,2022,486702.0,534398.0,tonnes,1098.0
Maharashtra,Latur,soybean,kharif,2023,518250.09,636131.32,tonnes,1227.0
Maharashtra,Latur,soybean,kharif,2024,489819.14,918748.43,tonnes,1876.0
Maharashtra,Latur,soybean,summer,2021,2349.7,1221.8,tonnes,520.0
Maharashtra,Latur,soybean,summer,2022,174.6,90.79,tonnes,520.0
Maharashtra,Latur,sugarcane,kharif,2013,41500.0,2902800.0,tonnes,69947.0
Maharashtra,Latur,sugarcane,kharif,2014,46400.0,2354600.0,tonnes,50746.0
Maharashtra,Latur,sugarcane,kharif,2015,41500.0,1247900.0,tonnes,30070.0
Maharashtra,Latur,sugarcane,kharif,2016,9000.0,509300.0,tonnes,56589.0
Maharashtra,Latur,sugarcane,kharif,2017,40000.0,2440000.0,tonnes,61000.0
Maharashtra,Latur,sugarcane,kharif,2018,62300.0,3774134.0,tonnes,60580.0
Maharashtra,Latur,sugarcane,kharif,2019,29762.0,2032745.0,tonnes,68300.0
Maharashtra,Latur,sugarcane,kharif,2020,30100.0,2275681.57,tonnes,75604.0
Maharashtra,Latur,sugarcane,kharif,2021,71218.0,6304898.62,tonnes,88530.0
Maharashtra,Latur,sugarcane,kharif,2022,63158.0,5585798.78,tonnes,88442.0
Maharashtra,Latur,sugarcane,kharif,2023,54255.48,3889139.78,tonnes,71682.0
Maharashtra,Latur,sugarcane,kharif,2024,36388.9,2343878.6,tonnes,64412.0
Maharashtra,Latur,wheat,rabi,2013,35200.0,44900.0,tonnes,1276.0
Maharashtra,Latur,wheat,rabi,2014,47200.0,10800.0,tonnes,229.0
Maharashtra,Latur,wheat,rabi,2015,33200.0,10200.0,tonnes,307.0
Maharashtra,Latur,wheat,rabi,2016,68600.0,97400.0,tonnes,1420.0
Maharashtra,Latur,wheat,rabi,2017,16800.0,11600.0,tonnes,690.0
Maharashtra,Latur,wheat,rabi,2018,8720.0,3300.0,tonnes,378.0
Maharashtra,Latur,wheat,rabi,2019,9033.0,5834.0,tonnes,646.0
Maharashtra,Latur,wheat,rabi,2020,11992.15,18826.36,tonnes,1570.0
Maharashtra,Latur,wheat,rabi,2021,14749.25,17939.96,tonnes,1216.0
Maharashtra,Latur,wheat,rabi,2022,15985.84,21695.98,tonnes,1357.0
Maharashtra,Latur,wheat,rabi,2023,10916.93,13087.72,tonnes,1199.0
Maharashtra,Latur,wheat,rabi,2024,13107.32,22641.53,tonnes,1727.0
Maharashtra,Mumbai Suburban,maize,summer,2016,100.0,100.0,tonnes,1000.0
Maharashtra,Nagpur,chickpea,rabi,2013,71700.0,45100.0,tonnes,629.0
Maharashtra,Nagpur,chickpea,rabi,2014,67000.0,46600.0,tonnes,696.0
Maharashtra,Nagpur,chickpea,rabi,2015,67400.0,50900.0,tonnes,755.0
Maharashtra,Nagpur,chickpea,rabi,2016,63400.0,49200.0,tonnes,776.0
Maharashtra,Nagpur,chickpea,rabi,2017,64400.0,74600.0,tonnes,1158.0
Maharashtra,Nagpur,chickpea,rabi,2018,58670.0,65100.0,tonnes,1110.0
Maharashtra,Nagpur,chickpea,rabi,2019,61265.0,56723.0,tonnes,926.0
Maharashtra,Nagpur,chickpea,rabi,2020,65535.05,92843.44,tonnes,1417.0
Maharashtra,Nagpur,chickpea,rabi,2021,67699.91,119549.92,tonnes,1766.0
Maharashtra,Nagpur,chickpea,rabi,2022,90673.69,119630.33,tonnes,1319.0
Maharashtra,Nagpur,chickpea,rabi,2023,92901.94,112288.16,tonnes,1209.0
Maharashtra,Nagpur,chickpea,rabi,2024,95802.24,117806.6,tonnes,1230.0
Maharashtra,Nagpur,cotton,kharif,2013,92400.0,150400.0,bales_170kg,277.0
Maharashtra,Nagpur,cotton,kharif,2014,111300.0,150200.0,bales_170kg,229.0
Maharashtra,Nagpur,cotton,kharif,2015,126400.0,161400.0,bales_170kg,217.0
Maharashtra,Nagpur,cotton,kharif,2016,136500.0,550200.0,bales_170kg,685.0
Maharashtra,Nagpur,cotton,kharif,2017,145168.0,347600.0,bales_170kg,407.0
Maharashtra,Nagpur,cotton,kharif,2018,142626.0,324685.0,bales_170kg,387.0
Maharashtra,Nagpur,cotton,kharif,2019,153345.0,409516.0,bales_170kg,454.0
Maharashtra,Nagpur,cotton,kharif,2020,158900.0,508200.0,bales_170kg,544.0
Maharashtra,Nagpur,cotton,kharif,2021,158900.0,451800.0,bales_170kg,483.0
Maharashtra,Nagpur,cotton,kharif,2022,214085.24,586809.06,bales_170kg,466.0
Maharashtra,Nagpur,cotton,kharif,2023,216864.14,656181.12,bales_170kg,514.0
Maharashtra,Nagpur,cotton,kharif,2024,210874.56,483430.42,bales_170kg,390.0
Maharashtra,Nagpur,groundnut,kharif,2013,2400.0,1160.0,tonnes,483.0
Maharashtra,Nagpur,groundnut,kharif,2014,2500.0,600.0,tonnes,240.0
Maharashtra,Nagpur,groundnut,kharif,2015,2500.0,2340.0,tonnes,936.0
Maharashtra,Nagpur,groundnut,kharif,2016,3000.0,4600.0,tonnes,1533.0
Maharashtra,Nagpur,groundnut,kharif,2017,2600.0,2800.0,tonnes,1077.0
Maharashtra,Nagpur,groundnut,kharif,2018,2117.0,1078.0,tonnes,509.0
Maharashtra,Nagpur,groundnut,kharif,2019,1139.0,163.0,tonnes,143.0
Maharashtra,Nagpur,groundnut,kharif,2020,908.59,789.84,tonnes,869.0
Maharashtra,Nagpur,groundnut,kharif,2021,1105.2,1140.12,tonnes,1032.0
Maharashtra,Nagpur,groundnut,kharif,2022,1027.18,735.67,tonnes,716.0
Maharashtra,Nagpur,groundnut,kharif,2023,793.42,319.39,tonnes,403.0
Maharashtra,Nagpur,groundnut,kharif,2024,851.16,302.26,tonnes,355.0
Maharashtra,Nagpur,groundnut,summer,2013,500.0,900.0,tonnes,1800.0
Maharashtra,Nagpur,groundnut,summer,2014,500.0,1200.0,tonnes,2400.0
Maharashtra,Nagpur,groundnut,summer,2015,1400.0,1900.0,tonnes,1357.0
Maharashtra,Nagpur,groundnut,summer,2016,1300.0,2100.0,tonnes,1615.0
Maharashtra,Nagpur,groundnut,summer,2017,992.0,1500.0,tonnes,1512.0
Maharashtra,Nagpur,groundnut,summer,2018,170.0,230.0,tonnes,1353.0
Maharashtra,Nagpur,groundnut,summer,2019,298.0,643.0,tonnes,2158.0
Maharashtra,Nagpur,groundnut,summer,2020,688.39,963.66,tonnes,1400.0
Maharashtra,Nagpur,groundnut,summer,2021,886.73,1428.93,tonnes,1611.0
Maharashtra,Nagpur,groundnut,summer,2022,887.0,1116.0,tonnes,1258.0
Maharashtra,Nagpur,groundnut,summer,2023,1146.75,1989.53,tonnes,1735.0
Maharashtra,Nagpur,groundnut,summer,2024,1047.91,1781.87,tonnes,1700.0
Maharashtra,Nagpur,maize,kharif,2013,200.0,600.0,tonnes,3000.0
Maharashtra,Nagpur,maize,kharif,2014,200.0,400.0,tonnes,2000.0
Maharashtra,Nagpur,maize,kharif,2016,40.0,100.0,tonnes,2500.0
Maharashtra,Nagpur,maize,kharif,2017,49.0,100.0,tonnes,2041.0
Maharashtra,Nagpur,maize,kharif,2019,103.0,234.0,tonnes,2272.0
Maharashtra,Nagpur,maize,kharif,2020,421.32,1438.97,tonnes,3415.0
Maharashtra,Nagpur,maize,kharif,2021,421.32,1243.52,tonnes,2952.0
Maharashtra,Nagpur,maize,kharif,2022,312.0,931.0,tonnes,2984.0
Maharashtra,Nagpur,maize,kharif,2023,354.52,1105.93,tonnes,3120.0
Maharashtra,Nagpur,maize,kharif,2024,1429.15,4378.2,tonnes,3063.0
Maharashtra,Nagpur,maize,rabi,2016,24.0,40.0,tonnes,1667.0
Maharashtra,Nagpur,maize,rabi,2017,50.0,50.0,tonnes,1000.0
Maharashtra,Nagpur,maize,rabi,2018,10.0,,tonnes,
Maharashtra,Nagpur,maize,rabi,2019,408.0,715.0,tonnes,1752.0
Maharashtra,Nagpur,maize,rabi,2020,266.67,343.98,tonnes,1290.0
Maharashtra,Nagpur,maize,rabi,2021,228.74,497.85,tonnes,2177.0
Maharashtra,Nagpur,maize,rabi,2022,154.78,305.99,tonnes,1977.0
Maharashtra,Nagpur,maize,rabi,2023,155.0,138.22,tonnes,892.0
Maharashtra,Nagpur,maize,rabi,2024,175.25,215.63,tonnes,1230.0
Maharashtra,Nagpur,maize,summer,2013,300.0,300.0,tonnes,1000.0
Maharashtra,Nagpur,maize,summer,2014,400.0,400.0,tonnes,1000.0
Maharashtra,Nagpur,maize,summer,2015,200.0,200.0,tonnes,1000.0
Maharashtra,Nagpur,maize,summer,2017,409.0,100.0,tonnes,244.0
Maharashtra,Nagpur,maize,summer,2018,1080.0,390.0,tonnes,361.0
Maharashtra,Nagpur,maize,summer,2019,1039.0,1188.0,tonnes,1143.0
Maharashtra,Nagpur,maize,summer,2021,152.0,130.69,tonnes,860.0
Maharashtra,Nagpur,maize,summer,2022,167.2,143.88,tonnes,861.0
Maharashtra,Nagpur,maize,summer,2023,66.88,57.56,tonnes,861.0
Maharashtra,Nagpur,maize,summer,2024,250.79,215.82,tonnes,861.0
Maharashtra,Nagpur,pigeon_pea,kharif,2013,58600.0,26600.0,tonnes,454.0
Maharashtra,Nagpur,pigeon_pea,kharif,2014,62000.0,21100.0,tonnes,340.0
Maharashtra,Nagpur,pigeon_pea,kharif,2015,67800.0,27900.0,tonnes,412.0
Maharashtra,Nagpur,pigeon_pea,kharif,2016,65650.0,168643.0,tonnes,2569.0
Maharashtra,Nagpur,pigeon_pea,kharif,2017,65973.0,73976.0,tonnes,1121.0
Maharashtra,Nagpur,pigeon_pea,kharif,2018,63334.0,49192.0,tonnes,777.0
Maharashtra,Nagpur,pigeon_pea,kharif,2019,65043.0,83767.0,tonnes,1288.0
Maharashtra,Nagpur,pigeon_pea,kharif,2020,67757.56,102809.48,tonnes,1517.0
Maharashtra,Nagpur,pigeon_pea,kharif,2021,78135.08,98426.76,tonnes,1260.0
Maharashtra,Nagpur,pigeon_pea,kharif,2022,57804.0,70151.0,tonnes,1214.0
Maharashtra,Nagpur,pigeon_pea,kharif,2023,54191.63,48884.52,tonnes,902.0
Maharashtra,Nagpur,pigeon_pea,kharif,2024,56513.57,153000.68,tonnes,2707.0
Maharashtra,Nagpur,rice,kharif,2013,77700.0,105000.0,tonnes,1351.0
Maharashtra,Nagpur,rice,kharif,2014,78800.0,95500.0,tonnes,1212.0
Maharashtra,Nagpur,rice,kharif,2015,88700.0,107300.0,tonnes,1210.0
Maharashtra,Nagpur,rice,kharif,2016,87600.0,170200.0,tonnes,1943.0
Maharashtra,Nagpur,rice,kharif,2017,97200.0,183400.0,tonnes,1887.0
Maharashtra,Nagpur,rice,kharif,2018,98186.0,203262.0,tonnes,2070.0
Maharashtra,Nagpur,rice,kharif,2019,99473.0,155943.0,tonnes,1568.0
Maharashtra,Nagpur,rice,kharif,2020,98040.08,213591.45,tonnes,2179.0
Maharashtra,Nagpur,rice,kharif,2021,98433.3,221412.3,tonnes,2249.0
Maharashtra,Nagpur,rice,kharif,2022,99422.87,199559.8,tonnes,2007.0
Maharashtra,Nagpur,rice,kharif,2023,93762.63,168574.95,tonnes,1798.0
Maharashtra,Nagpur,rice,kharif,2024,97185.46,190596.48,tonnes,1961.0
Maharashtra,Nagpur,rice,summer,2013,100.0,200.0,tonnes,2000.0
Maharashtra,Nagpur,rice,summer,2016,100.0,200.0,tonnes,2000.0
Maharashtra,Nagpur,rice,summer,2017,75.0,200.0,tonnes,2667.0
Maharashtra,Nagpur,rice,summer,2018,24.0,70.0,tonnes,2917.0
Maharashtra,Nagpur,rice,summer,2019,56.0,127.0,tonnes,2268.0
Maharashtra,Nagpur,rice,summer,2020,56.0,169.72,tonnes,3031.0
Maharashtra,Nagpur,rice,summer,2021,69.55,206.59,tonnes,2970.0
Maharashtra,Nagpur,rice,summer,2022,354.71,994.47,tonnes,2804.0
Maharashtra,Nagpur,rice,summer,2023,425.65,1103.22,tonnes,2592.0
Maharashtra,Nagpur,rice,summer,2024,1365.96,3288.85,tonnes,2408.0
Maharashtra,Nagpur,sorghum,kharif,2013,4700.0,1900.0,tonnes,404.0
Maharashtra,Nagpur,sorghum,kharif,2014,3900.0,2300.0,tonnes,590.0
Maharashtra,Nagpur,sorghum,kharif,2015,4000.0,3500.0,tonnes,875.0
Maharashtra,Nagpur,sorghum,kharif,2016,2200.0,1500.0,tonnes,682.0
Maharashtra,Nagpur,sorghum,kharif,2017,2300.0,1700.0,tonnes,739.0
Maharashtra,Nagpur,sorghum,kharif,2018,2238.0,982.0,tonnes,439.0
Maharashtra,Nagpur,sorghum,kharif,2019,2126.0,848.0,tonnes,399.0
Maharashtra,Nagpur,sorghum,kharif,2020,1719.97,1180.86,tonnes,687.0
Maharashtra,Nagpur,sorghum,kharif,2021,1719.97,1280.86,tonnes,745.0
Maharashtra,Nagpur,sorghum,kharif,2022,1115.02,545.81,tonnes,490.0
Maharashtra,Nagpur,sorghum,kharif,2023,852.74,374.66,tonnes,439.0
Maharashtra,Nagpur,sorghum,kharif,2024,772.63,309.11,tonnes,400.0
Maharashtra,Nagpur,sorghum,rabi,2013,1800.0,1500.0,tonnes,833.0
Maharashtra,Nagpur,sorghum,rabi,2014,1100.0,400.0,tonnes,364.0
Maharashtra,Nagpur,sorghum,rabi,2015,700.0,300.0,tonnes,429.0
Maharashtra,Nagpur,sorghum,rabi,2016,700.0,200.0,tonnes,286.0
Maharashtra,Nagpur,sorghum,rabi,2017,100.0,14.0,tonnes,140.0
Maharashtra,Nagpur,sorghum,rabi,2018,6.0,,tonnes,
Maharashtra,Nagpur,sorghum,rabi,2019,88.0,50.0,tonnes,568.0
Maharashtra,Nagpur,sorghum,rabi,2020,43.42,26.48,tonnes,610.0
Maharashtra,Nagpur,sorghum,rabi,2021,35.98,31.28,tonnes,869.0
Maharashtra,Nagpur,sorghum,rabi,2022,14.39,12.06,tonnes,838.0
Maharashtra,Nagpur,sorghum,rabi,2023,90.57,29.91,tonnes,330.0
Maharashtra,Nagpur,sorghum,rabi,2024,29.8,13.82,tonnes,464.0
Maharashtra,Nagpur,sorghum,summer,2022,14.0,11.9,tonnes,850.0
Maharashtra,Nagpur,sorghum,summer,2023,7.3,6.2,tonnes,850.0
Maharashtra,Nagpur,sorghum,summer,2024,21.0,17.46,tonnes,832.0
Maharashtra,Nagpur,soybean,kharif,2013,232800.0,99900.0,tonnes,429.0
Maharashtra,Nagpur,soybean,kharif,2014,220400.0,79500.0,tonnes,361.0
Maharashtra,Nagpur,soybean,kharif,2015,199700.0,77200.0,tonnes,387.0
Maharashtra,Nagpur,soybean,kharif,2016,172400.0,203900.0,tonnes,1183.0
Maharashtra,Nagpur,soybean,kharif,2017,151100.0,172400.0,tonnes,1141.0
Maharashtra,Nagpur,soybean,kharif,2018,133267.0,108020.0,tonnes,811.0
Maharashtra,Nagpur,soybean,kharif,2019,133784.0,223698.0,tonnes,1672.0
Maharashtra,Nagpur,soybean,kharif,2020,155650.43,62589.84,tonnes,402.0
Maharashtra,Nagpur,soybean,kharif,2021,145228.46,110881.93,tonnes,763.0
Maharashtra,Nagpur,soybean,kharif,2022,83212.0,100054.0,tonnes,1202.0
Maharashtra,Nagpur,soybean,kharif,2023,87372.67,81064.61,tonnes,928.0
Maharashtra,Nagpur,soybean,kharif,2024,89853.17,58824.55,tonnes,655.0
Maharashtra,Nagpur,soybean,summer,2021,703.1,421.86,tonnes,600.0
Maharashtra,Nagpur,soybean,summer,2022,451.7,271.02,tonnes,600.0
Maharashtra,Nagpur,sugarcane,kharif,2013,300.0,20000.0,tonnes,66667.0
Maharashtra,Nagpur,sugarcane,kharif,2014,3800.0,258500.0,tonnes,68026.0
Maharashtra,Nagpur,sugarcane,kharif,2015,4400.0,296500.0,tonnes,67386.0
Maharashtra,Nagpur,sugarcane,kharif,2016,4599.0,198300.0,tonnes,43118.0
Maharashtra,Nagpur,sugarcane,kharif,2017,4268.0,221900.0,tonnes,51992.0
Maharashtra,Nagpur,sugarcane,kharif,2018,4757.0,264394.0,tonnes,55580.0
Maharashtra,Nagpur,sugarcane,kharif,2019,3750.0,212925.0,tonnes,56780.0
Maharashtra,Nagpur,sugarcane,kharif,2020,3227.0,182536.87,tonnes,56566.0
Maharashtra,Nagpur,sugarcane,kharif,2021,3526.0,348897.65,tonnes,98950.0
Maharashtra,Nagpur,sugarcane,kharif,2022,3242.0,171210.02,tonnes,52810.0
Maharashtra,Nagpur,sugarcane,kharif,2023,2403.4,126318.05,tonnes,52558.0
Maharashtra,Nagpur,sugarcane,kharif,2024,2378.24,125592.58,tonnes,52809.0
Maharashtra,Nagpur,wheat,rabi,2013,86200.0,83100.0,tonnes,964.0
Maharashtra,Nagpur,wheat,rabi,2014,88500.0,110600.0,tonnes,1250.0
Maharashtra,Nagpur,wheat,rabi,2015,92600.0,93900.0,tonnes,1014.0
Maharashtra,Nagpur,wheat,rabi,2016,135900.0,232600.0,tonnes,1712.0
Maharashtra,Nagpur,wheat,rabi,2017,135203.0,244400.0,tonnes,1808.0
Maharashtra,Nagpur,wheat,rabi,2018,127830.0,215400.0,tonnes,1685.0
Maharashtra,Nagpur,wheat,rabi,2019,111308.0,157054.0,tonnes,1411.0
Maharashtra,Nagpur,wheat,rabi,2020,115402.64,245743.16,tonnes,2129.0
Maharashtra,Nagpur,wheat,rabi,2021,116990.8,290409.77,tonnes,2482.0
Maharashtra,Nagpur,wheat,rabi,2022,117548.73,224306.49,tonnes,1908.0
Maharashtra,Nagpur,wheat,rabi,2023,94173.99,151233.37,tonnes,1606.0
Maharashtra,Nagpur,wheat,rabi,2024,98732.36,153557.88,tonnes,1555.0
Maharashtra,Nanded,chickpea,rabi,2013,65300.0,59600.0,tonnes,913.0
Maharashtra,Nanded,chickpea,rabi,2014,51200.0,25700.0,tonnes,502.0
Maharashtra,Nanded,chickpea,rabi,2015,46600.0,15400.0,tonnes,330.0
Maharashtra,Nanded,chickpea,rabi,2016,93900.0,149600.0,tonnes,1593.0
Maharashtra,Nanded,chickpea,rabi,2017,123586.0,155400.0,tonnes,1257.0
Maharashtra,Nanded,chickpea,rabi,2018,106640.0,133200.0,tonnes,1249.0
Maharashtra,Nanded,chickpea,rabi,2019,142087.0,214156.0,tonnes,1507.0
Maharashtra,Nanded,chickpea,rabi,2020,148350.16,161880.39,tonnes,1091.0
Maharashtra,Nanded,chickpea,rabi,2021,158843.64,145940.77,tonnes,919.0
Maharashtra,Nanded,chickpea,rabi,2022,275754.59,290490.92,tonnes,1053.0
Maharashtra,Nanded,chickpea,rabi,2023,244485.22,287589.77,tonnes,1176.0
Maharashtra,Nanded,chickpea,rabi,2024,258478.53,191132.82,tonnes,739.0
Maharashtra,Nanded,cotton,kharif,2013,321100.0,360900.0,bales_170kg,191.0
Maharashtra,Nanded,cotton,kharif,2014,342300.0,176800.0,bales_170kg,88.0
Maharashtra,Nanded,cotton,kharif,2015,352700.0,240600.0,bales_170kg,116.0
Maharashtra,Nanded,cotton,kharif,2016,364300.0,635400.0,bales_170kg,297.0
Maharashtra,Nanded,cotton,kharif,2017,299543.0,311700.0,bales_170kg,177.0
Maharashtra,Nanded,cotton,kharif,2018,240876.0,364857.0,bales_170kg,258.0
Maharashtra,Nanded,cotton,kharif,2019,244704.0,258461.0,bales_170kg,180.0
Maharashtra,Nanded,cotton,kharif,2020,244700.0,412100.0,bales_170kg,286.0
Maharashtra,Nanded,cotton,kharif,2021,234600.0,307300.0,bales_170kg,223.0
Maharashtra,Nanded,cotton,kharif,2022,197291.42,333033.72,bales_170kg,287.0
Maharashtra,Nanded,cotton,kharif,2023,191119.96,428787.6,bales_170kg,381.0
Maharashtra,Nanded,cotton,kharif,2024,209353.81,222949.31,bales_170kg,181.0
Maharashtra,Nanded,groundnut,kharif,2014,100.0,,tonnes,
Maharashtra,Nanded,groundnut,kharif,2016,100.0,20.0,tonnes,200.0
Maharashtra,Nanded,groundnut,kharif,2017,69.0,4.0,tonnes,58.0
Maharashtra,Nanded,groundnut,kharif,2018,72.0,35.0,tonnes,486.0
Maharashtra,Nanded,groundnut,kharif,2019,98.0,37.0,tonnes,378.0
Maharashtra,Nanded,groundnut,kharif,2020,98.08,44.37,tonnes,452.0
Maharashtra,Nanded,groundnut,kharif,2021,101.94,74.99,tonnes,736.0
Maharashtra,Nanded,groundnut,kharif,2022,91.21,65.44,tonnes,717.0
Maharashtra,Nanded,groundnut,summer,2013,7300.0,9000.0,tonnes,1233.0
Maharashtra,Nanded,groundnut,summer,2014,5000.0,4300.0,tonnes,860.0
Maharashtra,Nanded,groundnut,summer,2015,4800.0,2600.0,tonnes,542.0
Maharashtra,Nanded,groundnut,summer,2016,11600.0,10200.0,tonnes,879.0
Maharashtra,Nanded,groundnut,summer,2017,3868.0,2700.0,tonnes,698.0
Maharashtra,Nanded,groundnut,summer,2018,2880.0,2400.0,tonnes,833.0
Maharashtra,Nanded,groundnut,summer,2019,10432.0,12322.0,tonnes,1181.0
Maharashtra,Nanded,groundnut,summer,2020,12518.81,16413.41,tonnes,1311.0
Maharashtra,Nanded,groundnut,summer,2021,9518.77,11294.97,tonnes,1187.0
Maharashtra,Nanded,groundnut,summer,2022,10283.0,17008.0,tonnes,1654.0
Maharashtra,Nanded,groundnut,summer,2023,7712.0,9486.0,tonnes,1230.0
Maharashtra,Nanded,groundnut,summer,2024,8703.67,17411.38,tonnes,2000.0
Maharashtra,Nanded,maize,kharif,2013,400.0,500.0,tonnes,1250.0
Maharashtra,Nanded,maize,kharif,2014,700.0,300.0,tonnes,429.0
Maharashtra,Nanded,maize,kharif,2015,700.0,200.0,tonnes,286.0
Maharashtra,Nanded,maize,kharif,2016,400.0,200.0,tonnes,500.0
Maharashtra,Nanded,maize,kharif,2017,500.0,400.0,tonnes,800.0
Maharashtra,Nanded,maize,kharif,2018,398.0,197.0,tonnes,495.0
Maharashtra,Nanded,maize,kharif,2019,416.0,247.0,tonnes,594.0
Maharashtra,Nanded,maize,kharif,2020,415.95,443.24,tonnes,1066.0
Maharashtra,Nanded,maize,kharif,2021,697.0,597.33,tonnes,857.0
Maharashtra,Nanded,maize,kharif,2022,555.0,548.0,tonnes,987.0
Maharashtra,Nanded,maize,kharif,2023,822.66,722.97,tonnes,879.0
Maharashtra,Nanded,maize,kharif,2024,1040.22,766.81,tonnes,737.0
Maharashtra,Nanded,maize,rabi,2013,100.0,100.0,tonnes,1000.0
Maharashtra,Nanded,maize,rabi,2014,200.0,100.0,tonnes,500.0
Maharashtra,Nanded,maize,rabi,2015,8100.0,8000.0,tonnes,988.0
Maharashtra,Nanded,maize,rabi,2016,7200.0,14900.0,tonnes,2069.0
Maharashtra,Nanded,maize,rabi,2017,4100.0,8400.0,tonnes,2049.0
Maharashtra,Nanded,maize,rabi,2018,2970.0,2100.0,tonnes,707.0
Maharashtra,Nanded,maize,rabi,2019,4064.0,7316.0,tonnes,1800.0
Maharashtra,Nanded,maize,rabi,2020,4090.6,5276.43,tonnes,1290.0
Maharashtra,Nanded,maize,rabi,2021,3812.81,17914.49,tonnes,4699.0
Maharashtra,Nanded,maize,rabi,2022,5586.87,17050.57,tonnes,3052.0
Maharashtra,Nanded,maize,rabi,2023,8954.59,7985.27,tonnes,892.0
Maharashtra,Nanded,maize,rabi,2024,9119.13,13504.88,tonnes,1481.0
Maharashtra,Nanded,maize,summer,2013,2200.0,2100.0,tonnes,955.0
Maharashtra,Nanded,maize,summer,2014,3000.0,3500.0,tonnes,1167.0
Maharashtra,Nanded,maize,summer,2015,300.0,400.0,tonnes,1333.0
Maharashtra,Nanded,maize,summer,2016,2700.0,4300.0,tonnes,1593.0
Maharashtra,Nanded,maize,summer,2017,1546.0,1500.0,tonnes,970.0
Maharashtra,Nanded,maize,summer,2018,2850.0,2720.0,tonnes,954.0
Maharashtra,Nanded,maize,summer,2019,2887.0,3586.0,tonnes,1242.0
Maharashtra,Nanded,maize,summer,2020,3448.26,3993.09,tonnes,1158.0
Maharashtra,Nanded,maize,summer,2021,3741.29,4332.41,tonnes,1158.0
Maharashtra,Nanded,maize,summer,2022,3367.16,3975.94,tonnes,1181.0
Maharashtra,Nanded,maize,summer,2023,4714.3,5567.11,tonnes,1181.0
Maharashtra,Nanded,maize,summer,2024,4166.72,4920.55,tonnes,1181.0
Maharashtra,Nanded,pearl_millet,kharif,2019,142.0,32.0,tonnes,225.0
Maharashtra,Nanded,pearl_millet,kharif,2020,142.0,67.04,tonnes,472.0
Maharashtra,Nanded,pearl_millet,kharif,2021,93.9,33.99,tonnes,362.0
Maharashtra,Nanded,pearl_millet,kharif,2022,3462.0,1244.0,tonnes,359.0
Maharashtra,Nanded,pigeon_pea,kharif,2013,71600.0,46100.0,tonnes,644.0
Maharashtra,Nanded,pigeon_pea,kharif,2014,71600.0,14700.0,tonnes,205.0
Maharashtra,Nanded,pigeon_pea,kharif,2015,76900.0,14400.0,tonnes,187.0
Maharashtra,Nanded,pigeon_pea,kharif,2016,86628.0,104818.0,tonnes,1210.0
Maharashtra,Nanded,pigeon_pea,kharif,2017,77200.0,67900.0,tonnes,880.0
Maharashtra,Nanded,pigeon_pea,kharif,2018,74341.0,68706.0,tonnes,924.0
Maharashtra,Nanded,pigeon_pea,kharif,2019,80193.0,56710.0,tonnes,707.0
Maharashtra,Nanded,pigeon_pea,kharif,2020,80193.14,85722.64,tonnes,1069.0
Maharashtra,Nanded,pigeon_pea,kharif,2021,90900.79,59667.28,tonnes,656.0
Maharashtra,Nanded,pigeon_pea,kharif,2022,64133.0,58278.0,tonnes,909.0
Maharashtra,Nanded,pigeon_pea,kharif,2023,64336.58,51710.97,tonnes,804.0
Maharashtra,Nanded,pigeon_pea,kharif,2024,62627.57,35086.59,tonnes,560.0
Maharashtra,Nanded,rice,kharif,2013,800.0,400.0,tonnes,500.0
Maharashtra,Nanded,rice,kharif,2014,800.0,100.0,tonnes,125.0
Maharashtra,Nanded,rice,kharif,2015,400.0,100.0,tonnes,250.0
Maharashtra,Nanded,rice,kharif,2016,200.0,100.0,tonnes,500.0
Maharashtra,Nanded,rice,kharif,2017,700.0,1000.0,tonnes,1429.0
Maharashtra,Nanded,rice,kharif,2018,606.0,535.0,tonnes,883.0
Maharashtra,Nanded,rice,kharif,2019,582.0,400.0,tonnes,687.0
Maharashtra,Nanded,rice,kharif,2020,582.13,1561.63,tonnes,2683.0
Maharashtra,Nanded,rice,kharif,2021,595.93,1342.47,tonnes,2253.0
Maharashtra,Nanded,rice,kharif,2022,924.0,1831.05,tonnes,1982.0
Maharashtra,Nanded,rice,kharif,2023,809.71,1703.71,tonnes,2104.0
Maharashtra,Nanded,rice,kharif,2024,832.79,1081.23,tonnes,1298.0
Maharashtra,Nanded,rice,summer,2016,500.0,1200.0,tonnes,2400.0
Maharashtra,Nanded,rice,summer,2017,108.0,200.0,tonnes,1852.0
Maharashtra,Nanded,rice,summer,2018,234.0,640.0,tonnes,2735.0
Maharashtra,Nanded,rice,summer,2019,279.0,720.0,tonnes,2581.0
Maharashtra,Nanded,rice,summer,2020,309.64,938.45,tonnes,3031.0
Maharashtra,Nanded,rice,summer,2021,319.54,994.72,tonnes,3113.0
Maharashtra,Nanded,rice,summer,2022,369.99,1463.31,tonnes,3955.0
Maharashtra,Nanded,rice,summer,2023,369.99,958.96,tonnes,2592.0
Maharashtra,Nanded,rice,summer,2024,384.27,1007.52,tonnes,2622.0
Maharashtra,Nanded,sorghum,kharif,2013,88300.0,71300.0,tonnes,807.0
Maharashtra,Nanded,sorghum,kharif,2014,88300.0,28600.0,tonnes,324.0
Maharashtra,Nanded,sorghum,kharif,2015,87100.0,32300.0,tonnes,371.0
Maharashtra,Nanded,sorghum,kharif,2016,95000.0,35300.0,tonnes,372.0
Maharashtra,Nanded,sorghum,kharif,2017,88397.0,57800.0,tonnes,654.0
Maharashtra,Nanded,sorghum,kharif,2018,88197.0,61106.0,tonnes,693.0
Maharashtra,Nanded,sorghum,kharif,2019,35699.0,22518.0,tonnes,631.0
Maharashtra,Nanded,sorghum,kharif,2020,35702.0,23192.96,tonnes,650.0
Maharashtra,Nanded,sorghum,kharif,2021,32444.49,14700.6,tonnes,453.0
Maharashtra,Nanded,sorghum,kharif,2022,19395.07,8694.81,tonnes,448.0
Maharashtra,Nanded,sorghum,kharif,2023,12006.78,7924.91,tonnes,660.0
Maharashtra,Nanded,sorghum,kharif,2024,8861.8,5503.09,tonnes,621.0
Maharashtra,Nanded,sorghum,rabi,2013,28800.0,21100.0,tonnes,733.0
Maharashtra,Nanded,sorghum,rabi,2014,25600.0,13000.0,tonnes,508.0
Maharashtra,Nanded,sorghum,rabi,2015,24400.0,9200.0,tonnes,377.0
Maharashtra,Nanded,sorghum,rabi,2016,33600.0,32400.0,tonnes,964.0
Maharashtra,Nanded,sorghum,rabi,2017,35707.0,37600.0,tonnes,1053.0
Maharashtra,Nanded,sorghum,rabi,2018,20720.0,19400.0,tonnes,936.0
Maharashtra,Nanded,sorghum,rabi,2019,25906.0,35892.0,tonnes,1385.0
Maharashtra,Nanded,sorghum,rabi,2020,26726.54,30481.35,tonnes,1140.0
Maharashtra,Nanded,sorghum,rabi,2021,28148.69,26909.87,tonnes,956.0
Maharashtra,Nanded,sorghum,rabi,2022,26844.45,27119.87,tonnes,1010.0
Maharashtra,Nanded,sorghum,rabi,2023,49240.51,57598.09,tonnes,1170.0
Maharashtra,Nanded,sorghum,rabi,2024,41119.13,51054.31,tonnes,1242.0
Maharashtra,Nanded,sorghum,summer,2021,6391.0,5313.61,tonnes,831.0
Maharashtra,Nanded,sorghum,summer,2022,9762.0,8116.32,tonnes,831.0
Maharashtra,Nanded,sorghum,summer,2023,11175.95,9289.85,tonnes,831.0
Maharashtra,Nanded,sorghum,summer,2024,12617.47,10491.91,tonnes,832.0
Maharashtra,Nanded,soybean,kharif,2013,213200.0,274400.0,tonnes,1287.0
Maharashtra,Nanded,soybean,kharif,2014,218900.0,64500.0,tonnes,295.0
Maharashtra,Nanded,soybean,kharif,2015,276100.0,87200.0,tonnes,316.0
Maharashtra,Nanded,soybean,kharif,2016,304300.0,101600.0,tonnes,334.0
Maharashtra,Nanded,soybean,kharif,2017,273500.0,190400.0,tonnes,696.0
Maharashtra,Nanded,soybean,kharif,2018,354966.0,493296.0,tonnes,1390.0
Maharashtra,Nanded,soybean,kharif,2019,383707.0,520543.0,tonnes,1357.0
Maharashtra,Nanded,soybean,kharif,2020,383707.18,527781.3,tonnes,1375.0
Maharashtra,Nanded,soybean,kharif,2021,416826.63,337796.3,tonnes,810.0
Maharashtra,Nanded,soybean,kharif,2022,426825.0,528324.0,tonnes,1238.0
Maharashtra,Nanded,soybean,kharif,2023,431986.92,498190.98,tonnes,1153.0
Maharashtra,Nanded,soybean,kharif,2024,443466.75,260188.08,tonnes,587.0
Maharashtra,Nanded,soybean,summer,2021,7908.0,4112.0,tonnes,520.0
Maharashtra,Nanded,soybean,summer,2022,3550.0,1845.93,tonnes,520.0
Maharashtra,Nanded,sugarcane,kharif,2013,12200.0,1020700.0,tonnes,83664.0
Maharashtra,Nanded,sugarcane,kharif,2014,18800.0,1113200.0,tonnes,59213.0
Maharashtra,Nanded,sugarcane,kharif,2015,18800.0,529500.0,tonnes,28165.0
Maharashtra,Nanded,sugarcane,kharif,2016,14501.0,860400.0,tonnes,59334.0
Maharashtra,Nanded,sugarcane,kharif,2017,23000.0,1495000.0,tonnes,65000.0
Maharashtra,Nanded,sugarcane,kharif,2018,23303.0,745696.0,tonnes,32000.0
Maharashtra,Nanded,sugarcane,kharif,2019,30000.0,1966125.0,tonnes,65538.0
Maharashtra,Nanded,sugarcane,kharif,2020,21900.0,1836294.46,tonnes,83849.0
Maharashtra,Nanded,sugarcane,kharif,2021,38052.0,3221788.46,tonnes,84668.0
Maharashtra,Nanded,sugarcane,kharif,2022,35943.0,1797150.0,tonnes,50000.0
Maharashtra,Nanded,sugarcane,kharif,2023,38683.06,1924896.58,tonnes,49761.0
Maharashtra,Nanded,sugarcane,kharif,2024,34087.91,1704334.23,tonnes,49998.0
Maharashtra,Nanded,wheat,rabi,2013,38900.0,43800.0,tonnes,1126.0
Maharashtra,Nanded,wheat,rabi,2014,39500.0,29200.0,tonnes,739.0
Maharashtra,Nanded,wheat,rabi,2015,22300.0,10100.0,tonnes,453.0
Maharashtra,Nanded,wheat,rabi,2016,60600.0,75700.0,tonnes,1249.0
Maharashtra,Nanded,wheat,rabi,2017,46100.0,46000.0,tonnes,998.0
Maharashtra,Nanded,wheat,rabi,2018,20190.0,36900.0,tonnes,1828.0
Maharashtra,Nanded,wheat,rabi,2019,22917.0,20915.0,tonnes,913.0
Maharashtra,Nanded,wheat,rabi,2020,25548.79,38396.93,tonnes,1503.0
Maharashtra,Nanded,wheat,rabi,2021,24431.54,33759.99,tonnes,1382.0
Maharashtra,Nanded,wheat,rabi,2022,26961.59,37862.16,tonnes,1404.0
Maharashtra,Nanded,wheat,rabi,2023,39177.31,63294.55,tonnes,1616.0
Maharashtra,Nanded,wheat,rabi,2024,40799.81,30231.48,tonnes,741.0
Maharashtra,Nandurbar,chickpea,rabi,2013,24300.0,20800.0,tonnes,856.0
Maharashtra,Nandurbar,chickpea,rabi,2014,18900.0,13400.0,tonnes,709.0
Maharashtra,Nandurbar,chickpea,rabi,2015,18400.0,15100.0,tonnes,821.0
Maharashtra,Nandurbar,chickpea,rabi,2016,21200.0,22700.0,tonnes,1071.0
Maharashtra,Nandurbar,chickpea,rabi,2017,26500.0,32100.0,tonnes,1211.0
Maharashtra,Nandurbar,chickpea,rabi,2018,27440.0,26200.0,tonnes,955.0
Maharashtra,Nandurbar,chickpea,rabi,2019,32014.0,31413.0,tonnes,981.0
Maharashtra,Nandurbar,chickpea,rabi,2020,33559.6,32938.19,tonnes,981.0
Maharashtra,Nandurbar,chickpea,rabi,2021,31046.67,38319.97,tonnes,1234.0
Maharashtra,Nandurbar,chickpea,rabi,2022,21761.83,24319.93,tonnes,1118.0
Maharashtra,Nandurbar,chickpea,rabi,2023,22262.21,20407.87,tonnes,917.0
Maharashtra,Nandurbar,chickpea,rabi,2024,26540.92,26407.85,tonnes,995.0
Maharashtra,Nandurbar,cotton,kharif,2013,102200.0,149800.0,bales_170kg,249.0
Maharashtra,Nandurbar,cotton,kharif,2014,118600.0,101200.0,bales_170kg,145.0
Maharashtra,Nandurbar,cotton,kharif,2015,116600.0,110600.0,bales_170kg,161.0
Maharashtra,Nandurbar,cotton,kharif,2016,85500.0,152100.0,bales_170kg,302.0
Maharashtra,Nandurbar,cotton,kharif,2017,96600.0,192200.0,bales_170kg,338.0
Maharashtra,Nandurbar,cotton,kharif,2018,111064.0,120233.0,bales_170kg,184.0
Maharashtra,Nandurbar,cotton,kharif,2019,118092.0,186752.0,bales_170kg,269.0
Maharashtra,Nandurbar,cotton,kharif,2020,121300.0,307700.0,bales_170kg,431.0
Maharashtra,Nandurbar,cotton,kharif,2021,125900.0,172600.0,bales_170kg,233.0
Maharashtra,Nandurbar,cotton,kharif,2022,129061.0,212362.09,bales_170kg,280.0
Maharashtra,Nandurbar,cotton,kharif,2023,129856.8,150491.28,bales_170kg,197.0
Maharashtra,Nandurbar,cotton,kharif,2024,125970.32,210329.74,bales_170kg,284.0
Maharashtra,Nandurbar,groundnut,kharif,2013,2000.0,1200.0,tonnes,600.0
Maharashtra,Nandurbar,groundnut,kharif,2014,2000.0,1300.0,tonnes,650.0
Maharashtra,Nandurbar,groundnut,kharif,2015,1900.0,1000.0,tonnes,526.0
Maharashtra,Nandurbar,groundnut,kharif,2016,2500.0,2100.0,tonnes,840.0
Maharashtra,Nandurbar,groundnut,kharif,2017,2300.0,2200.0,tonnes,957.0
Maharashtra,Nandurbar,groundnut,kharif,2018,2560.0,1352.0,tonnes,528.0
Maharashtra,Nandurbar,groundnut,kharif,2019,2583.0,2255.0,tonnes,873.0
Maharashtra,Nandurbar,groundnut,kharif,2020,2066.03,1356.78,tonnes,657.0
Maharashtra,Nandurbar,groundnut,kharif,2021,1808.01,1182.26,tonnes,654.0
Maharashtra,Nandurbar,groundnut,kharif,2022,1568.99,1408.17,tonnes,898.0
Maharashtra,Nandurbar,groundnut,kharif,2023,1289.78,598.26,tonnes,464.0
Maharashtra,Nandurbar,groundnut,kharif,2024,1071.01,785.45,tonnes,733.0
Maharashtra,Nandurbar,groundnut,summer,2013,2400.0,3100.0,tonnes,1292.0
Maharashtra,Nandurbar,groundnut,summer,2014,2400.0,2700.0,tonnes,1125.0
Maharashtra,Nandurbar,groundnut,summer,2015,3200.0,3700.0,tonnes,1156.0
Maharashtra,Nandurbar,groundnut,summer,2016,1800.0,1500.0,tonnes,833.0
Maharashtra,Nandurbar,groundnut,summer,2017,1559.0,1900.0,tonnes,1219.0
Maharashtra,Nandurbar,groundnut,summer,2018,1420.0,1150.0,tonnes,810.0
Maharashtra,Nandurbar,groundnut,summer,2019,4694.0,6393.0,tonnes,1362.0
Maharashtra,Nandurbar,groundnut,summer,2020,5868.07,10785.38,tonnes,1838.0
Maharashtra,Nandurbar,groundnut,summer,2021,6351.12,8136.69,tonnes,1281.0
Maharashtra,Nandurbar,groundnut,summer,2022,3176.0,3407.0,tonnes,1073.0
Maharashtra,Nandurbar,groundnut,summer,2023,1270.19,1334.87,tonnes,1051.0
Maharashtra,Nandurbar,groundnut,summer,2024,3509.89,4972.77,tonnes,1417.0
Maharashtra,Nandurbar,maize,kharif,2013,27800.0,46400.0,tonnes,1669.0
Maharashtra,Nandurbar,maize,kharif,2014,28900.0,45300.0,tonnes,1567.0
Maharashtra,Nandurbar,maize,kharif,2015,31500.0,39300.0,tonnes,1248.0
Maharashtra,Nandurbar,maize,kharif,2016,39300.0,99900.0,tonnes,2542.0
Maharashtra,Nandurbar,maize,kharif,2017,47400.0,127100.0,tonnes,2681.0
Maharashtra,Nandurbar,maize,kharif,2018,50485.0,69386.0,tonnes,1374.0
Maharashtra,Nandurbar,maize,kharif,2019,54056.0,102542.0,tonnes,1897.0
Maharashtra,Nandurbar,maize,kharif,2020,55066.77,117242.52,tonnes,2129.0
Maharashtra,Nandurbar,maize,kharif,2021,48633.76,85177.16,tonnes,1751.0
Maharashtra,Nandurbar,maize,kharif,2022,47446.0,130837.0,tonnes,2758.0
Maharashtra,Nandurbar,maize,kharif,2023,30359.49,45694.96,tonnes,1505.0
Maharashtra,Nandurbar,maize,kharif,2024,37281.99,103591.63,tonnes,2779.0
Maharashtra,Nandurbar,maize,rabi,2013,2700.0,6100.0,tonnes,2259.0
Maharashtra,Nandurbar,maize,rabi,2014,2500.0,9400.0,tonnes,3760.0
Maharashtra,Nandurbar,maize,rabi,2015,5100.0,13100.0,tonnes,2569.0
Maharashtra,Nandurbar,maize,rabi,2016,5000.0,15900.0,tonnes,3180.0
Maharashtra,Nandurbar,maize,rabi,2017,5500.0,22000.0,tonnes,4000.0
Maharashtra,Nandurbar,maize,rabi,2018,4490.0,11900.0,tonnes,2650.0
Maharashtra,Nandurbar,maize,rabi,2019,5666.0,16313.0,tonnes,2879.0
Maharashtra,Nandurbar,maize,rabi,2020,5656.73,15533.43,tonnes,2746.0
Maharashtra,Nandurbar,maize,rabi,2021,6132.46,29234.66,tonnes,4767.0
Maharashtra,Nandurbar,maize,rabi,2022,6467.35,21695.17,tonnes,3355.0
Maharashtra,Nandurbar,maize,rabi,2023,7753.44,23751.11,tonnes,3063.0
Maharashtra,Nandurbar,maize,rabi,2024,9426.87,22721.11,tonnes,2410.0
Maharashtra,Nandurbar,maize,summer,2013,700.0,900.0,tonnes,1286.0
Maharashtra,Nandurbar,maize,summer,2014,2400.0,3200.0,tonnes,1333.0
Maharashtra,Nandurbar,maize,summer,2015,1900.0,2500.0,tonnes,1316.0
Maharashtra,Nandurbar,maize,summer,2016,1900.0,4700.0,tonnes,2474.0
Maharashtra,Nandurbar,maize,summer,2017,1183.0,2800.0,tonnes,2367.0
Maharashtra,Nandurbar,maize,summer,2018,800.0,1030.0,tonnes,1288.0
Maharashtra,Nandurbar,maize,summer,2019,1915.0,3116.0,tonnes,1627.0
Maharashtra,Nandurbar,maize,summer,2020,2141.96,3742.86,tonnes,1747.0
Maharashtra,Nandurbar,maize,summer,2021,2609.83,4560.42,tonnes,1747.0
Maharashtra,Nandurbar,maize,summer,2022,939.54,1787.27,tonnes,1902.0
Maharashtra,Nandurbar,maize,summer,2023,1014.91,1930.8,tonnes,1902.0
Maharashtra,Nandurbar,maize,summer,2024,1070.72,2037.01,tonnes,1902.0
Maharashtra,Nandurbar,pearl_millet,kharif,2013,4500.0,5400.0,tonnes,1200.0
Maharashtra,Nandurbar,pearl_millet,kharif,2014,6200.0,3200.0,tonnes,516.0
Maharashtra,Nandurbar,pearl_millet,kharif,2015,5200.0,4300.0,tonnes,827.0
Maharashtra,Nandurbar,pearl_millet,kharif,2016,4600.0,4800.0,tonnes,1043.0
Maharashtra,Nandurbar,pearl_millet,kharif,2017,4962.0,3600.0,tonnes,726.0
Maharashtra,Nandurbar,pearl_millet,kharif,2018,6691.0,4815.0,tonnes,720.0
Maharashtra,Nandurbar,pearl_millet,kharif,2019,7454.0,6160.0,tonnes,826.0
Maharashtra,Nandurbar,pearl_millet,kharif,2020,7039.0,9025.06,tonnes,1282.0
Maharashtra,Nandurbar,pearl_millet,kharif,2021,6857.85,4522.6,tonnes,659.0
Maharashtra,Nandurbar,pearl_millet,kharif,2022,6327.0,7348.0,tonnes,1161.0
Maharashtra,Nandurbar,pearl_millet,kharif,2023,2146.61,1004.77,tonnes,468.0
Maharashtra,Nandurbar,pearl_millet,kharif,2024,2393.66,3000.71,tonnes,1254.0
Maharashtra,Nandurbar,pearl_millet,summer,2021,615.4,560.01,tonnes,910.0
Maharashtra,Nandurbar,pearl_millet,summer,2022,606.0,551.46,tonnes,910.0
Maharashtra,Nandurbar,pearl_millet,summer,2023,1161.91,1057.33,tonnes,910.0
Maharashtra,Nandurbar,pearl_millet,summer,2024,1019.08,927.29,tonnes,910.0
Maharashtra,Nandurbar,pigeon_pea,kharif,2013,12000.0,4700.0,tonnes,392.0
Maharashtra,Nandurbar,pigeon_pea,kharif,2014,12600.0,2800.0,tonnes,222.0
Maharashtra,Nandurbar,pigeon_pea,kharif,2015,13600.0,4200.0,tonnes,309.0
Maharashtra,Nandurbar,pigeon_pea,kharif,2016,17925.0,9592.0,tonnes,535.0
Maharashtra,Nandurbar,pigeon_pea,kharif,2017,21000.0,11600.0,tonnes,552.0
Maharashtra,Nandurbar,pigeon_pea,kharif,2018,20597.0,4788.0,tonnes,232.0
Maharashtra,Nandurbar,pigeon_pea,kharif,2019,23918.0,10879.0,tonnes,455.0
Maharashtra,Nandurbar,pigeon_pea,kharif,2020,24864.6,12098.13,tonnes,487.0
Maharashtra,Nandurbar,pigeon_pea,kharif,2021,22471.21,7819.98,tonnes,348.0
Maharashtra,Nandurbar,pigeon_pea,kharif,2022,12760.0,6165.0,tonnes,483.0
Maharashtra,Nandurbar,pigeon_pea,kharif,2023,10077.7,3012.13,tonnes,299.0
Maharashtra,Nandurbar,pigeon_pea,kharif,2024,11170.24,4729.58,tonnes,423.0
Maharashtra,Nandurbar,rice,kharif,2013,22500.0,20300.0,tonnes,902.0
Maharashtra,Nandurbar,rice,kharif,2014,18200.0,9000.0,tonnes,495.0
Maharashtra,Nandurbar,rice,kharif,2015,18900.0,17300.0,tonnes,915.0
Maharashtra,Nandurbar,rice,kharif,2016,25300.0,29400.0,tonnes,1162.0
Maharashtra,Nandurbar,rice,kharif,2017,26600.0,30100.0,tonnes,1132.0
Maharashtra,Nandurbar,rice,kharif,2018,26116.0,22519.0,tonnes,862.0
Maharashtra,Nandurbar,rice,kharif,2019,26962.0,43273.0,tonnes,1605.0
Maharashtra,Nandurbar,rice,kharif,2020,28232.23,49163.09,tonnes,1741.0
Maharashtra,Nandurbar,rice,kharif,2021,30046.07,36090.1,tonnes,1201.0
Maharashtra,Nandurbar,rice,kharif,2022,24060.25,45479.79,tonnes,1890.0
Maharashtra,Nandurbar,rice,kharif,2023,23935.8,23398.79,tonnes,978.0
Maharashtra,Nandurbar,rice,kharif,2024,24211.7,35208.73,tonnes,1454.0
Maharashtra,Nandurbar,rice,summer,2021,8.0,21.48,tonnes,2685.0
Maharashtra,Nandurbar,sorghum,kharif,2013,28600.0,38200.0,tonnes,1336.0
Maharashtra,Nandurbar,sorghum,kharif,2014,31400.0,33500.0,tonnes,1067.0
Maharashtra,Nandurbar,sorghum,kharif,2015,29800.0,29900.0,tonnes,1003.0
Maharashtra,Nandurbar,sorghum,kharif,2016,34500.0,52300.0,tonnes,1516.0
Maharashtra,Nandurbar,sorghum,kharif,2017,39500.0,59500.0,tonnes,1506.0
Maharashtra,Nandurbar,sorghum,kharif,2018,40154.0,48494.0,tonnes,1208.0
Maharashtra,Nandurbar,sorghum,kharif,2019,29017.0,33754.0,tonnes,1163.0
Maharashtra,Nandurbar,sorghum,kharif,2020,30916.37,48072.76,tonnes,1555.0
Maharashtra,Nandurbar,sorghum,kharif,2021,26829.36,35929.87,tonnes,1339.0
Maharashtra,Nandurbar,sorghum,kharif,2022,20421.04,24058.03,tonnes,1178.0
Maharashtra,Nandurbar,sorghum,kharif,2023,20869.26,20713.9,tonnes,993.0
Maharashtra,Nandurbar,sorghum,kharif,2024,23580.12,33259.34,tonnes,1410.0
Maharashtra,Nandurbar,sorghum,rabi,2013,21100.0,29000.0,tonnes,1374.0
Maharashtra,Nandurbar,sorghum,rabi,2014,14300.0,18000.0,tonnes,1259.0
Maharashtra,Nandurbar,sorghum,rabi,2015,9500.0,10200.0,tonnes,1074.0
Maharashtra,Nandurbar,sorghum,rabi,2016,9300.0,13200.0,tonnes,1419.0
Maharashtra,Nandurbar,sorghum,rabi,2017,9200.0,14100.0,tonnes,1533.0
Maharashtra,Nandurbar,sorghum,rabi,2018,9010.0,9200.0,tonnes,1021.0
Maharashtra,Nandurbar,sorghum,rabi,2019,9232.0,10578.0,tonnes,1146.0
Maharashtra,Nandurbar,sorghum,rabi,2020,9918.07,12268.13,tonnes,1237.0
Maharashtra,Nandurbar,sorghum,rabi,2021,8942.35,10840.01,tonnes,1212.0
Maharashtra,Nandurbar,sorghum,rabi,2022,4812.39,7240.0,tonnes,1504.0
Maharashtra,Nandurbar,sorghum,rabi,2023,5829.2,8242.57,tonnes,1414.0
Maharashtra,Nandurbar,sorghum,rabi,2024,5923.32,7380.15,tonnes,1246.0
Maharashtra,Nandurbar,sorghum,summer,2021,55.0,45.73,tonnes,831.0
Maharashtra,Nandurbar,sorghum,summer,2022,29.0,24.11,tonnes,831.0
Maharashtra,Nandurbar,sorghum,summer,2023,85.01,70.66,tonnes,831.0
Maharashtra,Nandurbar,soybean,kharif,2013,28000.0,33300.0,tonnes,1189.0
Maharashtra,Nandurbar,soybean,kharif,2014,27500.0,26700.0,tonnes,971.0
Maharashtra,Nandurbar,soybean,kharif,2015,27600.0,26200.0,tonnes,949.0
Maharashtra,Nandurbar,soybean,kharif,2016,28000.0,45900.0,tonnes,1639.0
Maharashtra,Nandurbar,soybean,kharif,2017,27174.0,39100.0,tonnes,1439.0
Maharashtra,Nandurbar,soybean,kharif,2018,26046.0,32808.0,tonnes,1260.0
Maharashtra,Nandurbar,soybean,kharif,2019,26670.0,38953.0,tonnes,1461.0
Maharashtra,Nandurbar,soybean,kharif,2020,28383.82,41637.3,tonnes,1467.0
Maharashtra,Nandurbar,soybean,kharif,2021,29297.75,37055.8,tonnes,1265.0
Maharashtra,Nandurbar,soybean,kharif,2022,30946.0,47455.0,tonnes,1533.0
Maharashtra,Nandurbar,soybean,kharif,2023,30279.76,24038.7,tonnes,794.0
Maharashtra,Nandurbar,soybean,kharif,2024,30170.24,28557.75,tonnes,947.0
Maharashtra,Nandurbar,soybean,summer,2021,681.3,1021.95,tonnes,1500.0
Maharashtra,Nandurbar,soybean,summer,2022,15.0,22.5,tonnes,1500.0
Maharashtra,Nandurbar,sugarcane,kharif,2013,10800.0,832600.0,tonnes,77093.0
Maharashtra,Nandurbar,sugarcane,kharif,2014,8000.0,633800.0,tonnes,79225.0
Maharashtra,Nandurbar,sugarcane,kharif,2015,14100.0,1044800.0,tonnes,74099.0
Maharashtra,Nandurbar,sugarcane,kharif,2016,10952.0,872300.0,tonnes,79648.0
Maharashtra,Nandurbar,sugarcane,kharif,2017,14887.0,1266900.0,tonnes,85101.0
Maharashtra,Nandurbar,sugarcane,kharif,2018,15477.0,1354857.0,tonnes,87540.0
Maharashtra,Nandurbar,sugarcane,kharif,2019,14585.0,1128876.0,tonnes,77400.0
Maharashtra,Nandurbar,sugarcane,kharif,2020,17671.0,1318193.19,tonnes,74596.0
Maharashtra,Nandurbar,sugarcane,kharif,2021,23201.0,962023.58,tonnes,41465.0
Maharashtra,Nandurbar,sugarcane,kharif,2022,24042.0,2056071.84,tonnes,85520.0
Maharashtra,Nandurbar,sugarcane,kharif,2023,21547.86,646773.19,tonnes,30016.0
Maharashtra,Nandurbar,sugarcane,kharif,2024,20612.55,1471168.27,tonnes,71372.0
Maharashtra,Nandurbar,wheat,rabi,2013,21500.0,45800.0,tonnes,2130.0
Maharashtra,Nandurbar,wheat,rabi,2014,21900.0,39100.0,tonnes,1785.0
Maharashtra,Nandurbar,wheat,rabi,2015,19800.0,33100.0,tonnes,1672.0
Maharashtra,Nandurbar,wheat,rabi,2016,18400.0,37700.0,tonnes,2049.0
Maharashtra,Nandurbar,wheat,rabi,2017,22765.0,42800.0,tonnes,1880.0
Maharashtra,Nandurbar,wheat,rabi,2018,21860.0,37500.0,tonnes,1715.0
Maharashtra,Nandurbar,wheat,rabi,2019,26283.0,75033.0,tonnes,2855.0
Maharashtra,Nandurbar,wheat,rabi,2020,27830.39,59385.38,tonnes,2134.0
Maharashtra,Nandurbar,wheat,rabi,2021,23635.87,38179.97,tonnes,1615.0
Maharashtra,Nandurbar,wheat,rabi,2022,26783.15,70212.03,tonnes,2622.0
Maharashtra,Nandurbar,wheat,rabi,2023,22477.95,60666.92,tonnes,2699.0
Maharashtra,Nandurbar,wheat,rabi,2024,29389.95,70915.46,tonnes,2413.0
Maharashtra,Nashik,chickpea,rabi,2013,40000.0,26220.0,tonnes,656.0
Maharashtra,Nashik,chickpea,rabi,2014,40900.0,28500.0,tonnes,697.0
Maharashtra,Nashik,chickpea,rabi,2015,39900.0,26630.0,tonnes,667.0
Maharashtra,Nashik,chickpea,rabi,2016,59600.0,42500.0,tonnes,713.0
Maharashtra,Nashik,chickpea,rabi,2017,72500.0,61700.0,tonnes,851.0
Maharashtra,Nashik,chickpea,rabi,2018,63080.0,47400.0,tonnes,751.0
Maharashtra,Nashik,chickpea,rabi,2019,63084.0,52623.0,tonnes,834.0
Maharashtra,Nashik,chickpea,rabi,2020,64028.1,54036.07,tonnes,844.0
Maharashtra,Nashik,chickpea,rabi,2021,65088.25,59659.89,tonnes,917.0
Maharashtra,Nashik,chickpea,rabi,2022,32439.78,31920.1,tonnes,984.0
Maharashtra,Nashik,chickpea,rabi,2023,25162.6,16938.2,tonnes,673.0
Maharashtra,Nashik,chickpea,rabi,2024,27258.63,18709.9,tonnes,686.0
Maharashtra,Nashik,cotton,kharif,2013,46000.0,100800.0,bales_170kg,373.0
Maharashtra,Nashik,cotton,kharif,2014,46000.0,44700.0,bales_170kg,165.0
Maharashtra,Nashik,cotton,kharif,2015,43300.0,26900.0,bales_170kg,106.0
Maharashtra,Nashik,cotton,kharif,2016,46700.0,158500.0,bales_170kg,577.0
Maharashtra,Nashik,cotton,kharif,2017,65400.0,144100.0,bales_170kg,375.0
Maharashtra,Nashik,cotton,kharif,2018,62430.0,30849.0,bales_170kg,84.0
Maharashtra,Nashik,cotton,kharif,2019,64192.0,75784.0,bales_170kg,201.0
Maharashtra,Nashik,cotton,kharif,2020,66300.0,179100.0,bales_170kg,459.0
Maharashtra,Nashik,cotton,kharif,2021,62200.0,125300.0,bales_170kg,342.0
Maharashtra,Nashik,cotton,kharif,2022,40082.15,112437.26,bales_170kg,477.0
Maharashtra,Nashik,cotton,kharif,2023,40254.81,27210.05,bales_170kg,115.0
Maharashtra,Nashik,cotton,kharif,2024,36270.74,78204.52,bales_170kg,367.0
Maharashtra,Nashik,groundnut,kharif,2013,33400.0,34600.0,tonnes,1036.0
Maharashtra,Nashik,groundnut,kharif,2014,19900.0,20100.0,tonnes,1010.0
Maharashtra,Nashik,groundnut,kharif,2015,19600.0,18100.0,tonnes,923.0
Maharashtra,Nashik,groundnut,kharif,2016,21100.0,34600.0,tonnes,1640.0
Maharashtra,Nashik,groundnut,kharif,2017,22700.0,30100.0,tonnes,1326.0
Maharashtra,Nashik,groundnut,kharif,2018,25095.0,23362.0,tonnes,931.0
Maharashtra,Nashik,groundnut,kharif,2019,26654.0,19887.0,tonnes,746.0
Maharashtra,Nashik,groundnut,kharif,2020,26727.35,31210.69,tonnes,1168.0
Maharashtra,Nashik,groundnut,kharif,2021,27208.51,27962.18,tonnes,1028.0
Maharashtra,Nashik,groundnut,kharif,2022,22375.11,26228.1,tonnes,1172.0
Maharashtra,Nashik,groundnut,kharif,2023,18417.09,12685.98,tonnes,689.0
Maharashtra,Nashik,groundnut,kharif,2024,17240.22,24090.54,tonnes,1397.0
Maharashtra,Nashik,groundnut,summer,2013,100.0,140.0,tonnes,1400.0
Maharashtra,Nashik,groundnut,summer,2014,100.0,200.0,tonnes,2000.0
Maharashtra,Nashik,groundnut,summer,2015,100.0,100.0,tonnes,1000.0
Maharashtra,Nashik,groundnut,summer,2016,1500.0,2610.0,tonnes,1740.0
Maharashtra,Nashik,groundnut,summer,2017,1627.0,3420.0,tonnes,2102.0
Maharashtra,Nashik,groundnut,summer,2018,606.0,900.0,tonnes,1485.0
Maharashtra,Nashik,groundnut,summer,2019,1153.0,2334.0,tonnes,2024.0
Maharashtra,Nashik,groundnut,summer,2020,1213.95,1886.17,tonnes,1554.0
Maharashtra,Nashik,groundnut,summer,2021,1629.67,2445.51,tonnes,1501.0
Maharashtra,Nashik,groundnut,summer,2022,1886.0,3225.0,tonnes,1710.0
Maharashtra,Nashik,groundnut,summer,2023,1335.61,1991.27,tonnes,1491.0
Maharashtra,Nashik,groundnut,summer,2024,2993.86,3102.36,tonnes,1036.0
Maharashtra,Nashik,maize,kharif,2013,144200.0,556700.0,tonnes,3861.0
Maharashtra,Nashik,maize,kharif,2014,116900.0,309000.0,tonnes,2643.0
Maharashtra,Nashik,maize,kharif,2015,141600.0,343100.0,tonnes,2423.0
Maharashtra,Nashik,maize,kharif,2016,147100.0,684700.0,tonnes,4655.0
Maharashtra,Nashik,maize,kharif,2017,158600.0,747800.0,tonnes,4715.0
Maharashtra,Nashik,maize,kharif,2018,171881.0,462044.0,tonnes,2688.0
Maharashtra,Nashik,maize,kharif,2019,181554.0,279741.0,tonnes,1541.0
Maharashtra,Nashik,maize,kharif,2020,194294.09,856428.92,tonnes,4408.0
Maharashtra,Nashik,maize,kharif,2021,199792.86,819909.96,tonnes,4104.0
Maharashtra,Nashik,maize,kharif,2022,221779.0,952541.0,tonnes,4295.0
Maharashtra,Nashik,maize,kharif,2023,249857.14,232344.47,tonnes,930.0
Maharashtra,Nashik,maize,kharif,2024,279110.19,1188179.03,tonnes,4257.0
Maharashtra,Nashik,maize,rabi,2013,1700.0,5800.0,tonnes,3412.0
Maharashtra,Nashik,maize,rabi,2014,2900.0,13700.0,tonnes,4724.0
Maharashtra,Nashik,maize,rabi,2015,3000.0,4600.0,tonnes,1533.0
Maharashtra,Nashik,maize,rabi,2016,4100.0,13000.0,tonnes,3171.0
Maharashtra,Nashik,maize,rabi,2017,4000.0,20000.0,tonnes,5000.0
Maharashtra,Nashik,maize,rabi,2018,1830.0,2700.0,tonnes,1475.0
Maharashtra,Nashik,maize,rabi,2019,3912.0,11317.0,tonnes,2893.0
Maharashtra,Nashik,maize,rabi,2020,5455.25,20217.72,tonnes,3706.0
Maharashtra,Nashik,maize,rabi,2021,4808.29,25046.38,tonnes,5209.0
Maharashtra,Nashik,maize,rabi,2022,5518.89,25405.66,tonnes,4603.0
Maharashtra,Nashik,maize,rabi,2023,9116.93,26915.0,tonnes,2952.0
Maharashtra,Nashik,maize,rabi,2024,11209.28,38469.78,tonnes,3432.0
Maharashtra,Nashik,maize,summer,2013,300.0,400.0,tonnes,1333.0
Maharashtra,Nashik,maize,summer,2014,200.0,200.0,tonnes,1000.0
Maharashtra,Nashik,maize,summer,2015,100.0,100.0,tonnes,1000.0
Maharashtra,Nashik,maize,summer,2016,800.0,2700.0,tonnes,3375.0
Maharashtra,Nashik,maize,summer,2017,984.0,2300.0,tonnes,2337.0
Maharashtra,Nashik,maize,summer,2018,169.0,220.0,tonnes,1302.0
Maharashtra,Nashik,maize,summer,2019,358.0,903.0,tonnes,2522.0
Maharashtra,Nashik,maize,summer,2020,413.42,807.58,tonnes,1953.0
Maharashtra,Nashik,maize,summer,2021,392.01,765.75,tonnes,1953.0
Maharashtra,Nashik,maize,summer,2022,2436.5,5672.85,tonnes,2328.0
Maharashtra,Nashik,maize,summer,2023,1837.78,4279.22,tonnes,2328.0
Maharashtra,Nashik,maize,summer,2024,2807.63,6537.61,tonnes,2329.0
Maharashtra,Nashik,pearl_millet,kharif,2013,149600.0,167500.0,tonnes,1120.0
Maharashtra,Nashik,pearl_millet,kharif,2014,152700.0,108900.0,tonnes,713.0
Maharashtra,Nashik,pearl_millet,kharif,2015,151200.0,86600.0,tonnes,573.0
Maharashtra,Nashik,pearl_millet,kharif,2016,156000.0,249300.0,tonnes,1598.0
Maharashtra,Nashik,pearl_millet,kharif,2017,136500.0,199900.0,tonnes,1464.0
Maharashtra,Nashik,pearl_millet,kharif,2018,91002.0,57871.0,tonnes,636.0
Maharashtra,Nashik,pearl_millet,kharif,2019,97031.0,98642.0,tonnes,1017.0
Maharashtra,Nashik,pearl_millet,kharif,2020,97598.58,154720.81,tonnes,1585.0
Maharashtra,Nashik,pearl_millet,kharif,2021,94922.71,118984.91,tonnes,1253.0
Maharashtra,Nashik,pearl_millet,kharif,2022,69662.0,99532.0,tonnes,1429.0
Maharashtra,Nashik,pearl_millet,kharif,2023,55120.47,26227.77,tonnes,476.0
Maharashtra,Nashik,pearl_millet,kharif,2024,56647.4,97891.04,tonnes,1728.0
Maharashtra,Nashik,pearl_millet,summer,2021,512.5,466.38,tonnes,910.0
Maharashtra,Nashik,pearl_millet,summer,2022,3516.15,3199.7,tonnes,910.0
Maharashtra,Nashik,pearl_millet,summer,2023,1021.76,929.8,tonnes,910.0
Maharashtra,Nashik,pearl_millet,summer,2024,739.4,672.8,tonnes,910.0
Maharashtra,Nashik,pigeon_pea,kharif,2013,10100.0,7100.0,tonnes,703.0
Maharashtra,Nashik,pigeon_pea,kharif,2014,5700.0,1500.0,tonnes,263.0
Maharashtra,Nashik,pigeon_pea,kharif,2015,5900.0,1700.0,tonnes,288.0
Maharashtra,Nashik,pigeon_pea,kharif,2016,7437.0,5673.0,tonnes,763.0
Maharashtra,Nashik,pigeon_pea,kharif,2017,7600.0,6200.0,tonnes,816.0
Maharashtra,Nashik,pigeon_pea,kharif,2018,7579.0,1891.0,tonnes,250.0
Maharashtra,Nashik,pigeon_pea,kharif,2019,6343.0,2245.0,tonnes,354.0
Maharashtra,Nashik,pigeon_pea,kharif,2020,6220.59,5629.33,tonnes,905.0
Maharashtra,Nashik,pigeon_pea,kharif,2021,6941.76,4762.05,tonnes,686.0
Maharashtra,Nashik,pigeon_pea,kharif,2022,5939.0,4692.0,tonnes,790.0
Maharashtra,Nashik,pigeon_pea,kharif,2023,4585.44,1321.05,tonnes,288.0
Maharashtra,Nashik,pigeon_pea,kharif,2024,4651.82,2930.42,tonnes,630.0
Maharashtra,Nashik,rice,kharif,2013,72600.0,93300.0,tonnes,1285.0
Maharashtra,Nashik,rice,kharif,2014,71200.0,86700.0,tonnes,1218.0
Maharashtra,Nashik,rice,kharif,2015,69600.0,101100.0,tonnes,1453.0
Maharashtra,Nashik,rice,kharif,2016,71900.0,145800.0,tonnes,2028.0
Maharashtra,Nashik,rice,kharif,2017,72500.0,153600.0,tonnes,2119.0
Maharashtra,Nashik,rice,kharif,2018,74046.0,126516.0,tonnes,1709.0
Maharashtra,Nashik,rice,kharif,2019,76288.0,90539.0,tonnes,1187.0
Maharashtra,Nashik,rice,kharif,2020,76543.71,148821.69,tonnes,1944.0
Maharashtra,Nashik,rice,kharif,2021,78129.45,134255.58,tonnes,1718.0
Maharashtra,Nashik,rice,kharif,2022,92318.5,230131.55,tonnes,2493.0
Maharashtra,Nashik,rice,kharif,2023,93232.83,127356.18,tonnes,1366.0
Maharashtra,Nashik,rice,kharif,2024,94289.03,185877.33,tonnes,1971.0
Maharashtra,Nashik,rice,summer,2021,6.0,16.11,tonnes,2685.0
Maharashtra,Nashik,rice,summer,2022,11.2,44.3,tonnes,3955.0
Maharashtra,Nashik,rice,summer,2023,10.22,34.37,tonnes,3363.0
Maharashtra,Nashik,rice,summer,2024,9.38,22.52,tonnes,2400.0
Maharashtra,Nashik,sorghum,kharif,2013,6700.0,13300.0,tonnes,1985.0
Maharashtra,Nashik,sorghum,kharif,2015,800.0,700.0,tonnes,875.0
Maharashtra,Nashik,sorghum,kharif,2016,1100.0,2100.0,tonnes,1909.0
Maharashtra,Nashik,sorghum,kharif,2017,800.0,1100.0,tonnes,1375.0
Maharashtra,Nashik,sorghum,kharif,2018,647.0,813.0,tonnes,1257.0
Maharashtra,Nashik,sorghum,kharif,2019,707.0,369.0,tonnes,522.0
Maharashtra,Nashik,sorghum,kharif,2020,854.2,1306.67,tonnes,1530.0
Maharashtra,Nashik,sorghum,kharif,2021,724.39,1060.87,tonnes,1465.0
Maharashtra,Nashik,sorghum,kharif,2022,695.24,963.6,tonnes,1386.0
Maharashtra,Nashik,sorghum,kharif,2023,575.74,122.96,tonnes,214.0
Maharashtra,Nashik,sorghum,kharif,2024,626.76,860.27,tonnes,1373.0
Maharashtra,Nashik,sorghum,rabi,2013,8400.0,5500.0,tonnes,655.0
Maharashtra,Nashik,sorghum,rabi,2014,5100.0,3700.0,tonnes,725.0
Maharashtra,Nashik,sorghum,rabi,2015,5800.0,3400.0,tonnes,586.0
Maharashtra,Nashik,sorghum,rabi,2016,6400.0,3900.0,tonnes,609.0
Maharashtra,Nashik,sorghum,rabi,2017,5800.0,3900.0,tonnes,672.0
Maharashtra,Nashik,sorghum,rabi,2018,3790.0,1900.0,tonnes,501.0
Maharashtra,Nashik,sorghum,rabi,2019,3748.0,2368.0,tonnes,632.0
Maharashtra,Nashik,sorghum,rabi,2020,4033.12,3065.25,tonnes,760.0
Maharashtra,Nashik,sorghum,rabi,2021,4185.24,3870.01,tonnes,925.0
Maharashtra,Nashik,sorghum,rabi,2022,3233.51,2980.0,tonnes,922.0
Maharashtra,Nashik,sorghum,rabi,2023,7128.34,5321.66,tonnes,747.0
Maharashtra,Nashik,sorghum,rabi,2024,4459.51,4278.37,tonnes,959.0
Maharashtra,Nashik,sorghum,summer,2021,75.0,62.36,tonnes,831.0
Maharashtra,Nashik,sorghum,summer,2023,10.0,8.31,tonnes,831.0
Maharashtra,Nashik,sorghum,summer,2024,237.18,197.22,tonnes,832.0
Maharashtra,Nashik,soybean,kharif,2013,52400.0,82700.0,tonnes,1578.0
Maharashtra,Nashik,soybean,kharif,2014,59800.0,85000.0,tonnes,1421.0
Maharashtra,Nashik,soybean,kharif,2015,59800.0,69600.0,tonnes,1164.0
Maharashtra,Nashik,soybean,kharif,2016,68700.0,103000.0,tonnes,1499.0
Maharashtra,Nashik,soybean,kharif,2017,67497.0,137600.0,tonnes,2039.0
Maharashtra,Nashik,soybean,kharif,2018,71168.0,65160.0,tonnes,916.0
Maharashtra,Nashik,soybean,kharif,2019,74792.0,75225.0,tonnes,1006.0
Maharashtra,Nashik,soybean,kharif,2020,79572.68,155655.88,tonnes,1956.0
Maharashtra,Nashik,soybean,kharif,2021,86434.52,156385.97,tonnes,1809.0
Maharashtra,Nashik,soybean,kharif,2022,103459.0,178436.0,tonnes,1725.0
Maharashtra,Nashik,soybean,kharif,2023,120581.41,49915.71,tonnes,414.0
Maharashtra,Nashik,soybean,kharif,2024,114366.24,183514.43,tonnes,1605.0
Maharashtra,Nashik,soybean,summer,2021,351.65,527.48,tonnes,1500.0
Maharashtra,Nashik,soybean,summer,2022,29.7,44.55,tonnes,1500.0
Maharashtra,Nashik,sugarcane,kharif,2013,21000.0,1786500.0,tonnes,85071.0
Maharashtra,Nashik,sugarcane,kharif,2014,16800.0,1384200.0,tonnes,82393.0
Maharashtra,Nashik,sugarcane,kharif,2015,19000.0,1531200.0,tonnes,80589.0
Maharashtra,Nashik,sugarcane,kharif,2016,11216.0,966200.0,tonnes,86145.0
Maharashtra,Nashik,sugarcane,kharif,2017,11865.0,988600.0,tonnes,83321.0
Maharashtra,Nashik,sugarcane,kharif,2018,15345.0,1461304.0,tonnes,95230.0
Maharashtra,Nashik,sugarcane,kharif,2019,13644.0,1094464.0,tonnes,80216.0
Maharashtra,Nashik,sugarcane,kharif,2020,14366.0,1623785.2,tonnes,113030.0
Maharashtra,Nashik,sugarcane,kharif,2021,20923.0,1603003.29,tonnes,76614.0
Maharashtra,Nashik,sugarcane,kharif,2022,30965.0,2836084.35,tonnes,91590.0
Maharashtra,Nashik,sugarcane,kharif,2023,12822.99,1068275.11,tonnes,83309.0
Maharashtra,Nashik,sugarcane,kharif,2024,10615.97,972252.2,tonnes,91584.0
Maharashtra,Nashik,wheat,rabi,2013,65900.0,111900.0,tonnes,1698.0
Maharashtra,Nashik,wheat,rabi,2014,72400.0,111200.0,tonnes,1536.0
Maharashtra,Nashik,wheat,rabi,2015,60000.0,81100.0,tonnes,1352.0
Maharashtra,Nashik,wheat,rabi,2016,79200.0,177600.0,tonnes,2242.0
Maharashtra,Nashik,wheat,rabi,2017,112458.0,223600.0,tonnes,1988.0
Maharashtra,Nashik,wheat,rabi,2018,63550.0,111700.0,tonnes,1758.0
Maharashtra,Nashik,wheat,rabi,2019,82459.0,210563.0,tonnes,2554.0
Maharashtra,Nashik,wheat,rabi,2020,86328.16,167199.07,tonnes,1937.0
Maharashtra,Nashik,wheat,rabi,2021,85635.85,166600.26,tonnes,1945.0
Maharashtra,Nashik,wheat,rabi,2022,75975.55,193456.54,tonnes,2546.0
Maharashtra,Nashik,wheat,rabi,2023,41306.36,98420.38,tonnes,2383.0
Maharashtra,Nashik,wheat,rabi,2024,40003.92,100673.9,tonnes,2517.0
Maharashtra,Palghar,chickpea,rabi,2014,1200.0,900.0,tonnes,750.0
Maharashtra,Palghar,chickpea,rabi,2015,1800.0,1200.0,tonnes,667.0
Maharashtra,Palghar,chickpea,rabi,2016,1900.0,1800.0,tonnes,947.0
Maharashtra,Palghar,chickpea,rabi,2017,1900.0,1700.0,tonnes,895.0
Maharashtra,Palghar,chickpea,rabi,2018,1000.0,900.0,tonnes,900.0
Maharashtra,Palghar,chickpea,rabi,2019,997.0,726.0,tonnes,728.0
Maharashtra,Palghar,chickpea,rabi,2020,1008.7,924.63,tonnes,917.0
Maharashtra,Palghar,chickpea,rabi,2021,1008.7,926.69,tonnes,919.0
Maharashtra,Palghar,chickpea,rabi,2022,2009.06,1739.91,tonnes,866.0
Maharashtra,Palghar,chickpea,rabi,2023,2596.37,2574.21,tonnes,991.0
Maharashtra,Palghar,chickpea,rabi,2024,2602.38,1756.9,tonnes,675.0
Maharashtra,Palghar,groundnut,kharif,2014,200.0,200.0,tonnes,1000.0
Maharashtra,Palghar,groundnut,kharif,2015,100.0,100.0,tonnes,1000.0
Maharashtra,Palghar,groundnut,kharif,2016,200.0,200.0,tonnes,1000.0
Maharashtra,Palghar,groundnut,kharif,2017,76.0,100.0,tonnes,1316.0
Maharashtra,Palghar,groundnut,kharif,2020,30.0,28.1,tonnes,937.0
Maharashtra,Palghar,groundnut,kharif,2021,22.1,19.29,tonnes,873.0
Maharashtra,Palghar,groundnut,kharif,2022,22.1,20.29,tonnes,918.0
Maharashtra,Palghar,groundnut,kharif,2023,46.13,38.37,tonnes,832.0
Maharashtra,Palghar,groundnut,kharif,2024,65.94,48.66,tonnes,738.0
Maharashtra,Palghar,groundnut,summer,2015,30.0,100.0,tonnes,3333.0
Maharashtra,Palghar,maize,rabi,2015,30.0,100.0,tonnes,3333.0
Maharashtra,Palghar,maize,rabi,2016,28.0,100.0,tonnes,3571.0
Maharashtra,Palghar,maize,rabi,2018,2.0,5.0,tonnes,2500.0
Maharashtra,Palghar,maize,rabi,2019,4.0,14.0,tonnes,3500.0
Maharashtra,Palghar,maize,rabi,2021,28.1,69.23,tonnes,2464.0
Maharashtra,Palghar,maize,rabi,2022,12.1,33.26,tonnes,2749.0
Maharashtra,Palghar,maize,rabi,2023,13.5,34.95,tonnes,2589.0
Maharashtra,Palghar,maize,summer,2021,12.0,24.01,tonnes,2001.0
Maharashtra,Palghar,pearl_millet,kharif,2023,0.9,0.43,tonnes,478.0
Maharashtra,Palghar,pearl_millet,kharif,2024,0.5,0.86,tonnes,1728.0
Maharashtra,Palghar,pigeon_pea,kharif,2014,2300.0,900.0,tonnes,391.0
Maharashtra,Palghar,pigeon_pea,kharif,2015,2500.0,900.0,tonnes,360.0
Maharashtra,Palghar,pigeon_pea,kharif,2016,2574.0,2109.0,tonnes,819.0
Maharashtra,Palghar,pigeon_pea,kharif,2017,2500.0,1200.0,tonnes,480.0
Maharashtra,Palghar,pigeon_pea,kharif,2018,2310.0,377.0,tonnes,163.0
Maharashtra,Palghar,pigeon_pea,kharif,2019,2310.0,1026.0,tonnes,444.0
Maharashtra,Palghar,pigeon_pea,kharif,2020,2486.2,1645.86,tonnes,662.0
Maharashtra,Palghar,pigeon_pea,kharif,2021,2903.3,1746.34,tonnes,602.0
Maharashtra,Palghar,pigeon_pea,kharif,2022,2903.0,1865.0,tonnes,642.0
Maharashtra,Palghar,pigeon_pea,kharif,2023,2587.31,1379.53,tonnes,533.0
Maharashtra,Palghar,pigeon_pea,kharif,2024,2233.61,866.1,tonnes,388.0
Maharashtra,Palghar,rice,kharif,2014,74800.0,188300.0,tonnes,2517.0
Maharashtra,Palghar,rice,kharif,2015,77100.0,177300.0,tonnes,2300.0
Maharashtra,Palghar,rice,kharif,2016,76400.0,222700.0,tonnes,2915.0
Maharashtra,Palghar,rice,kharif,2017,76700.0,142000.0,tonnes,1851.0
Maharashtra,Palghar,rice,kharif,2018,76714.0,134767.0,tonnes,1757.0
Maharashtra,Palghar,rice,kharif,2019,76714.0,136746.0,tonnes,1783.0
Maharashtra,Palghar,rice,kharif,2020,76714.3,144869.52,tonnes,1888.0
Maharashtra,Palghar,rice,kharif,2021,76716.77,163879.92,tonnes,2136.0
Maharashtra,Palghar,rice,kharif,2022,77137.04,183240.0,tonnes,2376.0
Maharashtra,Palghar,rice,kharif,2023,77249.12,207702.32,tonnes,2689.0
Maharashtra,Palghar,rice,kharif,2024,78566.98,191477.64,tonnes,2437.0
Maharashtra,Palghar,rice,summer,2015,1400.0,4000.0,tonnes,2857.0
Maharashtra,Palghar,rice,summer,2016,1200.0,2900.0,tonnes,2417.0
Maharashtra,Palghar,rice,summer,2017,1230.0,3100.0,tonnes,2520.0
Maharashtra,Palghar,rice,summer,2018,1325.0,3500.0,tonnes,2642.0
Maharashtra,Palghar,rice,summer,2019,1325.0,3496.0,tonnes,2638.0
Maharashtra,Palghar,rice,summer,2020,1324.8,3006.95,tonnes,2270.0
Maharashtra,Palghar,rice,summer,2021,1324.8,2810.21,tonnes,2121.0
Maharashtra,Palghar,rice,summer,2022,1788.48,7073.45,tonnes,3955.0
Maharashtra,Palghar,rice,summer,2023,1665.22,6920.63,tonnes,4156.0
Maharashtra,Palghar,rice,summer,2024,935.47,2613.81,tonnes,2794.0
Maharashtra,Palghar,sorghum,rabi,2022,516.95,345.9,tonnes,669.0
Maharashtra,Palghar,sorghum,rabi,2023,12.52,8.49,tonnes,678.0
Maharashtra,Palghar,wheat,rabi,2015,42.0,40.0,tonnes,952.0
Maharashtra,Palghar,wheat,rabi,2016,35.0,100.0,tonnes,2857.0
Maharashtra,Palghar,wheat,rabi,2017,15.0,21.0,tonnes,1400.0
Maharashtra,Palghar,wheat,rabi,2018,10.0,7.0,tonnes,700.0
Maharashtra,Palghar,wheat,rabi,2019,10.0,29.0,tonnes,2900.0
Maharashtra,Palghar,wheat,rabi,2020,22.3,27.14,tonnes,1217.0
Maharashtra,Palghar,wheat,rabi,2021,22.3,31.23,tonnes,1400.0
Maharashtra,Palghar,wheat,rabi,2022,12.0,24.16,tonnes,2014.0
Maharashtra,Palghar,wheat,rabi,2023,12.0,24.91,tonnes,2076.0
Maharashtra,Palghar,wheat,rabi,2024,12.0,10.34,tonnes,861.0
Maharashtra,Parbhani,chickpea,rabi,2013,67000.0,47800.0,tonnes,713.0
Maharashtra,Parbhani,chickpea,rabi,2014,45600.0,28400.0,tonnes,623.0
Maharashtra,Parbhani,chickpea,rabi,2015,41300.0,8600.0,tonnes,208.0
Maharashtra,Parbhani,chickpea,rabi,2016,71630.0,59825.0,tonnes,835.0
Maharashtra,Parbhani,chickpea,rabi,2017,107869.0,67192.0,tonnes,623.0
Maharashtra,Parbhani,chickpea,rabi,2018,53830.0,38500.0,tonnes,715.0
Maharashtra,Parbhani,chickpea,rabi,2019,58221.0,51901.0,tonnes,891.0
Maharashtra,Parbhani,chickpea,rabi,2020,58220.7,52173.54,tonnes,896.0
Maharashtra,Parbhani,chickpea,rabi,2021,66551.96,80929.85,tonnes,1216.0
Maharashtra,Parbhani,chickpea,rabi,2022,172793.0,210090.37,tonnes,1216.0
Maharashtra,Parbhani,chickpea,rabi,2023,156060.44,151364.41,tonnes,970.0
Maharashtra,Parbhani,chickpea,rabi,2024,168813.29,187312.72,tonnes,1110.0
Maharashtra,Parbhani,cotton,kharif,2013,265900.0,559000.0,bales_170kg,357.0
Maharashtra,Parbhani,cotton,kharif,2014,273500.0,204800.0,bales_170kg,127.0
Maharashtra,Parbhani,cotton,kharif,2015,272200.0,107700.0,bales_170kg,67.0
Maharashtra,Parbhani,cotton,kharif,2016,167630.0,768376.0,bales_170kg,779.0
Maharashtra,Parbhani,cotton,kharif,2017,185129.0,367600.0,bales_170kg,338.0
Maharashtra,Parbhani,cotton,kharif,2018,199869.0,327347.0,bales_170kg,278.0
Maharashtra,Parbhani,cotton,kharif,2019,214404.0,297153.0,bales_170kg,236.0
Maharashtra,Parbhani,cotton,kharif,2020,214400.0,390700.0,bales_170kg,310.0
Maharashtra,Parbhani,cotton,kharif,2021,219000.0,396400.0,bales_170kg,308.0
Maharashtra,Parbhani,cotton,kharif,2022,182292.98,533158.21,bales_170kg,497.0
Maharashtra,Parbhani,cotton,kharif,2023,182096.14,373605.07,bales_170kg,349.0
Maharashtra,Parbhani,cotton,kharif,2024,198129.53,234931.43,bales_170kg,202.0
Maharashtra,Parbhani,groundnut,kharif,2013,100.0,100.0,tonnes,1000.0
Maharashtra,Parbhani,groundnut,kharif,2017,36.0,2.0,tonnes,56.0
Maharashtra,Parbhani,groundnut,kharif,2019,12.0,4.0,tonnes,333.0
Maharashtra,Parbhani,groundnut,kharif,2020,12.0,5.43,tonnes,453.0
Maharashtra,Parbhani,groundnut,kharif,2021,9.18,6.76,tonnes,736.0
Maharashtra,Parbhani,groundnut,kharif,2022,6.81,4.89,tonnes,717.0
Maharashtra,Parbhani,groundnut,kharif,2023,1.72,1.45,tonnes,841.0
Maharashtra,Parbhani,groundnut,kharif,2024,0.49,0.23,tonnes,466.0
Maharashtra,Parbhani,groundnut,summer,2013,6400.0,6600.0,tonnes,1031.0
Maharashtra,Parbhani,groundnut,summer,2014,3100.0,2600.0,tonnes,839.0
Maharashtra,Parbhani,groundnut,summer,2015,200.0,200.0,tonnes,1000.0
Maharashtra,Parbhani,groundnut,summer,2016,4000.0,4500.0,tonnes,1125.0
Maharashtra,Parbhani,groundnut,summer,2017,5046.0,6100.0,tonnes,1209.0
Maharashtra,Parbhani,groundnut,summer,2018,225.0,190.0,tonnes,844.0
Maharashtra,Parbhani,groundnut,summer,2019,690.0,1368.0,tonnes,1983.0
Maharashtra,Parbhani,groundnut,summer,2020,690.49,905.3,tonnes,1311.0
Maharashtra,Parbhani,groundnut,summer,2021,729.11,1287.72,tonnes,1766.0
Maharashtra,Parbhani,groundnut,summer,2022,8010.0,11176.0,tonnes,1395.0
Maharashtra,Parbhani,groundnut,summer,2023,5693.69,9248.71,tonnes,1624.0
Maharashtra,Parbhani,groundnut,summer,2024,9637.37,16580.12,tonnes,1720.0
Maharashtra,Parbhani,maize,kharif,2013,1900.0,2600.0,tonnes,1368.0
Maharashtra,Parbhani,maize,kharif,2014,1500.0,600.0,tonnes,400.0
Maharashtra,Parbhani,maize,kharif,2015,1600.0,400.0,tonnes,250.0
Maharashtra,Parbhani,maize,kharif,2016,1230.0,442.0,tonnes,359.0
Maharashtra,Parbhani,maize,kharif,2017,1270.0,1000.0,tonnes,787.0
Maharashtra,Parbhani,maize,kharif,2018,411.0,203.0,tonnes,494.0
Maharashtra,Parbhani,maize,kharif,2019,1035.0,742.0,tonnes,717.0
Maharashtra,Parbhani,maize,kharif,2020,1035.21,1103.12,tonnes,1066.0
Maharashtra,Parbhani,maize,kharif,2021,1182.58,1013.47,tonnes,857.0
Maharashtra,Parbhani,maize,kharif,2022,954.0,941.0,tonnes,986.0
Maharashtra,Parbhani,maize,kharif,2023,863.68,759.02,tonnes,879.0
Maharashtra,Parbhani,maize,kharif,2024,808.57,618.27,tonnes,765.0
Maharashtra,Parbhani,maize,rabi,2013,200.0,500.0,tonnes,2500.0
Maharashtra,Parbhani,maize,rabi,2015,4000.0,3400.0,tonnes,850.0
Maharashtra,Parbhani,maize,rabi,2016,3500.0,6128.0,tonnes,1751.0
Maharashtra,Parbhani,maize,rabi,2017,1840.0,1908.0,tonnes,1037.0
Maharashtra,Parbhani,maize,rabi,2018,2330.0,1700.0,tonnes,730.0
Maharashtra,Parbhani,maize,rabi,2019,1733.0,2180.0,tonnes,1258.0
Maharashtra,Parbhani,maize,rabi,2020,1733.0,2235.4,tonnes,1290.0
Maharashtra,Parbhani,maize,rabi,2021,2217.1,4825.52,tonnes,2176.0
Maharashtra,Parbhani,maize,rabi,2022,1339.0,2647.13,tonnes,1977.0
Maharashtra,Parbhani,maize,rabi,2023,1635.44,1458.41,tonnes,892.0
Maharashtra,Parbhani,maize,rabi,2024,1786.01,2031.6,tonnes,1138.0
Maharashtra,Parbhani,maize,summer,2013,800.0,800.0,tonnes,1000.0
Maharashtra,Parbhani,maize,summer,2014,400.0,300.0,tonnes,750.0
Maharashtra,Parbhani,maize,summer,2015,200.0,100.0,tonnes,500.0
Maharashtra,Parbhani,maize,summer,2016,2500.0,3900.0,tonnes,1560.0
Maharashtra,Parbhani,maize,summer,2017,971.0,600.0,tonnes,618.0
Maharashtra,Parbhani,maize,summer,2018,450.0,,tonnes,
Maharashtra,Parbhani,maize,summer,2019,763.0,927.0,tonnes,1215.0
Maharashtra,Parbhani,maize,summer,2020,762.86,531.41,tonnes,697.0
Maharashtra,Parbhani,maize,summer,2021,984.76,685.98,tonnes,697.0
Maharashtra,Parbhani,maize,summer,2022,871.9,894.7,tonnes,1026.0
Maharashtra,Parbhani,maize,summer,2023,662.24,679.61,tonnes,1026.0
Maharashtra,Parbhani,maize,summer,2024,886.55,909.83,tonnes,1026.0
Maharashtra,Parbhani,pearl_millet,kharif,2013,3200.0,2000.0,tonnes,625.0
Maharashtra,Parbhani,pearl_millet,kharif,2014,4200.0,400.0,tonnes,95.0
Maharashtra,Parbhani,pearl_millet,kharif,2015,4600.0,800.0,tonnes,174.0
Maharashtra,Parbhani,pearl_millet,kharif,2016,2540.0,1170.0,tonnes,461.0
Maharashtra,Parbhani,pearl_millet,kharif,2017,1350.0,489.0,tonnes,362.0
Maharashtra,Parbhani,pearl_millet,kharif,2018,456.0,279.0,tonnes,612.0
Maharashtra,Parbhani,pearl_millet,kharif,2019,596.0,279.0,tonnes,468.0
Maharashtra,Parbhani,pearl_millet,kharif,2020,596.36,374.62,tonnes,628.0
Maharashtra,Parbhani,pearl_millet,kharif,2021,641.32,318.54,tonnes,497.0
Maharashtra,Parbhani,pearl_millet,kharif,2022,84.0,30.0,tonnes,357.0
Maharashtra,Parbhani,pearl_millet,kharif,2023,563.24,414.59,tonnes,736.0
Maharashtra,Parbhani,pearl_millet,kharif,2024,472.45,217.38,tonnes,460.0
Maharashtra,Parbhani,pearl_millet,summer,2021,97.8,89.0,tonnes,910.0
Maharashtra,Parbhani,pearl_millet,summer,2022,1046.7,952.5,tonnes,910.0
Maharashtra,Parbhani,pearl_millet,summer,2023,207.88,189.17,tonnes,910.0
Maharashtra,Parbhani,pearl_millet,summer,2024,391.72,356.44,tonnes,910.0
Maharashtra,Parbhani,pigeon_pea,kharif,2013,70500.0,52900.0,tonnes,750.0
Maharashtra,Parbhani,pigeon_pea,kharif,2014,68600.0,14100.0,tonnes,206.0
Maharashtra,Parbhani,pigeon_pea,kharif,2015,64800.0,9200.0,tonnes,142.0
Maharashtra,Parbhani,pigeon_pea,kharif,2016,52753.0,66643.0,tonnes,1263.0
Maharashtra,Parbhani,pigeon_pea,kharif,2017,53300.0,80100.0,tonnes,1503.0
Maharashtra,Parbhani,pigeon_pea,kharif,2018,42947.0,19383.0,tonnes,451.0
Maharashtra,Parbhani,pigeon_pea,kharif,2019,46116.0,52938.0,tonnes,1148.0
Maharashtra,Parbhani,pigeon_pea,kharif,2020,46115.15,59386.76,tonnes,1288.0
Maharashtra,Parbhani,pigeon_pea,kharif,2021,48303.58,81241.8,tonnes,1682.0
Maharashtra,Parbhani,pigeon_pea,kharif,2022,47085.0,42589.0,tonnes,905.0
Maharashtra,Parbhani,pigeon_pea,kharif,2023,38171.04,38394.93,tonnes,1006.0
Maharashtra,Parbhani,pigeon_pea,kharif,2024,39163.83,44705.02,tonnes,1141.0
Maharashtra,Parbhani,rice,kharif,2013,700.0,300.0,tonnes,429.0
Maharashtra,Parbhani,rice,kharif,2014,300.0,,tonnes,
Maharashtra,Parbhani,rice,kharif,2016,20.0,4.0,tonnes,200.0
Maharashtra,Parbhani,rice,kharif,2018,10.0,2.0,tonnes,200.0
Maharashtra,Parbhani,rice,kharif,2019,10.0,1.0,tonnes,100.0
Maharashtra,Parbhani,rice,kharif,2020,10.0,6.56,tonnes,656.0
Maharashtra,Parbhani,sorghum,kharif,2013,79300.0,87100.0,tonnes,1098.0
Maharashtra,Parbhani,sorghum,kharif,2014,72400.0,30500.0,tonnes,421.0
Maharashtra,Parbhani,sorghum,kharif,2015,41000.0,9000.0,tonnes,220.0
Maharashtra,Parbhani,sorghum,kharif,2016,12960.0,8956.0,tonnes,691.0
Maharashtra,Parbhani,sorghum,kharif,2017,12175.0,5278.0,tonnes,434.0
Maharashtra,Parbhani,sorghum,kharif,2018,4688.0,4256.0,tonnes,908.0
Maharashtra,Parbhani,sorghum,kharif,2019,4992.0,3236.0,tonnes,648.0
Maharashtra,Parbhani,sorghum,kharif,2020,5089.5,2315.86,tonnes,455.0
Maharashtra,Parbhani,sorghum,kharif,2021,6446.4,2555.35,tonnes,396.0
Maharashtra,Parbhani,sorghum,kharif,2022,3813.35,2723.5,tonnes,714.0
Maharashtra,Parbhani,sorghum,kharif,2023,2351.65,1759.9,tonnes,748.0
Maharashtra,Parbhani,sorghum,kharif,2024,1129.71,789.92,tonnes,699.0
Maharashtra,Parbhani,sorghum,rabi,2013,255900.0,162200.0,tonnes,634.0
Maharashtra,Parbhani,sorghum,rabi,2014,176600.0,87900.0,tonnes,498.0
Maharashtra,Parbhani,sorghum,rabi,2015,177700.0,38100.0,tonnes,214.0
Maharashtra,Parbhani,sorghum,rabi,2016,252380.0,242800.0,tonnes,962.0
Maharashtra,Parbhani,sorghum,rabi,2017,101960.0,73100.0,tonnes,717.0
Maharashtra,Parbhani,sorghum,rabi,2018,83970.0,53800.0,tonnes,641.0
Maharashtra,Parbhani,sorghum,rabi,2019,111961.0,115801.0,tonnes,1034.0
Maharashtra,Parbhani,sorghum,rabi,2020,111961.0,139254.58,tonnes,1244.0
Maharashtra,Parbhani,sorghum,rabi,2021,114388.45,141579.73,tonnes,1238.0
Maharashtra,Parbhani,sorghum,rabi,2022,85722.0,111689.77,tonnes,1303.0
Maharashtra,Parbhani,sorghum,rabi,2023,108978.98,126559.16,tonnes,1161.0
Maharashtra,Parbhani,sorghum,rabi,2024,96394.31,109528.39,tonnes,1136.0
Maharashtra,Parbhani,sorghum,summer,2021,103.6,86.14,tonnes,831.0
Maharashtra,Parbhani,sorghum,summer,2022,182.0,151.32,tonnes,831.0
Maharashtra,Parbhani,sorghum,summer,2023,59.51,49.46,tonnes,831.0
Maharashtra,Parbhani,sorghum,summer,2024,366.34,304.63,tonnes,832.0
Maharashtra,Parbhani,soybean,kharif,2013,139000.0,174500.0,tonnes,1255.0
Maharashtra,Parbhani,soybean,kharif,2014,154600.0,49100.0,tonnes,318.0
Maharashtra,Parbhani,soybean,kharif,2015,155700.0,36000.0,tonnes,231.0
Maharashtra,Parbhani,soybean,kharif,2016,237230.0,240095.0,tonnes,1012.0
Maharashtra,Parbhani,soybean,kharif,2017,229670.0,201684.0,tonnes,878.0
Maharashtra,Parbhani,soybean,kharif,2018,245041.0,272191.0,tonnes,1111.0
Maharashtra,Parbhani,soybean,kharif,2019,257885.0,264903.0,tonnes,1027.0
Maharashtra,Parbhani,soybean,kharif,2020,257885.43,354828.88,tonnes,1376.0
Maharashtra,Parbhani,soybean,kharif,2021,257236.21,107138.88,tonnes,417.0
Maharashtra,Parbhani,soybean,kharif,2022,263396.0,410318.0,tonnes,1558.0
Maharashtra,Parbhani,soybean,kharif,2023,270135.93,247823.97,tonnes,917.0
Maharashtra,Parbhani,soybean,kharif,2024,275583.4,225730.16,tonnes,819.0
Maharashtra,Parbhani,soybean,summer,2021,9274.94,4822.78,tonnes,520.0
Maharashtra,Parbhani,soybean,summer,2022,4655.5,2420.77,tonnes,520.0
Maharashtra,Parbhani,sugarcane,kharif,2013,35900.0,2549700.0,tonnes,71022.0
Maharashtra,Parbhani,sugarcane,kharif,2014,26600.0,1577200.0,tonnes,59293.0
Maharashtra,Parbhani,sugarcane,kharif,2015,28500.0,763600.0,tonnes,26793.0
Maharashtra,Parbhani,sugarcane,kharif,2016,9000.0,578614.0,tonnes,64290.0
Maharashtra,Parbhani,sugarcane,kharif,2017,25000.0,1375000.0,tonnes,55000.0
Maharashtra,Parbhani,sugarcane,kharif,2018,45700.0,1919400.0,tonnes,42000.0
Maharashtra,Parbhani,sugarcane,kharif,2019,15759.0,1032727.0,tonnes,65533.0
Maharashtra,Parbhani,sugarcane,kharif,2020,31500.0,2317556.61,tonnes,73573.0
Maharashtra,Parbhani,sugarcane,kharif,2021,50898.0,4345889.15,tonnes,85384.0
Maharashtra,Parbhani,sugarcane,kharif,2022,47058.0,4235220.0,tonnes,90000.0
Maharashtra,Parbhani,sugarcane,kharif,2023,39697.51,3160602.05,tonnes,79617.0
Maharashtra,Parbhani,sugarcane,kharif,2024,35323.91,2122156.83,tonnes,60077.0
Maharashtra,Parbhani,wheat,rabi,2013,20900.0,23300.0,tonnes,1115.0
Maharashtra,Parbhani,wheat,rabi,2014,22300.0,18800.0,tonnes,843.0
Maharashtra,Parbhani,wheat,rabi,2015,13400.0,5800.0,tonnes,433.0
Maharashtra,Parbhani,wheat,rabi,2016,30190.0,47900.0,tonnes,1587.0
Maharashtra,Parbhani,wheat,rabi,2017,37300.0,35600.0,tonnes,954.0
Maharashtra,Parbhani,wheat,rabi,2018,23650.0,30700.0,tonnes,1298.0
Maharashtra,Parbhani,wheat,rabi,2019,42037.0,43104.0,tonnes,1025.0
Maharashtra,Parbhani,wheat,rabi,2020,42037.0,81048.53,tonnes,1928.0
Maharashtra,Parbhani,wheat,rabi,2021,45028.22,79699.95,tonnes,1770.0
Maharashtra,Parbhani,wheat,rabi,2022,33126.0,61041.28,tonnes,1843.0
Maharashtra,Parbhani,wheat,rabi,2023,26910.74,51080.78,tonnes,1898.0
Maharashtra,Parbhani,wheat,rabi,2024,30884.02,38862.24,tonnes,1258.0
Maharashtra,Pune,chickpea,rabi,2013,50600.0,41200.0,tonnes,814.0
Maharashtra,Pune,chickpea,rabi,2014,59900.0,51800.0,tonnes,865.0
Maharashtra,Pune,chickpea,rabi,2015,63700.0,54500.0,tonnes,856.0
Maharashtra,Pune,chickpea,rabi,2016,80500.0,86500.0,tonnes,1075.0
Maharashtra,Pune,chickpea,rabi,2017,90303.0,102700.0,tonnes,1137.0
Maharashtra,Pune,chickpea,rabi,2018,83400.0,61400.0,tonnes,736.0
Maharashtra,Pune,chickpea,rabi,2019,82442.0,88439.0,tonnes,1073.0
Maharashtra,Pune,chickpea,rabi,2020,80274.03,68143.54,tonnes,849.0
Maharashtra,Pune,chickpea,rabi,2021,85922.87,90709.63,tonnes,1056.0
Maharashtra,Pune,chickpea,rabi,2022,29458.13,32350.04,tonnes,1098.0
Maharashtra,Pune,chickpea,rabi,2023,23199.7,24497.49,tonnes,1056.0
Maharashtra,Pune,chickpea,rabi,2024,27696.07,29249.16,tonnes,1056.0
Maharashtra,Pune,cotton,kharif,2019,14.0,478.0,bales_170kg,5804.0
Maharashtra,Pune,cotton,kharif,2020,41.0,97.0,bales_170kg,402.0
Maharashtra,Pune,cotton,kharif,2021,30.0,149.0,bales_170kg,844.0
Maharashtra,Pune,cotton,kharif,2022,423.1,1017.0,bales_170kg,409.0
Maharashtra,Pune,cotton,kharif,2023,1293.65,1468.21,bales_170kg,193.0
Maharashtra,Pune,cotton,kharif,2024,1542.12,3351.01,bales_170kg,369.0
Maharashtra,Pune,groundnut,kharif,2013,46000.0,37700.0,tonnes,820.0
Maharashtra,Pune,groundnut,kharif,2014,47700.0,43000.0,tonnes,901.0
Maharashtra,Pune,groundnut,kharif,2015,17100.0,19400.0,tonnes,1135.0
Maharashtra,Pune,groundnut,kharif,2016,17500.0,18500.0,tonnes,1057.0
Maharashtra,Pune,groundnut,kharif,2017,17800.0,16800.0,tonnes,944.0
Maharashtra,Pune,groundnut,kharif,2018,21591.0,17601.0,tonnes,815.0
Maharashtra,Pune,groundnut,kharif,2019,22490.0,22596.0,tonnes,1005.0
Maharashtra,Pune,groundnut,kharif,2020,23400.05,26802.13,tonnes,1145.0
Maharashtra,Pune,groundnut,kharif,2021,20066.31,18198.14,tonnes,907.0
Maharashtra,Pune,groundnut,kharif,2022,7918.22,8244.45,tonnes,1041.0
Maharashtra,Pune,groundnut,kharif,2023,7165.95,9271.61,tonnes,1294.0
Maharashtra,Pune,groundnut,kharif,2024,8185.1,10023.01,tonnes,1225.0
Maharashtra,Pune,groundnut,summer,2013,8100.0,14600.0,tonnes,1802.0
Maharashtra,Pune,groundnut,summer,2014,8400.0,19100.0,tonnes,2274.0
Maharashtra,Pune,groundnut,summer,2015,8500.0,19500.0,tonnes,2294.0
Maharashtra,Pune,groundnut,summer,2016,4300.0,9700.0,tonnes,2256.0
Maharashtra,Pune,groundnut,summer,2017,3886.0,6300.0,tonnes,1621.0
Maharashtra,Pune,groundnut,summer,2018,2850.0,5120.0,tonnes,1796.0
Maharashtra,Pune,groundnut,summer,2019,5114.0,12011.0,tonnes,2349.0
Maharashtra,Pune,groundnut,summer,2020,6055.14,11364.24,tonnes,1877.0
Maharashtra,Pune,groundnut,summer,2021,8419.41,17828.67,tonnes,2118.0
Maharashtra,Pune,groundnut,summer,2022,5052.0,7363.0,tonnes,1457.0
Maharashtra,Pune,groundnut,summer,2023,2828.86,5610.48,tonnes,1983.0
Maharashtra,Pune,groundnut,summer,2024,6564.13,11949.48,tonnes,1820.0
Maharashtra,Pune,maize,kharif,2013,11800.0,33000.0,tonnes,2797.0
Maharashtra,Pune,maize,kharif,2014,13300.0,54500.0,tonnes,4098.0
Maharashtra,Pune,maize,kharif,2015,15600.0,37300.0,tonnes,2391.0
Maharashtra,Pune,maize,kharif,2016,17700.0,74600.0,tonnes,4215.0
Maharashtra,Pune,maize,kharif,2017,19500.0,53200.0,tonnes,2728.0
Maharashtra,Pune,maize,kharif,2018,17057.0,46000.0,tonnes,2697.0
Maharashtra,Pune,maize,kharif,2019,20517.0,73114.0,tonnes,3564.0
Maharashtra,Pune,maize,kharif,2020,30261.98,93675.96,tonnes,3096.0
Maharashtra,Pune,maize,kharif,2021,34886.15,95622.93,tonnes,2741.0
Maharashtra,Pune,maize,kharif,2022,27060.0,100248.0,tonnes,3705.0
Maharashtra,Pune,maize,kharif,2023,24346.12,48762.2,tonnes,2003.0
Maharashtra,Pune,maize,kharif,2024,36829.43,93494.18,tonnes,2539.0
Maharashtra,Pune,maize,rabi,2013,19000.0,57000.0,tonnes,3000.0
Maharashtra,Pune,maize,rabi,2014,21600.0,77300.0,tonnes,3579.0
Maharashtra,Pune,maize,rabi,2015,15700.0,42100.0,tonnes,2682.0
Maharashtra,Pune,maize,rabi,2016,22400.0,176700.0,tonnes,7888.0
Maharashtra,Pune,maize,rabi,2017,25900.0,91300.0,tonnes,3525.0
Maharashtra,Pune,maize,rabi,2018,16400.0,42100.0,tonnes,2567.0
Maharashtra,Pune,maize,rabi,2019,13563.0,56913.0,tonnes,4196.0
Maharashtra,Pune,maize,rabi,2020,14306.17,44564.41,tonnes,3115.0
Maharashtra,Pune,maize,rabi,2021,15765.1,43901.07,tonnes,2785.0
Maharashtra,Pune,maize,rabi,2022,15574.25,79174.82,tonnes,5084.0
Maharashtra,Pune,maize,rabi,2023,22418.19,61052.86,tonnes,2723.0
Maharashtra,Pune,maize,rabi,2024,26137.93,96665.12,tonnes,3698.0
Maharashtra,Pune,maize,summer,2013,1100.0,1900.0,tonnes,1727.0
Maharashtra,Pune,maize,summer,2014,1100.0,1600.0,tonnes,1455.0
Maharashtra,Pune,maize,summer,2015,5900.0,8900.0,tonnes,1508.0
Maharashtra,Pune,maize,summer,2016,2500.0,6100.0,tonnes,2440.0
Maharashtra,Pune,maize,summer,2017,1928.0,2100.0,tonnes,1089.0
Maharashtra,Pune,maize,summer,2018,1110.0,1220.0,tonnes,1099.0
Maharashtra,Pune,maize,summer,2019,1755.0,4387.0,tonnes,2500.0
Maharashtra,Pune,maize,summer,2020,2025.29,3118.95,tonnes,1540.0
Maharashtra,Pune,maize,summer,2021,2752.91,4239.48,tonnes,1540.0
Maharashtra,Pune,maize,summer,2022,5505.82,9624.17,tonnes,1748.0
Maharashtra,Pune,maize,summer,2023,4955.53,8663.0,tonnes,1748.0
Maharashtra,Pune,maize,summer,2024,6578.85,11500.99,tonnes,1748.0
Maharashtra,Pune,pearl_millet,kharif,2013,49800.0,41600.0,tonnes,835.0
Maharashtra,Pune,pearl_millet,kharif,2014,31500.0,26300.0,tonnes,835.0
Maharashtra,Pune,pearl_millet,kharif,2015,41400.0,29400.0,tonnes,710.0
Maharashtra,Pune,pearl_millet,kharif,2016,30400.0,22200.0,tonnes,730.0
Maharashtra,Pune,pearl_millet,kharif,2017,32000.0,23100.0,tonnes,722.0
Maharashtra,Pune,pearl_millet,kharif,2018,32320.0,37855.0,tonnes,1171.0
Maharashtra,Pune,pearl_millet,kharif,2019,39670.0,52135.0,tonnes,1314.0
Maharashtra,Pune,pearl_millet,kharif,2020,42418.41,70975.25,tonnes,1673.0
Maharashtra,Pune,pearl_millet,kharif,2021,38326.07,64156.45,tonnes,1674.0
Maharashtra,Pune,pearl_millet,kharif,2022,33942.0,54931.0,tonnes,1618.0
Maharashtra,Pune,pearl_millet,kharif,2023,24337.62,27122.65,tonnes,1114.0
Maharashtra,Pune,pearl_millet,kharif,2024,44089.63,71823.66,tonnes,1629.0
Maharashtra,Pune,pearl_millet,summer,2021,2811.3,2558.28,tonnes,910.0
Maharashtra,Pune,pearl_millet,summer,2022,4672.07,4251.58,tonnes,910.0
Maharashtra,Pune,pearl_millet,summer,2023,3888.99,3538.96,tonnes,910.0
Maharashtra,Pune,pearl_millet,summer,2024,4766.22,4336.94,tonnes,910.0
Maharashtra,Pune,pigeon_pea,kharif,2013,4200.0,2400.0,tonnes,571.0
Maharashtra,Pune,pigeon_pea,kharif,2014,3000.0,700.0,tonnes,233.0
Maharashtra,Pune,pigeon_pea,kharif,2015,1300.0,600.0,tonnes,462.0
Maharashtra,Pune,pigeon_pea,kharif,2016,1773.0,1547.0,tonnes,873.0
Maharashtra,Pune,pigeon_pea,kharif,2017,2000.0,1300.0,tonnes,650.0
Maharashtra,Pune,pigeon_pea,kharif,2018,1103.0,338.0,tonnes,306.0
Maharashtra,Pune,pigeon_pea,kharif,2019,2122.0,1374.0,tonnes,648.0
Maharashtra,Pune,pigeon_pea,kharif,2020,2322.26,1918.72,tonnes,826.0
Maharashtra,Pune,pigeon_pea,kharif,2021,1986.17,1512.67,tonnes,762.0
Maharashtra,Pune,pigeon_pea,kharif,2022,997.0,829.0,tonnes,831.0
Maharashtra,Pune,pigeon_pea,kharif,2023,876.67,193.27,tonnes,220.0
Maharashtra,Pune,pigeon_pea,kharif,2024,1555.2,1162.64,tonnes,748.0
Maharashtra,Pune,rice,kharif,2013,82100.0,153200.0,tonnes,1866.0
Maharashtra,Pune,rice,kharif,2014,82100.0,136100.0,tonnes,1658.0
Maharashtra,Pune,rice,kharif,2015,54600.0,107300.0,tonnes,1965.0
Maharashtra,Pune,rice,kharif,2016,53500.0,115400.0,tonnes,2157.0
Maharashtra,Pune,rice,kharif,2017,52000.0,124000.0,tonnes,2385.0
Maharashtra,Pune,rice,kharif,2018,57969.0,106233.0,tonnes,1833.0
Maharashtra,Pune,rice,kharif,2019,59509.0,107626.0,tonnes,1809.0
Maharashtra,Pune,rice,kharif,2020,61018.25,127824.89,tonnes,2095.0
Maharashtra,Pune,rice,kharif,2021,59746.08,166637.14,tonnes,2789.0
Maharashtra,Pune,rice,kharif,2022,59820.51,151843.76,tonnes,2538.0
Maharashtra,Pune,rice,kharif,2023,60690.16,150540.23,tonnes,2480.0
Maharashtra,Pune,rice,kharif,2024,61499.05,183452.06,tonnes,2983.0
Maharashtra,Pune,rice,summer,2021,27.0,84.05,tonnes,3113.0
Maharashtra,Pune,sorghum,kharif,2013,3200.0,2700.0,tonnes,844.0
Maharashtra,Pune,sorghum,kharif,2014,3500.0,1700.0,tonnes,486.0
Maharashtra,Pune,sorghum,kharif,2015,1400.0,1000.0,tonnes,714.0
Maharashtra,Pune,sorghum,kharif,2016,1800.0,400.0,tonnes,222.0
Maharashtra,Pune,sorghum,kharif,2017,1700.0,1600.0,tonnes,941.0
Maharashtra,Pune,sorghum,kharif,2018,1648.0,1158.0,tonnes,703.0
Maharashtra,Pune,sorghum,kharif,2019,1571.0,1275.0,tonnes,812.0
Maharashtra,Pune,sorghum,kharif,2020,1537.32,949.14,tonnes,617.0
Maharashtra,Pune,sorghum,kharif,2021,1472.53,1662.59,tonnes,1129.0
Maharashtra,Pune,sorghum,kharif,2022,164.3,50.47,tonnes,307.0
Maharashtra,Pune,sorghum,kharif,2023,111.31,15.02,tonnes,135.0
Maharashtra,Pune,sorghum,kharif,2024,38.48,25.32,tonnes,658.0
Maharashtra,Pune,sorghum,rabi,2013,251600.0,158800.0,tonnes,631.0
Maharashtra,Pune,sorghum,rabi,2014,268300.0,131700.0,tonnes,491.0
Maharashtra,Pune,sorghum,rabi,2015,259800.0,116300.0,tonnes,448.0
Maharashtra,Pune,sorghum,rabi,2016,277800.0,97600.0,tonnes,351.0
Maharashtra,Pune,sorghum,rabi,2017,223400.0,163400.0,tonnes,731.0
Maharashtra,Pune,sorghum,rabi,2018,196860.0,59900.0,tonnes,304.0
Maharashtra,Pune,sorghum,rabi,2019,155029.0,109540.0,tonnes,707.0
Maharashtra,Pune,sorghum,rabi,2020,150924.0,108085.22,tonnes,716.0
Maharashtra,Pune,sorghum,rabi,2021,148401.31,122919.32,tonnes,828.0
Maharashtra,Pune,sorghum,rabi,2022,71280.15,66639.81,tonnes,935.0
Maharashtra,Pune,sorghum,rabi,2023,82637.64,77084.13,tonnes,933.0
Maharashtra,Pune,sorghum,rabi,2024,87958.13,100405.39,tonnes,1142.0
Maharashtra,Pune,soybean,kharif,2013,6900.0,26800.0,tonnes,3884.0
Maharashtra,Pune,soybean,kharif,2014,7100.0,11700.0,tonnes,1648.0
Maharashtra,Pune,soybean,kharif,2015,16100.0,47000.0,tonnes,2919.0
Maharashtra,Pune,soybean,kharif,2016,18000.0,38300.0,tonnes,2128.0
Maharashtra,Pune,soybean,kharif,2017,20231.0,40900.0,tonnes,2022.0
Maharashtra,Pune,soybean,kharif,2018,20329.0,32523.0,tonnes,1600.0
Maharashtra,Pune,soybean,kharif,2019,22295.0,18128.0,tonnes,813.0
Maharashtra,Pune,soybean,kharif,2020,24704.71,69710.55,tonnes,2822.0
Maharashtra,Pune,soybean,kharif,2021,28335.3,73850.29,tonnes,2606.0
Maharashtra,Pune,soybean,kharif,2022,44340.0,115638.0,tonnes,2608.0
Maharashtra,Pune,soybean,kharif,2023,44528.11,72373.72,tonnes,1625.0
Maharashtra,Pune,soybean,kharif,2024,49850.11,102958.48,tonnes,2065.0
Maharashtra,Pune,soybean,summer,2021,1539.45,2309.18,tonnes,1500.0
Maharashtra,Pune,soybean,summer,2022,163.05,244.58,tonnes,1500.0
Maharashtra,Pune,sugarcane,kharif,2013,143900.0,16963500.0,tonnes,117884.0
Maharashtra,Pune,sugarcane,kharif,2014,127800.0,13833900.0,tonnes,108246.0
Maharashtra,Pune,sugarcane,kharif,2015,118400.0,12285400.0,tonnes,103762.0
Maharashtra,Pune,sugarcane,kharif,2016,95903.0,9070900.0,tonnes,94584.0
Maharashtra,Pune,sugarcane,kharif,2017,113140.0,13270600.0,tonnes,117294.0
Maharashtra,Pune,sugarcane,kharif,2018,141730.0,13233330.0,tonnes,93370.0
Maharashtra,Pune,sugarcane,kharif,2019,110264.0,11385547.0,tonnes,103257.0
Maharashtra,Pune,sugarcane,kharif,2020,117830.0,13359894.69,tonnes,113383.0
Maharashtra,Pune,sugarcane,kharif,2021,155265.0,17138495.27,tonnes,110382.0
Maharashtra,Pune,sugarcane,kharif,2022,157570.0,16859990.0,tonnes,107000.0
Maharashtra,Pune,sugarcane,kharif,2023,143451.84,14847593.63,tonnes,103502.0
Maharashtra,Pune,sugarcane,kharif,2024,125681.66,12928408.42,tonnes,102866.0
Maharashtra,Pune,wheat,rabi,2013,64300.0,129900.0,tonnes,2020.0
Maharashtra,Pune,wheat,rabi,2014,71800.0,108300.0,tonnes,1508.0
Maharashtra,Pune,wheat,rabi,2015,62000.0,129600.0,tonnes,2090.0
Maharashtra,Pune,wheat,rabi,2016,68900.0,165200.0,tonnes,2398.0
Maharashtra,Pune,wheat,rabi,2017,72400.0,177200.0,tonnes,2448.0
Maharashtra,Pune,wheat,rabi,2018,55330.0,110800.0,tonnes,2003.0
Maharashtra,Pune,wheat,rabi,2019,40924.0,84560.0,tonnes,2066.0
Maharashtra,Pune,wheat,rabi,2020,43160.1,90131.16,tonnes,2088.0
Maharashtra,Pune,wheat,rabi,2021,45702.83,96090.2,tonnes,2102.0
Maharashtra,Pune,wheat,rabi,2022,47687.58,116262.32,tonnes,2438.0
Maharashtra,Pune,wheat,rabi,2023,36608.35,88017.12,tonnes,2404.0
Maharashtra,Pune,wheat,rabi,2024,42198.73,92834.17,tonnes,2200.0
Maharashtra,Raigad,chickpea,rabi,2015,900.0,600.0,tonnes,667.0
Maharashtra,Raigad,chickpea,rabi,2016,900.0,800.0,tonnes,889.0
Maharashtra,Raigad,chickpea,rabi,2017,7.0,,tonnes,
Maharashtra,Raigad,chickpea,rabi,2019,1290.0,539.0,tonnes,418.0
Maharashtra,Raigad,chickpea,rabi,2020,1335.73,1224.39,tonnes,917.0
Maharashtra,Raigad,chickpea,rabi,2021,985.16,905.07,tonnes,919.0
Maharashtra,Raigad,chickpea,rabi,2022,966.98,837.43,tonnes,866.0
Maharashtra,Raigad,chickpea,rabi,2023,1308.04,1296.88,tonnes,991.0
Maharashtra,Raigad,chickpea,rabi,2024,1367.63,1165.42,tonnes,852.0
Maharashtra,Raigad,groundnut,kharif,2021,18.0,15.71,tonnes,873.0
Maharashtra,Raigad,groundnut,summer,2013,200.0,600.0,tonnes,3000.0
Maharashtra,Raigad,groundnut,summer,2014,200.0,600.0,tonnes,3000.0
Maharashtra,Raigad,groundnut,summer,2015,200.0,300.0,tonnes,1500.0
Maharashtra,Raigad,groundnut,summer,2016,200.0,300.0,tonnes,1500.0
Maharashtra,Raigad,groundnut,summer,2017,123.0,200.0,tonnes,1626.0
Maharashtra,Raigad,groundnut,summer,2018,240.0,970.0,tonnes,4042.0
Maharashtra,Raigad,groundnut,summer,2019,10.0,33.0,tonnes,3300.0
Maharashtra,Raigad,groundnut,summer,2020,10.0,39.94,tonnes,3994.0
Maharashtra,Raigad,groundnut,summer,2021,9.0,32.02,tonnes,3558.0
Maharashtra,Raigad,groundnut,summer,2022,23.0,136.0,tonnes,5913.0
Maharashtra,Raigad,groundnut,summer,2023,23.4,127.93,tonnes,5467.0
Maharashtra,Raigad,pigeon_pea,kharif,2013,600.0,300.0,tonnes,500.0
Maharashtra,Raigad,pigeon_pea,kharif,2014,1200.0,500.0,tonnes,417.0
Maharashtra,Raigad,pigeon_pea,kharif,2015,1600.0,600.0,tonnes,375.0
Maharashtra,Raigad,pigeon_pea,kharif,2016,1758.0,1440.0,tonnes,819.0
Maharashtra,Raigad,pigeon_pea,kharif,2017,300.0,200.0,tonnes,667.0
Maharashtra,Raigad,pigeon_pea,kharif,2018,193.0,31.0,tonnes,161.0
Maharashtra,Raigad,pigeon_pea,kharif,2019,222.0,130.0,tonnes,586.0
Maharashtra,Raigad,pigeon_pea,kharif,2020,208.94,138.32,tonnes,662.0
Maharashtra,Raigad,pigeon_pea,kharif,2021,1290.52,776.25,tonnes,602.0
Maharashtra,Raigad,pigeon_pea,kharif,2022,980.0,630.0,tonnes,643.0
Maharashtra,Raigad,pigeon_pea,kharif,2023,1005.78,536.27,tonnes,533.0
Maharashtra,Raigad,pigeon_pea,kharif,2024,445.32,114.73,tonnes,258.0
Maharashtra,Raigad,rice,kharif,2013,124100.0,355100.0,tonnes,2861.0
Maharashtra,Raigad,rice,kharif,2014,116200.0,320700.0,tonnes,2760.0
Maharashtra,Raigad,rice,kharif,2015,112100.0,328900.0,tonnes,2934.0
Maharashtra,Raigad,rice,kharif,2016,109400.0,297200.0,tonnes,2717.0
Maharashtra,Raigad,rice,kharif,2017,110500.0,299000.0,tonnes,2706.0
Maharashtra,Raigad,rice,kharif,2018,111159.0,314775.0,tonnes,2832.0
Maharashtra,Raigad,rice,kharif,2019,95932.0,185513.0,tonnes,1934.0
Maharashtra,Raigad,rice,kharif,2020,95552.17,175742.34,tonnes,1839.0
Maharashtra,Raigad,rice,kharif,2021,95967.49,218410.2,tonnes,2276.0
Maharashtra,Raigad,rice,kharif,2022,95155.61,253990.0,tonnes,2669.0
Maharashtra,Raigad,rice,kharif,2023,90079.75,254125.43,tonnes,2821.0
Maharashtra,Raigad,rice,kharif,2024,79366.0,192921.96,tonnes,2431.0
Maharashtra,Raigad,rice,summer,2013,3800.0,10800.0,tonnes,2842.0
Maharashtra,Raigad,rice,summer,2014,9100.0,30100.0,tonnes,3308.0
Maharashtra,Raigad,rice,summer,2015,3500.0,11000.0,tonnes,3143.0
Maharashtra,Raigad,rice,summer,2016,3900.0,11900.0,tonnes,3051.0
Maharashtra,Raigad,rice,summer,2017,3737.0,11800.0,tonnes,3158.0
Maharashtra,Raigad,rice,summer,2018,2920.0,9280.0,tonnes,3178.0
Maharashtra,Raigad,rice,summer,2019,2969.0,9914.0,tonnes,3339.0
Maharashtra,Raigad,rice,summer,2020,3124.3,8740.42,tonnes,2798.0
Maharashtra,Raigad,rice,summer,2021,3124.3,9094.34,tonnes,2911.0
Maharashtra,Raigad,rice,summer,2022,937.29,3797.54,tonnes,4052.0
Maharashtra,Raigad,rice,summer,2023,843.55,3007.43,tonnes,3565.0
Maharashtra,Raigad,rice,summer,2024,770.84,2673.87,tonnes,3469.0
Maharashtra,Raigad,wheat,rabi,2015,10.0,9.0,tonnes,900.0
Maharashtra,Ratnagiri,chickpea,rabi,2015,20.0,10.0,tonnes,500.0
Maharashtra,Ratnagiri,chickpea,rabi,2019,211.0,101.0,tonnes,479.0
Maharashtra,Ratnagiri,chickpea,rabi,2020,66.66,61.1,tonnes,917.0
Maharashtra,Ratnagiri,chickpea,rabi,2021,24.9,22.88,tonnes,919.0
Maharashtra,Ratnagiri,groundnut,kharif,2020,11.0,10.3,tonnes,936.0
Maharashtra,Ratnagiri,groundnut,kharif,2021,11.0,9.6,tonnes,873.0
Maharashtra,Ratnagiri,groundnut,kharif,2022,11.0,10.1,tonnes,918.0
Maharashtra,Ratnagiri,groundnut,summer,2015,10.0,10.0,tonnes,1000.0
Maharashtra,Ratnagiri,groundnut,summer,2016,100.0,70.0,tonnes,700.0
Maharashtra,Ratnagiri,groundnut,summer,2017,27.0,40.0,tonnes,1481.0
Maharashtra,Ratnagiri,groundnut,summer,2018,60.0,180.0,tonnes,3000.0
Maharashtra,Ratnagiri,groundnut,summer,2019,59.0,143.0,tonnes,2424.0
Maharashtra,Ratnagiri,groundnut,summer,2020,59.0,88.0,tonnes,1492.0
Maharashtra,Ratnagiri,groundnut,summer,2021,59.0,96.29,tonnes,1632.0
Maharashtra,Ratnagiri,groundnut,summer,2022,32.0,75.0,tonnes,2344.0
Maharashtra,Ratnagiri,groundnut,summer,2023,16.11,36.68,tonnes,2277.0
Maharashtra,Ratnagiri,groundnut,summer,2024,33.95,84.89,tonnes,2501.0
Maharashtra,Ratnagiri,maize,rabi,2015,50.0,100.0,tonnes,2000.0
Maharashtra,Ratnagiri,maize,rabi,2019,23.0,60.0,tonnes,2609.0
Maharashtra,Ratnagiri,maize,rabi,2020,9.7,26.64,tonnes,2746.0
Maharashtra,Ratnagiri,maize,rabi,2021,35.4,87.21,tonnes,2464.0
Maharashtra,Ratnagiri,maize,rabi,2022,34.5,94.83,tonnes,2749.0
Maharashtra,Ratnagiri,maize,rabi,2023,30.4,78.69,tonnes,2589.0
Maharashtra,Ratnagiri,maize,rabi,2024,60.8,152.15,tonnes,2503.0
Maharashtra,Ratnagiri,pigeon_pea,kharif,2013,100.0,100.0,tonnes,1000.0
Maharashtra,Ratnagiri,pigeon_pea,kharif,2014,600.0,200.0,tonnes,333.0
Maharashtra,Ratnagiri,pigeon_pea,kharif,2015,800.0,300.0,tonnes,375.0
Maharashtra,Ratnagiri,pigeon_pea,kharif,2016,180.0,147.0,tonnes,817.0
Maharashtra,Ratnagiri,pigeon_pea,kharif,2020,45.67,30.23,tonnes,662.0
Maharashtra,Ratnagiri,pigeon_pea,kharif,2021,45.67,27.47,tonnes,602.0
Maharashtra,Ratnagiri,pigeon_pea,kharif,2022,43.0,28.0,tonnes,651.0
Maharashtra,Ratnagiri,pigeon_pea,kharif,2023,23.62,12.6,tonnes,533.0
Maharashtra,Ratnagiri,pigeon_pea,kharif,2024,10.0,6.47,tonnes,647.0
Maharashtra,Ratnagiri,rice,kharif,2013,72100.0,213200.0,tonnes,2957.0
Maharashtra,Ratnagiri,rice,kharif,2014,72500.0,220500.0,tonnes,3041.0
Maharashtra,Ratnagiri,rice,kharif,2015,71000.0,174100.0,tonnes,2452.0
Maharashtra,Ratnagiri,rice,kharif,2016,75300.0,236300.0,tonnes,3138.0
Maharashtra,Ratnagiri,rice,kharif,2017,75200.0,224400.0,tonnes,2984.0
Maharashtra,Ratnagiri,rice,kharif,2018,76106.0,240930.0,tonnes,3166.0
Maharashtra,Ratnagiri,rice,kharif,2019,75397.0,238591.0,tonnes,3164.0
Maharashtra,Ratnagiri,rice,kharif,2020,75842.08,213611.59,tonnes,2817.0
Maharashtra,Ratnagiri,rice,kharif,2021,77223.45,221160.16,tonnes,2864.0
Maharashtra,Ratnagiri,rice,kharif,2022,69190.23,206440.0,tonnes,2984.0
Maharashtra,Ratnagiri,rice,kharif,2023,49582.9,150206.79,tonnes,3029.0
Maharashtra,Ratnagiri,rice,kharif,2024,40834.26,108795.24,tonnes,2664.0
Maharashtra,Ratnagiri,rice,summer,2016,40.0,100.0,tonnes,2500.0
Maharashtra,Ratnagiri,rice,summer,2017,29.0,100.0,tonnes,3448.0
Maharashtra,Ratnagiri,rice,summer,2018,10.0,30.0,tonnes,3000.0
Maharashtra,Ratnagiri,rice,summer,2019,14.0,28.0,tonnes,2000.0
Maharashtra,Ratnagiri,rice,summer,2020,14.0,27.4,tonnes,1957.0
Maharashtra,Ratnagiri,rice,summer,2021,14.0,37.59,tonnes,2685.0
Maharashtra,Ratnagiri,rice,summer,2022,10.5,37.5,tonnes,3572.0
Maharashtra,Ratnagiri,rice,summer,2023,10.5,37.58,tonnes,3579.0
Maharashtra,Ratnagiri,rice,summer,2024,5.0,14.16,tonnes,2833.0
Maharashtra,Ratnagiri,sorghum,summer,2021,2.0,1.66,tonnes,832.0
Maharashtra,Ratnagiri,sugarcane,kharif,2016,95.0,9600.0,tonnes,101053.0
Maharashtra,Ratnagiri,sugarcane,kharif,2017,44.0,2600.0,tonnes,59091.0
Maharashtra,Ratnagiri,sugarcane,kharif,2022,19.0,1523.8,tonnes,80200.0
Maharashtra,Sangli,chickpea,rabi,2013,27400.0,20400.0,tonnes,745.0
Maharashtra,Sangli,chickpea,rabi,2014,27100.0,26500.0,tonnes,978.0
Maharashtra,Sangli,chickpea,rabi,2015,22300.0,14000.0,tonnes,628.0
Maharashtra,Sangli,chickpea,rabi,2016,28300.0,23600.0,tonnes,834.0
Maharashtra,Sangli,chickpea,rabi,2017,29400.0,26900.0,tonnes,915.0
Maharashtra,Sangli,chickpea,rabi,2018,17310.0,11900.0,tonnes,687.0
Maharashtra,Sangli,chickpea,rabi,2019,22047.0,19322.0,tonnes,876.0
Maharashtra,Sangli,chickpea,rabi,2020,25469.0,30007.41,tonnes,1178.0
Maharashtra,Sangli,chickpea,rabi,2021,24671.68,28409.93,tonnes,1152.0
Maharashtra,Sangli,chickpea,rabi,2022,24875.12,26370.12,tonnes,1060.0
Maharashtra,Sangli,chickpea,rabi,2023,16707.03,17258.23,tonnes,1033.0
Maharashtra,Sangli,chickpea,rabi,2024,20052.45,21275.79,tonnes,1061.0
Maharashtra,Sangli,cotton,kharif,2013,2800.0,6200.0,bales_170kg,376.0
Maharashtra,Sangli,cotton,kharif,2014,1400.0,1400.0,bales_170kg,170.0
Maharashtra,Sangli,cotton,kharif,2015,1000.0,500.0,bales_170kg,85.0
Maharashtra,Sangli,cotton,kharif,2016,600.0,1800.0,bales_170kg,510.0
Maharashtra,Sangli,cotton,kharif,2017,254.0,200.0,bales_170kg,134.0
Maharashtra,Sangli,cotton,kharif,2018,178.0,251.0,bales_170kg,240.0
Maharashtra,Sangli,cotton,kharif,2019,95.0,179.0,bales_170kg,320.0
Maharashtra,Sangli,cotton,kharif,2020,160.0,80.0,bales_170kg,85.0
Maharashtra,Sangli,cotton,kharif,2022,125.0,278.79,bales_170kg,379.0
Maharashtra,Sangli,cotton,kharif,2023,123.47,35.78,bales_170kg,49.0
Maharashtra,Sangli,groundnut,kharif,2013,25300.0,28300.0,tonnes,1119.0
Maharashtra,Sangli,groundnut,kharif,2014,30000.0,30500.0,tonnes,1017.0
Maharashtra,Sangli,groundnut,kharif,2015,28800.0,21100.0,tonnes,733.0
Maharashtra,Sangli,groundnut,kharif,2016,32100.0,41200.0,tonnes,1283.0
Maharashtra,Sangli,groundnut,kharif,2017,28700.0,34400.0,tonnes,1199.0
Maharashtra,Sangli,groundnut,kharif,2018,27467.0,28736.0,tonnes,1046.0
Maharashtra,Sangli,groundnut,kharif,2019,31751.0,25864.0,tonnes,815.0
Maharashtra,Sangli,groundnut,kharif,2020,35813.72,50978.31,tonnes,1423.0
Maharashtra,Sangli,groundnut,kharif,2021,36526.27,41366.01,tonnes,1132.0
Maharashtra,Sangli,groundnut,kharif,2022,29913.75,36593.49,tonnes,1223.0
Maharashtra,Sangli,groundnut,kharif,2023,25347.72,20709.09,tonnes,817.0
Maharashtra,Sangli,groundnut,kharif,2024,30988.33,48862.48,tonnes,1577.0
Maharashtra,Sangli,groundnut,summer,2013,1500.0,1700.0,tonnes,1133.0
Maharashtra,Sangli,groundnut,summer,2014,1800.0,2400.0,tonnes,1333.0
Maharashtra,Sangli,groundnut,summer,2015,1300.0,1400.0,tonnes,1077.0
Maharashtra,Sangli,groundnut,summer,2016,500.0,600.0,tonnes,1200.0
Maharashtra,Sangli,groundnut,summer,2017,546.0,800.0,tonnes,1465.0
Maharashtra,Sangli,groundnut,summer,2018,170.0,280.0,tonnes,1647.0
Maharashtra,Sangli,groundnut,summer,2019,636.0,969.0,tonnes,1524.0
Maharashtra,Sangli,groundnut,summer,2020,843.62,1247.81,tonnes,1479.0
Maharashtra,Sangli,groundnut,summer,2021,836.05,1089.81,tonnes,1304.0
Maharashtra,Sangli,groundnut,summer,2022,585.0,677.0,tonnes,1157.0
Maharashtra,Sangli,groundnut,summer,2023,380.4,601.49,tonnes,1581.0
Maharashtra,Sangli,groundnut,summer,2024,628.74,967.35,tonnes,1539.0
Maharashtra,Sangli,maize,kharif,2013,26600.0,57800.0,tonnes,2173.0
Maharashtra,Sangli,maize,kharif,2014,37100.0,146400.0,tonnes,3946.0
Maharashtra,Sangli,maize,kharif,2015,28200.0,52900.0,tonnes,1876.0
Maharashtra,Sangli,maize,kharif,2016,41800.0,131300.0,tonnes,3141.0
Maharashtra,Sangli,maize,kharif,2017,35500.0,82600.0,tonnes,2327.0
Maharashtra,Sangli,maize,kharif,2018,36729.0,66655.0,tonnes,1815.0
Maharashtra,Sangli,maize,kharif,2019,36784.0,68207.0,tonnes,1854.0
Maharashtra,Sangli,maize,kharif,2020,43823.02,105736.19,tonnes,2413.0
Maharashtra,Sangli,maize,kharif,2021,46193.33,116818.31,tonnes,2529.0
Maharashtra,Sangli,maize,kharif,2022,44393.0,127546.0,tonnes,2873.0
Maharashtra,Sangli,maize,kharif,2023,30474.5,39753.75,tonnes,1304.0
Maharashtra,Sangli,maize,kharif,2024,48155.87,159466.89,tonnes,3311.0
Maharashtra,Sangli,maize,rabi,2013,18500.0,52300.0,tonnes,2827.0
Maharashtra,Sangli,maize,rabi,2014,24300.0,94100.0,tonnes,3872.0
Maharashtra,Sangli,maize,rabi,2015,17900.0,36000.0,tonnes,2011.0
Maharashtra,Sangli,maize,rabi,2016,20200.0,61200.0,tonnes,3030.0
Maharashtra,Sangli,maize,rabi,2017,21500.0,55700.0,tonnes,2591.0
Maharashtra,Sangli,maize,rabi,2018,14340.0,34200.0,tonnes,2385.0
Maharashtra,Sangli,maize,rabi,2019,22912.0,48111.0,tonnes,2100.0
Maharashtra,Sangli,maize,rabi,2020,20922.17,67975.98,tonnes,3249.0
Maharashtra,Sangli,maize,rabi,2021,19903.08,86705.78,tonnes,4356.0
Maharashtra,Sangli,maize,rabi,2022,23699.42,74233.69,tonnes,3132.0
Maharashtra,Sangli,maize,rabi,2023,17564.95,36973.48,tonnes,2105.0
Maharashtra,Sangli,maize,rabi,2024,20019.68,38994.5,tonnes,1948.0
Maharashtra,Sangli,maize,summer,2013,2800.0,4400.0,tonnes,1571.0
Maharashtra,Sangli,maize,summer,2014,2400.0,3700.0,tonnes,1542.0
Maharashtra,Sangli,maize,summer,2015,600.0,900.0,tonnes,1500.0
Maharashtra,Sangli,maize,summer,2016,2000.0,3200.0,tonnes,1600.0
Maharashtra,Sangli,maize,summer,2017,1784.0,3900.0,tonnes,2186.0
Maharashtra,Sangli,maize,summer,2018,1220.0,1900.0,tonnes,1557.0
Maharashtra,Sangli,maize,summer,2019,1801.0,3602.0,tonnes,2000.0
Maharashtra,Sangli,maize,summer,2020,2128.11,6463.07,tonnes,3037.0
Maharashtra,Sangli,maize,summer,2021,2463.83,5174.04,tonnes,2100.0
Maharashtra,Sangli,maize,summer,2022,1231.92,3471.55,tonnes,2818.0
Maharashtra,Sangli,maize,summer,2023,1847.99,4884.64,tonnes,2643.0
Maharashtra,Sangli,maize,summer,2024,1547.35,3307.03,tonnes,2137.0
Maharashtra,Sangli,pearl_millet,kharif,2013,24200.0,7200.0,tonnes,298.0
Maharashtra,Sangli,pearl_millet,kharif,2014,69600.0,53100.0,tonnes,763.0
Maharashtra,Sangli,pearl_millet,kharif,2015,33900.0,8100.0,tonnes,239.0
Maharashtra,Sangli,pearl_millet,kharif,2016,66100.0,47100.0,tonnes,713.0
Maharashtra,Sangli,pearl_millet,kharif,2017,58800.0,8700.0,tonnes,148.0
Maharashtra,Sangli,pearl_millet,kharif,2018,33724.0,7946.0,tonnes,236.0
Maharashtra,Sangli,pearl_millet,kharif,2019,55928.0,19760.0,tonnes,353.0
Maharashtra,Sangli,pearl_millet,kharif,2020,60022.97,59992.64,tonnes,999.0
Maharashtra,Sangli,pearl_millet,kharif,2021,60096.44,66247.39,tonnes,1102.0
Maharashtra,Sangli,pearl_millet,kharif,2022,44597.0,50007.0,tonnes,1121.0
Maharashtra,Sangli,pearl_millet,kharif,2023,30669.86,10254.89,tonnes,334.0
Maharashtra,Sangli,pearl_millet,kharif,2024,47240.93,55727.08,tonnes,1180.0
Maharashtra,Sangli,pigeon_pea,kharif,2013,6300.0,3300.0,tonnes,524.0
Maharashtra,Sangli,pigeon_pea,kharif,2014,6900.0,2000.0,tonnes,290.0
Maharashtra,Sangli,pigeon_pea,kharif,2015,5300.0,600.0,tonnes,113.0
Maharashtra,Sangli,pigeon_pea,kharif,2016,10707.0,4040.0,tonnes,377.0
Maharashtra,Sangli,pigeon_pea,kharif,2017,7400.0,2200.0,tonnes,297.0
Maharashtra,Sangli,pigeon_pea,kharif,2018,7749.0,1174.0,tonnes,152.0
Maharashtra,Sangli,pigeon_pea,kharif,2019,8152.0,1676.0,tonnes,206.0
Maharashtra,Sangli,pigeon_pea,kharif,2020,10588.18,6293.07,tonnes,594.0
Maharashtra,Sangli,pigeon_pea,kharif,2021,11929.24,7360.34,tonnes,617.0
Maharashtra,Sangli,pigeon_pea,kharif,2022,9941.0,7009.0,tonnes,705.0
Maharashtra,Sangli,pigeon_pea,kharif,2023,6620.92,2371.97,tonnes,358.0
Maharashtra,Sangli,pigeon_pea,kharif,2024,10937.54,7296.47,tonnes,667.0
Maharashtra,Sangli,rice,kharif,2013,14500.0,25500.0,tonnes,1759.0
Maharashtra,Sangli,rice,kharif,2014,15500.0,31400.0,tonnes,2026.0
Maharashtra,Sangli,rice,kharif,2015,22600.0,43400.0,tonnes,1920.0
Maharashtra,Sangli,rice,kharif,2016,16800.0,42900.0,tonnes,2554.0
Maharashtra,Sangli,rice,kharif,2017,17000.0,39300.0,tonnes,2312.0
Maharashtra,Sangli,rice,kharif,2018,15423.0,40619.0,tonnes,2634.0
Maharashtra,Sangli,rice,kharif,2019,15472.0,19618.0,tonnes,1268.0
Maharashtra,Sangli,rice,kharif,2020,15512.15,43546.04,tonnes,2807.0
Maharashtra,Sangli,rice,kharif,2021,14931.0,36999.81,tonnes,2478.0
Maharashtra,Sangli,rice,kharif,2022,14704.8,38937.54,tonnes,2648.0
Maharashtra,Sangli,rice,kharif,2023,12372.64,17879.38,tonnes,1445.0
Maharashtra,Sangli,rice,kharif,2024,12227.22,27721.9,tonnes,2267.0
Maharashtra,Sangli,sorghum,kharif,2013,61800.0,53300.0,tonnes,862.0
Maharashtra,Sangli,sorghum,kharif,2014,52100.0,55600.0,tonnes,1067.0
Maharashtra,Sangli,sorghum,kharif,2015,68600.0,32200.0,tonnes,469.0
Maharashtra,Sangli,sorghum,kharif,2016,66000.0,66200.0,tonnes,1003.0
Maharashtra,Sangli,sorghum,kharif,2017,53800.0,44900.0,tonnes,835.0
Maharashtra,Sangli,sorghum,kharif,2018,42688.0,34078.0,tonnes,798.0
Maharashtra,Sangli,sorghum,kharif,2019,45618.0,39364.0,tonnes,863.0
Maharashtra,Sangli,sorghum,kharif,2020,49805.76,68291.96,tonnes,1371.0
Maharashtra,Sangli,sorghum,kharif,2021,39563.0,46628.95,tonnes,1179.0
Maharashtra,Sangli,sorghum,kharif,2022,20010.69,12872.88,tonnes,643.0
Maharashtra,Sangli,sorghum,kharif,2023,10660.08,5314.89,tonnes,499.0
Maharashtra,Sangli,sorghum,kharif,2024,17262.79,20880.96,tonnes,1210.0
Maharashtra,Sangli,sorghum,rabi,2013,217600.0,124500.0,tonnes,572.0
Maharashtra,Sangli,sorghum,rabi,2014,193200.0,130000.0,tonnes,673.0
Maharashtra,Sangli,sorghum,rabi,2015,141800.0,58600.0,tonnes,413.0
Maharashtra,Sangli,sorghum,rabi,2016,149400.0,77000.0,tonnes,515.0
Maharashtra,Sangli,sorghum,rabi,2017,139300.0,86800.0,tonnes,623.0
Maharashtra,Sangli,sorghum,rabi,2018,108890.0,44400.0,tonnes,408.0
Maharashtra,Sangli,sorghum,rabi,2019,156008.0,152237.0,tonnes,976.0
Maharashtra,Sangli,sorghum,rabi,2020,137125.0,115944.04,tonnes,846.0
Maharashtra,Sangli,sorghum,rabi,2021,137369.44,140420.42,tonnes,1022.0
Maharashtra,Sangli,sorghum,rabi,2022,124431.22,122740.2,tonnes,986.0
Maharashtra,Sangli,sorghum,rabi,2023,112346.04,117786.11,tonnes,1048.0
Maharashtra,Sangli,sorghum,rabi,2024,119373.78,117222.67,tonnes,982.0
Maharashtra,Sangli,soybean,kharif,2013,77100.0,159600.0,tonnes,2070.0
Maharashtra,Sangli,soybean,kharif,2014,36600.0,47700.0,tonnes,1303.0
Maharashtra,Sangli,soybean,kharif,2015,51700.0,79800.0,tonnes,1544.0
Maharashtra,Sangli,soybean,kharif,2016,57300.0,127000.0,tonnes,2216.0
Maharashtra,Sangli,soybean,kharif,2017,47300.0,78800.0,tonnes,1666.0
Maharashtra,Sangli,soybean,kharif,2018,42534.0,92010.0,tonnes,2163.0
Maharashtra,Sangli,soybean,kharif,2019,42708.0,36583.0,tonnes,857.0
Maharashtra,Sangli,soybean,kharif,2020,41781.57,98117.81,tonnes,2348.0
Maharashtra,Sangli,soybean,kharif,2021,51917.63,87595.43,tonnes,1687.0
Maharashtra,Sangli,soybean,kharif,2022,44271.0,66579.0,tonnes,1504.0
Maharashtra,Sangli,soybean,kharif,2023,24545.38,25952.02,tonnes,1057.0
Maharashtra,Sangli,soybean,kharif,2024,34895.67,66585.97,tonnes,1908.0
Maharashtra,Sangli,soybean,summer,2021,1315.25,1972.88,tonnes,1500.0
Maharashtra,Sangli,soybean,summer,2022,24.0,35.88,tonnes,1495.0
Maharashtra,Sangli,sugarcane,kharif,2013,62600.0,7466700.0,tonnes,119276.0
Maharashtra,Sangli,sugarcane,kharif,2014,74500.0,8107100.0,tonnes,108820.0
Maharashtra,Sangli,sugarcane,kharif,2015,84000.0,8087900.0,tonnes,96285.0
Maharashtra,Sangli,sugarcane,kharif,2016,72358.0,7809500.0,tonnes,107929.0
Maharashtra,Sangli,sugarcane,kharif,2017,80176.0,8546800.0,tonnes,106600.0
Maharashtra,Sangli,sugarcane,kharif,2018,89918.0,9178829.0,tonnes,102080.0
Maharashtra,Sangli,sugarcane,kharif,2019,89827.0,8987585.0,tonnes,100054.0
Maharashtra,Sangli,sugarcane,kharif,2020,111945.0,12394752.83,tonnes,110722.0
Maharashtra,Sangli,sugarcane,kharif,2021,92715.0,9867440.05,tonnes,106428.0
Maharashtra,Sangli,sugarcane,kharif,2022,137585.0,14226289.0,tonnes,103400.0
Maharashtra,Sangli,sugarcane,kharif,2023,144127.8,8792752.32,tonnes,61007.0
Maharashtra,Sangli,sugarcane,kharif,2024,137103.59,16902602.91,tonnes,123283.0
Maharashtra,Sangli,wheat,rabi,2013,26200.0,51500.0,tonnes,1966.0
Maharashtra,Sangli,wheat,rabi,2014,32500.0,70900.0,tonnes,2182.0
Maharashtra,Sangli,wheat,rabi,2015,19200.0,32400.0,tonnes,1688.0
Maharashtra,Sangli,wheat,rabi,2016,25600.0,63600.0,tonnes,2484.0
Maharashtra,Sangli,wheat,rabi,2017,25100.0,49800.0,tonnes,1984.0
Maharashtra,Sangli,wheat,rabi,2018,13550.0,30900.0,tonnes,2280.0
Maharashtra,Sangli,wheat,rabi,2019,28867.0,49228.0,tonnes,1705.0
Maharashtra,Sangli,wheat,rabi,2020,24667.07,55117.89,tonnes,2234.0
Maharashtra,Sangli,wheat,rabi,2021,20235.26,43759.96,tonnes,2163.0
Maharashtra,Sangli,wheat,rabi,2022,20124.21,45490.78,tonnes,2261.0
Maharashtra,Sangli,wheat,rabi,2023,13860.01,28227.83,tonnes,2037.0
Maharashtra,Sangli,wheat,rabi,2024,16201.2,38798.81,tonnes,2395.0
Maharashtra,Satara,chickpea,rabi,2013,25700.0,20500.0,tonnes,798.0
Maharashtra,Satara,chickpea,rabi,2014,34100.0,25900.0,tonnes,760.0
Maharashtra,Satara,chickpea,rabi,2015,27900.0,21700.0,tonnes,778.0
Maharashtra,Satara,chickpea,rabi,2016,32000.0,25600.0,tonnes,800.0
Maharashtra,Satara,chickpea,rabi,2017,31000.0,28900.0,tonnes,932.0
Maharashtra,Satara,chickpea,rabi,2018,27520.0,24900.0,tonnes,905.0
Maharashtra,Satara,chickpea,rabi,2019,28312.0,27602.0,tonnes,975.0
Maharashtra,Satara,chickpea,rabi,2020,29564.61,28111.31,tonnes,951.0
Maharashtra,Satara,chickpea,rabi,2021,34108.66,39339.91,tonnes,1153.0
Maharashtra,Satara,chickpea,rabi,2022,33916.31,32479.95,tonnes,958.0
Maharashtra,Satara,chickpea,rabi,2023,22175.34,16338.2,tonnes,737.0
Maharashtra,Satara,chickpea,rabi,2024,30459.87,19631.92,tonnes,645.0
Maharashtra,Satara,cotton,kharif,2013,200.0,500.0,bales_170kg,425.0
Maharashtra,Satara,cotton,kharif,2014,100.0,100.0,bales_170kg,170.0
Maharashtra,Satara,cotton,kharif,2015,100.0,30.0,bales_170kg,51.0
Maharashtra,Satara,cotton,kharif,2016,100.0,200.0,bales_170kg,340.0
Maharashtra,Satara,cotton,kharif,2017,85.0,100.0,bales_170kg,200.0
Maharashtra,Satara,cotton,kharif,2018,21.0,37.0,bales_170kg,300.0
Maharashtra,Satara,cotton,kharif,2019,14.0,26.0,bales_170kg,316.0
Maharashtra,Satara,cotton,kharif,2020,9.0,5.0,bales_170kg,94.0
Maharashtra,Satara,cotton,kharif,2021,162.0,243.0,bales_170kg,255.0
Maharashtra,Satara,cotton,kharif,2022,503.36,1088.81,bales_170kg,368.0
Maharashtra,Satara,cotton,kharif,2023,608.25,213.73,bales_170kg,60.0
Maharashtra,Satara,cotton,kharif,2024,673.09,1521.91,bales_170kg,384.0
Maharashtra,Satara,groundnut,kharif,2013,37700.0,59450.0,tonnes,1577.0
Maharashtra,Satara,groundnut,kharif,2014,38400.0,56200.0,tonnes,1464.0
Maharashtra,Satara,groundnut,kharif,2015,39300.0,50520.0,tonnes,1285.0
Maharashtra,Satara,groundnut,kharif,2016,40500.0,53800.0,tonnes,1328.0
Maharashtra,Satara,groundnut,kharif,2017,33200.0,46900.0,tonnes,1413.0
Maharashtra,Satara,groundnut,kharif,2018,39158.0,42177.0,tonnes,1077.0
Maharashtra,Satara,groundnut,kharif,2019,33491.0,30607.0,tonnes,914.0
Maharashtra,Satara,groundnut,kharif,2020,33116.0,58530.6,tonnes,1767.0
Maharashtra,Satara,groundnut,kharif,2021,36418.0,60723.37,tonnes,1667.0
Maharashtra,Satara,groundnut,kharif,2022,31133.35,46762.29,tonnes,1502.0
Maharashtra,Satara,groundnut,kharif,2023,27103.69,29035.34,tonnes,1071.0
Maharashtra,Satara,groundnut,kharif,2024,27862.15,36672.06,tonnes,1316.0
Maharashtra,Satara,groundnut,summer,2013,5800.0,12300.0,tonnes,2121.0
Maharashtra,Satara,groundnut,summer,2014,6800.0,17900.0,tonnes,2632.0
Maharashtra,Satara,groundnut,summer,2015,5900.0,14700.0,tonnes,2492.0
Maharashtra,Satara,groundnut,summer,2016,2500.0,5500.0,tonnes,2200.0
Maharashtra,Satara,groundnut,summer,2017,2476.0,4700.0,tonnes,1898.0
Maharashtra,Satara,groundnut,summer,2018,1960.0,3760.0,tonnes,1918.0
Maharashtra,Satara,groundnut,summer,2019,2418.0,4877.0,tonnes,2017.0
Maharashtra,Satara,groundnut,summer,2020,2779.89,5867.81,tonnes,2111.0
Maharashtra,Satara,groundnut,summer,2021,2957.43,5371.37,tonnes,1816.0
Maharashtra,Satara,groundnut,summer,2022,2957.0,5048.0,tonnes,1707.0
Maharashtra,Satara,groundnut,summer,2023,1182.94,1793.01,tonnes,1516.0
Maharashtra,Satara,groundnut,summer,2024,3270.47,4555.38,tonnes,1393.0
Maharashtra,Satara,maize,kharif,2013,13200.0,32200.0,tonnes,2439.0
Maharashtra,Satara,maize,kharif,2014,16400.0,31400.0,tonnes,1915.0
Maharashtra,Satara,maize,kharif,2015,17100.0,32600.0,tonnes,1906.0
Maharashtra,Satara,maize,kharif,2016,21600.0,47800.0,tonnes,2213.0
Maharashtra,Satara,maize,kharif,2017,19100.0,59200.0,tonnes,3099.0
Maharashtra,Satara,maize,kharif,2018,18798.0,41074.0,tonnes,2185.0
Maharashtra,Satara,maize,kharif,2019,22139.0,31069.0,tonnes,1403.0
Maharashtra,Satara,maize,kharif,2020,17081.0,44277.37,tonnes,2592.0
Maharashtra,Satara,maize,kharif,2021,18850.0,62593.31,tonnes,3321.0
Maharashtra,Satara,maize,kharif,2022,21437.0,51690.0,tonnes,2411.0
Maharashtra,Satara,maize,kharif,2023,17145.24,9301.82,tonnes,543.0
Maharashtra,Satara,maize,kharif,2024,20851.26,93190.91,tonnes,4469.0
Maharashtra,Satara,maize,rabi,2013,11700.0,34100.0,tonnes,2915.0
Maharashtra,Satara,maize,rabi,2014,11700.0,24800.0,tonnes,2120.0
Maharashtra,Satara,maize,rabi,2015,12400.0,27500.0,tonnes,2218.0
Maharashtra,Satara,maize,rabi,2016,12900.0,28200.0,tonnes,2186.0
Maharashtra,Satara,maize,rabi,2017,13000.0,35900.0,tonnes,2762.0
Maharashtra,Satara,maize,rabi,2018,10840.0,29300.0,tonnes,2703.0
Maharashtra,Satara,maize,rabi,2019,11535.0,39293.0,tonnes,3406.0
Maharashtra,Satara,maize,rabi,2020,13906.69,48182.54,tonnes,3465.0
Maharashtra,Satara,maize,rabi,2021,24256.11,104296.42,tonnes,4300.0
Maharashtra,Satara,maize,rabi,2022,20153.01,34667.21,tonnes,1720.0
Maharashtra,Satara,maize,rabi,2023,14490.27,50023.11,tonnes,3452.0
Maharashtra,Satara,maize,rabi,2024,15987.19,14824.35,tonnes,927.0
Maharashtra,Satara,maize,summer,2013,500.0,800.0,tonnes,1600.0
Maharashtra,Satara,maize,summer,2014,2700.0,4300.0,tonnes,1593.0
Maharashtra,Satara,maize,summer,2015,1500.0,2400.0,tonnes,1600.0
Maharashtra,Satara,maize,summer,2016,1000.0,1700.0,tonnes,1700.0
Maharashtra,Satara,maize,summer,2017,1886.0,3000.0,tonnes,1591.0
Maharashtra,Satara,maize,summer,2018,1680.0,2350.0,tonnes,1399.0
Maharashtra,Satara,maize,summer,2019,2126.0,3932.0,tonnes,1849.0
Maharashtra,Satara,maize,summer,2020,2454.5,5154.45,tonnes,2100.0
Maharashtra,Satara,maize,summer,2021,2691.19,8208.13,tonnes,3050.0
Maharashtra,Satara,maize,summer,2022,1076.48,2260.61,tonnes,2100.0
Maharashtra,Satara,maize,summer,2023,430.62,645.98,tonnes,1500.0
Maharashtra,Satara,maize,summer,2024,1278.33,3196.14,tonnes,2500.0
Maharashtra,Satara,pearl_millet,kharif,2013,30200.0,15600.0,tonnes,517.0
Maharashtra,Satara,pearl_millet,kharif,2014,55000.0,22100.0,tonnes,402.0
Maharashtra,Satara,pearl_millet,kharif,2015,74100.0,26900.0,tonnes,363.0
Maharashtra,Satara,pearl_millet,kharif,2016,72100.0,52800.0,tonnes,732.0
Maharashtra,Satara,pearl_millet,kharif,2017,67400.0,34100.0,tonnes,506.0
Maharashtra,Satara,pearl_millet,kharif,2018,51475.0,26881.0,tonnes,522.0
Maharashtra,Satara,pearl_millet,kharif,2019,57299.0,29615.0,tonnes,517.0
Maharashtra,Satara,pearl_millet,kharif,2020,64829.0,57498.38,tonnes,887.0
Maharashtra,Satara,pearl_millet,kharif,2021,50559.0,47375.23,tonnes,937.0
Maharashtra,Satara,pearl_millet,kharif,2022,45453.0,30513.0,tonnes,671.0
Maharashtra,Satara,pearl_millet,kharif,2023,36127.37,13174.03,tonnes,365.0
Maharashtra,Satara,pearl_millet,kharif,2024,41673.26,45042.41,tonnes,1081.0
Maharashtra,Satara,pearl_millet,summer,2022,981.0,392.4,tonnes,400.0
Maharashtra,Satara,pearl_millet,summer,2024,32.0,29.12,tonnes,910.0
Maharashtra,Satara,pigeon_pea,kharif,2013,1600.0,800.0,tonnes,500.0
Maharashtra,Satara,pigeon_pea,kharif,2014,1300.0,400.0,tonnes,308.0
Maharashtra,Satara,pigeon_pea,kharif,2015,2000.0,200.0,tonnes,100.0
Maharashtra,Satara,pigeon_pea,kharif,2016,2326.0,878.0,tonnes,377.0
Maharashtra,Satara,pigeon_pea,kharif,2017,1700.0,300.0,tonnes,176.0
Maharashtra,Satara,pigeon_pea,kharif,2018,1635.0,1165.0,tonnes,713.0
Maharashtra,Satara,pigeon_pea,kharif,2019,1903.0,1588.0,tonnes,834.0
Maharashtra,Satara,pigeon_pea,kharif,2020,1153.0,392.14,tonnes,340.0
Maharashtra,Satara,pigeon_pea,kharif,2021,1223.0,409.46,tonnes,335.0
Maharashtra,Satara,pigeon_pea,kharif,2022,1122.0,978.0,tonnes,872.0
Maharashtra,Satara,pigeon_pea,kharif,2023,493.32,132.54,tonnes,269.0
Maharashtra,Satara,pigeon_pea,kharif,2024,478.8,292.71,tonnes,611.0
Maharashtra,Satara,rice,kharif,2013,50400.0,75600.0,tonnes,1500.0
Maharashtra,Satara,rice,kharif,2014,52900.0,94700.0,tonnes,1790.0
Maharashtra,Satara,rice,kharif,2015,52700.0,79700.0,tonnes,1512.0
Maharashtra,Satara,rice,kharif,2016,47000.0,82100.0,tonnes,1747.0
Maharashtra,Satara,rice,kharif,2017,45800.0,83000.0,tonnes,1812.0
Maharashtra,Satara,rice,kharif,2018,47026.0,109002.0,tonnes,2318.0
Maharashtra,Satara,rice,kharif,2019,49635.0,71367.0,tonnes,1438.0
Maharashtra,Satara,rice,kharif,2020,46954.0,108948.5,tonnes,2320.0
Maharashtra,Satara,rice,kharif,2021,45099.32,88918.68,tonnes,1972.0
Maharashtra,Satara,rice,kharif,2022,47710.76,93200.74,tonnes,1953.0
Maharashtra,Satara,rice,kharif,2023,44627.27,57839.33,tonnes,1296.0
Maharashtra,Satara,rice,kharif,2024,43548.57,71580.35,tonnes,1644.0
Maharashtra,Satara,sorghum,kharif,2013,29700.0,52800.0,tonnes,1778.0
Maharashtra,Satara,sorghum,kharif,2014,23400.0,35900.0,tonnes,1534.0
Maharashtra,Satara,sorghum,kharif,2015,24800.0,30500.0,tonnes,1230.0
Maharashtra,Satara,sorghum,kharif,2016,24400.0,25300.0,tonnes,1037.0
Maharashtra,Satara,sorghum,kharif,2017,24100.0,33100.0,tonnes,1373.0
Maharashtra,Satara,sorghum,kharif,2018,24312.0,27154.0,tonnes,1117.0
Maharashtra,Satara,sorghum,kharif,2019,26269.0,18280.0,tonnes,696.0
Maharashtra,Satara,sorghum,kharif,2020,19760.0,32207.91,tonnes,1630.0
Maharashtra,Satara,sorghum,kharif,2021,16553.0,22248.89,tonnes,1344.0
Maharashtra,Satara,sorghum,kharif,2022,12638.8,18153.11,tonnes,1436.0
Maharashtra,Satara,sorghum,kharif,2023,8063.54,8396.35,tonnes,1041.0
Maharashtra,Satara,sorghum,kharif,2024,7254.82,6206.17,tonnes,855.0
Maharashtra,Satara,sorghum,rabi,2013,138000.0,112200.0,tonnes,813.0
Maharashtra,Satara,sorghum,rabi,2014,145600.0,127100.0,tonnes,873.0
Maharashtra,Satara,sorghum,rabi,2015,138700.0,109600.0,tonnes,790.0
Maharashtra,Satara,sorghum,rabi,2016,149600.0,108800.0,tonnes,727.0
Maharashtra,Satara,sorghum,rabi,2017,136600.0,124600.0,tonnes,912.0
Maharashtra,Satara,sorghum,rabi,2018,125460.0,97200.0,tonnes,775.0
Maharashtra,Satara,sorghum,rabi,2019,156560.0,124992.0,tonnes,798.0
Maharashtra,Satara,sorghum,rabi,2020,132301.63,134538.15,tonnes,1017.0
Maharashtra,Satara,sorghum,rabi,2021,111364.77,134409.48,tonnes,1207.0
Maharashtra,Satara,sorghum,rabi,2022,112894.96,115350.43,tonnes,1022.0
Maharashtra,Satara,sorghum,rabi,2023,104930.92,94859.44,tonnes,904.0
Maharashtra,Satara,sorghum,rabi,2024,130101.77,140639.48,tonnes,1081.0
Maharashtra,Satara,soybean,kharif,2013,46700.0,95560.0,tonnes,2046.0
Maharashtra,Satara,soybean,kharif,2014,53300.0,90800.0,tonnes,1704.0
Maharashtra,Satara,soybean,kharif,2015,62800.0,100900.0,tonnes,1607.0
Maharashtra,Satara,soybean,kharif,2016,67200.0,121800.0,tonnes,1813.0
Maharashtra,Satara,soybean,kharif,2017,69700.0,128500.0,tonnes,1844.0
Maharashtra,Satara,soybean,kharif,2018,65692.0,112215.0,tonnes,1708.0
Maharashtra,Satara,soybean,kharif,2019,70605.0,101747.0,tonnes,1441.0
Maharashtra,Satara,soybean,kharif,2020,74250.34,167956.63,tonnes,2262.0
Maharashtra,Satara,soybean,kharif,2021,74839.0,177450.75,tonnes,2371.0
Maharashtra,Satara,soybean,kharif,2022,85795.0,184186.0,tonnes,2147.0
Maharashtra,Satara,soybean,kharif,2023,85353.27,82700.75,tonnes,969.0
Maharashtra,Satara,soybean,kharif,2024,94113.73,190481.91,tonnes,2024.0
Maharashtra,Satara,soybean,summer,2021,1637.0,2864.75,tonnes,1750.0
Maharashtra,Satara,soybean,summer,2022,80.0,117.6,tonnes,1470.0
Maharashtra,Satara,sugarcane,kharif,2013,59800.0,6015200.0,tonnes,100589.0
Maharashtra,Satara,sugarcane,kharif,2014,70000.0,6927400.0,tonnes,98963.0
Maharashtra,Satara,sugarcane,kharif,2015,65500.0,6329800.0,tonnes,96638.0
Maharashtra,Satara,sugarcane,kharif,2016,50329.0,6259700.0,tonnes,124376.0
Maharashtra,Satara,sugarcane,kharif,2017,80644.0,7983800.0,tonnes,99001.0
Maharashtra,Satara,sugarcane,kharif,2018,82485.0,8038163.0,tonnes,97450.0
Maharashtra,Satara,sugarcane,kharif,2019,84010.0,8977829.0,tonnes,106866.0
Maharashtra,Satara,sugarcane,kharif,2020,94933.0,10467495.7,tonnes,110262.0
Maharashtra,Satara,sugarcane,kharif,2021,116626.0,13126135.11,tonnes,112549.0
Maharashtra,Satara,sugarcane,kharif,2022,116625.0,12747112.5,tonnes,109300.0
Maharashtra,Satara,sugarcane,kharif,2023,116710.87,11650078.43,tonnes,99820.0
Maharashtra,Satara,sugarcane,kharif,2024,86555.17,8644819.74,tonnes,99876.0
Maharashtra,Satara,wheat,rabi,2013,33800.0,62200.0,tonnes,1840.0
Maharashtra,Satara,wheat,rabi,2014,38300.0,61400.0,tonnes,1603.0
Maharashtra,Satara,wheat,rabi,2015,29700.0,49000.0,tonnes,1650.0
Maharashtra,Satara,wheat,rabi,2016,35600.0,71200.0,tonnes,2000.0
Maharashtra,Satara,wheat,rabi,2017,37200.0,75100.0,tonnes,2019.0
Maharashtra,Satara,wheat,rabi,2018,34140.0,70500.0,tonnes,2065.0
Maharashtra,Satara,wheat,rabi,2019,37755.0,74506.0,tonnes,1973.0
Maharashtra,Satara,wheat,rabi,2020,35435.63,76780.86,tonnes,2167.0
Maharashtra,Satara,wheat,rabi,2021,37957.18,92410.17,tonnes,2435.0
Maharashtra,Satara,wheat,rabi,2022,44542.46,104153.63,tonnes,2338.0
Maharashtra,Satara,wheat,rabi,2023,34976.88,74550.62,tonnes,2131.0
Maharashtra,Satara,wheat,rabi,2024,39126.04,67820.11,tonnes,1733.0
Maharashtra,Sindhudurg,groundnut,kharif,2013,2000.0,3100.0,tonnes,1550.0
Maharashtra,Sindhudurg,groundnut,kharif,2014,1200.0,1000.0,tonnes,833.0
Maharashtra,Sindhudurg,groundnut,kharif,2015,800.0,500.0,tonnes,625.0
Maharashtra,Sindhudurg,groundnut,kharif,2016,600.0,800.0,tonnes,1333.0
Maharashtra,Sindhudurg,groundnut,kharif,2017,542.0,700.0,tonnes,1292.0
Maharashtra,Sindhudurg,groundnut,kharif,2018,577.0,402.0,tonnes,697.0
Maharashtra,Sindhudurg,groundnut,kharif,2019,489.0,485.0,tonnes,992.0
Maharashtra,Sindhudurg,groundnut,kharif,2020,541.45,507.18,tonnes,937.0
Maharashtra,Sindhudurg,groundnut,kharif,2021,541.45,472.58,tonnes,873.0
Maharashtra,Sindhudurg,groundnut,kharif,2022,541.44,496.99,tonnes,918.0
Maharashtra,Sindhudurg,groundnut,kharif,2023,451.44,375.53,tonnes,832.0
Maharashtra,Sindhudurg,groundnut,kharif,2024,256.28,328.14,tonnes,1280.0
Maharashtra,Sindhudurg,groundnut,summer,2013,2100.0,4500.0,tonnes,2143.0
Maharashtra,Sindhudurg,groundnut,summer,2014,2100.0,4000.0,tonnes,1905.0
Maharashtra,Sindhudurg,groundnut,summer,2015,2100.0,3900.0,tonnes,1857.0
Maharashtra,Sindhudurg,groundnut,summer,2016,800.0,1300.0,tonnes,1625.0
Maharashtra,Sindhudurg,groundnut,summer,2017,805.0,1900.0,tonnes,2360.0
Maharashtra,Sindhudurg,groundnut,summer,2018,860.0,3290.0,tonnes,3826.0
Maharashtra,Sindhudurg,groundnut,summer,2019,853.0,1915.0,tonnes,2245.0
Maharashtra,Sindhudurg,groundnut,summer,2020,843.0,2150.09,tonnes,2551.0
Maharashtra,Sindhudurg,groundnut,summer,2021,863.0,2042.55,tonnes,2367.0
Maharashtra,Sindhudurg,groundnut,summer,2022,2158.0,4946.0,tonnes,2292.0
Maharashtra,Sindhudurg,groundnut,summer,2023,2373.2,5265.36,tonnes,2219.0
Maharashtra,Sindhudurg,groundnut,summer,2024,2696.77,6230.99,tonnes,2311.0
Maharashtra,Sindhudurg,maize,rabi,2014,100.0,200.0,tonnes,2000.0
Maharashtra,Sindhudurg,maize,rabi,2015,100.0,100.0,tonnes,1000.0
Maharashtra,Sindhudurg,maize,rabi,2016,57.0,200.0,tonnes,3509.0
Maharashtra,Sindhudurg,maize,rabi,2019,286.0,907.0,tonnes,3171.0
Maharashtra,Sindhudurg,maize,rabi,2020,339.0,930.9,tonnes,2746.0
Maharashtra,Sindhudurg,maize,rabi,2021,383.0,943.56,tonnes,2464.0
Maharashtra,Sindhudurg,maize,rabi,2022,404.0,1110.43,tonnes,2749.0
Maharashtra,Sindhudurg,maize,rabi,2023,290.0,750.68,tonnes,2589.0
Maharashtra,Sindhudurg,maize,rabi,2024,331.7,941.91,tonnes,2840.0
Maharashtra,Sindhudurg,maize,summer,2022,163.0,379.51,tonnes,2328.0
Maharashtra,Sindhudurg,maize,summer,2023,489.03,1138.69,tonnes,2328.0
Maharashtra,Sindhudurg,maize,summer,2024,150.92,351.41,tonnes,2329.0
Maharashtra,Sindhudurg,pigeon_pea,kharif,2014,100.0,,tonnes,
Maharashtra,Sindhudurg,pigeon_pea,kharif,2015,700.0,300.0,tonnes,429.0
Maharashtra,Sindhudurg,pigeon_pea,kharif,2016,713.0,584.0,tonnes,819.0
Maharashtra,Sindhudurg,pigeon_pea,kharif,2020,2.0,1.32,tonnes,660.0
Maharashtra,Sindhudurg,pigeon_pea,kharif,2021,2.0,1.2,tonnes,602.0
Maharashtra,Sindhudurg,rice,kharif,2013,74200.0,232800.0,tonnes,3137.0
Maharashtra,Sindhudurg,rice,kharif,2014,67400.0,222400.0,tonnes,3300.0
Maharashtra,Sindhudurg,rice,kharif,2015,64600.0,190000.0,tonnes,2941.0
Maharashtra,Sindhudurg,rice,kharif,2016,62500.0,205700.0,tonnes,3291.0
Maharashtra,Sindhudurg,rice,kharif,2017,62500.0,203000.0,tonnes,3248.0
Maharashtra,Sindhudurg,rice,kharif,2018,62500.0,183733.0,tonnes,2940.0
Maharashtra,Sindhudurg,rice,kharif,2019,62500.0,156240.0,tonnes,2500.0
Maharashtra,Sindhudurg,rice,kharif,2020,62063.18,173928.68,tonnes,2802.0
Maharashtra,Sindhudurg,rice,kharif,2021,62063.18,160649.95,tonnes,2588.0
Maharashtra,Sindhudurg,rice,kharif,2022,62063.18,166240.0,tonnes,2679.0
Maharashtra,Sindhudurg,rice,kharif,2023,60997.19,179104.32,tonnes,2936.0
Maharashtra,Sindhudurg,rice,kharif,2024,57028.6,159342.86,tonnes,2794.0
Maharashtra,Sindhudurg,rice,summer,2013,2600.0,5600.0,tonnes,2154.0
Maharashtra,Sindhudurg,rice,summer,2014,2600.0,5400.0,tonnes,2077.0
Maharashtra,Sindhudurg,rice,summer,2015,2600.0,6100.0,tonnes,2346.0
Maharashtra,Sindhudurg,rice,summer,2016,1500.0,3200.0,tonnes,2133.0
Maharashtra,Sindhudurg,rice,summer,2017,1520.0,3200.0,tonnes,2105.0
Maharashtra,Sindhudurg,rice,summer,2018,1550.0,4660.0,tonnes,3006.0
Maharashtra,Sindhudurg,rice,summer,2019,1551.0,3856.0,tonnes,2486.0
Maharashtra,Sindhudurg,rice,summer,2020,1551.0,4064.82,tonnes,2621.0
Maharashtra,Sindhudurg,rice,summer,2021,1551.0,4136.81,tonnes,2667.0
Maharashtra,Sindhudurg,rice,summer,2022,1551.0,6134.22,tonnes,3955.0
Maharashtra,Sindhudurg,rice,summer,2023,1550.99,3753.86,tonnes,2420.0
Maharashtra,Sindhudurg,rice,summer,2024,1239.99,3521.07,tonnes,2840.0
Maharashtra,Sindhudurg,sugarcane,kharif,2013,1100.0,96700.0,tonnes,87909.0
Maharashtra,Sindhudurg,sugarcane,kharif,2015,1400.0,108300.0,tonnes,77357.0
Maharashtra,Sindhudurg,sugarcane,kharif,2016,1209.0,121400.0,tonnes,100414.0
Maharashtra,Sindhudurg,sugarcane,kharif,2017,1098.0,65900.0,tonnes,60018.0
Maharashtra,Sindhudurg,sugarcane,kharif,2022,1236.0,99127.2,tonnes,80200.0
Maharashtra,Solapur,chickpea,rabi,2013,35400.0,19700.0,tonnes,556.0
Maharashtra,Solapur,chickpea,rabi,2014,39500.0,29600.0,tonnes,749.0
Maharashtra,Solapur,chickpea,rabi,2015,45800.0,13500.0,tonnes,295.0
Maharashtra,Solapur,chickpea,rabi,2016,56500.0,38100.0,tonnes,674.0
Maharashtra,Solapur,chickpea,rabi,2017,68249.0,46100.0,tonnes,675.0
Maharashtra,Solapur,chickpea,rabi,2018,50690.0,28100.0,tonnes,554.0
Maharashtra,Solapur,chickpea,rabi,2019,66926.0,54322.0,tonnes,812.0
Maharashtra,Solapur,chickpea,rabi,2020,67433.02,56586.4,tonnes,839.0
Maharashtra,Solapur,chickpea,rabi,2021,76792.41,61579.83,tonnes,802.0
Maharashtra,Solapur,chickpea,rabi,2022,93995.97,66470.19,tonnes,707.0
Maharashtra,Solapur,chickpea,rabi,2023,48076.77,32236.44,tonnes,671.0
Maharashtra,Solapur,chickpea,rabi,2024,56589.55,43179.94,tonnes,763.0
Maharashtra,Solapur,cotton,kharif,2013,500.0,700.0,bales_170kg,238.0
Maharashtra,Solapur,cotton,kharif,2014,600.0,1200.0,bales_170kg,340.0
Maharashtra,Solapur,cotton,kharif,2015,900.0,700.0,bales_170kg,132.0
Maharashtra,Solapur,cotton,kharif,2016,900.0,1370.0,bales_170kg,259.0
Maharashtra,Solapur,cotton,kharif,2017,300.0,400.0,bales_170kg,227.0
Maharashtra,Solapur,cotton,kharif,2018,163.0,88.0,bales_170kg,92.0
Maharashtra,Solapur,cotton,kharif,2019,521.0,240.0,bales_170kg,78.0
Maharashtra,Solapur,cotton,kharif,2020,400.0,900.0,bales_170kg,383.0
Maharashtra,Solapur,cotton,kharif,2021,300.0,400.0,bales_170kg,227.0
Maharashtra,Solapur,cotton,kharif,2022,413.96,667.8,bales_170kg,274.0
Maharashtra,Solapur,cotton,kharif,2023,246.27,470.42,bales_170kg,325.0
Maharashtra,Solapur,cotton,kharif,2024,250.31,233.59,bales_170kg,159.0
Maharashtra,Solapur,groundnut,kharif,2013,1500.0,1200.0,tonnes,800.0
Maharashtra,Solapur,groundnut,kharif,2014,1800.0,1000.0,tonnes,556.0
Maharashtra,Solapur,groundnut,kharif,2015,1100.0,500.0,tonnes,455.0
Maharashtra,Solapur,groundnut,kharif,2016,1700.0,750.0,tonnes,441.0
Maharashtra,Solapur,groundnut,kharif,2017,2100.0,1310.0,tonnes,624.0
Maharashtra,Solapur,groundnut,kharif,2018,2890.0,1280.0,tonnes,443.0
Maharashtra,Solapur,groundnut,kharif,2019,2436.0,1097.0,tonnes,450.0
Maharashtra,Solapur,groundnut,kharif,2020,2594.09,2229.99,tonnes,860.0
Maharashtra,Solapur,groundnut,kharif,2021,2849.52,1815.14,tonnes,637.0
Maharashtra,Solapur,groundnut,kharif,2022,3142.02,1228.84,tonnes,391.0
Maharashtra,Solapur,groundnut,kharif,2023,4454.14,2830.26,tonnes,635.0
Maharashtra,Solapur,groundnut,kharif,2024,4325.92,3439.87,tonnes,795.0
Maharashtra,Solapur,groundnut,summer,2013,3500.0,4700.0,tonnes,1343.0
Maharashtra,Solapur,groundnut,summer,2014,4000.0,5900.0,tonnes,1475.0
Maharashtra,Solapur,groundnut,summer,2015,2400.0,2400.0,tonnes,1000.0
Maharashtra,Solapur,groundnut,summer,2016,3400.0,4900.0,tonnes,1441.0
Maharashtra,Solapur,groundnut,summer,2017,3015.0,4200.0,tonnes,1393.0
Maharashtra,Solapur,groundnut,summer,2018,660.0,750.0,tonnes,1136.0
Maharashtra,Solapur,groundnut,summer,2019,4006.0,5929.0,tonnes,1480.0
Maharashtra,Solapur,groundnut,summer,2020,4970.36,7512.41,tonnes,1511.0
Maharashtra,Solapur,groundnut,summer,2021,5433.09,7118.26,tonnes,1310.0
Maharashtra,Solapur,groundnut,summer,2022,4346.0,6010.0,tonnes,1383.0
Maharashtra,Solapur,groundnut,summer,2023,1955.87,2335.16,tonnes,1194.0
Maharashtra,Solapur,groundnut,summer,2024,5487.23,6858.86,tonnes,1250.0
Maharashtra,Solapur,maize,kharif,2013,11100.0,19300.0,tonnes,1739.0
Maharashtra,Solapur,maize,kharif,2014,12700.0,24000.0,tonnes,1890.0
Maharashtra,Solapur,maize,kharif,2015,10600.0,10800.0,tonnes,1019.0
Maharashtra,Solapur,maize,kharif,2016,16000.0,18150.0,tonnes,1134.0
Maharashtra,Solapur,maize,kharif,2017,21500.0,52990.0,tonnes,2465.0
Maharashtra,Solapur,maize,kharif,2018,21623.0,20185.0,tonnes,933.0
Maharashtra,Solapur,maize,kharif,2019,27134.0,33290.0,tonnes,1227.0
Maharashtra,Solapur,maize,kharif,2020,34083.28,77099.78,tonnes,2262.0
Maharashtra,Solapur,maize,kharif,2021,38307.18,88623.66,tonnes,2313.0
Maharashtra,Solapur,maize,kharif,2022,45110.0,101398.0,tonnes,2248.0
Maharashtra,Solapur,maize,kharif,2023,56646.31,76454.27,tonnes,1350.0
Maharashtra,Solapur,maize,kharif,2024,86387.47,259647.55,tonnes,3006.0
Maharashtra,Solapur,maize,rabi,2013,31200.0,75300.0,tonnes,2413.0
Maharashtra,Solapur,maize,rabi,2014,36100.0,105800.0,tonnes,2931.0
Maharashtra,Solapur,maize,rabi,2015,33100.0,47600.0,tonnes,1438.0
Maharashtra,Solapur,maize,rabi,2016,43000.0,75780.0,tonnes,1762.0
Maharashtra,Solapur,maize,rabi,2017,50100.0,100600.0,tonnes,2008.0
Maharashtra,Solapur,maize,rabi,2018,38290.0,54400.0,tonnes,1421.0
Maharashtra,Solapur,maize,rabi,2019,46347.0,107961.0,tonnes,2329.0
Maharashtra,Solapur,maize,rabi,2020,47272.41,74627.11,tonnes,1579.0
Maharashtra,Solapur,maize,rabi,2021,56247.79,125275.08,tonnes,2227.0
Maharashtra,Solapur,maize,rabi,2022,64532.28,159717.39,tonnes,2475.0
Maharashtra,Solapur,maize,rabi,2023,49364.15,119521.04,tonnes,2421.0
Maharashtra,Solapur,maize,rabi,2024,57191.68,140921.91,tonnes,2464.0
Maharashtra,Solapur,maize,summer,2013,2000.0,3300.0,tonnes,1650.0
Maharashtra,Solapur,maize,summer,2014,2200.0,3400.0,tonnes,1545.0
Maharashtra,Solapur,maize,summer,2015,4500.0,6800.0,tonnes,1511.0
Maharashtra,Solapur,maize,summer,2016,4000.0,10470.0,tonnes,2618.0
Maharashtra,Solapur,maize,summer,2017,4209.0,2530.0,tonnes,601.0
Maharashtra,Solapur,maize,summer,2018,1830.0,1520.0,tonnes,831.0
Maharashtra,Solapur,maize,summer,2019,4456.0,11586.0,tonnes,2600.0
Maharashtra,Solapur,maize,summer,2020,5273.29,7414.25,tonnes,1406.0
Maharashtra,Solapur,maize,summer,2021,6237.04,8769.28,tonnes,1406.0
Maharashtra,Solapur,maize,summer,2022,9667.41,15537.46,tonnes,1607.0
Maharashtra,Solapur,maize,summer,2023,5994.14,9634.59,tonnes,1607.0
Maharashtra,Solapur,maize,summer,2024,10129.7,16282.08,tonnes,1607.0
Maharashtra,Solapur,pearl_millet,kharif,2013,6300.0,2200.0,tonnes,349.0
Maharashtra,Solapur,pearl_millet,kharif,2014,5500.0,2200.0,tonnes,400.0
Maharashtra,Solapur,pearl_millet,kharif,2015,14800.0,3400.0,tonnes,230.0
Maharashtra,Solapur,pearl_millet,kharif,2016,26900.0,9400.0,tonnes,349.0
Maharashtra,Solapur,pearl_millet,kharif,2017,28600.0,9740.0,tonnes,341.0
Maharashtra,Solapur,pearl_millet,kharif,2018,23793.0,3203.0,tonnes,135.0
Maharashtra,Solapur,pearl_millet,kharif,2019,49811.0,11528.0,tonnes,231.0
Maharashtra,Solapur,pearl_millet,kharif,2020,55313.76,27225.22,tonnes,492.0
Maharashtra,Solapur,pearl_millet,kharif,2021,57132.06,23218.19,tonnes,406.0
Maharashtra,Solapur,pearl_millet,kharif,2022,49448.0,20712.0,tonnes,419.0
Maharashtra,Solapur,pearl_millet,kharif,2023,24670.82,4904.16,tonnes,199.0
Maharashtra,Solapur,pearl_millet,kharif,2024,25303.4,17151.88,tonnes,678.0
Maharashtra,Solapur,pearl_millet,summer,2021,6.0,5.46,tonnes,910.0
Maharashtra,Solapur,pearl_millet,summer,2022,64.0,58.24,tonnes,910.0
Maharashtra,Solapur,pearl_millet,summer,2023,255.47,232.48,tonnes,910.0
Maharashtra,Solapur,pearl_millet,summer,2024,194.99,177.42,tonnes,910.0
Maharashtra,Solapur,pigeon_pea,kharif,2013,18800.0,9200.0,tonnes,489.0
Maharashtra,Solapur,pigeon_pea,kharif,2014,18800.0,9000.0,tonnes,479.0
Maharashtra,Solapur,pigeon_pea,kharif,2015,18200.0,3000.0,tonnes,165.0
Maharashtra,Solapur,pigeon_pea,kharif,2016,29968.0,16798.0,tonnes,561.0
Maharashtra,Solapur,pigeon_pea,kharif,2017,29800.0,18700.0,tonnes,628.0
Maharashtra,Solapur,pigeon_pea,kharif,2018,35316.0,4052.0,tonnes,115.0
Maharashtra,Solapur,pigeon_pea,kharif,2019,51532.0,29432.0,tonnes,571.0
Maharashtra,Solapur,pigeon_pea,kharif,2020,55028.24,33980.26,tonnes,618.0
Maharashtra,Solapur,pigeon_pea,kharif,2021,60637.32,31379.81,tonnes,517.0
Maharashtra,Solapur,pigeon_pea,kharif,2022,62818.0,33495.0,tonnes,533.0
Maharashtra,Solapur,pigeon_pea,kharif,2023,63881.64,35883.11,tonnes,562.0
Maharashtra,Solapur,pigeon_pea,kharif,2024,98955.31,70398.35,tonnes,711.0
Maharashtra,Solapur,rice,kharif,2013,400.0,100.0,tonnes,250.0
Maharashtra,Solapur,rice,kharif,2014,400.0,100.0,tonnes,250.0
Maharashtra,Solapur,rice,kharif,2015,200.0,0.0,tonnes,0.0
Maharashtra,Solapur,rice,kharif,2016,200.0,43.0,tonnes,215.0
Maharashtra,Solapur,rice,kharif,2017,600.0,70.0,tonnes,117.0
Maharashtra,Solapur,rice,kharif,2018,1924.0,173.0,tonnes,90.0
Maharashtra,Solapur,rice,kharif,2019,1189.0,187.0,tonnes,157.0
Maharashtra,Solapur,rice,kharif,2020,1486.58,2802.66,tonnes,1885.0
Maharashtra,Solapur,rice,kharif,2021,52.0,20.0,tonnes,385.0
Maharashtra,Solapur,rice,summer,2021,7.0,21.79,tonnes,3113.0
Maharashtra,Solapur,rice,summer,2022,8.75,34.61,tonnes,3955.0
Maharashtra,Solapur,sorghum,kharif,2013,500.0,200.0,tonnes,400.0
Maharashtra,Solapur,sorghum,kharif,2014,300.0,100.0,tonnes,333.0
Maharashtra,Solapur,sorghum,kharif,2015,200.0,,tonnes,
Maharashtra,Solapur,sorghum,kharif,2016,200.0,80.0,tonnes,400.0
Maharashtra,Solapur,sorghum,kharif,2018,3688.0,1819.0,tonnes,493.0
Maharashtra,Solapur,sorghum,kharif,2019,3648.0,929.0,tonnes,255.0
Maharashtra,Solapur,sorghum,kharif,2020,3112.67,1921.76,tonnes,617.0
Maharashtra,Solapur,sorghum,kharif,2021,1199.19,1353.97,tonnes,1129.0
Maharashtra,Solapur,sorghum,kharif,2022,313.64,156.14,tonnes,498.0
Maharashtra,Solapur,sorghum,kharif,2023,180.45,21.9,tonnes,121.0
Maharashtra,Solapur,sorghum,kharif,2024,165.88,77.18,tonnes,465.0
Maharashtra,Solapur,sorghum,rabi,2013,565800.0,304500.0,tonnes,538.0
Maharashtra,Solapur,sorghum,rabi,2014,622800.0,354100.0,tonnes,569.0
Maharashtra,Solapur,sorghum,rabi,2015,615700.0,108000.0,tonnes,175.0
Maharashtra,Solapur,sorghum,rabi,2016,658500.0,361780.0,tonnes,549.0
Maharashtra,Solapur,sorghum,rabi,2017,656900.0,370080.0,tonnes,563.0
Maharashtra,Solapur,sorghum,rabi,2018,513810.0,182500.0,tonnes,355.0
Maharashtra,Solapur,sorghum,rabi,2019,462614.0,315047.0,tonnes,681.0
Maharashtra,Solapur,sorghum,rabi,2020,470931.63,374566.11,tonnes,795.0
Maharashtra,Solapur,sorghum,rabi,2021,458397.74,374300.09,tonnes,817.0
Maharashtra,Solapur,sorghum,rabi,2022,251430.71,195660.86,tonnes,778.0
Maharashtra,Solapur,sorghum,rabi,2023,262131.17,183317.52,tonnes,699.0
Maharashtra,Solapur,sorghum,rabi,2024,254092.82,212519.65,tonnes,836.0
Maharashtra,Solapur,soybean,kharif,2013,5500.0,9900.0,tonnes,1800.0
Maharashtra,Solapur,soybean,kharif,2014,6300.0,7400.0,tonnes,1175.0
Maharashtra,Solapur,soybean,kharif,2015,14200.0,2400.0,tonnes,169.0
Maharashtra,Solapur,soybean,kharif,2016,27700.0,10170.0,tonnes,367.0
Maharashtra,Solapur,soybean,kharif,2017,33588.0,38560.0,tonnes,1148.0
Maharashtra,Solapur,soybean,kharif,2018,35037.0,11569.0,tonnes,330.0
Maharashtra,Solapur,soybean,kharif,2019,34910.0,22193.0,tonnes,636.0
Maharashtra,Solapur,soybean,kharif,2020,39088.7,48707.78,tonnes,1246.0
Maharashtra,Solapur,soybean,kharif,2021,50475.36,59061.22,tonnes,1170.0
Maharashtra,Solapur,soybean,kharif,2022,86495.0,80432.0,tonnes,930.0
Maharashtra,Solapur,soybean,kharif,2023,129413.64,87458.28,tonnes,676.0
Maharashtra,Solapur,soybean,kharif,2024,138348.05,120666.88,tonnes,872.0
Maharashtra,Solapur,soybean,summer,2021,1017.9,1526.85,tonnes,1500.0
Maharashtra,Solapur,soybean,summer,2022,342.5,513.75,tonnes,1500.0
Maharashtra,Solapur,sugarcane,kharif,2013,122600.0,10488200.0,tonnes,85548.0
Maharashtra,Solapur,sugarcane,kharif,2014,205500.0,20049700.0,tonnes,97565.0
Maharashtra,Solapur,sugarcane,kharif,2015,183100.0,10964400.0,tonnes,59882.0
Maharashtra,Solapur,sugarcane,kharif,2016,64744.0,4762070.0,tonnes,73552.0
Maharashtra,Solapur,sugarcane,kharif,2017,100505.0,10468150.0,tonnes,104156.0
Maharashtra,Solapur,sugarcane,kharif,2018,190018.0,14093635.0,tonnes,74170.0
Maharashtra,Solapur,sugarcane,kharif,2019,97086.0,8886198.0,tonnes,91529.0
Maharashtra,Solapur,sugarcane,kharif,2020,215000.0,22608354.26,tonnes,105155.0
Maharashtra,Solapur,sugarcane,kharif,2021,254125.0,26087769.41,tonnes,102657.0
Maharashtra,Solapur,sugarcane,kharif,2022,230050.0,20058059.5,tonnes,87190.0
Maharashtra,Solapur,sugarcane,kharif,2023,240956.73,22848485.68,tonnes,94824.0
Maharashtra,Solapur,sugarcane,kharif,2024,150585.6,14589714.51,tonnes,96887.0
Maharashtra,Solapur,wheat,rabi,2013,35700.0,35800.0,tonnes,1003.0
Maharashtra,Solapur,wheat,rabi,2014,42200.0,54600.0,tonnes,1294.0
Maharashtra,Solapur,wheat,rabi,2015,41300.0,28800.0,tonnes,697.0
Maharashtra,Solapur,wheat,rabi,2016,58100.0,77780.0,tonnes,1339.0
Maharashtra,Solapur,wheat,rabi,2017,68700.0,81830.0,tonnes,1191.0
Maharashtra,Solapur,wheat,rabi,2018,64300.0,56900.0,tonnes,885.0
Maharashtra,Solapur,wheat,rabi,2019,82383.0,93009.0,tonnes,1129.0
Maharashtra,Solapur,wheat,rabi,2020,86028.52,121511.19,tonnes,1412.0
Maharashtra,Solapur,wheat,rabi,2021,88879.6,126400.12,tonnes,1422.0
Maharashtra,Solapur,wheat,rabi,2022,84845.01,132188.53,tonnes,1558.0
Maharashtra,Solapur,wheat,rabi,2023,38637.84,53224.5,tonnes,1378.0
Maharashtra,Solapur,wheat,rabi,2024,43425.88,84073.18,tonnes,1936.0
Maharashtra,Thane,chickpea,rabi,2013,3300.0,3900.0,tonnes,1182.0
Maharashtra,Thane,chickpea,rabi,2014,3400.0,2900.0,tonnes,853.0
Maharashtra,Thane,chickpea,rabi,2015,1300.0,900.0,tonnes,692.0
Maharashtra,Thane,chickpea,rabi,2016,1400.0,1300.0,tonnes,929.0
Maharashtra,Thane,chickpea,rabi,2017,1400.0,1200.0,tonnes,857.0
Maharashtra,Thane,chickpea,rabi,2018,1110.0,1000.0,tonnes,901.0
Maharashtra,Thane,chickpea,rabi,2019,1276.0,894.0,tonnes,701.0
Maharashtra,Thane,chickpea,rabi,2020,2011.72,1844.05,tonnes,917.0
Maharashtra,Thane,chickpea,rabi,2021,3148.2,2892.25,tonnes,919.0
Maharashtra,Thane,chickpea,rabi,2022,3356.96,2907.23,tonnes,866.0
Maharashtra,Thane,chickpea,rabi,2023,2199.13,2180.36,tonnes,991.0
Maharashtra,Thane,chickpea,rabi,2024,2139.96,1819.27,tonnes,850.0
Maharashtra,Thane,groundnut,kharif,2020,19.96,18.7,tonnes,937.0
Maharashtra,Thane,groundnut,summer,2015,40.0,100.0,tonnes,2500.0
Maharashtra,Thane,groundnut,summer,2017,2.0,3.0,tonnes,1500.0
Maharashtra,Thane,groundnut,summer,2019,7.0,13.0,tonnes,1857.0
Maharashtra,Thane,groundnut,summer,2020,10.0,27.04,tonnes,2704.0
Maharashtra,Thane,groundnut,summer,2021,21.0,82.7,tonnes,3938.0
Maharashtra,Thane,groundnut,summer,2022,21.0,49.0,tonnes,2333.0
Maharashtra,Thane,groundnut,summer,2023,10.5,60.9,tonnes,5801.0
Maharashtra,Thane,maize,rabi,2015,10.0,20.0,tonnes,2000.0
Maharashtra,Thane,maize,rabi,2017,1.0,4.0,tonnes,4000.0
Maharashtra,Thane,maize,rabi,2021,101.8,250.79,tonnes,2464.0
Maharashtra,Thane,maize,rabi,2022,103.85,285.44,tonnes,2749.0
Maharashtra,Thane,maize,rabi,2023,127.93,331.15,tonnes,2589.0
Maharashtra,Thane,maize,rabi,2024,68.74,256.54,tonnes,3732.0
Maharashtra,Thane,maize,summer,2021,15.0,30.01,tonnes,2001.0
Maharashtra,Thane,maize,summer,2022,75.0,174.62,tonnes,2328.0
Maharashtra,Thane,maize,summer,2023,82.5,192.11,tonnes,2328.0
Maharashtra,Thane,pigeon_pea,kharif,2013,2800.0,1500.0,tonnes,536.0
Maharashtra,Thane,pigeon_pea,kharif,2014,400.0,200.0,tonnes,500.0
Maharashtra,Thane,pigeon_pea,kharif,2015,600.0,200.0,tonnes,333.0
Maharashtra,Thane,pigeon_pea,kharif,2016,79.0,65.0,tonnes,823.0
Maharashtra,Thane,pigeon_pea,kharif,2020,744.4,492.79,tonnes,662.0
Maharashtra,Thane,pigeon_pea,kharif,2021,1244.09,748.32,tonnes,601.0
Maharashtra,Thane,pigeon_pea,kharif,2022,1256.0,806.0,tonnes,642.0
Maharashtra,Thane,pigeon_pea,kharif,2023,878.7,468.52,tonnes,533.0
Maharashtra,Thane,pigeon_pea,kharif,2024,935.87,326.93,tonnes,349.0
Maharashtra,Thane,rice,kharif,2013,137500.0,328000.0,tonnes,2385.0
Maharashtra,Thane,rice,kharif,2014,55200.0,132900.0,tonnes,2408.0
Maharashtra,Thane,rice,kharif,2015,55000.0,124200.0,tonnes,2258.0
Maharashtra,Thane,rice,kharif,2016,55000.0,149600.0,tonnes,2720.0
Maharashtra,Thane,rice,kharif,2017,54700.0,101100.0,tonnes,1848.0
Maharashtra,Thane,rice,kharif,2018,54885.0,139368.0,tonnes,2539.0
Maharashtra,Thane,rice,kharif,2019,55235.0,118495.0,tonnes,2145.0
Maharashtra,Thane,rice,kharif,2020,54826.65,106385.8,tonnes,1940.0
Maharashtra,Thane,rice,kharif,2021,54907.01,129080.02,tonnes,2351.0
Maharashtra,Thane,rice,kharif,2022,54889.22,146850.0,tonnes,2675.0
Maharashtra,Thane,rice,kharif,2023,53542.1,153717.91,tonnes,2871.0
Maharashtra,Thane,rice,kharif,2024,54752.1,93222.78,tonnes,1703.0
Maharashtra,Thane,rice,summer,2013,2100.0,6000.0,tonnes,2857.0
Maharashtra,Thane,rice,summer,2014,2800.0,7500.0,tonnes,2679.0
Maharashtra,Thane,rice,summer,2015,400.0,1000.0,tonnes,2500.0
Maharashtra,Thane,rice,summer,2016,100.0,100.0,tonnes,1000.0
Maharashtra,Thane,rice,summer,2017,48.0,100.0,tonnes,2083.0
Maharashtra,Thane,rice,summer,2018,38.0,110.0,tonnes,2895.0
Maharashtra,Thane,rice,summer,2019,38.0,118.0,tonnes,3105.0
Maharashtra,Thane,rice,summer,2020,38.0,87.17,tonnes,2294.0
Maharashtra,Thane,rice,summer,2021,38.0,171.39,tonnes,4510.0
Maharashtra,Thane,rice,summer,2022,54.72,131.83,tonnes,2409.0
Maharashtra,Thane,rice,summer,2023,49.25,135.74,tonnes,2756.0
Maharashtra,Thane,rice,summer,2024,45.5,106.91,tonnes,2350.0
Maharashtra,Thane,sorghum,rabi,2022,27.5,18.4,tonnes,669.0
Maharashtra,Thane,sorghum,rabi,2023,29.2,19.79,tonnes,678.0
Maharashtra,Thane,sorghum,rabi,2024,39.55,36.38,tonnes,920.0
Maharashtra,Thane,sorghum,summer,2023,4.0,3.33,tonnes,831.0
Maharashtra,Thane,sorghum,summer,2024,4.0,3.33,tonnes,832.0
Maharashtra,Thane,sugarcane,kharif,2022,11.0,882.2,tonnes,80200.0
Maharashtra,Thane,wheat,rabi,2015,2.0,2.0,tonnes,1000.0
Maharashtra,Thane,wheat,rabi,2016,1.0,2.0,tonnes,2000.0
Maharashtra,Thane,wheat,rabi,2017,0.5,1.0,tonnes,2000.0
Maharashtra,Wardha,chickpea,rabi,2013,36400.0,27500.0,tonnes,755.0
Maharashtra,Wardha,chickpea,rabi,2014,31000.0,24400.0,tonnes,787.0
Maharashtra,Wardha,chickpea,rabi,2015,28600.0,22300.0,tonnes,780.0
Maharashtra,Wardha,chickpea,rabi,2016,29600.0,33800.0,tonnes,1142.0
Maharashtra,Wardha,chickpea,rabi,2017,31400.0,36800.0,tonnes,1172.0
Maharashtra,Wardha,chickpea,rabi,2018,32550.0,44200.0,tonnes,1358.0
Maharashtra,Wardha,chickpea,rabi,2019,41741.0,42329.0,tonnes,1014.0
Maharashtra,Wardha,chickpea,rabi,2020,47736.67,80663.59,tonnes,1690.0
Maharashtra,Wardha,chickpea,rabi,2021,33089.84,50149.97,tonnes,1516.0
Maharashtra,Wardha,chickpea,rabi,2022,85792.13,118150.35,tonnes,1377.0
Maharashtra,Wardha,chickpea,rabi,2023,87200.47,108868.9,tonnes,1248.0
Maharashtra,Wardha,chickpea,rabi,2024,90671.0,112128.87,tonnes,1237.0
Maharashtra,Wardha,cotton,kharif,2013,176900.0,254500.0,bales_170kg,245.0
Maharashtra,Wardha,cotton,kharif,2014,207700.0,184600.0,bales_170kg,151.0
Maharashtra,Wardha,cotton,kharif,2015,223400.0,320900.0,bales_170kg,244.0
Maharashtra,Wardha,cotton,kharif,2016,240500.0,718900.0,bales_170kg,508.0
Maharashtra,Wardha,cotton,kharif,2017,251062.0,628500.0,bales_170kg,426.0
Maharashtra,Wardha,cotton,kharif,2018,243002.0,655247.0,bales_170kg,458.0
Maharashtra,Wardha,cotton,kharif,2019,250759.0,689607.0,bales_170kg,468.0
Maharashtra,Wardha,cotton,kharif,2020,243500.0,594900.0,bales_170kg,415.0
Maharashtra,Wardha,cotton,kharif,2021,253100.0,752100.0,bales_170kg,505.0
Maharashtra,Wardha,cotton,kharif,2022,254370.99,625617.97,bales_170kg,418.0
Maharashtra,Wardha,cotton,kharif,2023,238730.86,728193.65,bales_170kg,519.0
Maharashtra,Wardha,cotton,kharif,2024,220713.61,599341.53,bales_170kg,462.0
Maharashtra,Wardha,groundnut,kharif,2013,200.0,70.0,tonnes,350.0
Maharashtra,Wardha,groundnut,kharif,2014,200.0,100.0,tonnes,500.0
Maharashtra,Wardha,groundnut,kharif,2015,200.0,100.0,tonnes,500.0
Maharashtra,Wardha,groundnut,kharif,2016,300.0,300.0,tonnes,1000.0
Maharashtra,Wardha,groundnut,kharif,2017,300.0,400.0,tonnes,1333.0
Maharashtra,Wardha,groundnut,kharif,2018,311.0,268.0,tonnes,862.0
Maharashtra,Wardha,groundnut,kharif,2019,305.0,172.0,tonnes,564.0
Maharashtra,Wardha,groundnut,kharif,2020,316.91,324.33,tonnes,1023.0
Maharashtra,Wardha,groundnut,kharif,2021,395.27,515.6,tonnes,1304.0
Maharashtra,Wardha,groundnut,kharif,2022,444.97,226.8,tonnes,510.0
Maharashtra,Wardha,groundnut,kharif,2023,238.96,176.19,tonnes,737.0
Maharashtra,Wardha,groundnut,kharif,2024,278.9,163.48,tonnes,586.0
Maharashtra,Wardha,groundnut,summer,2013,3600.0,5510.0,tonnes,1531.0
Maharashtra,Wardha,groundnut,summer,2014,5900.0,10200.0,tonnes,1729.0
Maharashtra,Wardha,groundnut,summer,2015,10800.0,19800.0,tonnes,1833.0
Maharashtra,Wardha,groundnut,summer,2016,2800.0,5100.0,tonnes,1821.0
Maharashtra,Wardha,groundnut,summer,2017,1286.0,1506.0,tonnes,1171.0
Maharashtra,Wardha,groundnut,summer,2018,680.0,1040.0,tonnes,1529.0
Maharashtra,Wardha,groundnut,summer,2019,1031.0,2578.0,tonnes,2500.0
Maharashtra,Wardha,groundnut,summer,2020,1284.76,2069.21,tonnes,1611.0
Maharashtra,Wardha,groundnut,summer,2021,1284.76,2652.14,tonnes,2064.0
Maharashtra,Wardha,groundnut,summer,2022,1479.0,2678.0,tonnes,1811.0
Maharashtra,Wardha,groundnut,summer,2023,1848.36,3853.24,tonnes,2085.0
Maharashtra,Wardha,groundnut,summer,2024,1506.79,2555.36,tonnes,1696.0
Maharashtra,Wardha,maize,kharif,2016,30.0,100.0,tonnes,3333.0
Maharashtra,Wardha,maize,kharif,2019,13.0,21.0,tonnes,1615.0
Maharashtra,Wardha,maize,kharif,2020,6.3,21.52,tonnes,3416.0
Maharashtra,Wardha,maize,kharif,2021,0.82,2.42,tonnes,2951.0
Maharashtra,Wardha,maize,kharif,2022,1.0,2.0,tonnes,2000.0
Maharashtra,Wardha,maize,kharif,2023,101.8,317.57,tonnes,3120.0
Maharashtra,Wardha,maize,kharif,2024,42.83,124.14,tonnes,2898.0
Maharashtra,Wardha,maize,rabi,2016,100.0,100.0,tonnes,1000.0
Maharashtra,Wardha,maize,rabi,2017,18.0,,tonnes,
Maharashtra,Wardha,maize,rabi,2018,30.0,,tonnes,
Maharashtra,Wardha,maize,rabi,2019,449.0,472.0,tonnes,1051.0
Maharashtra,Wardha,maize,rabi,2020,177.7,229.22,tonnes,1290.0
Maharashtra,Wardha,maize,rabi,2021,375.68,817.67,tonnes,2177.0
Maharashtra,Wardha,maize,rabi,2023,80.0,71.34,tonnes,892.0
Maharashtra,Wardha,maize,rabi,2024,45.71,50.23,tonnes,1099.0
Maharashtra,Wardha,maize,summer,2013,500.0,500.0,tonnes,1000.0
Maharashtra,Wardha,maize,summer,2014,1000.0,1000.0,tonnes,1000.0
Maharashtra,Wardha,maize,summer,2015,300.0,300.0,tonnes,1000.0
Maharashtra,Wardha,maize,summer,2017,208.0,100.0,tonnes,481.0
Maharashtra,Wardha,maize,summer,2018,490.0,180.0,tonnes,367.0
Maharashtra,Wardha,maize,summer,2020,33.0,42.98,tonnes,1302.0
Maharashtra,Wardha,maize,summer,2021,33.0,22.44,tonnes,680.0
Maharashtra,Wardha,maize,summer,2022,37.81,25.49,tonnes,674.0
Maharashtra,Wardha,maize,summer,2023,83.18,56.08,tonnes,674.0
Maharashtra,Wardha,maize,summer,2024,93.37,62.95,tonnes,674.0
Maharashtra,Wardha,pearl_millet,kharif,2023,9.0,3.87,tonnes,430.0
Maharashtra,Wardha,pigeon_pea,kharif,2013,70600.0,47600.0,tonnes,674.0
Maharashtra,Wardha,pigeon_pea,kharif,2014,72800.0,19200.0,tonnes,264.0
Maharashtra,Wardha,pigeon_pea,kharif,2015,77900.0,29000.0,tonnes,372.0
Maharashtra,Wardha,pigeon_pea,kharif,2016,84984.0,128712.0,tonnes,1515.0
Maharashtra,Wardha,pigeon_pea,kharif,2017,88536.0,100637.0,tonnes,1137.0
Maharashtra,Wardha,pigeon_pea,kharif,2018,74812.0,83244.0,tonnes,1113.0
Maharashtra,Wardha,pigeon_pea,kharif,2019,74538.0,100804.0,tonnes,1352.0
Maharashtra,Wardha,pigeon_pea,kharif,2020,71632.5,132842.79,tonnes,1855.0
Maharashtra,Wardha,pigeon_pea,kharif,2021,78312.92,109121.23,tonnes,1393.0
Maharashtra,Wardha,pigeon_pea,kharif,2022,76863.0,50153.0,tonnes,652.0
Maharashtra,Wardha,pigeon_pea,kharif,2023,59915.43,63096.16,tonnes,1053.0
Maharashtra,Wardha,pigeon_pea,kharif,2024,59747.75,102723.84,tonnes,1719.0
Maharashtra,Wardha,sorghum,kharif,2013,3000.0,700.0,tonnes,233.0
Maharashtra,Wardha,sorghum,kharif,2014,4000.0,1700.0,tonnes,425.0
Maharashtra,Wardha,sorghum,kharif,2015,4300.0,2200.0,tonnes,512.0
Maharashtra,Wardha,sorghum,kharif,2016,3600.0,1800.0,tonnes,500.0
Maharashtra,Wardha,sorghum,kharif,2017,3000.0,1300.0,tonnes,433.0
Maharashtra,Wardha,sorghum,kharif,2018,2269.0,553.0,tonnes,244.0
Maharashtra,Wardha,sorghum,kharif,2019,747.0,167.0,tonnes,224.0
Maharashtra,Wardha,sorghum,kharif,2020,739.66,159.39,tonnes,215.0
Maharashtra,Wardha,sorghum,kharif,2021,651.65,139.65,tonnes,214.0
Maharashtra,Wardha,sorghum,kharif,2022,306.78,11.22,tonnes,37.0
Maharashtra,Wardha,sorghum,kharif,2023,413.56,55.81,tonnes,135.0
Maharashtra,Wardha,sorghum,kharif,2024,382.49,51.85,tonnes,136.0
Maharashtra,Wardha,sorghum,rabi,2013,3500.0,2200.0,tonnes,629.0
Maharashtra,Wardha,sorghum,rabi,2014,2400.0,1100.0,tonnes,458.0
Maharashtra,Wardha,sorghum,rabi,2015,2200.0,800.0,tonnes,364.0
Maharashtra,Wardha,sorghum,rabi,2016,1900.0,1100.0,tonnes,579.0
Maharashtra,Wardha,sorghum,rabi,2017,3500.0,2600.0,tonnes,743.0
Maharashtra,Wardha,sorghum,rabi,2018,5090.0,2600.0,tonnes,511.0
Maharashtra,Wardha,sorghum,rabi,2019,4598.0,2592.0,tonnes,564.0
Maharashtra,Wardha,sorghum,rabi,2020,4358.41,2657.86,tonnes,610.0
Maharashtra,Wardha,sorghum,rabi,2021,1068.4,928.78,tonnes,869.0
Maharashtra,Wardha,sorghum,rabi,2022,1004.69,841.68,tonnes,838.0
Maharashtra,Wardha,sorghum,rabi,2023,1581.29,839.1,tonnes,531.0
Maharashtra,Wardha,sorghum,rabi,2024,1334.9,802.43,tonnes,601.0
Maharashtra,Wardha,sorghum,summer,2021,1189.61,989.07,tonnes,831.0
Maharashtra,Wardha,sorghum,summer,2024,49.41,41.08,tonnes,832.0
Maharashtra,Wardha,soybean,kharif,2013,185600.0,121700.0,tonnes,656.0
Maharashtra,Wardha,soybean,kharif,2014,154200.0,67100.0,tonnes,435.0
Maharashtra,Wardha,soybean,kharif,2015,139800.0,61500.0,tonnes,440.0
Maharashtra,Wardha,soybean,kharif,2016,127200.0,150400.0,tonnes,1182.0
Maharashtra,Wardha,soybean,kharif,2017,116100.0,177400.0,tonnes,1528.0
Maharashtra,Wardha,soybean,kharif,2018,118508.0,155169.0,tonnes,1309.0
Maharashtra,Wardha,soybean,kharif,2019,113028.0,147410.0,tonnes,1304.0
Maharashtra,Wardha,soybean,kharif,2020,125726.64,68049.59,tonnes,541.0
Maharashtra,Wardha,soybean,kharif,2021,122286.73,197872.16,tonnes,1618.0
Maharashtra,Wardha,soybean,kharif,2022,138520.0,165005.0,tonnes,1191.0
Maharashtra,Wardha,soybean,kharif,2023,139545.5,102461.93,tonnes,734.0
Maharashtra,Wardha,soybean,kharif,2024,130156.13,150339.41,tonnes,1155.0
Maharashtra,Wardha,soybean,summer,2021,753.1,451.86,tonnes,600.0
Maharashtra,Wardha,soybean,summer,2022,483.8,290.28,tonnes,600.0
Maharashtra,Wardha,sugarcane,kharif,2013,3200.0,187500.0,tonnes,58594.0
Maharashtra,Wardha,sugarcane,kharif,2014,3100.0,201800.0,tonnes,65097.0
Maharashtra,Wardha,sugarcane,kharif,2015,3100.0,214700.0,tonnes,69258.0
Maharashtra,Wardha,sugarcane,kharif,2016,3017.0,180200.0,tonnes,59728.0
Maharashtra,Wardha,sugarcane,kharif,2017,2168.0,130100.0,tonnes,60009.0
Maharashtra,Wardha,sugarcane,kharif,2018,2505.0,169488.0,tonnes,67660.0
Maharashtra,Wardha,sugarcane,kharif,2019,2660.0,171916.0,tonnes,64630.0
Maharashtra,Wardha,sugarcane,kharif,2020,1407.0,96250.0,tonnes,68408.0
Maharashtra,Wardha,sugarcane,kharif,2021,532.0,33576.96,tonnes,63115.0
Maharashtra,Wardha,sugarcane,kharif,2022,1784.0,89200.0,tonnes,50000.0
Maharashtra,Wardha,sugarcane,kharif,2023,1254.7,62434.7,tonnes,49761.0
Maharashtra,Wardha,sugarcane,kharif,2024,1019.5,50973.03,tonnes,49998.0
Maharashtra,Wardha,wheat,rabi,2013,25700.0,33700.0,tonnes,1311.0
Maharashtra,Wardha,wheat,rabi,2014,13700.0,19900.0,tonnes,1453.0
Maharashtra,Wardha,wheat,rabi,2015,13200.0,15600.0,tonnes,1182.0
Maharashtra,Wardha,wheat,rabi,2016,14500.0,22000.0,tonnes,1517.0
Maharashtra,Wardha,wheat,rabi,2017,14816.0,21900.0,tonnes,1478.0
Maharashtra,Wardha,wheat,rabi,2018,12750.0,21700.0,tonnes,1702.0
Maharashtra,Wardha,wheat,rabi,2019,13979.0,19322.0,tonnes,1382.0
Maharashtra,Wardha,wheat,rabi,2020,15888.04,34245.79,tonnes,2155.0
Maharashtra,Wardha,wheat,rabi,2021,15808.8,36380.0,tonnes,2301.0
Maharashtra,Wardha,wheat,rabi,2022,16423.62,27082.55,tonnes,1649.0
Maharashtra,Wardha,wheat,rabi,2023,29369.72,60637.73,tonnes,2065.0
Maharashtra,Wardha,wheat,rabi,2024,30970.26,62860.29,tonnes,2030.0
Maharashtra,Washim,chickpea,rabi,2013,94000.0,100700.0,tonnes,1071.0
Maharashtra,Washim,chickpea,rabi,2014,53900.0,28700.0,tonnes,532.0
Maharashtra,Washim,chickpea,rabi,2015,51500.0,19200.0,tonnes,373.0
Maharashtra,Washim,chickpea,rabi,2016,55100.0,49700.0,tonnes,902.0
Maharashtra,Washim,chickpea,rabi,2017,49600.0,35100.0,tonnes,708.0
Maharashtra,Washim,chickpea,rabi,2018,64590.0,56400.0,tonnes,873.0
Maharashtra,Washim,chickpea,rabi,2019,60153.0,55415.0,tonnes,921.0
Maharashtra,Washim,chickpea,rabi,2020,66284.34,104518.56,tonnes,1577.0
Maharashtra,Washim,chickpea,rabi,2021,81031.37,103100.26,tonnes,1272.0
Maharashtra,Washim,chickpea,rabi,2022,83721.06,96729.64,tonnes,1155.0
Maharashtra,Washim,chickpea,rabi,2023,81612.02,102259.0,tonnes,1253.0
Maharashtra,Washim,chickpea,rabi,2024,91170.11,92471.04,tonnes,1014.0
Maharashtra,Washim,cotton,kharif,2013,34500.0,37300.0,bales_170kg,184.0
Maharashtra,Washim,cotton,kharif,2014,20200.0,16800.0,bales_170kg,141.0
Maharashtra,Washim,cotton,kharif,2015,18700.0,19600.0,bales_170kg,178.0
Maharashtra,Washim,cotton,kharif,2016,18400.0,37500.0,bales_170kg,346.0
Maharashtra,Washim,cotton,kharif,2017,19252.0,17700.0,bales_170kg,156.0
Maharashtra,Washim,cotton,kharif,2018,19679.0,35638.0,bales_170kg,308.0
Maharashtra,Washim,cotton,kharif,2019,21440.0,36081.0,bales_170kg,286.0
Maharashtra,Washim,cotton,kharif,2020,21800.0,81800.0,bales_170kg,638.0
Maharashtra,Washim,cotton,kharif,2021,18200.0,60400.0,bales_170kg,564.0
Maharashtra,Washim,cotton,kharif,2022,19518.47,41327.47,bales_170kg,360.0
Maharashtra,Washim,cotton,kharif,2023,23402.65,74068.89,bales_170kg,538.0
Maharashtra,Washim,cotton,kharif,2024,29284.99,94635.24,bales_170kg,549.0
Maharashtra,Washim,groundnut,kharif,2019,14.0,9.0,tonnes,643.0
Maharashtra,Washim,groundnut,kharif,2020,7.78,7.08,tonnes,910.0
Maharashtra,Washim,groundnut,kharif,2021,4.6,5.82,tonnes,1265.0
Maharashtra,Washim,groundnut,kharif,2022,8.28,8.56,tonnes,1034.0
Maharashtra,Washim,groundnut,kharif,2023,4.34,3.97,tonnes,916.0
Maharashtra,Washim,groundnut,summer,2013,900.0,1200.0,tonnes,1333.0
Maharashtra,Washim,groundnut,summer,2014,800.0,900.0,tonnes,1125.0
Maharashtra,Washim,groundnut,summer,2015,800.0,800.0,tonnes,1000.0
Maharashtra,Washim,groundnut,summer,2016,9100.0,7800.0,tonnes,857.0
Maharashtra,Washim,groundnut,summer,2017,409.0,700.0,tonnes,1711.0
Maharashtra,Washim,groundnut,summer,2018,1750.0,1530.0,tonnes,874.0
Maharashtra,Washim,groundnut,summer,2019,6662.0,9284.0,tonnes,1394.0
Maharashtra,Washim,groundnut,summer,2020,7994.32,25445.05,tonnes,3183.0
Maharashtra,Washim,groundnut,summer,2021,9727.45,20570.39,tonnes,2115.0
Maharashtra,Washim,groundnut,summer,2022,2918.0,5850.0,tonnes,2005.0
Maharashtra,Washim,groundnut,summer,2023,4960.9,12642.8,tonnes,2548.0
Maharashtra,Washim,groundnut,summer,2024,3276.21,6914.4,tonnes,2110.0
Maharashtra,Washim,maize,kharif,2013,300.0,900.0,tonnes,3000.0
Maharashtra,Washim,maize,kharif,2014,500.0,900.0,tonnes,1800.0
Maharashtra,Washim,maize,kharif,2015,600.0,800.0,tonnes,1333.0
Maharashtra,Washim,maize,kharif,2016,400.0,1000.0,tonnes,2500.0
Maharashtra,Washim,maize,kharif,2017,500.0,1300.0,tonnes,2600.0
Maharashtra,Washim,maize,kharif,2018,911.0,1306.0,tonnes,1434.0
Maharashtra,Washim,maize,kharif,2019,1027.0,1886.0,tonnes,1836.0
Maharashtra,Washim,maize,kharif,2020,1146.8,3916.99,tonnes,3416.0
Maharashtra,Washim,maize,kharif,2021,453.06,1337.19,tonnes,2951.0
Maharashtra,Washim,maize,kharif,2022,362.0,1082.0,tonnes,2989.0
Maharashtra,Washim,maize,rabi,2014,300.0,,tonnes,
Maharashtra,Washim,maize,rabi,2017,100.0,100.0,tonnes,1000.0
Maharashtra,Washim,maize,rabi,2019,147.0,50.0,tonnes,340.0
Maharashtra,Washim,maize,rabi,2020,193.14,249.13,tonnes,1290.0
Maharashtra,Washim,maize,rabi,2021,304.23,662.16,tonnes,2177.0
Maharashtra,Washim,maize,rabi,2022,312.83,618.45,tonnes,1977.0
Maharashtra,Washim,maize,rabi,2023,122.64,109.37,tonnes,892.0
Maharashtra,Washim,maize,rabi,2024,92.82,89.64,tonnes,966.0
Maharashtra,Washim,maize,summer,2013,100.0,100.0,tonnes,1000.0
Maharashtra,Washim,maize,summer,2015,500.0,900.0,tonnes,1800.0
Maharashtra,Washim,maize,summer,2021,185.0,320.42,tonnes,1732.0
Maharashtra,Washim,maize,summer,2022,192.18,252.14,tonnes,1312.0
Maharashtra,Washim,maize,summer,2023,230.63,302.62,tonnes,1312.0
Maharashtra,Washim,maize,summer,2024,321.88,422.35,tonnes,1312.0
Maharashtra,Washim,pearl_millet,kharif,2013,400.0,300.0,tonnes,750.0
Maharashtra,Washim,pearl_millet,kharif,2014,200.0,,tonnes,
Maharashtra,Washim,pearl_millet,kharif,2015,300.0,0.0,tonnes,0.0
Maharashtra,Washim,pearl_millet,kharif,2016,300.0,100.0,tonnes,333.0
Maharashtra,Washim,pearl_millet,kharif,2017,200.0,100.0,tonnes,500.0
Maharashtra,Washim,pearl_millet,kharif,2018,325.0,48.0,tonnes,148.0
Maharashtra,Washim,pearl_millet,kharif,2019,361.0,82.0,tonnes,227.0
Maharashtra,Washim,pearl_millet,kharif,2020,164.48,77.65,tonnes,472.0
Maharashtra,Washim,pearl_millet,kharif,2021,2.0,0.72,tonnes,360.0
Maharashtra,Washim,pearl_millet,summer,2022,5.0,4.41,tonnes,882.0
Maharashtra,Washim,pearl_millet,summer,2023,300.62,273.57,tonnes,910.0
Maharashtra,Washim,pearl_millet,summer,2024,301.68,274.51,tonnes,910.0
Maharashtra,Washim,pigeon_pea,kharif,2013,46200.0,22300.0,tonnes,483.0
Maharashtra,Washim,pigeon_pea,kharif,2014,52300.0,16200.0,tonnes,310.0
Maharashtra,Washim,pigeon_pea,kharif,2015,52500.0,23000.0,tonnes,438.0
Maharashtra,Washim,pigeon_pea,kharif,2016,55586.0,35565.0,tonnes,640.0
Maharashtra,Washim,pigeon_pea,kharif,2017,55031.0,19041.0,tonnes,346.0
Maharashtra,Washim,pigeon_pea,kharif,2018,57063.0,34405.0,tonnes,603.0
Maharashtra,Washim,pigeon_pea,kharif,2019,62018.0,39030.0,tonnes,629.0
Maharashtra,Washim,pigeon_pea,kharif,2020,62655.72,53497.59,tonnes,854.0
Maharashtra,Washim,pigeon_pea,kharif,2021,66198.05,36859.07,tonnes,557.0
Maharashtra,Washim,pigeon_pea,kharif,2022,63628.0,39666.0,tonnes,623.0
Maharashtra,Washim,pigeon_pea,kharif,2023,51502.5,31495.97,tonnes,612.0
Maharashtra,Washim,pigeon_pea,kharif,2024,65502.85,75930.81,tonnes,1159.0
Maharashtra,Washim,sorghum,kharif,2013,15000.0,8100.0,tonnes,540.0
Maharashtra,Washim,sorghum,kharif,2014,10000.0,7500.0,tonnes,750.0
Maharashtra,Washim,sorghum,kharif,2015,9600.0,4300.0,tonnes,448.0
Maharashtra,Washim,sorghum,kharif,2016,7600.0,5700.0,tonnes,750.0
Maharashtra,Washim,sorghum,kharif,2017,8554.0,4100.0,tonnes,479.0
Maharashtra,Washim,sorghum,kharif,2018,9660.0,4850.0,tonnes,502.0
Maharashtra,Washim,sorghum,kharif,2019,6004.0,2141.0,tonnes,357.0
Maharashtra,Washim,sorghum,kharif,2020,5599.59,3215.42,tonnes,574.0
Maharashtra,Washim,sorghum,kharif,2021,6441.91,4895.21,tonnes,760.0
Maharashtra,Washim,sorghum,kharif,2022,364.11,170.19,tonnes,467.0
Maharashtra,Washim,sorghum,kharif,2023,298.72,283.72,tonnes,950.0
Maharashtra,Washim,sorghum,kharif,2024,142.3,152.2,tonnes,1070.0
Maharashtra,Washim,sorghum,rabi,2013,400.0,300.0,tonnes,750.0
Maharashtra,Washim,sorghum,rabi,2014,1600.0,1300.0,tonnes,813.0
Maharashtra,Washim,sorghum,rabi,2015,2100.0,1200.0,tonnes,571.0
Maharashtra,Washim,sorghum,rabi,2016,2200.0,2500.0,tonnes,1136.0
Maharashtra,Washim,sorghum,rabi,2017,392.0,300.0,tonnes,765.0
Maharashtra,Washim,sorghum,rabi,2018,370.0,200.0,tonnes,541.0
Maharashtra,Washim,sorghum,rabi,2019,402.0,318.0,tonnes,791.0
Maharashtra,Washim,sorghum,rabi,2020,345.47,382.73,tonnes,1108.0
Maharashtra,Washim,sorghum,rabi,2021,541.59,466.2,tonnes,861.0
Maharashtra,Washim,sorghum,rabi,2022,438.92,540.3,tonnes,1231.0
Maharashtra,Washim,sorghum,rabi,2023,909.63,1296.51,tonnes,1425.0
Maharashtra,Washim,sorghum,rabi,2024,893.0,768.51,tonnes,861.0
Maharashtra,Washim,sorghum,summer,2021,172.4,143.34,tonnes,831.0
Maharashtra,Washim,sorghum,summer,2022,539.7,448.72,tonnes,831.0
Maharashtra,Washim,sorghum,summer,2023,1319.51,1096.83,tonnes,831.0
Maharashtra,Washim,sorghum,summer,2024,1557.38,1295.02,tonnes,832.0
Maharashtra,Washim,soybean,kharif,2013,276300.0,232300.0,tonnes,841.0
Maharashtra,Washim,soybean,kharif,2014,296500.0,121300.0,tonnes,409.0
Maharashtra,Washim,soybean,kharif,2015,302300.0,168200.0,tonnes,556.0
Maharashtra,Washim,soybean,kharif,2016,300800.0,446100.0,tonnes,1483.0
Maharashtra,Washim,soybean,kharif,2017,299800.0,227100.0,tonnes,758.0
Maharashtra,Washim,soybean,kharif,2018,302685.0,414398.0,tonnes,1369.0
Maharashtra,Washim,soybean,kharif,2019,296831.0,323720.0,tonnes,1091.0
Maharashtra,Washim,soybean,kharif,2020,300024.48,525344.34,tonnes,1751.0
Maharashtra,Washim,soybean,kharif,2021,305430.59,502677.67,tonnes,1646.0
Maharashtra,Washim,soybean,kharif,2022,308198.0,422755.0,tonnes,1372.0
Maharashtra,Washim,soybean,kharif,2023,308222.82,384765.42,tonnes,1248.0
Maharashtra,Washim,soybean,kharif,2024,293298.72,584917.18,tonnes,1994.0
Maharashtra,Washim,soybean,summer,2021,2506.0,1253.0,tonnes,500.0
Maharashtra,Washim,soybean,summer,2022,348.4,209.04,tonnes,600.0
Maharashtra,Washim,sugarcane,kharif,2014,200.0,5800.0,tonnes,29000.0
Maharashtra,Washim,sugarcane,kharif,2015,200.0,7200.0,tonnes,36000.0
Maharashtra,Washim,sugarcane,kharif,2016,256.0,13500.0,tonnes,52734.0
Maharashtra,Washim,sugarcane,kharif,2017,154.0,6900.0,tonnes,44805.0
Maharashtra,Washim,sugarcane,kharif,2018,183.0,8784.0,tonnes,48000.0
Maharashtra,Washim,sugarcane,kharif,2019,99.0,4178.0,tonnes,42202.0
Maharashtra,Washim,sugarcane,kharif,2022,117.0,5850.0,tonnes,50000.0
Maharashtra,Washim,sugarcane,kharif,2023,34.0,4976.07,tonnes,146355.0
Maharashtra,Washim,sugarcane,kharif,2024,110.0,5499.79,tonnes,49998.0
Maharashtra,Washim,wheat,rabi,2013,30900.0,50200.0,tonnes,1625.0
Maharashtra,Washim,wheat,rabi,2014,30900.0,40800.0,tonnes,1320.0
Maharashtra,Washim,wheat,rabi,2015,29700.0,21000.0,tonnes,707.0
Maharashtra,Washim,wheat,rabi,2016,33700.0,54200.0,tonnes,1608.0
Maharashtra,Washim,wheat,rabi,2017,9900.0,12500.0,tonnes,1263.0
Maharashtra,Washim,wheat,rabi,2018,13620.0,10500.0,tonnes,771.0
Maharashtra,Washim,wheat,rabi,2019,34752.0,45630.0,tonnes,1313.0
Maharashtra,Washim,wheat,rabi,2020,35972.26,87004.67,tonnes,2419.0
Maharashtra,Washim,wheat,rabi,2021,36795.45,72370.03,tonnes,1967.0
Maharashtra,Washim,wheat,rabi,2022,38654.02,90782.83,tonnes,2349.0
Maharashtra,Washim,wheat,rabi,2023,38621.97,77855.73,tonnes,2016.0
Maharashtra,Washim,wheat,rabi,2024,38982.02,83535.03,tonnes,2143.0
Maharashtra,Yavatmal,chickpea,rabi,2013,45600.0,37100.0,tonnes,814.0
Maharashtra,Yavatmal,chickpea,rabi,2014,38500.0,32600.0,tonnes,847.0
Maharashtra,Yavatmal,chickpea,rabi,2015,80900.0,59700.0,tonnes,738.0
Maharashtra,Yavatmal,chickpea,rabi,2016,147700.0,109100.0,tonnes,739.0
Maharashtra,Yavatmal,chickpea,rabi,2017,94100.0,75000.0,tonnes,797.0
Maharashtra,Yavatmal,chickpea,rabi,2018,99180.0,112000.0,tonnes,1129.0
Maharashtra,Yavatmal,chickpea,rabi,2019,113611.0,162693.0,tonnes,1432.0
Maharashtra,Yavatmal,chickpea,rabi,2020,123818.66,142517.28,tonnes,1151.0
Maharashtra,Yavatmal,chickpea,rabi,2021,123818.66,127919.53,tonnes,1033.0
Maharashtra,Yavatmal,chickpea,rabi,2022,141324.66,96410.27,tonnes,682.0
Maharashtra,Yavatmal,chickpea,rabi,2023,126590.74,137915.1,tonnes,1089.0
Maharashtra,Yavatmal,chickpea,rabi,2024,140101.74,173951.33,tonnes,1242.0
Maharashtra,Yavatmal,cotton,kharif,2013,416300.0,700400.0,bales_170kg,286.0
Maharashtra,Yavatmal,cotton,kharif,2014,421000.0,287400.0,bales_170kg,116.0
Maharashtra,Yavatmal,cotton,kharif,2015,432900.0,483400.0,bales_170kg,190.0
Maharashtra,Yavatmal,cotton,kharif,2016,420700.0,1097900.0,bales_170kg,444.0
Maharashtra,Yavatmal,cotton,kharif,2017,470300.0,477500.0,bales_170kg,173.0
Maharashtra,Yavatmal,cotton,kharif,2018,459532.0,844084.0,bales_170kg,312.0
Maharashtra,Yavatmal,cotton,kharif,2019,473396.0,552718.0,bales_170kg,198.0
Maharashtra,Yavatmal,cotton,kharif,2020,473400.0,762000.0,bales_170kg,274.0
Maharashtra,Yavatmal,cotton,kharif,2021,473400.0,720800.0,bales_170kg,259.0
Maharashtra,Yavatmal,cotton,kharif,2022,467608.19,569835.59,bales_170kg,207.0
Maharashtra,Yavatmal,cotton,kharif,2023,463788.76,970688.56,bales_170kg,356.0
Maharashtra,Yavatmal,cotton,kharif,2024,511051.33,872109.25,bales_170kg,290.0
Maharashtra,Yavatmal,groundnut,summer,2013,10000.0,12500.0,tonnes,1250.0
Maharashtra,Yavatmal,groundnut,summer,2014,9400.0,11500.0,tonnes,1223.0
Maharashtra,Yavatmal,groundnut,summer,2015,13000.0,12300.0,tonnes,946.0
Maharashtra,Yavatmal,groundnut,summer,2016,41100.0,27200.0,tonnes,662.0
Maharashtra,Yavatmal,groundnut,summer,2017,3138.0,3800.0,tonnes,1211.0
Maharashtra,Yavatmal,groundnut,summer,2018,6010.0,6050.0,tonnes,1007.0
Maharashtra,Yavatmal,groundnut,summer,2019,8403.0,17914.0,tonnes,2132.0
Maharashtra,Yavatmal,groundnut,summer,2020,10569.89,11421.41,tonnes,1081.0
Maharashtra,Yavatmal,groundnut,summer,2021,10729.3,13573.94,tonnes,1265.0
Maharashtra,Yavatmal,groundnut,summer,2022,7940.0,10413.0,tonnes,1311.0
Maharashtra,Yavatmal,groundnut,summer,2023,9527.4,13212.56,tonnes,1387.0
Maharashtra,Yavatmal,groundnut,summer,2024,8425.33,12640.92,tonnes,1500.0
Maharashtra,Yavatmal,maize,kharif,2016,1500.0,4100.0,tonnes,2733.0
Maharashtra,Yavatmal,maize,kharif,2017,1700.0,4200.0,tonnes,2471.0
Maharashtra,Yavatmal,maize,kharif,2018,840.0,1204.0,tonnes,1433.0
Maharashtra,Yavatmal,maize,kharif,2019,644.0,97.0,tonnes,151.0
Maharashtra,Yavatmal,maize,kharif,2020,644.0,2199.51,tonnes,3415.0
Maharashtra,Yavatmal,maize,kharif,2021,644.0,1900.76,tonnes,2951.0
Maharashtra,Yavatmal,maize,kharif,2022,410.0,1226.0,tonnes,2990.0
Maharashtra,Yavatmal,maize,kharif,2023,433.18,1351.31,tonnes,3120.0
Maharashtra,Yavatmal,maize,rabi,2014,1300.0,200.0,tonnes,154.0
Maharashtra,Yavatmal,maize,rabi,2015,3300.0,2800.0,tonnes,848.0
Maharashtra,Yavatmal,maize,rabi,2016,1700.0,2900.0,tonnes,1706.0
Maharashtra,Yavatmal,maize,rabi,2017,700.0,700.0,tonnes,1000.0
Maharashtra,Yavatmal,maize,rabi,2018,1080.0,800.0,tonnes,741.0
Maharashtra,Yavatmal,maize,rabi,2019,823.0,774.0,tonnes,940.0
Maharashtra,Yavatmal,maize,rabi,2020,349.31,450.58,tonnes,1290.0
Maharashtra,Yavatmal,maize,rabi,2021,349.31,760.27,tonnes,2176.0
Maharashtra,Yavatmal,maize,rabi,2022,509.68,1007.61,tonnes,1977.0
Maharashtra,Yavatmal,maize,rabi,2023,692.54,617.57,tonnes,892.0
Maharashtra,Yavatmal,maize,rabi,2024,803.35,866.0,tonnes,1078.0
Maharashtra,Yavatmal,maize,summer,2013,400.0,500.0,tonnes,1250.0
Maharashtra,Yavatmal,maize,summer,2015,100.0,200.0,tonnes,2000.0
Maharashtra,Yavatmal,maize,summer,2016,200.0,300.0,tonnes,1500.0
Maharashtra,Yavatmal,maize,summer,2021,959.0,1660.99,tonnes,1732.0
Maharashtra,Yavatmal,maize,summer,2022,671.3,355.12,tonnes,529.0
Maharashtra,Yavatmal,maize,summer,2023,813.49,430.37,tonnes,529.0
Maharashtra,Yavatmal,maize,summer,2024,664.02,351.3,tonnes,529.0
Maharashtra,Yavatmal,pearl_millet,kharif,2013,100.0,100.0,tonnes,1000.0
Maharashtra,Yavatmal,pearl_millet,kharif,2014,200.0,,tonnes,
Maharashtra,Yavatmal,pearl_millet,kharif,2015,200.0,0.0,tonnes,0.0
Maharashtra,Yavatmal,pearl_millet,kharif,2016,100.0,44.0,tonnes,440.0
Maharashtra,Yavatmal,pearl_millet,kharif,2017,37.0,16.0,tonnes,432.0
Maharashtra,Yavatmal,pearl_millet,kharif,2018,78.0,11.0,tonnes,141.0
Maharashtra,Yavatmal,pearl_millet,kharif,2019,58.0,13.0,tonnes,224.0
Maharashtra,Yavatmal,pearl_millet,kharif,2020,58.08,27.42,tonnes,472.0
Maharashtra,Yavatmal,pearl_millet,kharif,2021,58.08,21.03,tonnes,362.0
Maharashtra,Yavatmal,pearl_millet,kharif,2022,40.0,14.0,tonnes,350.0
Maharashtra,Yavatmal,pearl_millet,kharif,2023,57.2,24.6,tonnes,430.0
Maharashtra,Yavatmal,pearl_millet,kharif,2024,19.07,7.06,tonnes,370.0
Maharashtra,Yavatmal,pearl_millet,summer,2021,68.36,62.21,tonnes,910.0
Maharashtra,Yavatmal,pearl_millet,summer,2023,197.48,179.7,tonnes,910.0
Maharashtra,Yavatmal,pearl_millet,summer,2024,185.99,169.24,tonnes,910.0
Maharashtra,Yavatmal,pigeon_pea,kharif,2013,109200.0,80400.0,tonnes,736.0
Maharashtra,Yavatmal,pigeon_pea,kharif,2014,111800.0,25500.0,tonnes,228.0
Maharashtra,Yavatmal,pigeon_pea,kharif,2015,119700.0,62600.0,tonnes,523.0
Maharashtra,Yavatmal,pigeon_pea,kharif,2016,173525.0,230958.0,tonnes,1331.0
Maharashtra,Yavatmal,pigeon_pea,kharif,2017,134600.0,130800.0,tonnes,972.0
Maharashtra,Yavatmal,pigeon_pea,kharif,2018,130308.0,144939.0,tonnes,1112.0
Maharashtra,Yavatmal,pigeon_pea,kharif,2019,137562.0,43324.0,tonnes,315.0
Maharashtra,Yavatmal,pigeon_pea,kharif,2020,137562.24,79938.93,tonnes,581.0
Maharashtra,Yavatmal,pigeon_pea,kharif,2021,137562.25,139075.43,tonnes,1011.0
Maharashtra,Yavatmal,pigeon_pea,kharif,2022,133003.0,54279.0,tonnes,408.0
Maharashtra,Yavatmal,pigeon_pea,kharif,2023,111966.25,112784.11,tonnes,1007.0
Maharashtra,Yavatmal,pigeon_pea,kharif,2024,111425.24,126766.24,tonnes,1138.0
Maharashtra,Yavatmal,rice,kharif,2013,100.0,,tonnes,
Maharashtra,Yavatmal,sorghum,kharif,2013,48300.0,15600.0,tonnes,323.0
Maharashtra,Yavatmal,sorghum,kharif,2014,43100.0,19200.0,tonnes,445.0
Maharashtra,Yavatmal,sorghum,kharif,2015,42100.0,17100.0,tonnes,406.0
Maharashtra,Yavatmal,sorghum,kharif,2016,29900.0,13500.0,tonnes,452.0
Maharashtra,Yavatmal,sorghum,kharif,2017,22546.0,12100.0,tonnes,537.0
Maharashtra,Yavatmal,sorghum,kharif,2018,14471.0,4845.0,tonnes,335.0
Maharashtra,Yavatmal,sorghum,kharif,2019,14057.0,4393.0,tonnes,313.0
Maharashtra,Yavatmal,sorghum,kharif,2020,14057.03,5299.64,tonnes,377.0
Maharashtra,Yavatmal,sorghum,kharif,2021,14057.03,3538.15,tonnes,252.0
Maharashtra,Yavatmal,sorghum,kharif,2022,4901.09,1093.43,tonnes,223.0
Maharashtra,Yavatmal,sorghum,kharif,2023,3648.57,1650.11,tonnes,452.0
Maharashtra,Yavatmal,sorghum,kharif,2024,3145.14,2093.28,tonnes,666.0
Maharashtra,Yavatmal,sorghum,rabi,2014,4000.0,3300.0,tonnes,825.0
Maharashtra,Yavatmal,sorghum,rabi,2015,5900.0,3300.0,tonnes,559.0
Maharashtra,Yavatmal,sorghum,rabi,2016,4600.0,5300.0,tonnes,1152.0
Maharashtra,Yavatmal,sorghum,rabi,2017,1326.0,1000.0,tonnes,754.0
Maharashtra,Yavatmal,sorghum,rabi,2018,1600.0,800.0,tonnes,500.0
Maharashtra,Yavatmal,sorghum,rabi,2019,2459.0,1942.0,tonnes,790.0
Maharashtra,Yavatmal,sorghum,rabi,2020,2758.99,3056.56,tonnes,1108.0
Maharashtra,Yavatmal,sorghum,rabi,2021,2758.98,2374.9,tonnes,861.0
Maharashtra,Yavatmal,sorghum,rabi,2022,2386.09,2936.99,tonnes,1231.0
Maharashtra,Yavatmal,sorghum,rabi,2023,3861.67,5504.23,tonnes,1425.0
Maharashtra,Yavatmal,sorghum,rabi,2024,4026.01,3220.68,tonnes,800.0
Maharashtra,Yavatmal,sorghum,summer,2021,1717.79,1428.21,tonnes,831.0
Maharashtra,Yavatmal,sorghum,summer,2022,3935.4,3345.09,tonnes,850.0
Maharashtra,Yavatmal,sorghum,summer,2023,7899.77,6713.32,tonnes,850.0
Maharashtra,Yavatmal,sorghum,summer,2024,6523.96,5872.4,tonnes,900.0
Maharashtra,Yavatmal,soybean,kharif,2013,285600.0,156600.0,tonnes,548.0
Maharashtra,Yavatmal,soybean,kharif,2014,306000.0,97600.0,tonnes,319.0
Maharashtra,Yavatmal,soybean,kharif,2015,293100.0,140900.0,tonnes,481.0
Maharashtra,Yavatmal,soybean,kharif,2016,253000.0,282400.0,tonnes,1116.0
Maharashtra,Yavatmal,soybean,kharif,2017,254500.0,206300.0,tonnes,811.0
Maharashtra,Yavatmal,soybean,kharif,2018,277504.0,327206.0,tonnes,1179.0
Maharashtra,Yavatmal,soybean,kharif,2019,285069.0,234467.0,tonnes,822.0
Maharashtra,Yavatmal,soybean,kharif,2020,285068.58,285074.34,tonnes,1000.0
Maharashtra,Yavatmal,soybean,kharif,2021,285068.58,286693.47,tonnes,1006.0
Maharashtra,Yavatmal,soybean,kharif,2022,281907.0,230092.0,tonnes,816.0
Maharashtra,Yavatmal,soybean,kharif,2023,279623.38,286682.93,tonnes,1025.0
Maharashtra,Yavatmal,soybean,kharif,2024,281873.85,349582.55,tonnes,1240.0
Maharashtra,Yavatmal,soybean,summer,2021,2363.9,1181.95,tonnes,500.0
Maharashtra,Yavatmal,soybean,summer,2022,1005.3,653.45,tonnes,650.0
Maharashtra,Yavatmal,sugarcane,kharif,2013,6500.0,490700.0,tonnes,75492.0
Maharashtra,Yavatmal,sugarcane,kharif,2014,8100.0,553700.0,tonnes,68358.0
Maharashtra,Yavatmal,sugarcane,kharif,2015,13600.0,908400.0,tonnes,66794.0
Maharashtra,Yavatmal,sugarcane,kharif,2016,12493.0,888300.0,tonnes,71104.0
Maharashtra,Yavatmal,sugarcane,kharif,2017,14127.0,593300.0,tonnes,41998.0
Maharashtra,Yavatmal,sugarcane,kharif,2018,3826.0,229560.0,tonnes,60000.0
Maharashtra,Yavatmal,sugarcane,kharif,2019,8846.0,614827.0,tonnes,69503.0
Maharashtra,Yavatmal,sugarcane,kharif,2020,10960.0,827719.91,tonnes,75522.0
Maharashtra,Yavatmal,sugarcane,kharif,2021,12011.0,1184561.8,tonnes,98623.0
Maharashtra,Yavatmal,sugarcane,kharif,2022,12000.0,763560.0,tonnes,63630.0
Maharashtra,Yavatmal,sugarcane,kharif,2023,10204.29,646146.65,tonnes,63321.0
Maharashtra,Yavatmal,sugarcane,kharif,2024,17023.14,1083068.54,tonnes,63623.0
Maharashtra,Yavatmal,wheat,rabi,2013,34500.0,30700.0,tonnes,890.0
Maharashtra,Yavatmal,wheat,rabi,2014,29100.0,26800.0,tonnes,921.0
Maharashtra,Yavatmal,wheat,rabi,2015,35600.0,37600.0,tonnes,1056.0
Maharashtra,Yavatmal,wheat,rabi,2016,60200.0,77900.0,tonnes,1294.0
Maharashtra,Yavatmal,wheat,rabi,2017,12800.0,13000.0,tonnes,1016.0
Maharashtra,Yavatmal,wheat,rabi,2018,34613.25,32500.0,tonnes,939.0
Maharashtra,Yavatmal,wheat,rabi,2019,45633.0,55276.0,tonnes,1211.0
Maharashtra,Yavatmal,wheat,rabi,2020,48889.86,69842.26,tonnes,1429.0
Maharashtra,Yavatmal,wheat,rabi,2021,48889.84,95659.82,tonnes,1957.0
Maharashtra,Yavatmal,wheat,rabi,2022,54634.88,55339.67,tonnes,1013.0
Maharashtra,Yavatmal,wheat,rabi,2023,61634.16,88242.6,tonnes,1432.0
Maharashtra,Yavatmal,wheat,rabi,2024,58665.03,68167.7,tonnes,1162.0
